GPA_S1,Age_group,LAB_AVG,CLIN_AVG,Study_hrs_day,Sleep_hrs,Adequate supervision,Self-motivates,Programme prepares for career,Financial_diff,CA_AVG,Takes rest breaks,Concentration in self-study,Manages time effectively,Persists when difficult,Physical health affected,Lecturers approachable,Self_risk_percep,ATT_RATE,Sleep affects concentration,Peer study groups effective,Seeks help when stuck,EXAM_AVG,Hopeless/unmotivated,Sense of belonging,Gender,Completes readings,Burnt out,Clinical takes study time,Can improve performance,Health interferes studies,Employment_hrs,Takes organised notes,Early intervention provided,Participates in clubs,Confident in clinical skills,Anxious about assessments,Regular exercise,Confident to complete prog,Understands content pre-exam,Uses library regularly,Prepared for clinical assess,Considered break,Sleep difficulty,Reviews notes within 24h,Rotations affect performance,ASSIGN_LATE
1.5661371,-0.46312308,-0.62338126,0.516272,-0.29205632,0.30108428,0.61598873,0.22587281,-0.34503222,0.15950678,0.072526194,-0.22253858,0.06101788,0.29263866,0.14163224,-0.17177354,0.09907805,-0.21002331,-0.57682604,-0.13756205,0.11564318,-0.27681366,0.15712743,0.10056197,-0.28458095,-0.44104984,0.12410593,0.08852782,0.077189684,-0.14975554,0.10855517,0.12016813,-0.1248044,0.014995845,-0.13613193,0.043550916,0.0055293683,-0.033842504,-0.141004,0.14547595,0.09496745,-0.01067624,-0.21371393,0.110787496,-0.09693452,0.15830988,-0.041761473
0.13421068,0.47449923,-0.2085566,0.49029636,-0.28010854,-0.28341198,-0.08583794,-0.42153305,0.19584255,0.25082186,0.086206116,0.16833133,0.3357179,0.21424809,-0.12758854,-0.31302255,-0.35584623,-0.23978308,-0.62947184,-0.03320705,0.10521186,-0.25602317,0.08416517,0.055009767,0.22967894,-0.4476132,-0.16861513,0.066773295,-0.28748965,-0.12809783,-0.46690524,0.11182176,-0.05450857,0.01993843,0.08472501,-0.07463801,0.11002369,0.0064875763,0.10719001,0.13920653,0.03620194,-0.04258414,0.03335061,-0.024645748,0.040434938,-0.112562574,-0.09564722
1.1473187,-0.43495357,-0.032787688,0.456886,-0.32773954,0.3304299,0.04326881,0.0977349,-0.30359888,0.23306665,0.010864685,-0.1760157,-0.08756551,-0.31454164,-0.03418894,-0.17248622,-0.34792858,0.017594889,-0.59989613,-0.0970257,-0.19035901,-0.16456217,0.19678648,0.09105182,-0.24121715,-0.43890467,0.10701479,0.004935257,0.031410735,-0.05964507,-0.14192756,0.14047508,-0.12588151,0.041441202,-0.09393056,-0.13176343,0.04387698,0.066568375,-0.012590103,0.09102733,0.046072297,-0.0017932875,-0.18810329,-0.027423045,-0.08750456,-0.09067695,-0.074286364
1.0099767,0.5155626,-0.64235014,0.52955556,-0.26260552,-0.24899527,0.6213938,0.2562731,-0.05303974,0.24022424,0.056956686,-0.22203225,-0.092835054,-0.25767335,-0.13238989,-0.11669393,0.040965453,-0.2498835,-0.56675214,-0.04679261,-0.17685978,-0.2055905,0.174302,0.025663413,0.2053714,-0.5082597,0.13504565,0.03104942,-0.24285327,-0.21832356,0.11932038,0.12866835,-0.11327648,0.020514475,0.113087736,0.10703489,-0.008354626,-0.07319832,0.08554544,-0.1264568,-0.12770876,-0.051490467,0.074098274,0.009182618,-0.11836999,-0.055682473,-0.10657913
-1.1425831,-0.36469865,-0.31667885,0.57103217,-0.29467928,-0.41330126,0.038559336,-0.1342275,0.30880043,0.27736646,0.017853545,-0.25681007,0.36075747,0.21157384,-0.06596105,-0.112424985,0.05339241,-0.019907815,-0.45579004,0.06295614,0.106430985,-0.14760329,0.15861036,0.24762866,-0.22038145,-0.42160755,-0.051315587,0.04390926,0.082030766,-0.13978924,0.11005491,0.10609424,-0.050849475,-0.1182509,0.047855437,0.05650347,0.007599247,0.04497344,-0.042057484,0.1323016,-0.023834463,0.09259356,0.083712384,-0.07770361,0.008601126,-0.06957219,-0.10258566
0.74067676,0.547675,-0.15848307,0.41768378,-0.3025678,-0.27415386,0.016169827,-0.40834078,0.25558615,0.29943597,0.100959376,0.35228914,-0.06726176,-0.18556556,-0.045237906,-0.108027495,0.12943587,-0.22225778,-0.48738444,-0.1574294,-0.17367287,-0.18707709,0.10525134,0.23252486,-0.093743004,-0.48760986,-0.19768415,0.06152024,0.13439071,-0.24231954,0.09796624,0.1391792,-0.080480695,0.032762863,-0.13509731,0.16168866,0.074038506,-0.033414796,0.023965666,-0.11917713,-0.12733959,0.0130843865,-0.13361388,-0.1267984,0.07811587,0.23617592,-0.11207158
0.09679783,-0.49240488,0.50073975,0.5320847,-0.3931575,0.32491836,0.62662613,0.2699954,0.3292504,0.18733332,0.0069945147,0.25073797,0.015664801,-0.105673686,0.070284426,-0.2662436,0.14186573,0.49474546,-0.52271485,-0.08014216,0.08257132,-0.13935162,0.10601529,0.21749844,-0.08746324,-0.49234915,0.074956015,0.07096495,0.13627353,-0.13239191,0.13683492,0.12639649,-0.08625336,-0.060071334,0.06045621,0.15551686,0.11263409,0.04965678,-0.22352646,0.12560908,-0.06784819,-0.020869695,0.04037236,-0.011422468,-0.07933925,-0.0396316,-0.09194358
0.54603195,0.57736355,-0.073318206,0.40988854,-0.37008345,0.27637687,-0.34939656,-0.40281343,0.20951703,0.16432782,0.08168522,-0.28180894,-0.22913927,-0.19336647,-0.15559451,-0.060085636,-0.012258348,0.02010478,-0.5580829,-0.088419855,-0.073047966,-0.18236934,0.169191,-0.3284299,-0.22944477,-0.48707154,-0.16069168,-0.020857729,0.090681516,-0.20034568,-0.41769695,0.16260603,-0.050324928,0.011025248,-0.08564539,-0.068502076,0.0483274,-0.03174399,-0.035754353,-0.15050626,0.03847841,-0.017913047,-0.20523542,-0.0645539,0.055906735,0.16862155,-0.08379935
-0.6137497,0.5607574,0.10358779,0.55315727,-0.3654514,0.3037287,-0.04862973,0.07725816,0.32783476,0.27187464,0.06154011,-0.2573324,0.025493544,-0.1052705,-0.11536364,0.24488322,0.041342065,0.47259212,-0.43428245,0.06391835,0.060120422,-0.11962033,0.15160565,0.026193386,-0.023295226,-0.51930594,-0.010548469,-0.119930655,0.12588464,-0.175886,0.13656346,0.1323873,-0.06776057,0.011192506,-0.10392391,0.21108885,0.021430738,0.04967183,0.08134119,-0.03457533,-0.047861107,0.10665552,0.06184391,0.2313935,-0.03543853,0.10398219,-0.09536892
-1.8292066,-0.2912924,-0.84913045,0.5224393,-0.36426273,0.3349956,0.6374939,0.291215,0.049724318,-0.16423096,0.017523466,0.2944188,-0.07451426,-0.2547572,-0.05967676,0.10574615,0.11539628,-0.22510509,-0.42168027,0.085238606,-0.015502752,-0.11511919,0.11429394,0.22844358,-0.0836312,-0.32883972,-0.2081359,0.037020784,-0.17993683,-0.14824872,-0.13687262,0.13206129,-0.06011093,-0.01954227,-0.0877523,-0.17176783,0.12601693,0.08032472,-0.049022995,-0.09491545,0.003551498,0.09926189,-0.15253137,-0.11327325,0.05258829,-0.04759149,-0.077629425
0.12516801,0.5285691,0.019780442,0.49050087,-0.27623308,-0.25559378,-0.4157456,0.08879122,0.2583831,0.24942803,0.1340796,0.3209974,0.007507952,0.22586748,-0.058930703,0.30316126,-0.40322673,-0.22806184,-0.55540067,-0.0048798975,0.0662883,-0.21213941,0.09634856,0.21037422,0.20783888,-0.45256883,0.091776654,0.020889688,0.16398677,-0.12210216,-0.43778294,0.109397344,-0.06846918,-0.0058338037,-0.08341774,0.20247708,0.043787908,0.032918498,0.0507569,0.14361572,-0.051744863,0.11297886,0.06126019,0.14596847,-0.07348644,0.1642678,-0.07931168
1.2194182,-0.23189335,0.5942706,0.46828008,-0.32457188,0.30058417,0.64205426,-0.06786993,0.13382617,0.17690343,0.07628747,0.3897892,-0.11106249,-0.2805621,0.016633093,-0.06066576,0.16648942,-0.20178579,-0.49606806,-0.16038965,-0.19437468,-0.19032745,0.11374492,0.105466664,-0.09282528,-0.50217247,0.062471148,0.05551499,0.094957806,-0.18453561,0.10901755,0.14750649,-0.105167665,-0.059142653,-0.09292138,-0.14765118,0.031370457,-0.033714898,-0.020158743,0.07692627,-0.057166446,0.049114194,0.036796257,-0.08924167,0.032580525,0.16146612,-0.07055009
0.34218684,0.6372669,-0.78537,0.4276515,-0.3091827,-0.2981374,0.04157735,0.106729954,0.03231706,0.2698931,0.10301285,-0.21681613,-0.16166636,0.23846069,-0.121686764,0.23895077,0.1826488,0.46722797,-0.49683994,0.08959881,-0.14887269,-0.09323582,0.16817647,-0.23311695,-0.17838413,-0.4742137,-0.19917244,0.03462259,-0.17102474,-0.22453134,0.1533043,0.14310537,-0.041685954,-0.07980496,0.06528267,-0.108456776,-0.0038657757,-0.01901793,-0.007000041,0.06657727,0.034700014,0.08257165,-0.13114125,-0.12313652,0.05075068,-0.07297095,-0.119553104
-1.8539407,0.4833211,0.24636684,0.5921876,-0.28978315,0.29621434,-0.44302806,0.06696395,0.36623108,0.2659481,0.0946107,-0.14769372,-0.0023118798,0.1432415,0.019477496,-0.34077132,-0.3551141,-0.2064593,-0.4649031,-0.05282507,0.025707614,-0.18976353,0.20498231,-0.20272611,-0.04688609,-0.41934416,-0.14149351,0.053608425,0.14127521,-0.12664063,-0.1918181,0.13525832,-0.07767599,0.016858848,-0.092899695,-0.15398836,-0.27618006,0.048426557,-0.06437411,-0.04061254,0.06587209,0.07384352,-0.15273115,0.1648855,-0.09184575,0.16266653,-0.05034666
-1.2839357,0.6371871,-0.74606204,0.49227738,-0.33990878,0.32737416,-0.073029324,0.064118296,0.2601183,0.26817524,0.009450132,0.3473531,-0.15305382,-0.15900289,-0.14699344,-0.14217804,0.061351508,0.5030948,-0.4011899,0.13097847,-0.017687269,-0.11028615,0.16257358,-0.3214877,-0.16700464,-0.42221114,-0.044378076,0.009748019,0.095232375,-0.23133588,0.16244939,0.14745979,-0.0668636,0.04150939,-0.09181112,-0.0988148,0.11360304,0.08051244,-0.07074437,-0.016002217,-0.07015583,0.07024578,0.07868952,0.17575014,-0.0826364,-0.043906685,-0.12412412
0.18549094,-0.363571,-0.20786554,0.53616935,-0.39407763,-0.24424864,-0.10394332,0.2632023,0.2712649,0.23749164,0.029858086,-0.23596683,-0.0059217755,-0.35315135,-0.19558059,-0.14178248,-0.3278903,-0.2181443,-0.55607176,-0.06368217,0.07568314,-0.19312398,0.12746961,-0.40501267,-0.0438539,-0.38995486,-0.1529338,0.07189207,0.10302662,-0.16847433,0.10184796,0.09994927,-0.039848063,0.016260108,-0.06528136,0.11821249,0.012528458,-0.0071201664,0.012623407,-0.026728466,0.020484159,-0.14310084,0.046611253,0.060329106,0.07360225,-0.07586651,-0.07639809
0.93337125,-0.49612638,0.22172414,0.49223483,-0.31496722,-0.36944377,-0.0067217494,-0.35091972,0.29107052,0.2680266,0.061194718,-0.1706577,0.00031733653,-0.33456743,0.08883466,-0.22639282,0.15178518,-0.22081049,-0.4955207,-0.29082888,0.116048254,-0.2901451,0.09820269,0.11851239,0.19153894,-0.505988,-0.15160325,0.077833615,0.12794189,-0.122463085,0.12532648,0.09700086,-0.090941094,0.025209384,0.07138847,0.12517132,0.0071489587,-0.019201614,-0.16530992,-0.19576696,0.07158688,0.022055745,0.08146971,-0.116204664,0.07952356,-0.09753838,-0.08224482
0.58577913,-0.51706046,-0.5745817,0.45999247,-0.47257295,-0.30980322,-0.10762388,-0.46750727,0.24431881,0.26099005,0.037554126,0.29536995,0.38117975,0.18291828,-0.16850238,0.23205057,0.08676715,0.0017658402,-0.5314092,-0.044418357,0.09428797,-0.21497928,0.10800348,0.06068178,-0.107158765,-0.40051264,-0.03705045,-0.15700229,0.13751818,-0.08099389,-0.3784175,0.049609322,-0.08796687,-0.005797842,-0.056122594,0.17102255,0.094073474,-0.010582165,0.107436545,0.1433639,0.028890938,0.03494508,-0.10311242,0.14142935,0.027862294,-0.07762211,-0.10544464
-0.44778043,-0.23986116,0.22925654,0.5448878,-0.33549434,0.31099036,-0.39534828,-0.15315515,0.24351195,0.17159352,0.033739723,0.47007897,-0.09701425,0.13958965,-0.12559485,-0.25926986,0.143741,-0.17003728,-0.4195971,-0.021513581,-0.16144922,-0.10766048,0.11265313,-0.23549804,-0.06012285,-0.4979748,0.0008947444,-0.14234838,0.14993075,-0.17776002,0.16457938,0.14392693,-0.06829782,0.0012509408,-0.08536029,0.16753204,0.10605363,-0.06745874,0.052351885,-0.0130938515,-0.021209937,-0.13427342,0.048358083,0.16264187,-0.103514366,0.14587748,-0.095926836
1.1294602,0.49295413,-0.50759846,0.45627248,-0.33241633,0.33906037,-0.06168005,-0.40103108,0.19984388,0.22129004,-0.028685868,-0.1780676,0.10060825,0.2242246,0.016791763,0.16498801,0.18747364,-0.14928272,-0.61225563,-0.016855113,0.093404,-0.27528626,0.2084673,-0.20907633,-0.182466,-0.47500592,0.114594385,0.020325579,-0.22200365,-0.11328423,-0.12587297,0.1322006,-0.091702834,-0.050121263,-0.10589953,-0.17171066,-0.0039691217,0.037791956,0.077888675,0.13637717,-0.13154136,0.09967916,-0.10454431,0.011078053,0.001399464,0.20447904,-0.08434235
0.13814698,-0.6133984,-0.6101368,0.45330557,-0.39213625,0.30908668,-0.37932765,0.259349,0.27312356,0.18258469,0.017884377,0.42726475,-0.009642477,-0.27142534,-0.043079004,-0.19401881,0.013236383,-0.2321766,-0.46808398,-0.1262207,-0.18753198,-0.18145569,0.10465161,0.22547057,0.22560228,-0.41786283,0.11170681,-0.04606093,0.13697115,-0.18532223,0.124817684,0.12183834,-0.06416453,-0.076899424,-0.10905601,-0.02460061,0.119591996,0.05928161,-0.20312883,-0.11259659,-0.0010954998,-0.044457164,0.043036703,-0.11251481,0.057217382,-0.062070504,-0.07874955
0.82973784,-0.35279948,-0.46744448,0.4847771,-0.34058717,-0.3168538,-0.11120154,0.074444726,0.11887385,-0.22224003,-0.030246228,0.28551477,-0.17354721,-0.1967726,-0.26276228,-0.22640006,0.12899852,-0.059585247,-0.4576587,-0.104592584,-0.1205207,-0.13847855,0.16084671,-0.40769404,-0.12027505,-0.41008124,-0.020342987,0.010960542,-0.2013348,-0.17086484,0.15218696,0.109114796,-0.09275745,0.004684305,0.07929561,0.16861825,0.02075137,-0.020088518,0.058753848,-0.0060082395,-0.06536332,-0.027712975,0.04732823,-0.13289893,0.053445525,-0.06716083,-0.12834303
-1.6748977,-0.5716604,0.087546416,0.49408203,-0.3554767,0.33854547,-0.39504284,-0.37483147,0.27042037,-0.30666763,0.03816921,-0.31185484,-0.13050187,0.123756416,0.061178014,0.25278994,0.070471525,-0.057361204,-0.46675774,0.08143018,-0.16072096,-0.02602106,0.2031658,-0.41672757,-0.09830847,-0.3818107,-0.017184246,0.04629515,0.08231763,-0.16875179,-0.15510468,0.13774559,-0.10749722,0.041439995,-0.09711261,0.15290813,0.011755753,-0.06319814,-0.08050387,0.0740258,0.091425925,-0.0060880342,-0.071025014,0.1687946,0.026289735,-0.088378705,-0.13311623
0.6711742,0.5609088,-0.0056559704,0.4758347,-0.34893176,0.29052854,0.053802636,0.10419754,-0.21238598,0.2739964,0.02708961,0.32356584,-0.031052787,-0.24134648,-0.20781668,-0.13191131,0.0136375725,0.01094224,-0.55414903,-0.0051559545,-0.19879203,-0.13930912,0.13833198,0.0003474485,-0.085240245,-0.4627126,-0.20425253,-0.033713374,0.10605123,-0.17188056,0.14426735,0.15048733,-0.0787317,0.026330626,-0.11909007,-0.08421082,0.03206801,-0.025160387,0.11655643,0.07748146,-0.025732119,-0.013717976,0.0627477,0.16275087,0.07996546,-0.055426676,-0.07717594
1.3405267,-0.40461248,-0.048200015,0.5486869,-0.31762698,-0.34528154,-0.07025861,0.28610417,0.1813986,-0.2268041,0.06863399,-0.14915353,0.058414094,-0.12787668,-0.074228816,-0.21504678,0.18352422,-0.23530164,-0.4517521,-0.19098295,0.10682491,-0.27676728,0.12921818,0.0756157,-0.24400304,-0.39842474,-0.1357693,-0.09931488,-0.09142333,-0.08063582,0.08831704,0.0963298,-0.11780051,-0.0665905,-0.08619079,-0.04129731,0.061954048,0.025081169,0.021105817,-0.026669279,-0.038255934,-0.044259254,0.03766479,0.15657002,0.090538725,-0.06683569,-0.064156756
0.15737435,0.66109186,-0.0071159382,0.39913496,-0.26397792,-0.35854957,-0.36729005,-0.41662234,0.20982763,0.27057624,0.056891926,0.31590807,-0.47650978,-0.17910841,-0.2689687,0.22981656,0.025019055,-0.024904763,-0.44735783,-0.015097581,-0.022306722,-0.050601557,0.13993421,-0.20671964,-0.07764825,-0.49190474,0.102692276,0.069427036,0.14954071,-0.24134621,0.12098372,0.12513816,-0.046686333,-0.0036893105,0.07971175,0.20460139,-0.30204132,-0.04319072,0.096351504,-0.07340649,-0.06595869,-0.008080097,-0.1347777,-0.1541575,0.03131899,-0.09449556,-0.11252104
0.70532346,0.5553189,0.63778174,0.5406767,-0.32995614,-0.42334053,-0.30125442,0.2581575,0.2384337,0.18849452,0.0756765,-0.14942826,0.04495989,-0.14885505,-0.1620835,-0.26510033,0.140382,-0.0067763533,-0.4869052,-0.14638159,0.060239,-0.1743388,0.108049974,-0.3716448,-0.1137731,-0.5037333,-0.110435985,0.008842133,0.11328369,-0.16553801,0.1245026,0.10621162,-0.034615755,-0.054709386,-0.085354105,0.16586597,0.00010332221,-0.016014192,0.10046854,-0.17953056,0.059199482,0.081586376,-0.23359293,-0.14515378,0.07427466,-0.0662468,-0.10264611
1.09098,-0.5070142,0.002283915,0.44820434,-0.31275254,0.37571132,0.011496836,-0.11234407,0.24183568,0.17582093,0.07961635,0.34261528,-0.13617383,0.22726247,0.07002945,-0.25995478,0.114647485,-0.21116427,-0.5751816,-0.19509444,0.093010694,-0.20985197,0.0934685,0.0782185,-0.075943954,-0.42847142,-0.025575161,-0.1430816,0.12108565,-0.12171828,-0.4707027,0.13713263,-0.12523347,0.014319189,0.08544837,0.12486215,0.08933036,-0.04595022,0.036098935,0.084012896,0.067646146,0.1072587,-0.18837897,-0.059939366,-0.106618345,-0.09174967,-0.07776781
-1.8525867,-0.25865585,0.016787186,0.5540853,-0.28767216,0.3046523,0.07036202,0.22630386,-0.44391614,0.13191192,0.027039394,-0.19548683,0.31215957,0.18735588,0.07903222,-0.31082633,0.10969192,-0.18673545,-0.52116555,0.06547332,0.050143413,-0.21569057,0.107445486,0.07146899,-0.27177143,-0.42430705,0.09355989,-0.13962281,0.11171781,-0.09744584,0.14885172,0.12925668,-0.0812363,-0.0018467789,-0.09273666,0.10196304,0.10349671,0.07141774,-0.07265328,0.13633066,-0.030308945,-0.012456658,-0.16582115,-0.110936165,-0.08040319,-0.08248067,-0.07065498
-1.3293678,-0.16932632,0.1361186,0.52811617,-0.44399166,0.23090987,0.7048337,0.19934763,0.059512913,0.1096468,0.06120658,0.30885044,-0.14214511,-0.19206709,-0.089280576,-0.21688947,-0.22664432,-0.20272453,-0.45397037,-0.043033354,-0.017938297,-0.12601025,0.12653327,0.11949037,-0.074534625,-0.43394223,-0.12883347,0.042395707,-0.24975862,-0.147724,-0.35649186,-0.14993612,-0.07427471,-0.012378524,-0.078603484,-0.053218335,0.04009462,-0.109192796,-0.26509362,-0.08060372,-0.07597072,0.035345417,0.030395195,-0.069942445,-0.08420199,0.1677078,-0.077629425
0.89643115,0.5227738,-0.7493955,0.50224954,-0.2681516,0.3533213,-0.3105413,0.10889189,0.26725954,0.2102127,0.091402456,-0.17164813,0.007523841,0.21039245,0.014585165,-0.2684196,0.2158249,-0.1376243,-0.5412026,-0.122510225,0.108405896,-0.27610236,0.17854713,0.23310457,-0.12922533,-0.46858248,0.09806703,-0.10474681,0.13553753,-0.18939708,0.14539863,0.14974822,-0.07354784,0.01019768,0.11842777,-0.08468172,0.05261823,-0.037306502,0.071082,-0.20182657,-0.037643496,-0.048395168,0.06577272,0.15775158,0.060167294,-0.060027312,-0.05631441
0.9273842,0.53848326,-0.61786455,0.5341747,-0.2790257,0.30776903,-0.38407272,0.096608385,-0.35857797,0.21379144,0.0223593,-0.15084286,0.037096865,-0.13490868,-0.17218691,-0.1747021,-0.41486797,-0.0010484373,-0.49593607,-0.052466214,0.10793591,-0.19900101,0.21309799,-0.18689552,-0.08407924,-0.4842176,0.11883062,-0.07549495,0.05228462,-0.14963885,0.10387944,0.13526459,-0.086557634,-0.042045645,-0.0901012,0.08249095,-0.21383688,0.022884257,0.018936351,0.13620372,0.08073034,-0.011979516,0.07101312,0.05355608,-0.10116073,-0.04633524,-0.053700022
-1.9467872,-0.48179212,0.27353168,0.5405121,-0.357665,0.27995408,0.051568557,0.07090984,-0.40945968,0.11853329,0.02678761,-0.20412666,-0.05469618,-0.13220263,-0.08543587,0.25852463,0.107681245,0.48937827,-0.3838942,0.03560643,0.056730833,-0.06881912,0.11730052,-0.2874882,-0.10952569,-0.40256873,-0.102131836,-0.07794862,-0.17087176,-0.0885453,-0.16970623,0.115641005,-0.09489041,-0.0022447547,-0.09393765,0.17201602,0.037287332,-0.08766978,-0.10356789,-0.08073336,-0.07513292,-0.020035995,0.054674514,-0.14694881,-0.0142751,0.14625695,-0.1349885
-1.9583156,0.4165318,0.08907488,0.5770915,-0.253196,0.3032979,0.10079646,0.2310545,-0.39466602,-0.1184689,0.031726826,0.3046138,0.23438987,0.20145757,-0.10717189,-0.30240345,-0.27056143,-0.039962675,-0.44992566,0.0085486155,0.005773036,-0.046912648,0.10128528,0.06919011,-0.101870745,-0.42528754,0.06584234,-0.117658466,-0.21281208,-0.14404799,0.109907985,0.14708027,-0.06585519,-0.06897908,-0.08101005,0.13398935,0.133655,-0.011340339,-0.065523095,-0.10025765,0.014382204,-0.00043673185,-0.073501565,-0.09116268,0.023501324,0.13164738,-0.07013587
-1.4524366,-0.3028624,0.0485562,0.550226,-0.34774336,-0.32111615,-0.43107894,0.054388493,0.21829809,0.21600072,0.034267664,-0.24847996,-0.18590237,-0.17248811,-0.08152674,-0.29826775,-0.2920341,-0.21197967,-0.41549346,0.02372884,-0.00804798,-0.15431285,0.13505575,-0.24985886,-0.27105474,-0.37778565,0.09049766,0.050504584,-0.28606254,-0.1738311,0.12140562,0.1018437,-0.061966825,-0.015944563,-0.077834085,0.17720671,0.027885642,0.044125713,0.053774886,-0.03370868,-0.07247192,0.092285834,0.059700474,0.19817896,-0.0867864,0.16363953,-0.14732009
0.9089709,0.5165026,0.27596527,0.490269,-0.2908411,0.33672917,0.021172384,-0.074843824,0.19780527,0.13971798,0.040623948,-0.2118809,-0.1107017,-0.297883,-0.060549144,-0.2965383,0.026818922,0.025214164,-0.5783532,-0.12443308,-0.15834121,-0.16560696,0.15973915,-0.23130885,0.21759194,-0.50787747,0.041654408,0.06478806,-0.1745291,-0.21560512,0.107679635,0.17013602,-0.06663962,-0.008398113,0.06924447,0.06167138,-0.002689472,-0.031220336,0.09792714,-0.017016197,0.08133329,0.013141383,-0.109737314,0.1712575,0.081128396,-0.0545512,-0.06418667
-1.548436,-0.30010653,-0.059285816,0.5289976,-0.30260733,0.2839053,-0.41468957,0.06763293,0.25808057,0.17308104,0.035259083,0.18643905,0.3037175,-0.14658345,0.039628074,0.14887916,-0.27914083,-0.20032246,-0.4587421,0.00049475767,0.08695894,-0.26435152,0.12604506,0.22625722,0.2064188,-0.43559942,-0.17321171,0.034442816,-0.30776328,-0.091689356,-0.3628167,0.1324538,-0.074328616,0.009630332,0.06822351,-0.18323329,0.042750496,-0.061720327,-0.25478995,-0.04357142,0.058751993,0.032451175,0.05843042,-0.15136582,-0.06748808,-0.054700967,-0.10307197
-1.7110956,-0.28220364,-0.10360475,0.57527936,-0.3365987,-0.36570343,-0.11413403,0.0843005,0.2119947,0.25031337,-0.012524273,0.28269592,0.3219913,-0.15564041,-0.117318794,-0.16088876,0.10178821,-0.039623786,-0.46602595,0.061513476,0.06528204,-0.13788803,0.12807815,0.06888214,-0.1180027,-0.37264168,0.08050865,-0.13204564,0.09664453,-0.17990512,0.14373949,-0.12855716,-0.088065796,-0.007096016,-0.04987634,0.16687168,0.047025997,-0.023181934,0.15272911,0.126404,-0.043136455,-0.04187389,-0.27598062,-0.10788569,-0.078270696,-0.07083132,-0.1104525
0.17849386,0.5765548,0.08103659,0.42773095,-0.30409324,-0.33744064,0.055919465,0.07497839,-0.18981948,0.20463441,0.0669347,0.336593,0.018630639,-0.2296263,-0.24279675,0.3098012,0.021975188,0.48918763,-0.59718126,0.12044536,-0.13225996,-0.043980394,0.093323484,-0.20301372,-0.11745714,-0.42108202,0.11256975,0.059668593,0.06393423,-0.20744132,-0.17834638,-0.12847091,-0.06764147,-0.010575351,-0.046631478,-0.18574823,0.053907294,-0.021702759,0.16708986,-0.075830445,-0.0009908155,0.017216448,-0.23836589,0.031983797,-0.05788633,0.15789357,-0.10886843
1.3799695,-0.5012706,-0.35938096,0.4688084,-0.3200898,-0.32401475,-0.40362644,0.0924895,0.27284285,0.31218573,0.0749178,-0.17383862,0.37860692,0.24675414,0.02361369,0.1921967,0.18565665,0.0043917624,-0.48200494,-0.12199633,0.12832092,-0.23478863,0.16533206,0.23517299,0.23963241,-0.45215905,-0.1844817,0.04987366,0.11057737,-0.104543485,0.1106682,0.08833272,-0.12692975,0.01828987,-0.07313389,-0.0989901,0.0062482646,0.0055685095,-0.10503637,-0.030766249,-0.13000266,-0.0116149625,0.052448567,-0.120494336,0.037609953,0.13765833,-0.089307375
-1.8623894,-0.5267214,-0.10819161,0.5140246,-0.28941083,0.27201515,-0.08028738,-0.262426,-0.43558612,0.21442558,-0.015629599,-0.28118247,-0.05479359,0.17930046,0.06343745,0.2814174,-0.23846108,-0.027698552,-0.43908438,0.041318882,0.019833982,-0.17630577,0.15789884,0.21858516,0.18531391,-0.373616,0.09659095,0.06171961,0.030875813,-0.112959705,0.12473965,0.114531614,-0.09609721,-0.09437673,-0.076613076,0.1543716,0.09874937,0.067176834,-0.10096369,-0.15363775,-0.014870762,-0.006527926,-0.25441006,0.19187723,0.043736253,0.16387029,-0.10799365
-0.287941,-0.39389864,0.53612334,0.56301296,-0.46569794,-0.28351828,-0.086336866,0.094970986,0.2717192,0.21694316,0.073644705,-0.23209421,0.45101595,0.17713936,-0.18520445,0.1569329,0.10254739,-0.19483738,-0.5895023,0.026317056,0.09087024,-0.18784605,0.11962456,-0.25067282,-0.07420804,-0.49181962,-0.103002794,-0.112428986,0.077049546,-0.12816249,-0.44821984,0.104831465,-0.043517195,-0.055805918,0.052028,0.17705227,0.0068306616,-0.0018637243,-0.058215536,0.124510095,-0.0569162,-0.1151048,0.060024448,-0.09267625,0.020335797,-0.07289721,-0.13765098
-0.74822223,-0.40583137,0.4061165,0.52319103,-0.39290988,-0.3274762,0.6376858,-0.2592014,-0.24218783,0.22870512,0.05231557,-0.22977136,-0.18727812,0.14946108,-0.2557018,0.10800365,0.124454945,-0.2285758,-0.4687849,0.039391957,-0.0018061565,-0.14691798,0.09737175,-0.240495,-0.31835628,-0.5085458,0.056454998,-0.09447167,0.07426935,-0.19844669,0.14861354,0.10178593,-0.041034024,-0.052026354,0.06030703,-0.1565126,0.025177808,-0.0720328,0.15279052,-0.045926735,-0.047267877,-0.08458449,0.057788983,-0.07429181,-0.008105388,-0.088201635,-0.13809663
1.1052061,0.42549518,0.22470047,0.5229109,-0.3201245,0.31927168,0.6595475,0.07350223,-0.26860416,-0.24516973,0.061547585,-0.27334303,-0.4075136,0.21656352,-0.18792978,-0.12869887,-0.32313666,-0.023549136,-0.49995017,-0.14520045,-0.109331116,-0.042089257,0.219939,-0.19417411,-0.12996471,-0.50801265,0.08505814,-0.08120798,-0.010803314,-0.12554274,-0.36774504,0.16360176,-0.11542111,-0.044705264,-0.09186089,0.15518542,-0.20436415,-0.03356272,0.0011202767,-0.019134827,-0.028041478,-0.017867675,0.026460161,-0.092226714,-0.099066965,0.16112426,-0.072075
-1.5820814,0.602447,-0.57595575,0.47995964,-0.21666537,-0.2986065,-0.37794843,-0.2394626,-0.3558627,0.2229444,0.02800636,-0.25999865,-0.033571202,-0.1803883,-0.108924575,0.2855045,-0.31329486,0.48571786,-0.42576984,0.22795387,-0.14166144,-0.09883233,0.13716464,-0.16050069,-0.17519279,-0.41647813,0.10667822,-0.09759449,0.04669979,-0.13711773,-0.3131007,0.11406483,-0.078555055,0.004829297,0.04459409,0.18177673,-0.22756888,0.022655167,-0.2677426,0.09324773,-0.05781114,-0.065313704,0.07337209,-0.105899855,0.035738267,-0.09976412,-0.12706326
-1.9069139,-0.40450323,-0.5736939,0.56677055,-0.37503073,0.31786737,0.12372531,0.24453874,0.28636163,0.2475048,-0.0035068488,-0.1924176,0.35130358,0.2175211,0.04697326,0.29212347,0.11902116,0.017257962,-0.46137983,0.16870487,-0.1705363,-0.08352236,0.20067966,-0.20171782,-0.11337351,-0.38216746,0.13457082,0.032483548,0.100898676,-0.18162885,0.1422386,0.13236369,-0.06973196,0.056857344,-0.07376349,0.19105835,0.01592555,0.056168403,-0.21747248,0.11860571,-0.020710083,-0.003629586,0.062216304,-0.09165391,-0.030460984,-0.052933842,-0.10096601
0.30267647,0.40565237,-0.050903987,0.4923169,-0.5186036,0.37497932,-0.39731255,-0.5000356,0.24922037,-0.25150788,-0.033130128,-0.17096752,-0.02460973,-0.21863729,-0.0060332906,-0.10542109,0.18737684,0.5366204,-0.5190125,-0.049072526,0.06698105,-0.17073803,0.15040092,0.032841884,-0.14106412,-0.49256277,0.0826468,0.047652304,0.08931002,-0.10177316,-0.43154746,0.080956586,-0.076042905,-0.029122924,-0.07696507,-0.14691763,0.11813742,0.042892367,0.008174132,-0.031630915,-0.04234916,0.09641892,0.030412154,-0.12236346,-0.11261012,-0.09479221,-0.0555965
1.373854,-0.25263742,-0.13255279,0.4842069,-0.31353915,-0.315183,0.617238,0.25785416,0.25038937,0.21108359,0.060179856,0.2994363,0.25758377,-0.34526905,-0.019401064,0.18198568,0.13801958,-0.22404271,-0.5390872,-0.08967551,0.11812351,-0.28210804,0.06573992,0.24867493,-0.0771052,-0.41788498,-0.1778166,0.07902916,0.12521437,-0.15941314,-0.13455492,0.10458741,-0.09258153,-0.07461238,0.07651113,-0.10309962,0.024146592,0.015770592,-0.1339618,-0.0188035,0.12267688,-0.14250667,0.09701019,-0.04283805,0.04985907,-0.10286945,-0.06482912
-1.6552424,-0.49925703,0.5765172,0.48560202,-0.3977933,-0.25494742,-0.40429664,0.048645716,0.17613496,-0.26817885,-7.178355e-05,0.31618053,-0.43000397,-0.1218896,-0.2027224,-0.0907427,0.13608246,-0.068063796,-0.40259802,0.024302471,-0.023132324,-0.063378245,0.11937716,0.23419258,-0.12700741,-0.41209117,-0.117624484,0.020638455,-0.18607126,-0.16190454,0.1232411,-0.12639582,-0.08286957,0.009063331,-0.052471384,-0.18759559,0.043168187,0.04673917,0.045098662,-0.086113095,-0.076058045,-0.12702924,0.046286307,0.17320257,0.0599984,-0.08837627,-0.16739751
0.9283174,0.4870844,0.10625663,0.47410688,-0.29805458,-0.28571108,0.02483981,0.2852842,-0.26728392,-0.16755697,0.06821738,-0.29064596,-0.076952904,0.17539594,-0.14909917,-0.2749711,0.015279608,0.52277124,-0.5914652,-0.09548324,-0.15392767,-0.038347982,0.12933293,0.2331434,-0.09756568,-0.5089398,-0.118188135,0.059726752,0.07457818,-0.18653256,0.09328033,0.120821945,-0.07529756,0.009756378,-0.10785372,0.10883485,0.013537838,-0.057582088,0.009048795,-0.081957534,-0.013201254,0.013949895,-0.14646873,-0.06458196,0.07305306,0.16790083,-0.13229348
0.88351727,-0.24662006,0.5309806,0.5206301,-0.31779286,-0.4445808,0.62407154,-0.34540457,-0.0032528373,0.31887913,0.04041966,0.14021572,0.41154802,0.21358345,0.020843204,0.10425019,0.12935512,0.0186022,-0.54821223,-0.063308716,0.1365516,-0.20738527,0.12898631,0.09178582,-0.115965486,-0.55234134,0.07513479,0.0598285,-0.24398844,-0.1165354,0.12327631,0.12422454,-0.09967965,0.0132746305,-0.102203906,-0.094752744,-0.24447937,-0.05857625,0.0070840213,0.13684425,-0.1386738,-0.031300016,0.028242618,0.10495003,-0.06633057,-0.09784889,-0.09715683
-1.0848862,0.5113606,-0.5711776,0.51082224,-0.31884074,-0.23422518,0.6412569,0.060864534,0.22632378,0.277078,0.027728979,-0.17804249,-0.19669648,-0.1584161,-0.16508508,0.25356594,-0.31103677,0.502094,-0.4444612,0.17800237,-0.021639988,-0.089177735,0.19606508,0.050180595,-0.26970348,-0.41795844,-0.052280467,0.047641344,0.105955265,-0.19451338,0.1251147,0.1034546,-0.063723356,0.035406902,-0.07839656,-0.125212,0.095455855,0.06849151,0.13746887,0.091347374,0.060878832,0.0938907,0.08424018,0.17640544,0.05502393,-0.058005482,-0.119090766
0.27213097,0.5421021,-0.59161526,0.40181503,-0.37973347,0.39323333,0.09211874,-0.50610626,0.18231647,-0.25466606,0.08761954,0.32790124,-0.37603006,0.23085734,-0.1150677,0.16038585,-0.36393255,-0.22289246,-0.4794856,-0.023509918,-0.04793364,-0.13207097,0.14059603,0.21937673,-0.13336311,-0.47873238,-0.0413527,0.03131183,0.07318104,-0.18842927,0.15827066,0.16206144,-0.05479587,-0.010959634,0.11562504,-0.15173277,0.11269227,0.08196026,-0.21704502,-0.014708413,0.008966205,0.014576898,-0.05311501,-0.10074647,-0.055948816,-0.09456421,-0.12599638
-1.7248155,0.53255975,-0.83736885,0.5177064,-0.26112998,-0.24606611,-0.108890824,-0.16524278,0.27379662,0.25854144,0.082332745,-0.25165725,-0.06727659,0.18608385,-0.069717,-0.30884337,0.15294744,-0.20270433,-0.3625335,0.079113774,-0.13605948,-0.13776305,0.1629083,0.032235913,-0.0796612,-0.3638929,-0.19121206,0.055631377,0.07654529,-0.19212022,0.12957737,0.12528287,-0.061346386,-0.08588775,-0.103417695,-0.096715,0.044524714,0.053973462,-0.0535136,-0.08918011,0.026328899,0.080876134,0.06264228,-0.13337874,0.029355679,0.18107972,-0.11175178
-1.6876031,0.47970966,-0.81495005,0.5536816,-0.30098298,0.2831573,0.65805715,0.22264801,0.30851236,0.113610364,0.026040189,0.38460976,-0.024597283,-0.25543657,0.0067551406,-0.110249005,-0.33855316,0.5208511,-0.44068527,0.15347792,-0.12631351,-0.06775497,0.14614864,0.017795732,0.21568787,-0.37131524,-0.21477056,-0.061548296,0.13831729,-0.25445104,0.11287777,0.14745979,-0.0705331,0.020041445,-0.08782793,0.044880472,0.1416288,0.06772879,-0.040254965,-0.036512244,-0.018400371,-0.0140606435,-0.2785825,-0.06058063,0.06281795,-0.038751926,-0.06979121
0.28486186,-0.53865916,0.071187355,0.52269995,-0.30539525,-0.42767558,0.033962715,-0.13779171,0.23287493,0.24024516,0.054108955,0.26697218,0.04359161,0.21178304,-0.12820679,-0.14882907,0.015555393,0.50680083,-0.6007964,-0.08989398,-0.15353407,-0.06208631,0.083069764,0.21055353,-0.08114034,-0.4603263,0.043692008,-0.14142337,0.1192124,-0.14506578,0.13186567,-0.11542945,-0.08209564,0.032816496,-0.047904834,0.13986643,0.10552506,0.042849094,0.012208523,0.1055929,-0.002392713,-0.023133295,-0.17309967,-0.06771177,-0.10105472,-0.05432135,-0.121486254
-0.24547285,-0.25111672,-0.6941649,0.44039842,-0.34648803,0.27775136,0.002279343,-0.3580964,-0.2780504,0.22810249,0.018812107,0.35734546,-0.37301728,-0.21534312,-0.109123796,-0.12271951,0.12673515,-0.18978012,-0.45039538,-0.0067421086,-0.051470466,-0.14674763,0.11018156,0.09296742,-0.065430574,-0.4464332,0.13719408,0.059298906,0.07463134,-0.14982812,0.14669693,0.14651267,-0.057751197,-0.02592649,0.09681578,-0.05145905,0.0389869,-0.044610664,-0.27013323,0.058949262,0.0008522449,-0.01785906,0.052128263,0.17108113,0.06613162,-0.08314282,-0.09888622
0.2137293,0.54720247,-0.70757556,0.5242657,-0.35743982,-0.27852184,0.06563231,0.12089801,0.061760463,0.2530694,-0.03694665,-0.1602307,0.38731545,-0.11507058,-0.11822312,0.30200532,0.1495492,0.03919511,-0.4829976,0.12485554,0.09109127,-0.13419181,0.20094909,0.23815127,-0.15481055,-0.5190896,-0.041734662,-0.03914117,-0.24304383,-0.21040186,0.1490839,0.13247915,-0.05609004,0.03952658,0.059248365,0.1711492,-0.18675153,0.045659333,-0.2117821,0.12316494,-0.060171153,-0.021685448,0.05204015,0.18165718,-0.050972722,-0.08665747,-0.09414308
-1.6792334,-0.68497217,0.5577452,0.51651686,-0.32548207,0.32045385,-0.4212187,0.07613879,0.0459255,0.22525139,0.023722755,-0.23748136,-0.11483129,0.15635337,0.0227709,0.1232698,0.024785647,-0.016765265,-0.47359613,0.07230691,-0.1591127,-0.115842246,0.17488936,-0.24095894,0.28014648,-0.4296226,0.037649192,0.0045963237,-0.19976006,-0.15370283,0.11630306,0.11059477,-0.08936653,-0.075689,-0.09062788,-0.18332504,0.02291128,0.06411955,0.13398138,0.10483455,0.09562295,-0.13414264,0.06372467,-0.10865529,0.015607396,-0.04417073,-0.109420836
0.5898595,-0.55388135,0.3282633,0.53605264,-0.43719965,0.42275274,-0.07246164,-0.42476845,0.17709172,-0.1953872,0.051692992,0.24995735,0.0651501,0.18493655,-0.018823467,-0.2537341,0.15627512,-0.17779236,-0.5253023,-0.14907306,0.13013537,-0.26823193,0.113971286,-0.27587014,-0.116232134,-0.47477394,-0.0004806514,-0.0008320422,-0.17480712,-0.11658038,0.11280466,-0.14720888,-0.098042086,0.0060864147,0.073778346,-0.0784026,0.08952552,0.042540565,0.08039161,0.13618276,-0.13002114,-0.043139692,0.039003033,-0.017532632,-0.08180742,-0.10185174,-0.07716256
0.86572146,0.51830256,-0.7645306,0.4336458,-0.35237232,-0.44501767,-0.08760648,0.3166829,-0.015581107,-0.23213188,0.03788926,-0.20929515,-0.17862588,-0.2768867,-0.20518574,0.1469164,-0.36869028,0.01075472,-0.47017768,0.0073332507,-0.09125802,-0.1733823,0.15375715,0.031100329,-0.17570917,-0.4592063,-0.18981045,0.059208434,-0.12062507,-0.17565611,0.11399923,0.12832844,-0.07211533,0.022965485,-0.0884443,-0.117226064,0.07013144,0.053856142,-0.17773472,-0.013738461,0.087191224,0.0869832,0.055457298,0.15138789,0.06698483,-0.052572727,-0.079632945
1.1769065,-0.25391623,-0.20745358,0.4843101,-0.41757938,0.35925698,-0.30944937,0.06008189,-0.01084793,-0.18933226,0.043018438,-0.22443837,-0.20640753,-0.29383057,-0.060710132,-0.20200898,0.19946247,-0.010676833,-0.47311965,-0.0226897,-0.12640087,-0.16658364,0.18951526,-0.24879625,0.26678136,-0.44459358,-0.15531996,0.0053891884,-0.16459626,-0.17113778,0.12859346,0.15212525,-0.0812756,0.00054123346,0.09098687,0.12920788,-0.0015937061,-0.041784022,-0.14151396,0.10030556,-0.036910754,0.08085125,0.019368853,-0.11608057,0.07032238,-0.06394011,-0.100645475
0.08378164,-0.52531826,0.54774004,0.43204287,-0.3215248,-0.2704988,-0.40478885,-0.40267557,0.17205991,0.21466042,0.04784621,0.20993674,-0.08120841,-0.122362256,-0.13595143,0.2711065,0.15991814,0.49577862,-0.48111388,-0.042577744,-0.19104835,-0.082305394,0.12030689,0.24767208,-0.048063077,-0.4981773,0.004167115,0.02052582,-0.26006898,-0.1377618,-0.2339831,0.09849984,-0.087448366,-0.010051446,-0.08738474,0.19672404,0.023045985,-0.05474455,0.049920954,-0.089844584,-0.036100533,0.106352806,0.022468012,0.17925988,-0.0862019,-0.08386781,-0.121033676
-1.4091761,-0.25473893,0.025797198,0.52086365,-0.36261225,0.3189937,-0.07594911,0.09775649,0.13927287,0.105340034,0.042709608,-0.17939061,-0.47698227,0.105990455,-0.02204176,-0.2645843,0.024792315,-0.24920666,-0.49174604,-0.027329963,-0.0017886171,-0.15384576,0.16851471,0.24328741,0.19041826,-0.46780753,0.046885427,-0.021127587,-0.16028778,-0.12900946,-0.4340247,0.14270309,-0.05932473,0.010868864,-0.097713664,0.095936246,0.063223064,0.087495476,-0.08726246,-0.08826846,0.077106,0.037903253,-0.079230845,0.13901174,0.02343674,-0.08776456,-0.10026922
-0.12926954,-0.6056916,0.2461073,0.52889556,-0.38155088,0.32132596,-0.3754393,0.23493971,0.29776096,0.19241796,0.038015034,0.3693713,-0.11177108,0.18426391,-0.038091578,-0.25488368,0.034851164,-0.01796343,-0.51354796,-0.035316177,-0.1900947,-0.08164779,0.13966407,-0.36355418,0.25179052,-0.48867556,0.08786546,-0.16023105,0.14610057,-0.1711585,0.19009344,0.15072764,-0.06671002,0.013322024,0.062564686,0.12552418,0.12110489,-0.060708165,-0.060096465,0.093745865,-0.057362482,-0.012469782,0.01579766,0.11424732,0.065145046,-0.036828227,-0.11669032
0.869929,-0.46479192,0.607562,0.5444302,-0.32347947,0.32535824,0.01237621,0.22380126,0.22257473,0.16221099,0.10530808,-0.12536472,0.061627697,0.18909666,-0.07284822,0.2118144,-0.30382082,-0.25588498,-0.5569789,-0.22510971,0.10700611,-0.2374655,0.1580505,-0.4090533,0.1959037,-0.47872686,-0.010388281,-0.04109743,0.09870551,-0.13423927,-0.13939276,0.11911903,-0.12532969,-0.0008399086,-0.08525318,0.16147958,-0.22500591,-0.07355018,0.08637442,-0.21495667,-0.035662707,0.024322703,0.03368824,-0.105055675,0.048645593,-0.076855704,-0.065437384
0.9043586,0.54577583,0.18077175,0.48503023,-0.3132693,-0.2971031,-0.2835681,-0.41133836,-0.29925707,-0.2967164,0.063815735,-0.23446849,-0.035012633,-0.28635976,0.0068700993,0.15570232,0.15960832,-0.24304736,-0.53634953,-0.034513824,0.11758936,-0.24126415,0.14200045,-0.16835865,-0.2248046,-0.53612614,-0.033350084,-0.010725152,0.01277971,-0.16168557,-0.3658436,-0.14767252,-0.08276655,-0.06194316,0.08236731,-0.15535095,-0.21090299,-0.035978246,-0.20354642,0.1500811,-0.031531256,-0.06864502,0.05871409,-0.08962296,-0.10664916,-0.124394245,-0.091647655
-1.7663832,-0.42318898,-0.6275731,0.6232558,-0.28140473,0.27828702,0.62688714,-0.09402721,0.23894316,0.23268196,-0.019441383,-0.17921357,0.31279927,-0.28194252,0.046693645,-0.24581899,0.052570686,-0.22205812,-0.44391668,-0.0031137355,0.08797197,-0.2493893,0.1764111,0.21404095,-0.26720244,-0.37038594,0.09895122,0.04823549,-0.23884682,-0.16479236,0.106014,0.13956314,-0.07782367,-0.030319974,0.07061832,-0.16083618,-0.2293763,-0.013912439,0.123256914,-0.13961293,-0.044411596,-0.04457343,0.05703918,0.17168683,0.024936672,-0.04825369,-0.08903116
-1.6152576,-0.35013172,0.04292547,0.5192778,-0.35640353,-0.24529274,0.041075557,0.06914514,0.24725585,0.22023468,-0.0015784495,-0.21433082,-0.21848747,-0.17720431,-0.09025356,0.14738214,0.033846535,-0.26390544,-0.49404994,0.015303902,-0.027121913,-0.15142183,0.078534,-0.4153556,0.2583201,-0.41018334,0.037535585,0.026666079,-0.20130691,-0.18096891,-0.15031968,0.11708615,-0.056923214,0.0053884364,-0.06841637,-0.19185662,0.014084173,-0.11995096,-0.08328064,0.09371565,0.07790844,0.07145056,0.06363665,-0.09849489,-0.038962886,-0.10006705,-0.14659977
1.2671316,0.5779462,-0.5104545,0.532061,-0.24381812,-0.27927017,-0.11030112,0.2644275,0.21100502,0.21536522,0.04517907,0.16907007,0.25021243,-0.3636542,-0.024485784,-0.15385152,0.19923365,0.032440715,-0.4634388,-0.08311313,0.11720414,-0.22180021,0.13550214,-0.33200854,0.23066519,-0.45092365,0.13382997,0.07011327,0.08996721,-0.12895894,-0.39264727,0.11910803,-0.09999905,-0.02283983,-0.07029036,0.1525554,0.023533056,-0.009948442,-0.16649415,-0.19887325,0.107444085,0.0016945328,0.03796286,0.1292362,-0.106853396,-0.055514988,-0.08577965
0.9836585,-0.38079712,0.24863444,0.5578463,-0.30275294,0.35430232,0.6563846,-0.36239463,0.24667941,0.21818532,0.06888327,0.18243448,0.037054628,0.23975699,0.030107852,-0.20741299,-0.26802424,-0.2201759,-0.5254722,-0.35069418,0.1034378,-0.26033533,0.121238165,-0.29061487,-0.080197096,-0.51392066,0.06287871,-0.10762609,0.07384248,-0.09792485,0.12627698,0.15492393,-0.09595554,0.011965146,-0.10412684,-0.06554577,-0.2703861,-0.025988685,-0.18050309,-0.017984273,0.10568356,0.08140611,-0.09642252,-0.030217808,-0.08275928,-0.084782496,-0.066402905
-1.5516601,-0.51569515,-0.13925843,0.4389488,-0.28068498,0.28726864,-0.07452403,-0.32931772,0.23158604,0.37845472,0.014910197,-0.23883909,-0.07335454,0.15108395,0.08023729,0.1815391,-0.26679674,-0.19954096,-0.46239796,0.063217595,-0.17176647,-0.12897854,0.16664259,0.24470481,-0.09888201,-0.40082914,0.10148488,0.05652004,0.12374527,-0.15452695,0.1583012,0.12862496,-0.08789154,0.040834386,-0.10248139,-0.11628119,0.11043641,0.0694481,0.03742166,-0.09258944,-0.024472293,-0.040538024,0.0583146,0.18872006,-0.009921556,-0.09592997,-0.1149552
0.25619048,-0.3018116,-0.31757325,0.5491181,-0.3613887,-0.24071807,0.67659414,0.11076203,0.06875185,0.25365412,0.09158998,-0.095438324,0.39843586,0.26495847,-0.056269765,0.2544432,-0.32074833,-0.1989225,-0.56407416,0.027368532,-0.17330967,-0.1755161,0.18652017,0.09887062,-0.3029838,-0.44055054,-0.044532802,0.059857868,-0.18830979,-0.10637938,-0.13920741,0.115375884,-0.06995429,0.017513188,0.08506617,0.08256116,-0.23629357,-0.009921569,-0.19594124,-0.037877172,-0.0047446573,0.105487764,0.02432949,-0.040504973,-0.060289215,0.19500093,-0.09166728
-1.6615946,-0.45124546,0.23507465,0.47782236,-0.30182683,0.27590203,-0.44655025,-0.23711123,0.2425737,0.23252006,0.060601894,-0.26750132,-0.08444356,-0.18521608,-0.028759362,0.2474545,0.015555808,-0.047867943,-0.42539272,0.02976866,-0.14175937,-0.11477752,0.14152558,0.083149016,0.21107773,-0.43692565,-0.010756835,-0.1231942,-0.23567717,-0.15788913,0.09335302,0.120788455,-0.09160918,0.0021261657,-0.095862,0.15183733,0.09027919,0.07064335,0.12977093,-0.045516107,-0.07231083,0.0149691375,-0.0963548,-0.17511585,0.037284166,0.15421925,-0.10378155
-1.7100346,-0.63911057,-0.6554521,0.5194283,-0.314606,0.26734376,-0.39837065,-0.14504471,0.29907733,0.2690357,-0.009348877,-0.2430156,-0.08625515,-0.17450249,0.09334111,-0.1465418,0.040599547,-0.17215893,-0.42150503,0.053548664,-0.16556534,-0.15279807,0.17269449,0.050470524,0.21191283,-0.3695348,0.12721702,0.02973139,0.14388804,-0.19323651,0.12054311,0.12929638,-0.086072475,0.0060403165,-0.10803686,0.15379462,0.10157103,-0.07189665,-0.09508573,-0.0322386,0.0701939,0.03813369,0.06304583,0.20165004,-0.098407,-0.058964174,-0.08402468
-1.6679347,-0.52156585,0.0743646,0.5386453,-0.3119453,-0.24585019,-0.072093904,0.094559684,0.29669666,0.27088344,0.035947777,0.4094314,-0.16568016,-0.15364093,-0.1338884,-0.11798275,0.044759713,-0.21266687,-0.37885788,-0.06590787,-0.011601021,-0.13326633,0.08458131,-0.24495922,-0.21874149,-0.3286188,0.076830715,-0.0837191,0.15337667,-0.1132113,-0.18681443,0.105257176,-0.10115301,-0.029004775,-0.07683399,-0.07238629,0.014064049,-0.046426244,-0.03686658,-0.03370868,-0.020736212,0.015650377,0.07509391,-0.113066435,-0.07322397,-0.06355236,-0.11889748
1.4849348,-0.47003153,0.22960228,0.5078216,-0.30492422,0.4267193,0.036192697,0.25938773,-0.28930485,-0.14965098,0.046880916,-0.2778081,-0.12336997,0.16460717,0.07839717,-0.26851544,0.113268934,-0.23648696,-0.591531,-0.25518867,0.09300903,-0.19668436,0.12537293,0.103116706,0.191575,-0.51573205,0.062924825,-0.13510804,0.064157665,-0.07399335,-0.13479048,0.123692766,-0.12055556,0.00825987,0.08662693,0.09701991,0.053189963,-0.03389457,0.014026122,-0.024653839,0.076419435,-0.017408809,-0.058808647,-0.044454537,-0.10932541,-0.104831904,-0.08867774
-1.7640969,0.5084666,0.09033651,0.5939917,-0.2759364,0.35689968,-0.04952257,0.23693052,0.26854968,-0.22928567,0.02938952,-0.24814802,0.3618247,-0.11029646,0.06877604,0.20535356,-0.32214415,0.503257,-0.4144411,0.0761699,0.09882755,-0.13856404,0.13625778,0.045393378,-0.2535476,-0.4669353,0.03816077,0.012139965,0.060878858,-0.12544492,0.14148428,0.14241353,-0.07561759,0.029970264,0.06687158,-0.10845732,0.10166312,0.047687158,0.052314803,0.132103,-0.036962673,0.025782544,0.044441514,0.19213359,-0.051528737,0.10019605,-0.05795211
-1.763973,-0.36142907,0.1240086,0.5744856,-0.3316047,0.2889138,-0.034876104,0.068997376,0.2757906,0.2009256,0.038372237,-0.24610297,-0.12926246,-0.10427099,-0.022795113,0.21087417,0.02708085,-0.24752437,-0.38943392,-0.01628131,-0.15498169,-0.14065196,0.1295108,-0.25345138,0.21947034,-0.43504313,-0.10519386,0.009334318,0.11571541,-0.14811127,-0.16923222,0.15656583,-0.07350917,0.021385396,-0.10192026,-0.17726772,-0.22317716,-0.03818643,0.16099896,-0.041048903,-0.04972062,0.023871224,0.07217594,0.19256003,0.04965573,0.17395107,-0.11626538
-0.09367645,-0.32044324,0.12303569,0.49223012,-0.46653515,-0.25770327,0.05084637,0.07690187,-0.3142482,0.25534847,0.005633454,-0.2144726,-0.19278103,-0.09623485,-0.33242646,-0.11465873,0.017003577,0.4812954,-0.51639616,-0.02580182,-0.003478199,-0.033469677,0.10675247,0.26065376,-0.0888951,-0.4678858,-0.023250626,-0.09383855,0.03470527,-0.140597,0.15758428,0.09268181,-0.04111821,-0.059783626,-0.06962132,-0.07691473,0.10177116,-0.060698543,0.084141515,-0.06701402,0.08071545,0.018570513,0.04407208,0.064986475,0.083384596,-0.06871319,-0.1329197
-1.7701987,-0.37425414,-0.08538759,0.530833,-0.24929172,-0.25735918,-0.4714217,-0.12196711,0.20574385,0.30002177,-0.009799668,-0.23498586,-0.10263791,0.1571688,-0.062735096,-0.25138387,0.089295425,-0.030935423,-0.41178247,0.05989392,-0.15562648,-0.07215145,0.1656293,-0.2596188,-0.13484569,-0.36688495,0.08065966,0.055322245,0.10714068,-0.14393626,0.12621544,0.11242439,-0.084725976,-0.035989147,-0.060970854,-0.10542099,0.011127514,-0.06221354,0.032645293,-0.016965663,-0.069524616,-0.019742921,0.073898345,-0.14075059,-0.096872985,-0.06711802,-0.120194376
1.3496879,-0.37720147,0.26457912,0.5237434,-0.3804655,0.32445288,-0.037955474,0.26835045,0.018728994,0.20232436,0.07552084,-0.11928776,0.41464758,-0.12061551,0.010088573,-0.2200895,0.1759251,-0.2143986,-0.56594455,-0.1953684,0.14332105,-0.25155625,0.18271096,0.08943917,-0.07962516,-0.49529493,-0.13766776,0.060652353,-0.13575558,-0.098352134,-0.15181741,-0.16331622,-0.13412452,0.017059473,0.07262486,-0.06651144,0.060628932,-0.050980788,-0.013573637,-0.022384536,-0.15801176,-0.04987065,0.027131973,0.014535257,0.088884205,-0.10064454,-0.04037032
0.7849735,-0.46671712,-0.24890365,0.413355,-0.35743675,-0.29882738,-0.35818848,0.08724228,0.14966734,0.29127455,0.04500374,-0.22507396,-0.46689135,-0.2842654,-0.28982264,-0.07418766,-0.37349322,-0.14845498,-0.44205058,-0.23191394,-0.07206469,-0.18400764,0.17153709,0.14190736,-0.10053676,-0.45158538,-0.03250958,0.049854293,0.06792696,-0.2032211,0.054304976,0.09957369,-0.10205244,-0.041427482,0.064093016,-0.15908332,-0.21388005,-0.039100997,0.077772774,-0.007817203,-0.14810804,0.041987486,-0.17332847,-0.14063837,0.063433364,-0.07668341,-0.13510008
-1.7191846,0.6093233,-0.37062168,0.57552016,-0.29177287,0.27292565,-0.45879203,0.053353675,0.30519736,0.26906374,0.0018595392,-0.16584252,0.30132705,-0.26583183,-0.024199346,0.2523325,-0.4151968,0.0008560987,-0.39806446,0.11509545,0.07049473,-0.18729399,0.20617369,-0.16402382,0.22743715,-0.4286066,-0.036391146,0.0014100387,0.1483661,-0.13746819,0.099258944,0.15993123,-0.06668708,-0.027371498,-0.08438131,-0.10701862,0.03782058,0.06457275,0.011660552,-0.04357142,-0.050981067,-0.13288787,0.09356432,-0.13383216,0.031397216,0.11569081,-0.09248918
0.84723735,0.44246864,0.56451464,0.5229525,-0.3390073,0.30699447,0.59505254,0.22693358,0.20697488,0.16167144,0.09342595,-0.19562373,0.40988132,0.28905037,-0.083171606,0.21364798,-0.37667575,0.014494581,-0.6214432,-0.08987762,0.11911199,-0.17526194,0.21166551,-0.21201962,-0.16111398,-0.57679534,0.040497847,-0.11037675,0.07733995,-0.14918274,0.11525692,-0.17541245,-0.09114694,0.036759607,-0.07898533,-0.100149624,0.05819926,0.048823003,-0.022145202,0.13785788,-0.03464487,-0.009101455,-0.11976688,-0.07898633,0.0021966342,0.1328012,-0.060118336
1.2246451,0.35936666,-0.7733893,0.49224085,-0.38750955,0.32050982,-0.10988514,-0.08341858,0.27213764,0.2091982,0.03175316,0.2488499,0.28141236,-0.3313221,-0.016206536,-0.29766354,-0.3921676,0.025513727,-0.6288083,0.0076473225,0.120514825,-0.19130926,0.18232955,0.03160246,-0.12069566,-0.45101327,0.14742176,0.08994961,0.124056585,-0.14095363,-0.14498928,-0.19644353,-0.1354576,0.03871396,-0.077400856,0.17343268,0.030829936,0.045320444,-0.003011243,0.14078636,-0.11366604,-0.1424637,-0.24229437,0.13444631,-0.09673663,-0.058976598,-0.07285378
-0.6624128,0.66139686,-0.2523598,0.4891662,-0.305324,-0.23606943,-0.04120803,0.046936765,-0.23954019,0.32828748,-0.09282688,0.3674713,-0.009892818,0.15673012,-0.19988728,0.2716194,0.1601015,-0.24183333,-0.41192898,0.16046263,-0.14825562,-0.20323648,0.08429535,-0.33645606,-0.2605809,-0.44659078,-0.0367572,0.032333426,0.09763806,-0.18638398,0.16822655,0.1108382,-0.05414052,0.011805689,-0.11716427,-0.16450469,0.10851892,-0.09793445,0.16693369,-0.09975006,-0.031863328,-0.08802531,0.06676727,0.030250665,-0.06391723,0.16528423,-0.12114882
-1.83445,0.51205444,0.2604164,0.5382339,-0.29612124,0.2968303,-0.05938349,0.24580917,0.33684295,0.25533593,0.049410533,-0.16138533,0.38259128,0.13349552,0.08083931,0.28192398,-0.30346116,0.0019904124,-0.53418684,0.08991006,0.06280693,-0.11724495,0.18728732,0.03697109,-0.07283314,-0.44111744,0.09751958,0.027148694,0.10700742,-0.12273099,-0.21347505,0.144969,-0.08597328,0.04209806,-0.07474734,-0.18775138,0.11171916,-0.021621374,-0.06499182,0.13312179,0.06354171,0.09569985,-0.14707512,0.17961714,0.06508515,-0.06365631,-0.078249365
0.030028235,-0.26523116,0.2187859,0.5230908,-0.37544364,0.32166108,0.09380392,-0.45072392,0.23029675,0.25548023,-0.036025196,-0.14455274,0.06732667,0.16779795,-0.043361895,0.22601916,-0.02578875,-0.2581233,-0.59706074,-0.105160706,0.0901291,-0.23770976,0.15274616,0.045952555,-0.08000856,-0.5279764,0.09375097,-0.054233994,-0.1867528,-0.078199044,-0.15945385,0.11972388,-0.0710613,-0.028483229,-0.08342284,-0.18698211,0.05384679,0.06743208,0.103519924,-0.039042532,-0.017555995,-0.053061068,0.012933613,-0.07178348,-0.05377148,-0.06855146,-0.07295139
-1.7197706,-0.36286932,-0.00878319,0.5451013,-0.32351926,0.31877366,-0.39878702,-0.2895581,0.2575711,0.24911143,0.04337861,0.31979647,-0.02637402,0.22167754,0.036940135,0.2263739,0.16860801,-0.01672498,-0.38792834,0.090736285,0.06939983,-0.21472271,0.1481352,-0.24208763,0.2940574,-0.35315132,-0.18409136,0.03516127,-0.26856998,-0.1488417,0.12384382,0.13343415,-0.061703835,-0.070981726,0.07417508,-0.08938323,0.1147366,-0.06969061,0.13876477,0.14781822,0.059855852,0.08732717,0.06246998,-0.09313242,-0.051980294,-0.07293728,-0.07502635
0.8786906,-0.24526782,0.25129214,0.47932538,-0.3474399,0.3904338,-0.003211224,-0.418252,0.04252617,-0.22320865,0.031197406,-0.1988535,0.31488237,-0.33650985,0.017859051,0.20660727,0.12839434,-0.01995838,-0.5838581,-0.1217284,0.13329142,-0.21587227,0.11631831,0.27949366,-0.08929148,-0.52258885,0.084858865,-0.08522869,-0.13339801,-0.11763331,0.13874759,0.13090514,-0.073782705,0.003545831,0.066310465,-0.18732484,0.07310901,0.027355865,0.1010934,-0.18743756,0.093877114,0.11420531,-0.07735074,0.038062327,0.018433874,-0.0975897,-0.10208783
0.9221976,0.594496,0.30033237,0.5090094,-0.26220652,-0.30114782,-0.082125455,-0.0944985,0.25487766,0.28681827,0.089064434,-0.12717625,0.4198,0.1887494,0.0234857,0.28565404,0.2110755,0.032767132,-0.55394787,0.025561858,0.13949731,-0.23104115,0.15613066,0.2347705,0.22443269,-0.5192004,0.0741626,0.098786056,0.14821428,-0.13791606,-0.15932024,0.117972635,-0.08083186,0.025915382,-0.07615815,0.18995924,0.069784336,0.019383606,0.0103922505,0.16156867,0.05926353,-0.023789521,0.06982921,0.15712084,0.06687893,0.15753177,-0.0956383
-2.0698586,-0.17013867,0.47311106,0.5749955,-0.32603812,0.26078463,0.6943091,0.19630077,-0.40555343,0.09115655,0.051667202,0.20080054,0.2709428,0.13069423,0.05704616,-0.28128007,-0.19363461,-0.14553262,-0.5603962,0.045861326,0.03605382,-0.19493155,0.087997034,0.10028352,-0.04372104,-0.42211893,0.074403085,0.07573456,-0.24674653,-0.08781221,-0.20048726,0.11291567,-0.0791611,0.0009396123,-0.09612693,0.15240811,0.12692249,-0.024509275,-0.2814968,-0.049468823,-0.0077271946,-0.011813664,-0.19659898,0.14116804,-0.076926224,0.1631375,-0.06277742
-0.6277712,-0.4037467,0.09220795,0.5273429,-0.3906912,0.30725607,-0.0889541,0.075624034,0.014137611,0.22372712,0.022929564,0.23646039,-0.07476927,0.19314516,0.00020511728,-0.22135122,-0.2936157,-0.21889427,-0.46943447,-0.090701416,-0.176338,-0.14983954,0.11425663,0.22579107,-0.276119,-0.482586,0.00074128853,0.024642829,-0.24266376,-0.16214158,0.16901705,0.14034507,-0.062959045,0.019713728,-0.09998859,-0.05580133,0.12760249,-0.08419033,0.03824661,-0.076620266,0.07854316,-0.051445648,-0.0010909159,0.14792934,0.03351236,-0.07235745,-0.11028299
-1.5586833,-0.43606254,-0.76039106,0.5137861,-0.3361179,-0.38356432,0.7338496,-0.31845424,0.22769512,-0.3528049,0.013085506,-0.27587646,-0.12739049,0.20838365,-0.032097824,-0.20977305,-0.17962629,-0.061618004,-0.45621064,-0.02947682,-0.15387344,-0.0304587,0.12665015,0.13613012,-0.15347849,-0.37828314,0.10130316,0.017240304,0.072613716,-0.18034838,0.14005387,0.10194333,-0.08798477,-0.027562145,-0.080426075,-0.16578291,0.094414964,0.0543061,0.028444855,0.07780151,-0.051149845,0.036789782,-0.14709835,-0.09810595,0.07937561,-0.10295226,-0.1610945
-1.7820896,-0.36288607,-0.3782982,0.54158545,-0.33813664,-0.22800364,0.01899696,-0.1342778,0.26352307,0.24155831,0.038314313,-0.15899901,0.018756595,-0.14315759,-0.029724488,0.21991798,0.117284566,-0.25090635,-0.41533273,0.080588445,0.064753085,-0.2086548,0.12406015,0.06245666,-0.23675644,-0.31546226,-0.045076665,0.045562968,0.09615957,-0.12770528,0.13571782,0.09905793,-0.05898561,-0.02808199,-0.099095464,-0.10359396,0.09645815,-0.079994485,-0.07016515,-0.14516032,-0.062023655,0.03796975,0.07884365,0.044320766,-0.00013697334,-0.07374903,-0.093563244
-1.5513939,0.5681163,0.050029926,0.5296926,-0.23964651,0.2786152,-0.045997635,0.23552722,0.25288063,0.2374447,0.023126371,-0.28722137,-0.13286316,-0.11531052,-0.044354323,0.28435326,0.0383636,-0.23499393,-0.41737738,0.06498201,-0.15231475,-0.09785463,0.14574815,0.037086617,-0.055508256,-0.47345242,0.04069844,0.059681922,0.11852602,-0.2326249,0.13131756,0.14259438,-0.06914295,0.022542743,-0.13239257,-0.1413804,0.047152337,-0.1223383,0.14559565,0.074228294,-0.07621754,-0.0460075,0.061533347,0.08601233,-0.04378521,-0.068976924,-0.107133776
-1.6126535,-0.41413265,0.12235149,0.5619415,-0.36302876,-0.40973884,0.054976325,0.07626521,0.22178793,0.18328619,0.01931582,-0.26261514,-0.10417289,-0.1342431,-0.09836437,-0.2771147,0.07051836,0.5135526,-0.4846801,-0.048783302,-0.13483652,-0.005650022,0.08211968,0.1170426,-0.07192326,-0.39466807,-0.0074867937,-0.10583085,0.06020976,-0.12523851,-0.3886162,0.090349205,-0.09790903,-0.006396492,-0.0645051,0.15993969,0.09044937,0.074733034,0.040281832,-0.025775962,-0.060231723,-0.038375046,-0.13894662,-0.1253803,0.07738794,-0.06153992,-0.12290595
-1.727021,-0.31264988,-0.4600192,0.46100044,-0.32942224,-0.26017252,-0.52184254,0.060936965,0.22768381,0.29038027,0.026784707,-0.2736005,-0.17532498,0.23276797,-0.097489655,0.19304019,-0.28357556,-0.017617032,-0.41977188,0.030479904,0.004182892,-0.13597205,0.17525204,0.2544586,-0.19427793,-0.3820818,0.13462168,0.05299942,0.061536327,-0.17968372,0.089150414,0.10101041,-0.06267755,0.029589014,0.047768198,-0.08976156,0.08810685,0.05052923,0.103467,-0.11260226,-0.04794068,0.030180708,-0.19302176,-0.09224032,0.038747117,0.13179386,-0.12804908
0.16693312,0.56105244,-0.015480657,0.52817976,-0.27192554,0.30761257,-0.37990895,0.08889978,0.24609593,0.18109165,0.06579828,-0.13173327,0.3390906,-0.14543653,-0.12901573,-0.0767868,-0.45035475,0.47124788,-0.48301923,-0.05936122,0.08979554,-0.13217802,0.18690628,-0.343678,-0.13552594,-0.50693995,0.08780125,-0.020718066,0.11709728,-0.15397654,0.10010661,0.14879544,-0.03712561,-0.065402985,0.0818857,-0.14231037,-0.27841425,0.020827495,0.00952126,-0.03477782,0.055650786,-0.019146368,0.076306015,-0.11245473,0.065207325,0.11618782,-0.07755815
-1.7202387,-0.52330494,0.27735782,0.5594881,-0.3311909,-0.42343315,-0.09371863,0.05103925,0.0040318174,-0.25649974,0.00052307267,0.36419764,-0.07150202,-0.18996188,-0.1083172,-0.2487495,0.056279562,-0.17646705,-0.4036235,-0.115858346,-0.0037763724,-0.045354113,0.06045173,0.13831632,-0.06660568,-0.39829248,0.06650565,0.013865326,0.06945085,-0.15649319,0.07822056,0.08500553,-0.07848151,-0.013083833,-0.09087002,0.16902648,0.039114244,-0.031359404,0.14714599,0.077471554,-0.05972489,0.107845604,-0.10895627,-0.13885689,0.09282006,-0.10398304,-0.117883325
-1.6035693,-0.43498856,0.14535931,0.5932461,-0.36150494,0.27337933,0.5340714,0.20586255,0.070750736,0.2186082,0.031309374,0.17320558,-0.06587248,-0.20107351,0.04765508,0.2306965,0.114214756,-0.16441084,-0.39644447,-0.009920578,0.044845153,-0.21572426,0.08829997,0.10816758,-0.30743694,-0.37766084,-0.11689096,0.034591164,-0.26468995,-0.1213305,0.14956017,0.110667884,-0.094154775,0.006204246,-0.08013062,-0.1894509,0.12454503,-0.031976197,0.15913202,-0.049559593,0.06708732,0.02736929,0.060633603,0.029210614,-0.045701887,0.1186548,-0.04846843
0.20001437,-0.35972673,-0.20309758,0.39065748,-0.36209843,0.2961354,-0.34623927,-0.37137353,-0.005398313,0.19121075,0.11123183,-0.23090017,-0.22945394,0.23315188,-0.07921468,0.115586296,-0.011723409,-0.09605674,-0.48389432,0.036623318,-0.059886318,-0.20673311,0.16842183,0.2669416,0.2422237,-0.46007624,-0.024065271,0.056343544,-0.26635888,-0.1753147,0.11044374,0.1512108,-0.040714264,0.02165021,0.09883595,-0.18844308,0.0523312,-0.037809562,0.034312442,-0.11259659,0.035812523,0.050483488,0.02389027,0.16871677,0.02944437,0.19440217,-0.13028249
-1.7332748,-0.33490574,-0.79695976,0.54135185,-0.40420234,0.2525041,0.73479223,-0.1380222,0.24608849,0.20046486,0.030864596,-0.25790697,-0.18853712,-0.14342703,-0.1788413,-0.08810379,0.0343215,-0.2114449,-0.460364,0.0412156,-0.030988503,-0.15449964,0.16108319,-0.2347559,-0.119241394,-0.3308188,-0.045991417,-0.098199435,0.08134184,-0.13006598,-0.1637103,0.14624895,-0.055235013,-0.019911151,-0.08639653,-0.14428961,0.07321786,-0.09932642,-0.0591155,-0.08363272,0.04394364,0.036024116,0.06597956,0.16653839,0.024503034,0.16207358,-0.11834817
0.28455055,-0.1782803,-0.31550944,0.49291882,-0.3472042,0.312546,0.047743086,0.121281676,0.091169804,0.191725,0.007897716,-0.17612694,0.06333464,0.24946618,0.10526822,0.1265867,0.12445305,-0.17188641,-0.6047093,0.008052764,0.066930614,-0.21982022,0.15573396,0.1225068,0.22642845,-0.4419373,0.09647943,0.03300948,-0.23389623,-0.06314215,-0.408413,0.14064376,-0.06026705,0.009629046,-0.090340905,-0.04898688,0.00079060753,-0.08896225,0.035803497,-0.16237932,-0.012740405,0.11967954,-0.12177528,-0.012865218,0.04340287,-0.09675418,-0.097316146
1.0228053,-0.28794456,0.25985062,0.50753397,-0.31915152,-0.43275842,-0.116922155,-0.09567745,0.2266487,0.17960061,0.066342466,0.32037425,0.059124485,0.22036925,-0.0613228,0.15941267,-0.007739292,-0.10094964,-0.58783627,0.004992882,0.0795562,-0.2453508,0.07865342,-0.2234889,-0.10279272,-0.42915934,0.09591347,0.013802726,0.12819448,-0.11684483,-0.13259816,0.09404983,-0.056777213,0.024775637,-0.07990579,0.20982023,-0.24603118,-0.0006093106,0.014356101,0.13670869,0.061541006,-0.14378104,-0.21761903,-0.113955036,0.021292739,0.17746493,-0.098494165
1.2727017,-0.31022832,-0.72334665,0.3909665,-0.2962578,0.33767205,-0.3575868,-0.4398133,-0.25810626,0.25636685,0.057101842,0.37554756,-0.32702085,0.2511674,-0.094724506,-0.13322377,0.19581054,-0.14316043,-0.48696002,-0.09725745,-0.097703554,-0.25385517,0.12465031,0.24360809,-0.10798214,-0.4604349,-0.049510177,0.07186722,0.06659017,-0.13824953,0.15374364,0.13854425,-0.0859096,-0.00071455305,0.091008626,-0.13239309,0.09565655,0.045629825,0.029605795,-0.1171149,0.12683868,-0.009962267,0.04677222,-0.021651987,-0.11574013,-0.10422671,-0.08690884
0.54257435,-0.2435717,0.2526725,0.5128069,-0.3808276,-0.30901918,0.09262541,0.22282709,-0.015328372,0.22505991,0.018192057,0.32229376,-0.072616555,0.24641001,-0.18914738,-0.11336262,-0.3083658,0.0040267194,-0.53158295,-0.119267754,-0.16182151,-0.11005439,0.1503036,-0.24526304,-0.12707718,-0.4767621,0.050662916,-0.018750578,-0.22471392,-0.17197415,0.09986308,0.11298315,-0.07152334,-0.07200596,0.06533619,-0.15066116,-0.25499624,0.059394106,0.006761623,-0.10739693,-0.112128615,-0.029246943,-0.08871411,-0.07839814,-0.10224203,0.15933567,-0.13559663
-1.522071,-0.28876093,0.010995072,0.5875072,-0.23172879,-0.31629628,0.6729499,-0.26168364,0.23144987,0.3177416,0.0036292516,0.22016364,0.22430626,-0.27484345,-0.10836273,0.25344223,0.09193182,-0.20089118,-0.32210505,-0.018704161,0.0718958,-0.16536075,0.10123143,-0.24845974,-0.087068506,-0.3759907,-0.02476938,-0.08608361,0.10383744,-0.18911104,0.11704463,0.08967466,-0.08152977,-0.025260475,-0.06340308,0.09532741,-0.3056556,0.025053939,0.049957618,-0.1353469,-0.050305568,0.013467242,0.07623613,-0.09432784,-0.025749,-0.12935317,-0.0965873
0.74795574,-0.56430155,-0.6166602,0.5996936,-0.35184067,-0.47765508,0.67078733,0.22948606,-0.25943258,-0.29186893,0.01463312,0.32664484,-0.015231521,0.24862614,-0.15604474,-0.27080083,0.12904078,-0.054397993,-0.5445124,-0.098543525,0.087523244,-0.15408018,0.10061005,-0.23085089,-0.1407124,-0.34279403,0.13151792,-0.055531055,0.02453253,-0.0895682,-0.34845167,0.082919344,-0.09482105,0.04421343,-0.06383857,0.16149355,-0.2238761,0.037430275,0.08992862,0.12650725,0.11477571,0.018585207,0.041127745,-0.03161555,-0.113127425,0.15421909,-0.07032672
0.3685085,-0.63045853,-0.7583993,0.5254063,-0.39381677,-0.26184747,0.03534593,0.28897098,0.24484384,0.26966968,-0.037152365,-0.14855856,0.043163873,0.2508,-0.056642108,0.1413129,0.025097637,-0.16790108,-0.5358609,-0.04916749,0.08195909,-0.16653101,0.14016905,-0.2603702,-0.18402466,-0.40553907,-0.20755458,0.031105176,0.101285346,-0.075583376,-0.13964938,0.09171744,-0.07135235,0.012838878,-0.0921146,0.09313725,-0.0045574754,-0.0064805644,-0.01758514,-0.14359032,0.009210366,-0.0009799872,0.06290493,-0.109687135,0.05692382,-0.09812161,-0.08799197
-1.3718371,0.53778666,0.5125164,0.5737207,-0.2591202,-0.25126505,-0.3817765,-0.2932486,0.2977979,0.38900602,0.057795297,-0.23002727,0.33840436,0.15361372,-0.10498989,-0.28431594,-0.33246836,-0.17721437,-0.4588387,-0.025847562,0.06925066,-0.17607912,0.16681594,-0.3573082,-0.1422026,-0.51028425,0.046040114,0.0048656603,0.10818129,-0.11845769,0.11943413,0.093651526,-0.049621005,0.012449756,-0.08448836,-0.12423846,-0.2585792,0.0372957,0.14142454,-0.12991461,-0.072109714,-0.130255,0.08763214,0.17630705,0.06461886,-0.09023534,-0.10096353
0.10549733,-0.2988687,0.28243548,0.45641363,-0.39029202,0.30151936,-0.3283743,-0.32500443,0.23592821,0.10562243,0.041732118,-0.22892533,-0.25926793,-0.123242125,-0.15735826,-0.21030277,0.1823404,0.46710896,-0.48384714,-0.09597306,-0.01605792,-0.097328424,0.14150567,0.24804744,-0.26739872,-0.49565932,-0.0059837657,-0.0011255052,0.08764929,-0.11620298,-0.16082662,0.1324827,-0.04752377,-0.016816039,-0.081025936,-0.121734135,-0.2512624,-0.029690564,0.020543287,-0.096719414,-0.049740877,-0.057129957,-0.06481917,-0.019143498,0.06009992,0.16909955,-0.08779628
-0.44811308,-0.22551185,0.26785237,0.5071894,-0.377271,0.30755222,-0.40135852,-0.122354,-0.35923195,0.2425431,0.022870276,-0.25380912,-0.06886755,0.15143162,-0.096625924,0.14951521,-0.25051332,-0.013374113,-0.46080703,0.042041577,-0.16116527,-0.07015975,0.21808241,0.23094536,-0.2766795,-0.47261143,-0.121213526,0.05141249,0.03159639,-0.09403144,-0.17046711,0.117445074,-0.06645717,-0.059937328,-0.072884955,-0.18670814,0.03192991,0.07402781,0.19480832,-0.08009645,0.09180449,0.07949965,0.022517717,0.18505323,0.04503367,-0.044271447,-0.085302725
0.6624229,-0.62026596,-0.5964399,0.50885534,-0.2981021,-0.4249715,-0.10137032,-0.093376815,0.16934352,0.19445796,0.03426819,0.1512061,0.32182306,-0.16456054,-0.14936873,0.23691688,0.02732637,-0.18862885,-0.43848142,-0.058349542,0.12517245,-0.21462074,0.11216875,0.21831912,-0.06364695,-0.40608478,-0.19104879,-0.0012971028,-0.25281966,-0.17873834,0.10248764,0.08583925,-0.069898844,-0.08031987,-0.075377464,0.09061445,-0.23605356,0.019960966,0.017277276,-0.014529862,0.11523733,-0.035338152,0.06899053,-0.15083848,0.051539727,-0.084130205,-0.093627915
-2.0467422,-0.52415484,0.0740337,0.5539847,-0.3499416,0.29891142,-0.089116946,0.08335852,-0.46196878,0.08454386,0.018707585,0.31471556,0.262323,0.17972676,0.03125872,-0.27512398,0.022733299,-0.14738633,-0.4908015,-0.065515436,0.01620581,-0.1776915,0.08320724,0.13981095,-0.07084482,-0.39405265,-0.01695503,0.024591446,-0.2439893,-0.119378395,-0.43747717,0.11042039,-0.09256351,-0.07577864,0.06673336,0.14670618,0.056419987,-0.013009995,-0.2907697,-0.045137174,0.05602978,0.07902768,-0.1798765,-0.11190283,0.008879656,-0.058061734,-0.11338346
-0.41363645,-0.29335743,-0.06812241,0.5171497,-0.51461625,-0.23781897,-0.15909979,-0.26368165,0.060183343,0.24169894,-0.006264726,-0.17568369,-0.03682696,-0.27229363,-0.1725676,0.19323252,-0.26733166,-0.029492466,-0.39673984,0.07641162,0.041669168,-0.20983396,0.14459392,0.096739426,-0.06519538,-0.4293677,0.07036818,0.016900484,-0.286814,-0.14296387,0.06413932,0.06437724,-0.06734731,-0.02018029,-0.055957466,-0.21550001,-0.30429846,0.067620456,0.024065956,-0.13731678,-0.03145378,-0.046260573,0.040706545,-0.17950386,-0.009775836,0.18153495,-0.088162504
0.08469216,-0.6654001,-0.18900271,0.44439512,-0.34579438,-0.2772597,-0.36112025,-0.4312943,0.21172526,0.36716518,0.024818143,-0.2631194,-0.17013079,-0.14686397,-0.11617761,-0.12126908,0.16090412,-0.04228035,-0.51952785,-0.10164686,-0.20886977,-0.0813512,0.13992447,-0.4473522,-0.14329095,-0.43956706,0.099915296,0.048781488,0.07299026,-0.1078401,-0.47407413,0.12291045,-0.08766446,-0.0089902105,-0.068764076,-0.09689707,0.081505455,-0.032763775,-0.03473019,0.06657727,-0.08902091,0.065518804,0.029522182,0.140524,-0.12494144,-0.09583735,-0.14920847
0.117865816,-0.39841548,0.15346116,0.50672567,-0.41707158,-0.25643995,0.651878,0.08368411,-0.24665126,-0.18682228,0.037110664,0.29240173,-0.07469171,-0.11671961,-0.20085424,-0.25276732,-0.2513675,-0.07214954,-0.5456831,-0.11352562,-0.16563827,-0.02163748,0.073492594,0.14289293,-0.06818706,-0.46217296,-0.0057052257,0.022203416,-0.1741131,-0.085878365,-0.15216675,0.11076117,-0.07229173,-0.07874589,-0.06777078,0.12944199,0.06397923,-0.010827446,-0.25247872,-0.026321314,-0.028272936,-0.003438682,-0.040817074,-0.05026104,0.04817365,0.19002882,-0.15925603
0.67888004,-0.2706439,0.15794252,0.49698487,-0.37375155,-0.30031082,-0.023469489,-0.3685877,0.14882948,0.2679181,0.041132256,0.24259478,-0.22118095,-0.20905972,-0.1349191,-0.23431769,0.13976398,-0.27191377,-0.45853266,-0.16532148,-0.08876799,-0.15331948,0.11247999,-0.25897804,0.22533347,-0.49721646,-0.12762374,0.02275483,0.094169565,-0.22970636,0.13874063,0.11567126,-0.06173863,0.021032395,-0.08233257,0.17688276,-0.24363863,-0.042568248,0.015773615,0.08607242,-0.008211674,0.097003065,0.027454324,0.1545584,0.083908476,-0.124707334,-0.10752348
-1.6781377,-0.49273163,-0.8071292,0.5045034,-0.31087193,0.2805243,-0.11340278,-0.3189872,0.26623535,0.3239721,0.004936281,-0.20951608,-0.12834932,0.20871639,-0.008218033,-0.24730374,0.036839172,-0.044493165,-0.42451802,0.031741753,-0.17948315,-0.07972318,0.21523105,0.09000838,-0.13140619,-0.40707356,-0.05042355,0.009064192,0.088001035,-0.17364192,0.13370219,0.1513849,-0.08909178,-0.022959776,0.08618001,-0.15982315,0.045057375,-0.056359734,-0.041727386,0.0786294,-0.06937346,-0.024618607,0.043162264,-0.1201268,0.025363464,-0.081036866,-0.1149552
-1.8378518,-0.49817458,-0.73586917,0.5828064,-0.31686178,-0.26539493,-0.45145318,0.07681462,0.34546903,0.29394722,-0.0027193269,-0.21946624,0.37590626,-0.15270713,-0.07255859,-0.24174295,-0.27789065,0.5032806,-0.44055912,0.011626419,0.08686339,-0.1848536,0.1666719,-0.2378315,0.2594795,-0.37121987,0.12132484,-0.10591928,0.13811195,-0.100327395,0.11887348,0.086767174,-0.08660243,-0.028127154,-0.052318446,-0.12824668,0.023937374,-0.048607904,-0.044261407,0.14685479,-0.00032301992,0.069015585,0.074005716,-0.15756656,-0.09891988,-0.056167617,-0.10917845
-0.38004863,0.5577834,0.25902644,0.48887038,-0.40421087,0.304982,-0.4069421,0.055841573,0.25125918,0.21266161,0.03203785,-0.23125921,-0.19181697,-0.23052903,-0.11518868,-0.1274333,-0.3696864,0.0017030211,-0.450213,0.00085179694,-0.055217322,-0.08503632,0.18757766,-0.20287196,-0.068253994,-0.5664418,0.083240464,0.058930583,-0.23204467,-0.20260006,0.13506535,0.15048282,-0.050889984,0.014677193,-0.08134593,0.09063649,0.11404161,0.08387104,0.025348214,0.07329507,-0.07035443,0.07455629,0.057886917,-0.16719937,-0.09930959,-0.058096632,-0.086183354
-1.7810329,0.5980105,-0.2990984,0.48202595,-0.2328557,0.33594215,-0.43389353,0.28773618,0.2029027,-0.16805476,0.058444533,-0.22700727,-0.45522174,0.11993531,-0.034642383,0.18682295,0.09765637,0.5364526,-0.38349333,0.19286689,-0.03465845,-0.060357492,0.19990689,0.018121954,-0.1196412,-0.40515313,0.08254011,0.06471065,-0.21873124,-0.20091443,-0.39210403,0.1408592,-0.072627254,-0.04842699,0.081525706,0.13536069,0.0882652,0.08479143,0.15984878,-0.02222038,-0.051170837,0.01719733,0.04232109,0.16794638,0.05059687,-0.038814865,-0.06894519
-1.4791578,-0.5757199,-0.14346407,0.55337584,-0.35116127,0.28920186,0.053003546,-0.28254196,0.2331618,0.24427783,-0.012282728,0.32241434,-0.033711355,-0.15764858,0.014955634,-0.3221354,0.079375625,-0.029406646,-0.39852712,0.05654642,-0.16966695,-0.09464041,0.16665956,-0.23794788,0.22152422,-0.33803847,-0.026691325,0.039322246,-0.27286306,-0.13811949,-0.19206321,0.12153926,-0.10708536,-0.027431598,-0.09203833,0.08907148,0.013158251,0.061887763,0.17163257,-0.0322386,-0.05951235,0.084259674,0.05125513,0.16809683,-0.059359916,0.1797568,-0.12381487
1.023126,0.5139316,0.47141168,0.54834056,-0.27540714,0.33279562,0.5970847,-0.07007938,-0.34415048,0.22191416,0.09810983,0.23716795,-0.043192543,0.30036324,0.115048796,-0.13683955,0.022255382,-0.107914776,-0.55696535,-0.00065094605,0.114958726,-0.29883492,0.138519,0.19068033,-0.29981795,-0.5434876,0.08085234,0.01703482,0.14520541,-0.19143772,0.13660827,0.14843556,-0.08570919,0.013488235,0.121251345,0.0517581,0.026710946,0.06079332,-0.1698919,0.1512303,0.07401454,-0.099945396,0.0800334,-0.02542688,-0.073650934,0.15348396,-0.04605955
-0.5723999,-0.51086295,-0.51666176,0.45128578,-0.444506,0.2950121,-0.42721668,0.070486374,0.24416664,0.29002157,0.04442766,-0.2211779,-0.53169113,0.12216466,-0.18149517,0.25747636,-0.23873985,0.48882023,-0.47806275,0.07168544,-0.043411348,-0.083847366,0.2197142,0.24331969,-0.11889997,-0.42352805,-0.046615127,0.016680487,0.1265564,-0.14030693,-0.4259007,0.115059994,-0.09513073,0.013922742,-0.06893678,0.22143953,0.086269006,-0.07203191,0.17551379,0.061322547,-0.052332945,0.03512892,0.042611755,0.035100464,-0.07921644,-0.058109753,-0.095904
-0.19079849,-0.32653832,-0.80557275,0.44840452,-0.44630596,-0.29612884,0.06591286,0.3112978,0.15781586,-0.19142957,0.015242844,0.24989688,-0.078121856,-0.13732158,-0.10506912,0.1257947,-0.26330656,0.5522156,-0.55775803,0.15896781,-0.17730042,-0.1039389,0.13217355,0.23739022,-0.23327276,-0.3714571,-0.21057245,0.0464108,-0.17070071,-0.16165633,-0.17513612,0.107428305,-0.045940615,0.01599003,0.0545578,-0.18046242,0.108588815,-0.021873266,-0.24232505,-0.10509029,0.03796941,-0.023598958,-0.12423458,0.0039602634,0.06966482,-0.07921859,-0.10464154
-1.4178358,0.5595335,0.058588237,0.5451979,-0.2551314,0.29718232,-0.4267266,0.22184776,0.069049194,0.22053601,0.06542141,-0.2486132,-0.10960678,-0.14377145,0.0018263934,-0.1072749,-0.35739422,-0.23454152,-0.44522133,0.019914603,-0.15037335,-0.16012701,0.14481512,-0.21698008,0.22971426,-0.5410861,0.063960515,0.0480242,-0.2771984,-0.18127708,0.11339073,0.14794455,-0.06158987,0.035738796,-0.105430275,-0.059216276,0.027979989,0.089704156,0.038241364,0.094679095,-0.04075153,0.07483106,0.041343004,-0.1505569,-0.09577976,0.14985646,-0.07514888
-1.855146,-0.5181297,-0.33572182,0.54291654,-0.2876252,0.30534145,-0.08295131,0.08403554,0.25152087,0.30720812,0.012191242,-0.20080456,-0.08570153,0.20835808,0.08720639,-0.27790853,0.048328094,-0.16634467,-0.41084108,0.047699347,-0.16880952,-0.096188165,0.19096307,0.2341541,-0.09392666,-0.4113082,0.09047018,0.015052073,0.10576082,-0.14698479,0.14741394,0.14402571,-0.07815397,-0.0023154574,0.100785576,0.09586,0.051302053,-0.10380069,-0.047712535,-0.103872165,0.0077016912,-0.035074208,0.06324281,-0.13453016,-0.07954906,-0.06674303,-0.10677992
-0.26861867,0.43266398,0.078146234,0.5430614,-0.36500695,-0.2608611,0.015650084,-0.11807261,-0.40112802,0.12474395,0.09115382,0.36379844,-0.008875527,0.19824938,-0.1255506,-0.32965595,-0.2444338,-0.13456145,-0.6213098,0.010311495,0.038854558,-0.13603102,0.059049897,0.06986094,-0.06637017,-0.4511803,-0.12828924,-0.07178782,0.057108067,-0.1714005,-0.46146822,0.11168301,-0.05741109,-0.062639944,0.087441675,0.14281075,0.11892957,-0.008839004,-0.29825845,0.105362795,-0.04325124,-0.109427124,-0.22250256,-0.08809009,0.04221191,-0.09848848,-0.07485508
-0.61103016,0.55196756,0.064206995,0.59104174,-0.40918487,0.29503798,0.08921778,0.25543505,-0.5106505,0.15906514,-0.0051676063,-0.23263592,0.3675864,-0.106510825,-0.08035996,0.2184183,0.058029838,0.069555216,-0.44289017,0.07656307,0.080323525,-0.09326021,0.16284582,-0.33723804,0.25047356,-0.5194669,-0.120633826,0.051120363,0.028942656,-0.1320688,-0.1690458,0.14305656,-0.06307888,0.030713642,-0.07291691,0.17699769,-0.24184766,-0.008640187,-0.11374361,0.13118623,-0.06419057,-0.040204987,0.076295994,-0.15379761,-0.04437861,-0.07977801,-0.044133376
-0.6715638,-0.51938695,0.5945809,0.58296555,-0.4029381,0.42311913,0.035624858,0.25914508,0.31567714,-0.20574547,0.054471206,0.28843015,0.38985884,0.16015196,0.04610866,-0.29032272,0.07487113,-0.022003975,-0.58377147,-0.046544,0.09251114,-0.13379695,0.10651527,0.073889814,0.22937965,-0.48101285,0.06411454,-0.12725268,0.09357197,-0.083888255,-0.21429211,0.15596879,-0.09489175,-0.015486713,0.060973983,0.11571631,0.11646284,-0.036328383,-0.04391437,0.15033351,-0.048273306,-0.026265442,-0.06940813,0.09251275,-0.1078907,-0.066545136,-0.06064121
-1.8228394,-0.2853981,0.3089664,0.61913115,-0.33198583,0.34922624,-0.42523557,-0.11270785,-0.3976655,-0.1415037,-0.023918433,0.375294,-0.09082354,-0.216461,-0.074140854,-0.24155767,0.02668191,0.5207672,-0.36067286,0.04121674,0.06101662,-0.09273634,0.08378347,0.22805427,-0.15017854,-0.35897508,-0.11572867,-0.099962465,0.022996597,-0.14855763,0.1356088,0.11855823,-0.07420426,0.029271651,-0.07539169,-0.08132293,-0.33197263,-0.037932396,0.06221647,0.11818121,0.050944466,0.07079713,0.050366625,-0.14852405,-0.10571551,-0.04839644,-0.050572004
-0.38766575,0.5068644,0.17637366,0.52784586,-0.35442075,0.346062,-0.059226464,0.045019757,-0.33166313,-0.22653297,-0.01218356,0.46842763,-0.03567686,0.107427105,-0.05988909,-0.3137716,0.025060644,0.00033876393,-0.50075316,-0.027183283,-0.17571178,-0.026872084,0.09971965,0.23835278,-0.05619788,-0.49191263,0.0828618,-0.09787709,0.03894406,-0.1386678,-0.46828586,0.15774503,-0.065913856,0.016240625,-0.08240556,0.13114615,0.11135913,-0.073738985,-0.30151132,-0.07923977,-0.027549213,0.057265524,0.022232544,-0.05322961,-0.11049603,-0.07309578,-0.08986588
1.1854308,-0.39709595,-0.4464988,0.4790961,-0.3138304,0.29574236,0.033283174,-0.38352156,0.21749073,0.24552009,0.09031797,-0.12971632,0.37268692,0.28645515,0.027376203,-0.21834995,-0.28419572,0.5322011,-0.5103784,-0.20711972,0.15308823,-0.16021338,0.21793886,0.24741337,-0.11140975,-0.44890162,0.11804178,0.034842055,0.10439769,-0.12056793,0.14071836,-0.14324455,-0.12423671,-0.066840954,-0.072130464,-0.1598524,0.05806248,-0.028090289,0.06259157,-0.20182657,-0.080678426,0.096680075,0.043533403,-0.116688505,0.06828791,-0.082464255,-0.068186164
-1.5205292,-0.5063437,0.03253163,0.4805343,-0.33617094,-0.30747688,-0.05066149,0.04083547,-0.27365667,-0.33802566,-0.061664943,0.3483624,-0.4031685,0.120504916,-0.20214957,0.18035331,-0.26483223,-0.052251082,-0.35002318,0.08076269,-0.0022890714,-0.02932959,0.090334184,0.2388862,-0.07697599,-0.3582489,-0.17820221,-0.0006222818,0.032151278,-0.11536716,0.14971627,0.11835973,-0.10066023,-0.010680068,-0.06363615,-0.120878935,0.062984556,0.08759034,0.20889862,-0.02697673,0.06658157,-0.0043941503,0.05677125,0.17951442,-0.06835752,-0.080298774,-0.1341156
0.30839545,0.4896596,0.2724038,0.49440235,-0.36729982,-0.3687796,-0.35608095,0.27286634,0.20950755,0.24287361,0.06728563,0.20971948,-0.099000834,-0.35598466,-0.11808539,0.24515814,-0.4164031,0.008015851,-0.51948744,-0.016257748,0.059706908,-0.21469466,0.10410348,0.2030224,0.23658891,-0.5133459,-0.022783235,0.00033153733,-0.2565012,-0.1488165,0.113308705,-0.14037201,-0.054515056,0.034165636,-0.061076924,-0.0815287,0.12275896,0.02987236,-0.006209378,-0.056242354,0.040353138,0.021309149,-0.19327465,-0.14404638,-0.0966201,-0.060869094,-0.06343128
0.9496225,0.49234244,0.24963887,0.4390505,-0.3323473,0.36046723,0.022150861,0.103647456,0.18365721,0.23055802,0.083546475,0.31122345,-0.5444844,0.1987006,-0.09578326,0.12202094,-0.0011694217,0.038364653,-0.5924369,-0.036049202,-0.0799212,-0.11718046,0.17126872,0.047936,0.2675992,-0.5193846,-0.13423052,0.0053958194,0.08252508,-0.15988131,-0.16838822,0.16646078,-0.07969675,0.017930167,0.098777615,-0.075024486,-0.2608925,-0.094879426,0.033286568,0.0913081,0.08522433,-0.15351054,-0.097765654,-0.04474274,0.032889247,-0.08238486,-0.08035283
0.13945578,-0.6410585,-0.11174484,0.51802284,-0.3686081,-0.40696704,-0.0009846343,0.09404121,0.19186369,0.26982966,0.06883793,0.21326363,-0.11775409,0.15935758,-0.16104579,-0.12814173,0.10484533,-0.05306297,-0.53615165,0.027241224,-0.1841761,-0.06038968,0.1620427,-0.26696342,-0.11553402,-0.40465075,-0.18971576,0.04718714,-0.2652702,-0.15529867,-0.21258289,0.12409278,-0.07064895,-0.03555442,0.07370115,0.15650766,0.017162079,-0.06103465,-0.030532356,0.06216807,-0.064604975,-0.120019235,0.038487453,0.10159507,0.044936925,0.17409223,-0.15925603
0.040360507,0.5597183,0.06970942,0.5667764,-0.3882285,-0.37364447,0.64831823,0.053200424,0.2347663,0.34401348,-0.04888056,0.43265337,-0.10514707,-0.20072146,-0.10751413,-0.105171174,0.054998383,-0.17356616,-0.56666195,0.010337136,-0.03436585,-0.17773254,0.11522771,0.17889129,0.22064856,-0.46543738,0.13288464,0.021331992,0.16074795,-0.19357513,-0.47003156,0.13137762,-0.06720954,0.03921444,0.07544058,0.15959804,0.1252727,-0.084595285,0.035192885,-0.100230545,-0.031359702,-0.048099767,0.09518395,-0.106028825,-0.10583493,-0.06379225,-0.111524716
0.92760754,0.46355876,0.07724462,0.4781519,-0.24988022,-0.35077047,-0.10611996,-0.2686189,0.1416499,0.31083545,0.017723845,-0.15721352,-0.09268614,-0.22938707,-0.21586204,-0.27748495,-0.3763756,-0.15879732,-0.50745624,-0.1681857,-0.17618246,-0.15277915,0.15444171,-0.21332367,-0.10759842,-0.54817814,0.05996489,-0.022248914,0.09605347,-0.16400346,0.09558524,0.11459365,-0.07580279,-0.092445135,-0.105075255,-0.102840595,-0.22400403,0.028324515,-0.0012721941,-0.014818538,-0.14445895,-0.041401085,0.053871535,0.05158541,0.031783674,0.21826065,-0.10289336
-1.8179253,0.54278564,0.16646765,0.5463211,-0.21418498,-0.24541476,-0.4720731,0.083073825,-0.38286054,0.21199259,0.0693231,0.3110582,0.2780916,0.11002591,-0.110270984,0.26817,0.047735147,-0.16867498,-0.47590357,0.0057433713,0.06946566,-0.17761007,0.054116003,0.22572094,-0.14767319,-0.46611488,0.056943517,-0.11523243,0.06903533,-0.11587052,-0.2286107,0.110466905,-0.07825034,-0.08646991,0.071304776,-0.13087597,0.06335656,-0.034571677,0.090335764,0.117217764,0.064501874,-0.005010928,0.07562033,-0.14688504,-0.07868917,0.184912,-0.0904703
-2.0429153,-0.3328747,-0.15877219,0.5584213,-0.27465436,0.32595587,0.053442944,0.03409375,-0.36821485,-0.25038114,0.008699303,0.33357468,0.24422957,0.15857735,0.04766334,0.26657182,0.0442034,-0.03945834,-0.50152254,0.14665098,0.09132332,-0.12045311,0.09079227,0.072733715,0.23464692,-0.3287636,-0.030887973,0.048036523,0.059186734,-0.085097276,-0.18015894,0.11409719,-0.09803317,-0.042840578,-0.07759604,0.103525154,0.13634267,0.04041087,-0.073834985,0.1388264,-0.025068691,0.014848258,0.052338503,-0.055532966,-0.02299603,-0.0972959,-0.08494471
0.25963685,-0.3648458,-0.5240337,0.47962114,-0.41289666,-0.24940649,-0.39583936,0.10340755,0.24454091,0.31703117,0.05194894,-0.2794252,-0.1647752,-0.14694923,-0.08555925,-0.14369446,0.1676804,-0.20802905,-0.45158902,-0.035767622,-0.18791552,-0.17289032,0.15218535,0.24844155,-0.2644502,-0.45047766,-0.056751136,0.06223099,0.100964986,-0.21193333,0.121234685,0.10874289,-0.053812843,-0.057095166,-0.100810334,0.074017465,0.07082044,-0.052095182,0.045419566,0.080123134,-0.011664335,0.03687686,0.04550248,0.18967858,-0.12211743,0.15198375,-0.12891123
0.27269223,-0.22732262,-0.7248927,0.4951187,-0.40091828,0.34414878,0.6877634,0.29103604,0.17358121,-0.21968228,0.036421295,0.34743884,-0.37211865,0.26585287,-0.12803738,-0.19652683,-0.3499275,0.0014246446,-0.47624347,-0.03813976,-0.07136589,-0.052026577,0.19204395,0.22761138,-0.1210225,-0.38734624,0.14042899,-0.10149843,0.06940665,-0.13674119,0.139733,0.1553068,-0.03870058,-0.011672393,-0.08651782,-0.056019004,0.022924578,-0.034682006,-0.16541849,-0.018982051,-0.024766412,-0.03150792,0.018760722,-0.07009749,0.069984786,-0.06115958,-0.09252398
-0.5032287,0.6596607,-0.43197858,0.5365354,-0.35006326,0.2903454,0.619986,0.053883493,0.23908317,0.2721857,0.03295717,-0.16486152,-0.13647121,-0.1973061,-0.09587948,0.2570463,0.14880648,-0.017827122,-0.43289354,0.1254081,-0.16994704,-0.037343178,0.22656688,-0.20073678,-0.09108911,-0.46994802,0.12872036,0.020909525,0.11890269,-0.20127039,-0.15812027,0.1482461,-0.052717216,-0.028687708,0.064774394,0.19747214,-0.24138764,0.05838345,0.13826467,0.058857873,-0.043547347,0.08927806,0.06737529,-0.14889121,-0.032038443,-0.045642775,-0.08828729
-1.7552663,-0.319983,-0.55317205,0.5474347,-0.32991222,0.31479523,-0.3946396,-0.29669622,0.10266752,0.15211858,0.023799105,0.22398965,0.31276625,0.16583046,0.03752011,-0.075355396,0.09299937,-0.017770095,-0.45391142,0.0042917375,0.08897322,-0.20018838,0.16212049,-0.39471537,-0.17624575,-0.38225693,0.12689137,0.0086356085,-0.25823754,-0.10592534,-0.41196793,0.13047834,-0.06011257,-0.010413577,0.0690242,-0.087228514,0.03161078,-0.034825385,0.14087088,0.12736744,0.046916988,0.040956467,0.05697026,-0.07234228,0.060855392,-0.089831196,-0.07363519
0.13907617,-0.52553403,0.61159223,0.4610495,-0.32967106,0.335081,0.022824025,-0.42447248,-0.37602907,0.21710004,0.041798428,-0.18947542,0.34599808,0.21454856,0.02660663,0.23606934,0.15332712,-0.01233934,-0.5811026,-0.080056846,0.059690177,-0.13711084,0.13510092,0.24220788,0.23693772,-0.5216574,-0.025949446,0.01597884,0.029275887,-0.085287325,0.13915645,0.13872485,-0.07175525,0.005015723,0.05653038,-0.052732963,0.1034122,-0.015735123,-0.019394785,-0.13767871,-0.0067691044,-0.11021426,-0.09503591,-0.06183904,0.025270822,-0.08497319,-0.09495847
-1.4232981,0.65804976,0.09199523,0.53331864,-0.27512008,-0.36838463,-0.05379557,0.20881833,0.20642759,0.28719804,0.034567278,-0.17987658,-0.08047083,-0.14452572,-0.1991162,0.30658478,0.058020167,-0.21181858,-0.45077538,0.08820316,-0.145132,-0.107630886,0.11046758,-0.20575184,-0.07076425,-0.45293218,-0.1035366,0.043530412,0.1101085,-0.20043553,0.12585305,0.10764595,-0.06522314,0.020893661,-0.08789809,-0.20243447,0.018356817,0.06593635,0.15170087,0.07326485,0.09474954,-0.024530686,0.07962973,0.22636046,-0.039836116,0.1698319,-0.093460545
-1.5826474,-0.5999651,-0.106412895,0.539327,-0.29185107,-0.2682044,0.66048306,0.27980098,0.1743983,-0.34727702,-0.012063478,0.3872282,-0.066933334,0.20848414,-0.028375534,0.20669036,0.12731174,-0.037124578,-0.38892034,0.0811798,-0.18081449,-0.019257352,0.1347361,0.20779634,-0.13827573,-0.32868582,0.10721767,0.053525783,0.07011106,-0.15650263,0.11920144,0.10884252,-0.093363024,0.061194275,-0.06296131,-0.19661973,-0.30699173,-0.030253539,0.03417185,-0.025648497,0.041604474,-0.02548717,0.0386387,-0.11463687,0.0057496317,-0.064333305,-0.11813313
0.715856,-0.56214845,-0.40911028,0.41015232,-0.29930794,-0.28809384,-0.34305027,-0.36727372,0.13528942,0.23130636,0.039920017,-0.26578122,-0.277971,-0.19716811,-0.18837617,-0.07455698,-0.31643954,0.49743295,-0.5582687,-0.1300178,-0.10925124,-0.1861421,0.17225154,0.22862484,-0.19540168,-0.46420324,0.11323404,-0.015177127,0.072376765,-0.15401839,0.08167036,0.090393595,-0.09916025,0.017405678,0.058335617,-0.0771982,0.014914645,-0.04154852,0.042626098,0.083568595,-0.13657886,-0.1488292,0.05148995,-0.13968532,0.080964364,-0.07063602,-0.12620683
-1.4484471,-0.40165126,0.29092294,0.5666976,-0.37245762,-0.2273541,-0.4236067,-0.12980679,0.24144025,0.22736403,0.030794445,-0.18864892,0.35313654,-0.22803862,-0.080902904,0.10186606,0.020001547,-0.15685013,-0.48607254,0.09709304,0.08144774,-0.22869642,0.10703397,-0.21566252,0.24046318,-0.4434757,-0.022929966,0.07030967,0.10152949,-0.12994242,0.12244663,0.09461327,-0.03955385,0.01369822,-0.08889109,-0.18274336,0.015373151,-0.05402254,0.020917619,-0.057812363,-0.056236267,-0.029882958,0.091777906,-0.1264872,0.05714257,0.17355627,-0.088559434
0.14939277,-0.29128632,0.20325191,0.43134943,-0.33998996,0.30948144,-0.3848727,-0.38711694,0.23808381,0.24461631,0.058223717,-0.18361636,-0.25229084,-0.14969963,-0.13169415,0.16767403,-0.26896083,-0.21662751,-0.500702,-0.08507104,-0.072125286,-0.110220134,0.10544517,-0.40808687,-0.25200424,-0.55170715,-0.09931024,-0.0939923,0.1385533,-0.15910402,0.119907066,0.14794531,-0.072430044,0.044355266,0.0895367,0.068145595,0.07803167,0.044781134,-0.20320489,0.07227627,0.048821423,-0.101732105,0.031450856,-0.089543045,-0.0634998,-0.091975644,-0.1328185
1.355406,-0.48596507,-0.015567251,0.5171626,-0.33374888,0.3580028,-0.4376669,-0.07462643,0.30652538,0.17514269,0.06015985,0.27109933,0.3416843,-0.11184766,-0.078346506,-0.22266464,-0.36292872,0.013400278,-0.5169759,-0.18147486,0.14398068,-0.22694884,0.13029589,-0.25743482,-0.09355795,-0.46319517,0.08565822,-0.11989354,0.13714148,-0.09578078,0.13668256,0.13743517,-0.14415476,0.02742078,-0.07763927,-0.07308767,0.09841581,-0.03130057,0.021675644,-0.009107033,-0.11898567,0.08672718,0.048197336,0.15865546,-0.11458883,-0.053164847,-0.08842812
-0.7947644,-0.22237104,0.25275278,0.59817183,-0.39978668,0.2964982,0.08113197,-0.12823908,0.28400806,0.16249998,0.016416654,0.19609337,0.38945833,-0.13960458,0.025834117,-0.24091366,0.035917126,-0.1824576,-0.46065187,-0.054978766,0.0881822,-0.19910058,0.13102788,-0.27703053,-0.08140217,-0.4826221,0.052768048,0.037899315,-0.27063087,-0.1238533,0.11927435,0.13294506,-0.051308446,-0.037493847,-0.07875542,0.14976159,0.0237032,-0.019653246,-0.2508071,0.11952478,-0.04510045,0.08976712,-0.11185608,-0.10618161,0.08669378,0.14814079,-0.07806632
0.57226574,-0.55070025,-0.21493013,0.4622717,-0.42072764,-0.42378575,-0.12041579,0.09020083,-0.027909694,-0.20639728,0.031136546,0.3812326,-0.20901136,-0.18043858,-0.22895752,-0.23467927,0.0076517537,-0.17093162,-0.5136884,-0.06882231,-0.08642446,-0.19541074,0.076147996,-0.4028328,0.2431313,-0.36048976,0.09761293,0.01915726,-0.17854272,-0.12323879,-0.35015267,0.088773586,-0.071526736,0.030771436,-0.071447685,0.05580128,0.03134782,-0.048717596,0.084018275,0.090473525,0.06073886,0.023786094,0.017688729,-0.10169773,0.054765992,0.17218955,-0.15184939
0.7287748,0.6184475,0.30758467,0.5443969,-0.16321214,-0.4214874,-0.26848826,0.10582189,-0.3049674,0.30372152,0.0816035,0.3449872,0.30621377,0.16859183,-0.14573465,-0.10872609,0.16009547,-0.1985879,-0.5125071,-0.10121525,0.106353484,-0.25067264,0.088608354,-0.19778234,-0.064789064,-0.52504903,0.10284345,-0.12382846,0.08642884,-0.15842442,0.13988191,0.10682829,-0.039798897,0.036190078,0.09076619,-0.13031663,0.021054002,-0.0040019453,0.10927752,0.13212605,0.051770553,-0.0024724721,0.06760134,0.0001823958,0.06738382,-0.0830061,-0.13597201
-1.3904814,-0.51156974,0.26257765,0.5109898,-0.34500155,0.2728833,0.08770532,0.06995794,0.25245792,0.16343972,-0.0011824581,0.27468622,-0.035070285,-0.24945389,0.046082646,-0.27157316,-0.28046378,-0.18069117,-0.41109422,-0.037877254,-0.16666126,-0.12917624,0.11883875,0.23745914,-0.07018141,-0.47252968,-0.017255425,-0.001534055,-0.27879712,-0.15098234,0.10980761,0.12554495,-0.08922461,-0.010754002,-0.089173764,0.05054478,0.055397786,0.10176883,-0.26002243,0.08879295,-0.0005854368,0.025483612,0.05109667,-0.095342785,-0.0759123,0.16789755,-0.09888622
-0.48692918,-0.44540858,0.6316867,0.6116666,-0.48326644,0.29296896,0.73155504,-0.15028507,0.3344375,0.1398996,0.02349918,-0.19222565,0.38818133,-0.33656228,-0.0126013085,-0.17805846,-0.2517239,0.48512092,-0.4708244,-0.03092741,0.08212817,-0.15854925,0.1875433,0.10244474,0.24088268,-0.47607598,-0.107207604,-0.12485975,0.07842115,-0.14221437,0.11181581,0.11741937,-0.06537193,-0.062816754,-0.080169804,-0.122188926,0.045028828,-0.07317727,-0.2448111,0.14605987,0.060635973,0.09533953,-0.18848523,-0.119606346,0.086142935,0.09024382,-0.06616416
-1.2609314,-0.33566514,0.057119597,0.53316873,-0.34584302,0.2567591,-0.46911547,-0.24541476,0.31910858,0.25870654,0.010042997,-0.2797624,-0.055842813,-0.17360573,0.08514853,-0.15381697,-0.31646648,-0.00964198,-0.40894926,0.040564712,-0.15428035,-0.10499519,0.21288055,0.2464701,-0.27824104,-0.45587635,0.07979666,0.0030457256,0.12232112,-0.15617354,0.11847532,0.1305225,-0.06996654,0.02699847,-0.07929184,0.15728387,0.051200304,0.07834672,-0.08177274,-0.10423139,-0.07576551,0.09981394,0.06360935,0.040840365,-0.10064059,0.17166774,-0.09487775
-1.695571,-0.47867522,0.0016534448,0.57056266,-0.25648993,-0.27814722,0.66538846,-0.34051207,0.20555373,-0.33076128,0.056040656,0.3742973,-0.06695662,0.20366544,-0.03974218,-0.07377034,-0.26637512,-0.22389606,-0.47001433,-0.122177534,0.06548773,-0.18346374,0.07529542,-0.25873607,-0.10228874,-0.33795792,0.10392375,0.031193957,0.07327966,-0.12546355,0.15844513,0.09504918,-0.06721279,-0.027510647,-0.073565215,-0.16314183,0.06009319,-0.065516315,0.01581697,-0.12406418,-0.034246936,-0.024370477,0.04545672,-0.08872081,0.03106547,-0.12677108,-0.1405146
-1.8816701,-0.2521376,-0.70930594,0.52537954,-0.28669125,-0.33344865,0.7723388,0.058857005,-0.3323611,0.322617,-0.008179553,-0.31840983,-0.14533523,0.16996968,-0.15860178,-0.101823315,0.110907115,-0.057551462,-0.38737053,0.0033955239,-0.013577474,-0.07450242,0.13759585,0.14017978,-0.1332815,-0.36302853,0.12862809,0.050766166,0.030637383,-0.14501198,0.118518814,-0.13385402,-0.07035492,-0.0134818405,0.046399463,-0.07847836,0.089044034,-0.08011981,0.16579182,-0.08616589,-0.01828926,0.016072031,0.08290203,-0.12046532,0.058287133,-0.07098491,-0.16023235
-1.9755477,-0.12298736,0.25306153,0.6057222,-0.3029557,0.35205862,0.68839663,-0.06749325,0.31352708,-0.199046,0.018670829,-0.26981843,-0.0051609064,0.24830563,0.18715867,-0.19003405,0.051138435,-0.2267518,-0.4459777,-0.13295093,0.05639996,-0.16960432,0.11886916,0.12805715,0.24634324,-0.3979179,0.06547075,0.024308719,0.06656772,-0.08478656,0.1160288,0.124521196,-0.072886094,0.037666954,-0.11623452,-0.024720432,0.08802492,0.048045695,-0.23160587,-0.1319297,-0.054780737,0.04323908,-0.16671434,-0.0773436,0.0017860383,-0.06661521,-0.09747052
1.3432577,-0.28616863,-0.65104115,0.50659996,-0.35816696,-0.35800275,-0.38122204,0.27730197,-0.012301484,-0.18732242,0.05584778,-0.196199,0.38553065,-0.16157715,-0.15810652,-0.09398562,-0.0013699532,0.5184046,-0.54112715,-0.021816805,0.13793732,-0.21253188,0.12743245,0.2604709,-0.16013981,-0.43461284,-0.04335661,-0.09466673,-0.10401049,-0.14896664,0.11284295,0.08923498,-0.104088664,0.016483326,-0.0985532,-0.15130553,0.0041476227,0.003925138,-0.09810162,0.13536353,-0.121741556,-0.15149814,0.023070112,-0.074671656,-0.14422531,-0.05926071,-0.072779365
0.037694283,0.62281054,-0.7869314,0.46909252,-0.39535528,-0.28023428,0.028796261,-0.36703256,0.26038486,0.24768388,0.05584715,0.36203325,-0.05703908,-0.23047203,-0.17278671,0.29741877,0.10029409,-0.24554527,-0.50832814,0.06759198,-0.1492466,-0.15570468,0.14346345,-0.31067282,0.2401119,-0.46886298,-0.22476214,-0.10017822,0.136527,-0.20551665,-0.19558366,0.13348868,-0.07004416,0.034065798,0.090466894,0.15689455,0.002234832,-0.047778673,0.039541386,0.08702807,0.045456022,0.0033311385,-0.14748359,-0.13497856,-0.059327137,-0.1284506,-0.10759438
0.5531414,-0.41762772,0.50091565,0.38028842,-0.47248656,0.2679542,-0.31417906,-0.30926254,0.15439737,0.17386572,0.0981543,-0.17603792,-0.516091,-0.17954108,-0.20586774,-0.18578666,-0.23712783,-0.14189105,-0.5633446,-0.26567626,-0.06066492,-0.16297427,0.12854467,0.13847466,-0.091703266,-0.49999905,-0.094085895,0.011853552,-0.12096373,-0.11368427,-0.08795928,-0.13306834,-0.09134112,-0.0026938422,-0.074701056,-0.03068348,0.061750278,-0.061392695,0.08363981,-0.11534318,0.0013045901,0.054086927,-0.089127876,-0.100222364,0.102374494,0.21308148,-0.104079284
0.24760945,0.55637217,0.22972897,0.5346332,-0.30155197,-0.42378134,-0.07496925,-0.09287433,0.1684595,-0.24361187,0.09742304,0.22153965,0.3404903,0.21711469,-0.015994783,0.27571285,0.032540657,-0.15375641,-0.49112463,0.116810285,0.10603147,-0.22466041,0.11130967,0.21344934,0.21233968,-0.5194787,0.09046367,0.010942904,-0.2294302,-0.17001037,0.11231153,-0.14486396,-0.049462616,-0.05605895,-0.08443539,0.099399276,0.03627391,-0.07614141,0.012012621,-0.056242354,0.0011218851,-0.13754344,0.03830822,-0.077897,-0.087915,0.14922689,-0.087494776
0.83325255,-0.31064987,0.13102747,0.49514526,-0.35165018,0.33286154,-0.12947969,0.07884535,-0.015089508,0.17461984,0.015715605,0.34691158,-0.23274896,-0.17424542,-0.13872707,-0.06824199,-0.0044721495,0.005139421,-0.4513216,-0.20006594,-0.19456579,-0.11586537,0.15556118,-0.42800978,-0.13216701,-0.48379356,-0.010584313,0.021156725,0.09206507,-0.17970014,0.10405153,0.13732788,-0.08285057,-0.06724337,-0.10246034,-0.1546476,0.030745236,-0.06470763,0.060432553,-0.009395707,-0.037620764,0.080529034,0.0175575,-0.09832117,0.030626215,-0.046990756,-0.1015395
0.54244465,0.49202028,0.081065595,0.4969821,-0.3454756,-0.36705735,0.5789663,0.059731204,-0.23055902,0.2126911,0.060875565,-0.19091567,-0.1625051,-0.23521481,-0.3414365,0.18298386,-0.30042467,-0.2306684,-0.49379155,-0.06941894,-0.046515934,-0.15876134,0.09971721,-0.36482814,-0.28327146,-0.51856387,-0.017720994,-0.055623896,0.046652194,-0.14103413,0.07950404,0.10208905,-0.06412807,0.031481862,-0.0975662,-0.11412191,0.086957484,0.049758427,0.10328309,0.07551935,-0.11176592,0.054457724,0.053835396,-0.10506222,0.046326466,0.15279596,-0.10932481
-1.5785002,0.4622825,0.21174398,0.5686096,-0.31446016,-0.25494394,-0.094128005,0.22945006,0.2648357,0.25021565,0.032301128,-0.18237194,0.28260958,-0.2078604,-0.10072855,-0.33901054,-0.34274173,-0.21582398,-0.49719784,-0.03886234,0.07898354,-0.22924228,0.12047771,0.053792715,-0.051212095,-0.42761332,-0.1370509,0.06442293,-0.23089172,-0.10866153,-0.1836379,0.1134257,-0.08110482,-0.020026732,0.06607795,-0.18398125,0.01949774,0.06352633,0.023722753,-0.14119734,-0.07135062,-0.039913114,0.08157861,-0.15240514,-0.097342916,-0.092380784,-0.10017214
-1.4696203,-0.29116115,0.21998799,0.5184082,-0.31605986,0.35288316,-0.45003638,0.22051163,0.20565642,0.14830612,-0.059647035,0.31747505,-0.0532239,0.09691404,-0.035438225,0.1480062,0.12419558,-0.25649935,-0.48608556,-0.017135408,-0.13254423,-0.15319315,0.13862571,-0.3901764,-0.11216068,-0.4725818,0.050518613,-0.012625629,-0.22404936,-0.13574006,-0.43044138,0.12262482,-0.06752588,0.03994098,-0.08005978,-0.07580855,0.018046236,0.071182385,0.14397888,-0.02060582,0.07290563,-0.03298943,-0.08528784,-0.08944295,-0.060645718,-0.080873474,-0.083706126
0.6112111,-0.56396973,0.15119243,0.47808817,-0.33416304,-0.27677706,0.6441872,0.113148905,0.21085198,0.18400484,0.027480237,0.25052926,-0.17752287,0.1301879,-0.1506992,0.1890224,0.011094036,0.5080955,-0.5319956,-0.14090514,-0.0575133,-0.10209202,0.107853435,0.1967249,0.23457865,-0.45726871,0.050439473,0.0024606683,0.14255379,-0.1274594,-0.16956967,0.07723029,-0.08514904,0.018568965,-0.0940261,-0.15778108,-0.2639218,0.05972887,0.0919841,-0.10339387,0.047334313,-0.048652217,0.041921515,0.09733433,0.016286073,-0.078603946,-0.12124921
0.13767007,-0.47436538,0.0014304089,0.5091498,-0.35000777,-0.22410332,-0.3560887,-0.34232557,0.20741415,0.303662,0.1064484,-0.15002728,0.07888668,0.16022411,-0.038701996,-0.25477445,-0.2855827,-0.20392194,-0.57012534,-0.14338075,0.06833313,-0.21814352,0.14401358,-0.2541305,-0.28013366,-0.4272715,0.10054088,0.07599943,0.10576966,-0.12546295,0.10262326,-0.13309015,-0.056604233,-0.04393766,-0.05396801,0.16637363,0.06728803,-0.033951245,0.08900546,-0.04788068,0.030692525,-0.13592803,0.065457985,0.145661,0.08377815,0.17984535,-0.10746917
0.3059637,0.5427219,0.07592104,0.56403947,-0.33112153,0.2910858,0.5757478,0.2869382,0.2513373,0.16719554,0.07744855,0.16054617,0.3166223,-0.13498773,0.06630699,-0.29623863,0.19384205,-0.15869346,-0.5004159,-0.031739958,0.096360795,-0.12935391,0.14919406,-0.3524816,-0.055878446,-0.44122735,0.10990009,0.07204375,0.115203686,-0.14394099,-0.16920274,0.17537874,-0.04682353,-0.017138023,0.08412403,0.08025872,0.037652783,-0.04374138,-0.013874641,-0.034642264,-0.09413965,0.0785962,0.06253309,0.12741154,0.073135845,-0.043914106,-0.051946808
-1.5480843,0.6009068,0.54957783,0.5882468,-0.29784578,-0.27937979,-0.38010833,0.25857157,0.329661,0.19924745,0.08650096,-0.16954187,0.3488685,0.18771823,-0.011247473,-0.06466016,0.11654539,-0.1736961,-0.49749625,0.004085513,0.072647445,-0.214424,0.096669555,0.222301,-0.22801174,-0.52725947,-0.10906548,0.05525326,0.14510277,-0.12233177,-0.19220686,0.0925792,-0.061320655,0.044964805,-0.10824147,-0.08962364,0.08394521,0.019936647,0.028477361,-0.0537154,-0.059500962,-0.036984336,0.09489568,-0.11741719,0.08483389,-0.063421994,-0.072205886
-1.6221063,-0.3957802,-0.76021075,0.48890698,-0.27066925,-0.2557815,-0.34547442,0.2283621,0.21570794,0.19470645,-0.030149378,0.2895543,-0.028197747,-0.18576649,-0.11685665,-0.10096908,0.08401204,-0.06604792,-0.42466828,0.06725262,-0.14101283,-0.1315744,0.13859242,-0.2805399,-0.119673334,-0.37075338,0.13038506,0.04929547,-0.26270273,-0.17493686,0.11595295,0.09982324,-0.0748918,-0.0043758154,0.041537903,-0.090009935,0.027793527,0.0404817,0.15015568,0.07766596,0.059400547,0.08965407,-0.12276394,0.21019877,0.035050493,0.13975295,-0.112466425
0.7997471,0.5248337,-0.75880367,0.5156844,-0.27723852,0.34209892,-0.09891808,-0.4061649,0.16089281,-0.25066164,0.080514096,0.28409818,0.019024506,-0.19978374,0.072296746,-0.08618782,0.19056073,-0.24211088,-0.5263974,-0.11781682,0.12907194,-0.2592356,0.14169027,0.02748032,0.23531087,-0.46933195,0.13497221,0.016781602,0.074853115,-0.176351,0.06779495,0.14218883,-0.0898413,0.030934596,-0.14181429,0.15587686,0.02995304,-0.03626704,0.034526385,0.16123715,-0.124579325,-0.043118577,0.047978673,-0.12332818,0.06860524,0.19763292,-0.08235303
-0.44238436,0.65093464,0.030173,0.49321872,-0.31461522,-0.39627576,-0.35345042,-0.2849469,-0.31409314,-0.29516613,0.11371352,0.367601,-0.059719246,0.12264275,-0.16584039,-0.109127246,0.1722595,-0.22640169,-0.4775436,0.10518912,-0.16657804,-0.1575981,0.07865978,-0.15992047,0.24469166,-0.45769346,-0.18811364,-0.0030099028,0.045835413,-0.14173754,-0.19228318,0.11963983,-0.065012455,0.020288492,-0.112105,-0.13036337,0.042478316,0.05723203,-0.06717001,0.08465478,0.056462463,-0.0780773,0.04878343,-0.092055395,-0.124038175,0.23258905,-0.10806689
0.23422404,-0.23952556,0.6535861,0.51052254,-0.30276957,-0.29217088,-0.37034628,0.10352625,0.27723113,0.21496497,0.0882769,-0.14168102,0.09182672,0.21769315,-0.04721419,-0.08271547,0.17050551,0.4425801,-0.5390401,-0.09048868,0.049024813,-0.17766972,0.115655236,0.13533098,0.25041893,-0.49105167,-0.11667491,0.04678437,0.10077777,-0.12107463,0.15105647,0.10306451,-0.054090075,0.05766607,0.07250603,-0.13612513,0.075397104,-0.033210166,0.03961873,0.14937007,0.048839595,0.10501083,-0.09644644,0.13880233,0.07974544,0.11175652,-0.12833084
-1.6189395,0.42025322,0.029048542,0.60810477,-0.25406846,-0.21723324,0.60455346,0.1963687,0.309505,0.09286186,0.110032566,-0.1924583,0.34559816,0.1282431,-0.05591021,-0.26138446,0.039168842,-0.22439197,-0.58882236,-0.047279827,0.055898204,-0.1811948,0.070395984,0.06100631,-0.070558615,-0.4796467,0.052997943,-0.15100095,-0.27184623,-0.122322164,-0.19044024,0.108389944,-0.053301882,-0.009781317,-0.11995712,0.14801387,0.077914,-0.06364591,-0.2165123,-0.109752454,0.004116672,-0.02863994,-0.1634576,-0.09554654,0.031775355,0.19277436,-0.08438965
1.4468336,-0.5506055,-0.37226856,0.50774866,-0.26682118,-0.31659332,-0.09038578,0.24136661,-0.26062945,-0.25721374,0.01241862,-0.28456786,0.058007933,-0.12088492,-0.15157518,-0.1486807,0.17317903,-0.14502594,-0.5252869,-0.14387083,0.10080805,-0.26390657,0.10656073,0.09009933,-0.07335101,-0.43277788,0.110784695,-0.12272102,0.007959393,-0.10445808,0.08626999,0.09767822,-0.11900063,0.023818845,0.0692095,-0.14539374,0.0095232455,-0.04980107,0.006251416,0.13078089,0.07826726,-0.12445493,0.048650905,0.1849451,-0.119616166,0.1656115,-0.066292964
0.2796081,-0.2214067,0.28566903,0.4343089,-0.30400652,-0.28649244,-0.11329892,-0.36139852,0.27370125,0.26139852,0.04956767,0.2740955,-0.19247973,0.17010649,-0.16982621,-0.19680502,-0.32884154,-0.163695,-0.39200726,-0.16805917,-0.063315526,-0.1433318,0.09630209,0.24130301,0.21210565,-0.4821243,-0.003656696,-0.0766748,0.15169217,-0.13365138,0.14815684,0.117780685,-0.056776796,-0.05203717,0.084492,-0.10340405,-0.31992182,-0.0442892,-0.19384621,-0.09740706,0.038858812,0.047792003,0.033354323,-0.03059255,0.07756894,-0.101854935,-0.12207758
0.5434721,-0.46492928,0.42312714,0.39656603,-0.4399135,0.31716967,-0.25211233,-0.2941714,0.000983353,-0.15036981,0.06917305,-0.21078795,-0.46368483,-0.17612192,-0.20402858,-0.17723013,-0.020273745,-0.17557395,-0.541821,-0.25558597,-0.074478015,-0.13352302,0.092568405,0.12859139,-0.11302503,-0.490278,-0.091635056,-0.08166899,-0.09993198,-0.102218375,-0.32640976,0.10738942,-0.09018785,0.035401985,-0.0824347,-0.03488812,0.06253055,-0.023358816,0.08797308,-0.11534318,-0.0020155562,0.05553882,-0.0046343096,-0.10717419,0.096376635,0.22574383,-0.12737331
0.34803006,-0.55874383,0.0728176,0.43722916,-0.43170425,0.34941646,-0.08658757,0.12086343,0.18998268,0.20186818,0.01664998,-0.25768974,-0.24757434,-0.1383526,-0.11565862,0.13458607,0.10922909,-0.028881904,-0.56624705,-0.1307898,-0.021752324,-0.045310207,0.1497213,-0.3100533,-0.114433356,-0.50567317,0.038356096,0.01969475,0.05645185,-0.11229997,-0.1226945,0.15470019,-0.07133201,-0.05179775,0.060972255,-0.10261861,0.008114109,-0.023195766,0.019760942,-0.06448084,-0.10117552,-0.11314604,-0.062321693,-0.081798226,0.015201538,-0.06465933,-0.104941435
-1.7995831,-0.36244392,-0.60361594,0.45655578,-0.39694846,0.2712725,-0.08409108,0.08387064,0.22228299,0.18463348,0.008358724,0.40216658,-0.39059618,-0.18700899,0.049794473,0.16193248,0.10146078,-0.23710406,-0.40027723,0.10928235,-0.029954184,-0.17160831,0.13650292,0.22200838,0.22934465,-0.34815198,0.1190317,0.0100911725,0.08439354,-0.15370923,-0.16213343,-0.14392897,-0.06448336,-0.019490084,-0.084997855,-0.15145528,0.1005767,0.0937196,-0.24288328,-0.038456764,0.00072083995,0.100087866,0.05732567,-0.13392194,-0.039768174,-0.0489535,-0.09462994
0.016934425,-0.659355,0.026601423,0.4486736,-0.4191947,0.31775537,-0.41003415,-0.31301615,0.2243582,0.26245353,0.041791264,0.36294004,-0.20803921,-0.156225,-0.10520689,0.14901511,0.15141113,-0.19981942,-0.46782574,-0.020445526,-0.031590674,-0.18428178,0.12716334,-0.20813388,-0.30191568,-0.45033985,0.094197735,-0.0016055396,0.14433876,-0.17745426,0.1313541,0.11187393,-0.0821832,0.03501707,-0.087349564,-0.097344734,0.1095178,0.04899849,0.1264346,0.081086576,-0.05992385,-0.13093251,0.05325273,0.1821515,-0.0482444,0.18452625,-0.13195635
1.0700976,-0.5421436,0.017442845,0.49351463,-0.30029976,-0.4267929,0.62586254,0.08407046,0.11982999,0.32124734,0.010449729,-0.1939286,-0.07799967,-0.28320158,-0.055954,0.14843147,0.16317682,0.50617945,-0.5161741,-0.025438799,-0.1941392,-0.15583606,0.156262,-0.27591798,0.25367746,-0.45303106,0.10678689,0.037192274,0.09466157,-0.18285346,0.10792963,0.11341976,-0.13165167,0.018573593,0.06335374,-0.12219379,-0.0031170184,0.06134931,-0.025762947,-0.1264568,-0.15788908,-0.11616478,0.07063223,0.14059675,-0.040828623,-0.062498566,-0.12932129
0.8117625,0.4378658,-0.6061929,0.5397764,-0.3590876,-0.33442518,0.055512425,0.08927694,0.026455864,0.13654172,0.04982963,-0.17230755,0.30508563,-0.40603408,-0.13659228,-0.09004361,-0.39906016,0.46303645,-0.6182642,-0.07280154,0.092410125,-0.24022187,0.1608793,0.034285314,0.23080613,-0.49501833,-0.04203363,-0.10807423,-0.15943338,-0.14177546,0.10990764,0.112016544,-0.08408959,0.018862626,0.0899099,-0.12335211,0.07786099,0.011663156,0.027343329,-0.030766249,-0.11174768,-0.023378527,-0.13474348,-0.10135464,0.07528604,-0.062792994,-0.07790061
-1.671195,-0.62980115,0.010235569,0.4909004,-0.255965,0.33512256,-0.376741,-0.3621386,0.24499059,-0.32752094,0.056613874,0.5089822,-0.080509655,0.20771524,0.05531077,0.104303226,0.10804877,-0.19283544,-0.3759698,-0.00656957,-0.19527254,-0.12281629,0.11850468,-0.26327512,-0.108701654,-0.3745448,0.08478993,0.01975369,0.11714109,-0.16446017,0.1664374,0.15109767,-0.07681269,-0.007143521,-0.09240608,-0.18512912,0.038495045,-0.06377792,0.029739412,0.0830386,-0.019391969,0.02354635,0.048159882,-0.0783184,0.045679547,-0.10838782,-0.10677992
1.0445019,0.48249513,-0.67381966,0.4705857,-0.2681017,0.3424063,-0.08629986,0.2598688,-0.3777079,0.18448275,0.039615057,0.30631775,-0.014913364,0.2611443,-0.03232176,-0.29576308,0.022804147,0.034523472,-0.56316495,-0.07228853,0.083120175,-0.24675362,0.15137161,0.01872959,-0.18721654,-0.43098652,0.13154508,-0.047924276,0.120207526,-0.124668054,0.12772004,0.14236791,-0.111982346,0.023633936,-0.099084176,-0.09599766,0.03452818,-0.06414138,0.023849307,0.14974958,-0.047411587,0.012789879,-0.20944777,-0.079236135,-0.10692759,-0.050452374,-0.06708697
-0.57230204,0.5571185,0.4814652,0.5023619,-0.3752357,-0.30917007,-0.09211612,-0.15944022,0.25000733,0.21027355,0.088626504,-0.22762357,-0.24961029,0.14828011,-0.21724328,-0.30845886,0.16675617,-0.23073515,-0.5375447,0.04452908,-0.03647858,-0.21118699,0.11174471,-0.18218298,0.22808878,-0.49796668,0.033610128,-0.1216092,-0.1759004,-0.15860263,-0.19050351,0.13387796,-0.060634185,0.0356829,0.07236251,-0.032456804,0.07665546,0.092956476,-0.01480257,0.09278242,-0.006248927,-0.017293606,-0.07859191,-0.052651286,-0.10041072,0.16833164,-0.12538862
-1.9614229,0.5696828,-0.6908391,0.5447657,-0.25962812,0.33171105,-0.059059232,0.23683625,0.33528864,0.15588371,0.07861634,0.2712088,0.2739136,0.17763647,0.11377597,0.2893832,0.16547067,-0.22163035,-0.45186967,0.13771667,0.08019123,-0.24444462,0.13732167,0.00056069717,0.24887462,-0.41766813,0.13539955,0.029287137,0.096091636,-0.12338603,-0.22378987,0.1474665,-0.08084245,0.0479844,0.0844988,-0.14473817,0.036184046,0.06388424,-0.04057128,0.14781822,-0.022687554,0.093907245,0.07744422,-0.06501338,-0.04347943,-0.053150807,-0.047938343
0.20446357,-0.3382229,-0.2050336,0.46199316,-0.33797035,0.2564393,-0.39734265,-0.39064386,-0.2565684,0.22986798,0.021256562,-0.2831736,-0.03278041,-0.22322384,-0.09256711,-0.21899413,-0.3543869,-0.22263223,-0.48926383,-0.067862235,-0.18318267,-0.21253696,0.15594536,0.23879069,-0.28086212,-0.46525323,-0.03237755,-0.012153249,0.031121515,-0.13251187,0.07555395,0.140684,-0.03632936,-0.044305187,0.087551296,-0.13415028,0.043948587,-0.05052775,0.10859583,-0.10315938,0.048528597,-0.105796255,0.040267203,-0.08641656,0.056807846,-0.09350751,-0.12219041
-1.706495,-0.18776588,0.22830135,0.46389055,-0.40553907,0.26415777,-0.32911304,-0.18645383,0.08406004,0.19617945,0.051311526,-0.19518138,-0.4541478,-0.14927775,-0.12789816,-0.19783257,-0.2228501,-0.12999298,-0.48672026,-0.09091256,0.010204465,-0.13147548,0.09841082,0.11269054,-0.099203564,-0.41549164,-0.09271539,0.005129925,-0.12169889,-0.11573301,-0.12531218,0.11665114,-0.0612988,0.03450132,-0.08036219,-0.046712928,0.10569846,-0.05234456,0.15414903,-0.07203208,0.086950816,0.053926807,-0.10891406,-0.1325358,0.062623456,0.20790207,-0.0991985
0.09219246,-0.58185387,-0.7910916,0.47593787,-0.4261896,0.26213723,0.028167482,0.28585368,0.22669508,0.22271612,0.034111217,0.31071275,-0.12736782,0.18035814,-0.060555466,-0.14346911,0.15096503,-0.02847124,-0.54496956,0.027924107,-0.19615678,-0.027319673,0.1556566,0.0666036,-0.101239935,-0.39996964,-0.048803378,0.037167158,0.12892462,-0.18945642,-0.20232797,-0.1603685,-0.07630126,-0.010423594,-0.072960116,0.094070226,0.105982035,-0.051619284,0.029639013,0.06754071,-0.010009479,-0.168256,0.027007174,-0.031782635,0.067539625,-0.03975118,-0.08251021
1.2892822,-0.26695627,-0.8583068,0.5269417,-0.35021198,0.36108887,0.025847789,0.28612688,0.17823829,-0.1738416,0.017590854,0.24544358,0.31077307,-0.3854021,-0.044963837,-0.114537835,-0.3084728,0.5464472,-0.60571295,-0.06187912,0.16275106,-0.14498307,0.13613628,0.04369645,-0.09318235,-0.41058204,-0.05039313,0.0038341668,0.06091608,-0.11577146,-0.11044196,0.14896396,-0.09837573,0.01808732,-0.08524869,0.0968498,0.03047888,-0.0066218204,-0.050354168,0.14078636,0.07831534,-0.03675628,0.00017229863,-0.06721909,0.08231519,-0.08100134,-0.04056156
0.7241613,-0.5524192,-0.05883236,0.39986384,-0.38985792,0.319847,0.030270414,0.1127009,0.21413468,0.26954606,0.017203996,-0.28059787,-0.2753072,0.22422618,-0.18751717,0.12963854,-0.31231675,-0.0051663737,-0.5567163,-0.10584049,-0.10771804,-0.12279522,0.20335092,0.101749256,-0.08348375,-0.44453812,-0.030891746,0.053601526,0.09054569,-0.15569314,0.13798939,0.12823975,-0.12074307,0.0017428822,-0.09618268,-0.11790192,0.015548447,-0.10594196,0.076033734,0.003823789,-0.14193098,-0.04008758,0.026461797,0.14504471,0.04658395,-0.06420587,-0.12594731
0.21958357,-0.3116843,0.07746752,0.50388044,-0.43731436,-0.25124064,0.018207777,0.11011219,0.21259555,0.21261798,-0.0041483445,-0.30701908,-0.52094084,-0.14924783,-0.33644468,-0.20391853,-0.011598681,0.0076707113,-0.5338147,-0.15239255,-0.023905694,-0.0341539,0.07911921,-0.26100168,-0.12728794,-0.48407242,0.057928022,-0.01747254,0.09540974,-0.15265502,0.14543445,0.098367035,-0.036292095,6.452296e-05,-0.078477904,-0.1445839,0.08855179,-0.06978058,0.09851266,-0.061110787,-0.040887862,-0.12178814,0.03937104,-0.109411016,0.04679828,-0.066628836,-0.16840763
0.7154452,-0.2924849,-0.39795464,0.45390305,-0.44904608,-0.43856642,0.012253914,-0.42970634,0.16138983,-0.27226254,0.036898643,-0.24710062,-0.2361212,-0.19772981,-0.13694471,-0.13225755,0.011301471,-0.22707538,-0.5051416,-0.07822044,0.15020242,-0.22000428,0.13669185,-0.39232096,-0.09767613,-0.44824675,-0.031931736,0.012179818,-0.12269647,-0.2301467,0.07573533,-0.13246608,-0.092617884,0.026715083,-0.07461943,0.13731608,0.048486777,0.05060208,-0.13800916,0.08319366,-0.051158693,0.016242206,0.058053844,-0.082444206,-0.103193775,-0.1058194,-0.12290218
-1.7649854,0.48115665,0.22923298,0.5484988,-0.29620534,0.2889042,-0.06584561,0.2089695,-0.42883337,0.21793891,0.027402338,-0.2883332,-0.009475709,-0.11113368,0.03711663,0.30308637,-0.2954733,0.46942374,-0.49355417,0.09477921,0.037249546,-0.16332473,0.12820797,0.053900093,0.2346873,-0.42015648,0.07457893,0.025990773,0.035552245,-0.13421488,-0.35104942,0.122139476,-0.09197289,0.01596662,-0.06864336,-0.10514072,0.10465874,0.092594214,0.07164682,0.138632,-0.046935722,0.066159785,0.09095683,-0.15744244,-0.048061572,0.09452328,-0.06709074
0.46713594,-0.3311993,-0.43262225,0.47390598,-0.36835518,-0.3085719,-0.17234227,0.089014836,0.17273332,0.2251559,-0.014709229,-0.17098151,-0.11074524,-0.37598088,-0.15066023,-0.21427429,-0.38141888,-0.022511678,-0.4842189,-0.0155515075,-0.19031627,-0.16483438,0.19337499,-0.26842847,0.2511428,-0.43468624,-0.1646351,0.025372013,-0.1819534,-0.1571482,0.09467369,0.12014939,-0.07101486,0.0066371094,0.045760926,-0.13160338,-0.19854964,0.047690198,-0.14930372,0.090473525,-0.13250919,-0.010001461,-0.16221634,-0.06625688,0.025620172,-0.071906626,-0.120486915
-1.9272283,-0.27778488,0.51871485,0.5961072,-0.33479306,-0.25598133,0.72281146,0.21046522,0.3293502,0.23539051,0.008693683,-0.24234049,0.3937458,0.13060047,0.011342201,0.22059666,0.08110897,0.004233198,-0.4712265,0.048490852,0.05617577,-0.1396384,0.14289941,0.11058138,-0.14344087,-0.47380632,0.05089968,0.06868136,0.081468515,-0.10933741,0.13958183,0.11227171,-0.08221696,0.018238349,0.048992,-0.08688383,0.05142902,-0.018615166,-0.027176484,0.12788472,0.04363922,-0.13850547,-0.15500635,-0.11430386,-0.049389496,0.1620546,-0.10098906
0.20234789,0.4602733,0.07424911,0.509701,-0.38486812,0.35553673,0.10538727,0.27061108,0.0019462812,-0.16406916,0.005160881,-0.25565508,-0.18330254,-0.28259805,-0.07965846,-0.31086785,-0.36751723,0.5308006,-0.5031715,-0.04509586,-0.07017004,-0.061512563,0.14464165,0.2192916,0.24497609,-0.5128169,0.037817545,0.013272066,-0.15143637,-0.15157938,0.10329607,0.15678738,-0.055515688,0.014002215,-0.08305439,-0.15415306,0.10695274,0.06751713,0.004728457,0.07918121,-0.0706442,0.0921502,0.015079041,-0.119233906,-0.09430344,0.105532944,-0.09543002
0.16914569,-0.5562099,-0.1424029,0.41927114,-0.41096216,-0.24814056,-0.07884732,-0.40013468,0.23732463,0.28924778,0.05012514,0.35700288,-0.09005485,-0.14975405,-0.25962123,-0.13160524,0.010948759,-0.15659846,-0.50995535,-0.09376312,-0.17321955,-0.18496004,0.101274416,-0.40790424,-0.11001804,-0.44942674,0.10134308,-0.004181575,0.13217087,-0.19006704,0.11623749,-0.14114803,-0.08449832,-0.02650095,0.071521185,-0.1382692,0.041079275,0.03974756,0.10075697,0.06657727,-0.06982144,0.033324704,-0.0880587,0.04864083,-0.08105139,0.20877719,-0.13018528
1.2159017,0.49607363,0.34820676,0.5316777,-0.2259003,-0.33080053,-0.29206753,-0.3735492,0.23094575,0.21361658,0.06164078,-0.18791956,0.3751199,0.20626885,-0.1387456,-0.2858039,0.15724134,0.005481783,-0.5460942,-0.20417036,0.10149125,-0.16643769,0.14936867,-0.3580652,-0.12212751,-0.5586922,-0.008990031,-0.057627268,0.06474644,-0.17304422,0.13181901,0.11663333,-0.089048944,0.030720964,0.05979718,0.15241994,-0.18803938,-0.0055019436,0.012835849,-0.019133464,-0.011319416,-0.018771552,-0.14942363,0.01586094,0.0645769,-0.09325495,-0.11292606
0.9049091,-0.36723876,-0.06493509,0.44066966,-0.343106,0.3167019,-0.39978176,0.11755378,0.17484404,0.17961495,0.08317578,-0.19155481,-0.55023533,0.22874305,-0.16028586,-0.2090628,-0.35452643,-0.008121105,-0.57141924,-0.13650788,-0.10087375,-0.2108046,0.17110711,0.06748831,-0.22723414,-0.44513267,-0.012837673,-0.043562938,-0.17959638,-0.116396874,-0.15335864,0.1429379,-0.10281352,-0.048116468,0.08930897,0.11185584,0.06960122,-0.04943297,0.052683704,0.087182455,0.09330951,-0.03516471,0.022601452,-0.043085776,0.055702206,-0.061313137,-0.083750255
-0.19148794,0.58022565,0.54472744,0.5677702,-0.35349327,-0.39521334,-0.08701597,0.05511304,0.27341917,0.36205244,0.061205845,-0.2871701,-0.11746532,-0.1631661,-0.19830126,-0.2931526,0.039178133,-0.24610285,-0.46058398,-0.08325562,-0.16116326,-0.16450238,0.15000695,-0.20250423,0.21790005,-0.5449125,-0.11824828,0.01642977,0.1144403,-0.19036126,0.12347762,0.11302047,-0.054234546,0.028419303,-0.094159916,-0.13237265,0.055986635,-0.07632314,0.12154596,-0.106080964,-0.030399183,0.07781745,0.06708555,-0.1517778,-0.107474074,-0.06451528,-0.117218494
0.05800201,-0.486566,0.073843114,0.46875438,-0.3186381,0.3036016,-0.34060743,-0.09555158,0.22458614,0.14066142,0.048942372,-0.15816629,-0.14579834,-0.13338907,0.018509053,-0.19037214,-0.016722973,0.49664387,-0.50071716,-0.11942682,-0.18074968,-0.10526571,0.13806717,0.23340204,-0.24850114,-0.47679362,0.031517066,0.048328184,-0.18969943,-0.09307558,-0.43926156,0.14610732,-0.07005891,0.023802284,-0.079012595,-0.14018518,-0.25836465,-0.044349864,-0.20054375,-0.076620266,0.0045188386,0.08144706,0.037416253,-0.096813515,0.09136402,-0.055237524,-0.07933121
0.17706895,-0.4203962,0.3014942,0.5214203,-0.3770748,-0.35106447,-0.3750131,0.086624645,0.24870726,0.1987009,0.06296808,-0.1712418,0.40892878,0.175541,-0.12021088,0.14809231,-0.21149114,-0.045476552,-0.56444436,-0.15670927,0.09738437,-0.10376763,0.09728122,0.14825405,-0.08555975,-0.49822128,-0.007317308,0.029114373,-0.24538912,-0.07047009,-0.3890128,0.11145493,-0.07103698,-0.0011877706,-0.06721881,0.10262738,0.08011129,-0.017136695,-0.02768945,-0.11967069,0.05111373,0.017969944,0.008590111,-0.10673922,0.07261706,0.14894539,-0.13765098
-1.7552847,0.66086,0.060694292,0.612643,-0.22311863,-0.37318593,-0.4651719,0.05943185,0.29836857,0.30740702,0.058255523,-0.1825484,0.37603876,0.16883382,0.011955828,-0.11607186,0.057076737,-0.00630197,-0.45151246,0.10527846,-0.14356498,-0.10937163,0.15270635,-0.18681984,0.24750027,-0.45101744,0.10101433,0.014064781,0.11812013,-0.19425642,0.14006306,0.13160916,-0.055534456,0.036902897,0.052019022,0.18082227,0.09690126,-0.024059547,0.045980737,0.13348946,-0.04347977,0.08270166,0.080568515,-0.099615246,0.057985563,-0.059448145,-0.09834786
-1.6552591,-0.47393206,-0.85187685,0.5040299,-0.36150643,0.2902056,-0.086158276,0.086546555,0.32621506,0.24350443,-0.039239127,0.33178338,-0.04251534,-0.15173697,-0.06998774,-0.100892626,-0.30453575,-0.21647705,-0.35023516,-0.04905133,-0.16878317,-0.1371425,0.1325424,-0.3979007,-0.14540891,-0.389823,-0.21378626,-0.07218184,0.1393111,-0.16227423,0.13319747,0.13997316,-0.085552305,3.678724e-08,-0.0965651,-0.12823525,0.050175004,0.09873232,-0.23840056,-0.016002217,0.036913294,0.016947478,0.06683195,-0.09687886,0.05796764,-0.06761031,-0.11071025
0.2866885,-0.18172802,0.56711835,0.49294737,-0.40511215,-0.38772917,0.64927584,0.23661321,0.2489364,0.25629494,0.03806512,0.32818216,-0.081416726,-0.13979805,-0.15470567,0.19776404,0.0012274394,0.4745609,-0.47897136,-0.0035134107,-0.17292844,-0.086177476,0.10543769,0.10502497,-0.3347078,-0.47136727,-0.015409112,0.025015377,0.14011225,-0.15810868,0.13179958,-0.11558715,-0.07883941,0.026157402,-0.08505334,-0.08550292,0.11340554,0.06798122,0.032360576,-0.03914425,0.060085572,0.029415071,0.025778297,-0.07578784,-0.057789505,0.107573,-0.1146553
-1.5679666,0.4881188,-0.12285445,0.5781444,-0.29147267,-0.39331058,0.075468555,-0.32606095,0.23051375,-0.26177815,0.05393072,0.24553612,0.29200485,0.15436324,-0.09103708,-0.32860005,-0.3070969,-0.19829644,-0.4729489,0.0696726,0.045987688,-0.1755576,0.11602151,-0.21813893,-0.105472766,-0.3746768,-0.017928846,0.024277225,-0.21270384,-0.15045714,0.160412,0.102732636,-0.053707622,-0.022378914,-0.09589042,0.12591322,0.051674984,-0.018130712,0.17030334,-0.028298475,0.056956828,0.09470579,-0.14354625,0.15456094,0.09146943,-0.107211605,-0.10149418
1.1615487,-0.23778291,-0.710159,0.42894718,-0.34835663,0.254074,0.6785185,-0.39340362,-0.17315388,0.22361048,0.073403835,-0.17410587,-0.19066167,-0.20640466,-0.108992256,0.21226133,0.1542133,-0.09942437,-0.5453704,-0.037601843,-0.10047206,-0.21859384,0.19381602,0.10508934,-0.102214485,-0.4451081,0.12209743,0.07127643,0.047751486,-0.13869992,-0.35682982,-0.14187138,-0.0953756,0.013234799,0.0744147,-0.099080116,0.050637804,0.047798745,0.065312654,-0.0072323326,0.09757356,-0.016195066,0.047068715,-0.073571116,0.012947809,0.22769925,-0.08608048
0.014901396,0.45023477,0.03605178,0.43833578,-0.31793213,0.27014402,-0.33707255,-0.35638574,0.22386016,0.19320785,0.072000876,-0.25492162,-0.5349906,-0.18168846,-0.05050828,-0.29148927,-0.37065926,-0.2632506,-0.5411265,-0.110871226,-0.06867107,-0.12794064,0.13127923,0.22467661,0.17962067,-0.55584466,0.062157523,0.07134453,0.08980409,-0.19094081,-0.16867226,0.15560088,-0.04219783,-0.09715668,-0.10017816,0.13792685,0.024580231,-0.037099898,-0.2448836,0.076147035,-0.013245851,0.08376296,0.06215968,-0.004463778,0.05559096,-0.085347764,-0.081454575
1.411235,-0.22743165,-0.7847896,0.46555978,-0.35802984,-0.3132448,-0.3701875,0.23915748,0.25613776,0.13472575,0.09081447,-0.16784352,-0.10900546,0.2435421,-0.07215026,-0.18714882,0.17251565,0.00096206646,-0.533787,-0.11445634,0.106452666,-0.25786772,0.17866974,0.066270694,0.25987262,-0.43178535,-0.18658005,-0.1281013,-0.12908423,-0.15263979,-0.37764335,0.122485496,-0.106611975,0.0019551567,0.084601335,-0.030413082,0.060067274,0.028974567,0.024877517,-0.12939514,-0.028212857,0.04313393,-0.064923026,-0.07396793,0.088659786,0.1583885,-0.09107349
-0.66887087,-0.57294184,-0.7365707,0.60638684,-0.4175889,0.36234665,-0.40742064,0.26354307,0.110277556,-0.19668543,0.058968876,-0.17126465,0.41791305,0.19136891,-0.009184623,-0.23352139,0.024052745,-0.23690924,-0.47915933,-0.018364228,0.12385539,-0.22011611,0.18159184,-0.36123574,0.25470182,-0.42299592,-0.17435314,-0.0014549955,-0.15106948,-0.07518635,-0.40358162,0.1435151,-0.08622598,0.012607863,-0.084424615,-0.13867888,0.04774616,-0.05412229,-0.19592567,0.14457916,-0.037090294,-0.019388836,0.025964985,-0.09467383,-0.12335588,-0.07762937,-0.056232926
0.039297964,-0.56442124,0.23110318,0.5070693,-0.28328347,0.2967341,0.024081944,-0.37594002,-0.34920204,0.20842336,0.06525817,0.40090626,0.34092972,0.24126667,-0.029080411,-0.15731592,0.11310405,-0.14335336,-0.4973216,-0.15675296,0.09766688,-0.18562166,0.078497775,-0.4178194,-0.13799027,-0.48132375,0.09877004,-0.11073626,0.05706864,-0.09866743,0.13027172,0.111486584,-0.08255461,-0.008140751,-0.07858889,-0.13161722,0.10587593,-0.037781347,0.108828165,0.12530008,0.020894857,0.054877907,0.030178878,-0.09915152,-0.09199733,0.18901372,-0.088057235
1.2270836,-0.4935358,-0.51604384,0.49023664,-0.31265062,-0.42567068,-0.028383564,0.23823924,0.20732535,0.30501685,0.11805689,-0.1855739,0.08037348,0.18923235,0.036420606,0.24693418,0.16803531,-0.22853433,-0.5812962,-0.1364395,0.11529093,-0.27310517,0.15708382,0.10028798,0.212453,-0.42479768,0.11111468,0.06475291,0.07120011,-0.095653646,-0.16229995,-0.13947083,-0.11353063,-0.017482411,0.08454391,-0.10197632,-0.0054333443,-0.084421076,-0.00012659468,-0.19887325,0.10751785,0.09096532,0.05503661,0.11129355,-0.08246116,-0.08835573,-0.056015257
-1.3945698,0.47629103,0.047306474,0.50783944,-0.2312198,-0.23129514,0.6393987,0.06294384,0.25020653,0.2823695,0.03508961,-0.16644885,-0.08763778,-0.27953395,-0.10974724,0.13498992,-0.2911085,-0.23975997,-0.39893916,0.07476887,-0.11989915,-0.106330045,0.15361708,0.07555805,-0.09998138,-0.4610201,-0.035267755,0.011243623,0.10673336,-0.21694647,0.106273934,0.12794293,-0.058271464,0.0023990013,-0.10682397,-0.101267055,-0.28734997,-0.029968863,-0.22942881,-0.025648497,-0.026943857,0.013897878,-0.25320745,-0.101294145,-0.014477193,-0.10404609,-0.113664776
-1.9107153,-0.659479,-0.67641675,0.55821204,-0.31577697,-0.32713333,-0.35505542,-0.25936607,0.12888704,0.30811098,-0.015139917,-0.16398811,0.3834987,-0.13827403,-0.15743054,-0.09668941,0.110552266,-0.049521234,-0.43263957,-0.00018061511,0.086393245,-0.17608415,0.1415543,-0.25219524,-0.16711056,-0.37455732,-0.18125403,-0.09116805,-0.18092881,-0.066171564,-0.35838348,0.08225602,-0.082014605,-5.8920123e-06,-0.05686022,-0.14209026,0.0063859466,-0.021068042,-0.21388365,0.12199481,-0.026361171,0.080531955,0.070621654,0.17937694,0.04511618,-0.0970592,-0.13511497
-1.6862105,-0.38004094,0.011296754,0.5988016,-0.36642537,-0.24890083,-0.07647328,0.2538915,0.30616835,0.21401107,0.026551563,-0.17346507,0.3732114,-0.13637301,-0.09882029,-0.10405673,0.037737854,-0.22841695,-0.41393584,-0.02910602,0.07122136,-0.20331615,0.12955861,0.24708891,-0.0667868,-0.37537214,-0.16018438,0.001255495,0.14635716,-0.12748839,0.14199734,0.11884856,-0.058385525,0.03589918,-0.07924831,-0.17889504,0.05138497,-0.013694218,0.027305214,-0.028298475,-0.06369866,-0.054622393,0.084820375,-0.11526084,0.08395988,-0.081992015,-0.09518646
-0.7242089,-0.6824623,0.028190386,0.5109924,-0.4073576,-0.40532073,0.021242183,0.24926783,0.2112071,-0.2781228,-8.1759645e-05,0.3069649,-0.14340219,-0.1991915,-0.31318545,0.123501785,0.017024368,-0.16870612,-0.43935886,0.038112603,-0.03286572,-0.07376738,0.08839866,-0.2281111,-0.11946516,-0.38293228,-0.16588198,0.00032104226,0.10113325,-0.15225148,-0.4333173,0.09563233,-0.072979525,-0.0015169219,0.054086883,-0.20059012,-0.2861223,0.094345115,0.02867288,0.057564467,-0.059657756,-0.040879276,0.050241858,0.031120539,-0.0025391732,0.18056542,-0.1057746
0.8070121,0.4745104,0.19002919,0.45735133,-0.2923479,-0.27791807,-0.24814825,-0.32999742,0.15809597,0.27445593,0.07878382,0.28332978,-0.07548047,-0.21862005,-0.088195324,-0.108857565,-0.39031297,0.0050366144,-0.52454585,-0.07475036,-0.17057045,-0.11389759,0.16784155,0.077153094,0.2207395,-0.57770735,-0.1385285,0.014295233,0.090997405,-0.2223243,0.10804146,-0.16316605,-0.08073924,0.050255314,0.0744352,0.06522458,0.018395005,0.016309887,-0.18842877,0.08166323,-0.12104447,-0.1254279,-0.20932993,0.1329921,0.0752866,-0.091812514,-0.10647244
0.9644712,-0.448891,-0.14237285,0.4802394,-0.3352782,-0.27578655,-0.09528493,0.09054175,-0.29692793,0.26729193,0.067607574,0.29928368,-0.04892341,-0.29343015,-0.14747696,-0.19386728,-0.0049529057,-0.21988812,-0.5433134,-0.20328492,0.1071964,-0.30365244,0.03571277,0.12598713,-0.091268554,-0.4171496,-0.029935218,0.075475566,0.079105206,-0.08541675,-0.13450623,0.08931476,-0.08680117,0.03672797,-0.107731074,-0.14590289,0.10425007,-0.03994144,0.0043678107,0.13078089,0.08649133,0.021060914,0.09340716,-0.08000094,0.085314706,-0.09784236,-0.112021334
-1.7442117,-0.33430776,-0.6758728,0.49343356,-0.38051993,0.3046879,-0.38548043,0.054126196,0.22963713,0.20854585,0.0026189685,-0.20336637,-0.08605487,-0.18652761,-0.032199793,-0.20877126,0.0880049,-0.15425,-0.4429869,-6.969087e-05,-0.14480644,-0.13489993,0.16146086,-0.4141594,-0.11558182,-0.36594498,-0.19121206,0.03415235,0.087728076,-0.1404041,-0.379058,0.12858608,-0.053660035,0.017522886,0.064014964,-0.15568052,0.08096778,-0.066923395,0.13891174,-0.103872165,0.06246647,0.03561104,-0.19822282,-0.15562059,0.0599127,-0.07990652,-0.095904
-1.8063303,-0.2271647,0.62219507,0.589754,-0.33791733,0.30642185,-0.426001,-0.14786932,0.31555155,0.14133953,0.004795145,-0.2871289,-0.005086529,-0.21802837,0.086252406,-0.26377118,0.090109564,-0.22377189,-0.49118418,-0.0077990983,0.049642615,-0.2243178,0.13249014,0.075133525,0.22038577,-0.41158134,-0.010650773,0.030032791,0.10090432,-0.111736655,0.11348489,0.123863935,-0.08404782,-0.05795952,-0.08355859,0.14043207,0.109986246,0.03935507,0.034594014,0.15357257,0.07979283,-0.1483161,-0.25553817,-0.13664924,-0.081907816,-0.046428807,-0.05526946
0.9157133,-0.3973434,0.59222406,0.50542706,-0.31211144,0.31683645,0.69813615,-0.3042379,0.28818431,0.1792221,0.07082742,0.24303323,0.3534782,0.19251508,0.014062863,-0.2158704,-0.26756564,0.46093076,-0.5663708,-0.26954803,0.13898756,-0.23580208,0.11459882,0.13777205,-0.04654373,-0.52759653,0.07697008,0.019183937,0.13098797,-0.098869115,0.13665129,0.11005164,-0.11595724,0.009860659,-0.08349618,-0.070095375,0.049800634,-0.03182678,0.071486,-0.18976356,0.049207956,0.053091127,0.047595937,-0.044136893,-0.09398544,0.16062969,-0.0780397
0.22760092,-0.17916231,0.25705427,0.4142226,-0.48536637,0.2743554,-0.28901225,-0.26108685,0.06494995,0.19521883,0.07291766,-0.17935728,-0.4356207,-0.18798909,-0.23088044,-0.18234597,-0.23236413,-0.12680872,-0.55348206,-0.17095213,-0.018761117,-0.13643238,0.09788501,0.11269054,-0.088880315,-0.49999905,-0.094085895,-0.11216147,-0.13257284,-0.11688875,-0.3430801,0.11665114,-0.052887324,0.004154247,-0.07527734,-0.03380125,0.09151913,-0.030819116,0.12863603,-0.06452011,0.08356898,0.05860904,-0.06086666,-0.11222191,0.09551319,0.2067582,-0.0991985
-1.6070744,0.5719743,0.03333868,0.53437865,-0.30691808,0.28267875,0.5889476,-0.08119901,0.23323585,0.13827105,0.0401726,0.21664184,-0.059901953,-0.13008958,0.018605463,0.17887875,0.080514796,-0.18857884,-0.3882903,0.1081915,-0.14761214,-0.12342546,0.10296545,-0.20991811,-0.075689524,-0.40779004,-0.1266293,0.021132663,-0.30825412,-0.18868826,-0.42174727,0.14772952,-0.06753409,-0.08016441,-0.11125441,-0.1716922,0.10800566,0.07646654,-0.26999012,-0.026087359,0.051385395,0.0011342044,0.05311545,-0.08607428,-0.031550825,-0.052301414,-0.07695474
-1.5528182,0.6403613,-0.6659154,0.4513708,-0.2853167,-0.24706689,0.033075217,-0.11265686,0.19477016,0.23525305,0.017592745,0.43735355,-0.39809015,-0.24521936,-0.08563415,0.2931048,0.101493455,-0.2303105,-0.39826396,0.1861371,-0.037294634,-0.12824719,0.11875541,0.22317414,-0.07303027,-0.39686847,0.14563242,0.073101535,0.096710555,-0.23297651,0.16100176,0.14373296,-0.055719275,-0.008027093,0.082946226,0.21477968,0.118138485,-0.11059032,-0.24975793,0.07585699,-0.056316413,-0.022687523,0.06392931,-0.09785035,-0.061173584,-0.08524143,-0.10147008
-1.2617757,-0.2686681,0.593394,0.499379,-0.32758534,0.28611135,0.03474091,-0.25854525,0.20789081,0.15425023,0.019964918,0.34682807,-0.4884575,-0.20444557,-0.14262253,-0.105292276,-0.22427167,-0.17513022,-0.5312521,-0.020326957,-0.039092813,-0.16493575,0.11681406,-0.2861027,-0.09782527,-0.45395598,-0.0047794986,0.028335199,-0.2692894,-0.13635826,-0.40711898,0.14741549,-0.07563135,-0.002979733,0.060403273,-0.073556244,0.042568393,-0.05400846,-0.058842953,0.08575877,0.07075556,-0.026571326,0.04095247,0.1504314,0.07983837,0.22618663,-0.09629364
0.7890575,-0.36586514,0.1440968,0.5031516,-0.35544696,0.3267714,-0.08179546,-0.36661547,0.28064328,0.16775537,0.046532903,0.27488774,0.27267963,-0.27150637,0.048056144,-0.2133441,0.14887637,-0.20557702,-0.5863017,-0.3564785,0.112615876,-0.2281464,0.09484154,0.13587323,-0.05875376,-0.5110102,0.072298065,0.02713994,0.118975095,-0.06896668,-0.44342422,0.11419766,-0.12578261,0.008127002,-0.0911097,-0.07573265,0.030015403,0.0087975105,0.10655794,-0.16994722,-0.12193271,0.10610865,-0.18880361,0.014915773,0.039911065,-0.111716196,-0.071984194
0.13600866,-0.32883298,0.24107318,0.5034468,-0.41737372,-0.35892043,-0.116668835,-0.3480961,-0.33016413,0.23274447,-0.04410309,-0.28955597,-0.14648974,-0.19313411,-0.3126706,-0.2875438,0.0016855523,0.004436783,-0.4924679,-0.06898282,-0.019118844,-0.074255474,0.13282925,-0.24311174,0.24437429,-0.49946004,0.058195602,-0.09371286,0.023971952,-0.10797445,0.12907837,0.10800497,-0.059086587,0.026620729,-0.073419526,-0.06539347,0.03990114,0.039668545,-0.08791033,-0.032666966,0.07845232,0.004211844,0.044995088,0.149775,-0.08813978,-0.09829503,-0.11914529
-1.7189302,-0.43764699,0.111499004,0.5448642,-0.31783935,0.32701835,-0.051621612,-0.12289573,0.21598178,0.15804248,0.0005477527,0.34078142,-0.08534187,-0.10051388,0.016628582,-0.24146268,0.116906,-0.1868229,-0.4317424,-0.051609002,-0.13995945,-0.10629259,0.112954795,0.24319981,-0.105540365,-0.37983727,-0.0073854583,0.02141792,0.06798242,-0.11623675,-0.47882938,0.15317929,-0.08129478,0.010288525,0.09243606,-0.08318404,0.018770633,-0.093110405,0.054906346,0.074228294,0.07305938,0.105226286,-0.11995195,0.18582112,0.0789982,-0.08521038,-0.114087895
-1.7422041,0.5832662,0.23210996,0.55565655,-0.24530683,-0.41780245,-0.059516132,0.22995976,0.22132616,-0.2605685,0.08178237,0.2599698,-0.08597872,0.1106496,-0.058443468,0.21494204,0.11042513,-0.1979592,-0.40063512,0.07151973,-0.15200962,-0.0573606,0.08542462,0.24027605,-0.14891656,-0.42055145,-0.12254608,0.009096984,0.078141965,-0.15556487,-0.19158453,0.12307842,-0.061271105,-0.007303317,-0.09398002,-0.1823209,0.01613782,-0.10997713,-0.053281553,0.077471554,0.051169757,0.08610647,0.034628145,-0.06897201,0.07973883,0.1785895,-0.09407488
0.19699094,0.613534,-0.78371936,0.5839717,-0.31397375,-0.2540889,0.020193355,0.27374667,0.20242564,0.16232784,0.045327194,0.24388476,0.35274047,-0.11005666,-0.21538663,-0.11355087,0.04795128,-0.27392685,-0.5402865,0.030681519,0.09522047,-0.17261097,0.120880656,-0.15855494,0.23205571,-0.43387872,-0.049366873,-0.13450885,0.10291586,-0.14083456,-0.1882374,0.11847847,-0.04571653,0.013929881,-0.1065193,0.07352327,0.0075785057,-0.04987186,0.025614774,0.14361572,0.039317846,-0.03223661,0.06962176,0.13716097,0.07639893,-0.05731229,-0.10225297
0.7486815,-0.19097711,0.32182068,0.50519556,-0.28210452,-0.42320287,0.6278196,-0.072334945,0.14982048,0.1662392,0.058367264,0.3126201,-0.12694295,0.18023233,-0.12301452,-0.19386151,0.012985824,-0.19678925,-0.54839176,-0.19460778,-0.1674345,-0.16631238,0.106721535,0.21740662,-0.055707566,-0.4687767,-0.1346066,0.04844627,-0.29096088,-0.19094805,0.12539566,0.11234033,-0.090956144,0.020096445,0.09697934,0.060617074,0.03005622,-0.05905766,0.07439048,-0.014885476,-0.047152374,0.04016221,0.037177168,-0.092941046,0.043007016,-0.08882072,-0.14174975
-1.8037164,-0.5664702,-0.8420519,0.48052603,-0.32269672,-0.2562892,-0.49278504,-0.17735814,0.24305572,0.2036543,0.029802073,-0.21442279,-0.104913495,-0.17043597,-0.10623026,0.24254332,-0.28043467,0.46933186,-0.43108636,0.10932788,-0.14330618,-0.15878798,0.13745742,0.086838245,0.2204007,-0.3674708,-0.18282738,-0.015169276,-0.14689663,-0.1597296,0.12225138,0.1169372,-0.094874606,0.025390958,0.075435154,-0.07133879,0.08753193,-0.05138953,-0.037896752,-0.03320205,-0.037099533,0.09787857,-0.076615416,-0.15509582,-0.088021785,0.121254936,-0.14623296
0.7032872,-0.4494261,0.2123802,0.44466254,-0.31515786,-0.45303422,0.016056271,-0.14239348,0.1292721,0.25068817,0.060874477,-0.21643949,-0.24494901,-0.13221045,-0.26431927,0.19620465,-0.26402003,0.49342185,-0.5033093,-0.14674784,-0.08017297,-0.094405755,0.15556364,0.12820278,-0.07914455,-0.4802119,-0.017558333,0.045208324,0.06783739,-0.16517977,0.09366478,0.11083014,-0.111418545,-0.061873857,0.07939439,-0.13380627,0.051288642,0.04782463,-0.015868245,-0.010409344,-0.029410865,-0.030915493,0.02604387,-0.1405098,0.05970615,-0.06772024,-0.112049095
0.8426904,0.51359814,0.006890595,0.39798763,-0.28313786,0.3372998,-0.30273777,0.29929197,0.22795591,0.11861674,0.11940619,0.29467908,-0.15243728,-0.17454892,-0.10023449,0.20045483,0.22667886,-0.2480378,-0.49589187,-0.11639199,-0.08161292,-0.18786478,0.12799947,0.2499136,-0.04697138,-0.47300774,-0.020723626,-0.011488812,0.13660221,-0.16981895,-0.15771095,0.15507728,-0.073250964,-0.006042308,-0.14232297,-0.09952645,0.03140278,0.037060678,-0.028259514,-0.11530392,0.0773501,0.03196361,-0.22279638,-0.082553715,0.05333082,-0.087783344,-0.0679651
1.2715096,-0.41420126,0.24565612,0.4993752,-0.29436803,0.37603503,-0.25451255,0.08895852,0.2913938,0.13151269,0.081610285,0.26374587,0.37370992,0.21282303,0.13563305,-0.05752417,0.1709199,0.49662602,-0.5472571,-0.28756392,0.10015658,-0.21914108,0.096155226,0.23245344,-0.25986412,-0.50181353,0.067084715,0.043374464,0.11444863,-0.109582916,0.15589634,0.120237544,-0.11201328,0.02735069,-0.10311015,-0.047889117,0.08883587,-0.017557004,0.059332132,-0.030259244,-0.017148748,-0.029673265,-0.0925213,-0.04974784,0.07233864,-0.06238211,-0.100527786
0.7655121,-0.25580874,0.23436826,0.44120952,-0.3369182,0.34255952,-0.40529078,-0.10552129,0.24447171,0.17807192,0.084176354,-0.18328789,-0.3133486,0.16335434,0.13375948,-0.28936324,0.18248786,-0.20246911,-0.48566052,-0.04559744,0.1416711,-0.23279671,0.1783971,0.24872646,-0.060764905,-0.49544856,0.09092197,0.10440822,-0.20258625,-0.11786055,-0.14770085,0.14236598,-0.06296736,0.00298709,-0.11392998,0.13324527,-0.21830803,-0.05346697,-0.20525405,0.09437084,0.06467822,-0.039015766,0.024728063,0.12393747,-0.13374668,0.15672213,-0.07907941
-0.27276528,-0.5709284,-0.8243057,0.5198095,-0.38021153,0.31439838,-0.005499262,0.24243385,0.24873482,0.25036538,0.016638616,0.41205898,-0.11111771,-0.17010406,-0.06722468,-0.13845481,0.088227585,-0.18020472,-0.455608,-0.0256111,-0.18849014,-0.13543376,0.1641372,0.06491658,-0.08938945,-0.43879068,-0.0534441,0.06460909,0.12709285,-0.20352598,0.1295123,0.15228002,-0.0813908,-0.0039640707,0.09802612,0.15887429,0.009589026,-0.0859251,0.027790723,0.06754071,-0.034340832,-0.14045586,0.04247111,-0.10852265,-0.09630027,-0.060944088,-0.120698795
-1.7227962,-0.31186485,0.09075672,0.5126658,-0.34044474,0.27648324,0.103067815,-0.1640585,0.25268698,0.22263868,-0.011241828,-0.24185362,-0.21740365,-0.18544476,-0.04598293,0.26423413,-0.25583693,-0.021746846,-0.38861945,0.10922535,-0.027216747,-0.008136191,0.16845933,0.08531904,-0.0860372,-0.42068806,0.042933546,0.06804026,0.0820379,-0.22473213,0.110991046,0.14658576,-0.07299829,0.013062125,0.051640984,0.13432053,0.04163892,0.07469397,-0.26909164,0.074228294,-0.04590032,0.10028894,0.050080046,0.05550513,0.059514582,0.13098529,-0.088033155
-0.1339711,-0.3382088,0.55765426,0.56027687,-0.38880116,0.3487261,-0.40883285,-0.23866564,0.34390965,0.21651316,0.095853694,-0.25544468,0.41977656,0.24619919,-0.052351173,-0.09474054,0.0039143376,0.45697182,-0.552946,-0.06306434,0.07831579,-0.19754882,0.18246531,-0.4112729,0.27505943,-0.543162,0.06434458,-0.099529214,0.086747475,-0.13400742,0.11762379,0.1078704,-0.058618616,0.034718525,-0.08537915,-0.049279314,0.064535215,0.02148553,0.12366244,0.15033351,0.08014145,0.09576068,-0.08810412,-0.0988269,-0.10327383,0.12854545,-0.08404876
0.8334831,-0.28781545,-0.38842937,0.4351653,-0.35577747,0.31654334,-0.13350764,-0.40704075,0.16349263,0.25256526,0.032822195,-0.24489635,-0.2129631,-0.28950754,-0.1316667,-0.2041554,0.15386516,-0.23065226,-0.51280284,-0.1974771,-0.12303699,-0.1832746,0.18714333,-0.40837082,-0.09378314,-0.44525522,0.08667581,-0.074482955,0.06743348,-0.13471377,-0.09598951,0.1471403,-0.09328006,0.0031499583,-0.1167593,-0.077309385,-0.1673902,-0.038917728,-0.041470617,-0.0005854049,-0.13369057,0.0382073,0.011448617,-0.07664655,0.03592007,-0.11660994,-0.089102596
-0.29664615,-0.3264971,0.0097143855,0.511466,-0.37199116,0.34777948,-0.083592534,-0.118063614,0.22659561,0.1884018,0.086162284,-0.2079676,-0.168458,0.19912818,-0.06576971,-0.12311109,0.15464626,-0.21860683,-0.46828857,0.015337847,-0.15101384,-0.12452883,0.18845807,0.06044782,-0.090022355,-0.44077045,-0.1437338,0.012162222,0.10185174,-0.18192007,0.11825469,0.14621726,-0.06413359,-0.009358532,0.074178085,-0.05043805,-0.27514878,-0.053727895,0.10935807,0.06293711,-0.02496711,-0.054220546,-0.16772123,-0.13138834,-0.10175427,-0.07252127,-0.08823103
0.97728884,-0.5834822,-0.32185706,0.46156633,-0.26559857,0.30824077,-0.3703691,-0.10654568,-0.23625895,0.21034823,0.051396023,0.3137982,0.30641875,0.22134706,0.0037044482,0.2316702,0.12917632,-0.21157204,-0.52509695,-0.1358603,0.13387178,-0.2435687,0.11912372,0.057149295,-0.07178512,-0.43053553,0.12170988,-0.16390005,0.08053986,-0.13321675,0.1132676,0.117305286,-0.12027319,0.008996656,-0.1195263,0.18365513,0.099418744,-0.039294176,-0.0007896451,-0.013689675,-0.11498595,-0.012335068,0.04851989,-0.11680077,0.0417856,-0.07397155,-0.06617652
-1.6414179,-0.36943272,0.22321619,0.5370907,-0.32324192,0.27210388,0.63883567,0.21170087,0.068819165,0.23422986,0.02126168,-0.22280702,-0.1058678,-0.12441972,0.08868329,0.13114096,-0.21524823,-0.23350324,-0.40616798,0.038727812,-0.16028011,-0.1430497,0.17082928,0.11299422,-0.3061054,-0.43474278,-0.14893068,0.0100493785,-0.23152813,-0.13882384,0.1231502,0.13997316,-0.08497848,-0.03252231,-0.09958854,-0.053359725,0.03256394,0.10939893,-0.23535435,-0.05010197,-0.045095462,0.09806671,0.029343478,0.16906467,-0.025228733,0.15539002,-0.09995738
-1.6716825,-0.41586602,-1.3642013e-05,0.51141125,-0.3662765,0.27686188,-0.46883988,0.070888884,0.26474583,0.20925565,0.024715638,-0.2957214,-0.09864504,-0.1590671,0.0042834925,-0.13951974,0.02114701,0.474893,-0.43945113,0.13748458,-0.17020266,-0.09836398,0.1728613,0.2509179,-0.08054225,-0.38931832,-0.026382469,-0.0066831075,0.07221024,-0.17341891,0.11284599,0.13928561,-0.067750975,-0.0004497664,-0.10022265,0.17223245,0.026151069,0.059990764,-0.23930706,0.0830386,-0.073366016,-0.13625704,0.07589808,-0.10832462,-0.08232063,0.11728459,-0.10677992
-1.8932121,-0.4611828,0.0075772065,0.5188037,-0.28462458,-0.3599285,-0.3723717,0.20028771,0.22090308,0.2218931,0.04669101,0.2750946,-0.07374911,0.124901585,0.07578701,-0.0688115,0.069841355,-0.14270219,-0.43364885,-0.024802916,-0.13046056,-0.16360953,0.055999637,0.2160197,-0.24148178,-0.4119514,0.044476613,0.0107644815,-0.22445315,-0.14126763,0.17111242,0.09739269,-0.06386243,0.008491928,-0.10150621,-0.022584243,0.10939951,-0.057639368,-0.20929448,-0.04232457,-0.038679466,-0.14615157,-0.17630422,-0.094184205,0.051982965,0.16268973,-0.14913313
0.74313307,0.49150297,0.13776116,0.5503619,-0.34476233,-0.48481178,-0.12811147,-0.07577756,0.22316676,-0.22021915,0.027600177,-0.1637586,0.38922483,-0.3520547,-0.18149993,-0.091138095,-0.3861768,-0.037488755,-0.51189834,-0.14667647,0.12552269,-0.19516021,0.13420317,0.23862465,-0.084708616,-0.5315674,-0.00541339,0.047191165,-0.15334801,-0.20791401,0.13637908,0.13062829,-0.076450825,0.009563854,0.080804884,0.1026171,0.047985964,0.0030163117,0.09574038,0.12214404,-0.12666479,0.023153711,0.041720152,-0.11755429,0.06288158,-0.065245844,-0.07137335
-1.6244131,-0.6500314,0.28675747,0.53433454,-0.34346658,0.29378843,-0.09067809,0.20930131,0.2108323,0.2740138,-0.021995861,-0.19319734,-0.072495334,-0.17106602,0.009259068,0.2487876,-0.2780916,-0.025795236,-0.39826825,0.04351797,-0.15443428,-0.08873877,0.19600436,-0.35912952,-0.23246218,-0.4163494,0.0763019,0.01078359,0.09580224,-0.14289846,0.13646084,0.13954529,-0.09401634,0.0144589525,-0.06803325,-0.10190054,0.045141198,0.11672694,0.12895586,-0.11290529,-0.06298247,-0.12670903,0.04486058,-0.119680345,-0.038384385,0.08984758,-0.087653354
0.5877276,-0.29272726,-0.448866,0.47998574,-0.29460117,-0.43722394,-0.11716685,0.24094492,0.23341589,0.23044838,0.031003918,-0.2390081,0.36497352,-0.32200977,-0.26877415,0.22351189,0.008705286,0.4835357,-0.5338485,0.014317746,0.12766974,-0.20084856,0.12378571,0.07214315,-0.10932975,-0.41207275,-0.17452864,-0.13214384,0.10837003,-0.11850923,0.11835964,0.080445975,-0.06723648,-0.00043670274,-0.080870315,-0.17942716,-0.005404912,0.01315467,0.102601,0.13095434,0.089193456,-0.04321192,0.09031706,0.06563635,0.017875269,-0.06316583,-0.09273364
-0.5138707,-0.6350751,-0.3642946,0.50315464,-0.4959545,0.2960069,-0.110694885,0.061059803,0.25179437,0.2874893,0.042532813,-0.23436077,-0.45208332,-0.19168362,-0.23730864,-0.2170158,0.03818854,-0.019168451,-0.4578171,-0.008770036,-0.028947245,-0.11635917,0.20150006,-0.4027356,-0.13600212,-0.44251513,-0.02977594,0.03853012,0.12816526,-0.20671247,0.11602867,0.121973686,-0.06766288,0.002528993,-0.06803085,-0.09847111,0.086606964,0.06840741,0.14171346,-0.014708413,0.07212205,-0.13622151,0.033085875,0.21324243,0.06646328,0.10849167,-0.12825695
0.8040809,0.58849895,-0.703072,0.47875044,-0.28037733,-0.24923325,-0.3184582,0.25644755,0.22545677,0.28330573,0.0062258183,-0.20004037,-0.19610938,-0.25067213,-0.21353634,-0.32969955,0.22091472,0.04674545,-0.48053408,-0.021466024,-0.085173294,-0.18014547,0.19943918,0.2307076,0.20997624,-0.48040518,0.12782878,-0.16735409,0.14230289,-0.18856055,0.115765676,0.12857881,-0.06316507,0.009325538,-0.105786,0.15439828,0.055814054,-0.03836089,-0.016765537,-0.13541351,0.052719764,-0.147848,0.09494837,0.03726527,-0.1282243,-0.05437737,-0.11034378
-1.6338205,0.52469194,-0.13064155,0.62276906,-0.26363575,-0.27137446,0.59094673,0.014623396,0.20370185,-0.28196588,-0.026301086,0.19471039,0.20554711,-0.28564006,-0.097953275,-0.2812335,-0.38809416,-0.037789393,-0.38906258,0.057315372,0.08054953,-0.1373271,0.12293998,-0.19801913,-0.12086742,-0.3912339,0.097683564,-0.0030930424,-0.19533841,-0.17915806,0.14370804,0.11853573,-0.057109427,-0.037848152,0.056754056,-0.10167098,-0.29756105,0.061204497,0.014551873,-0.12406418,-0.04637723,-0.022716273,0.042545673,0.14566949,0.015350906,-0.079150505,-0.093932
-0.791313,-0.26589,0.52239496,0.549918,-0.39522785,0.36321822,0.078008,0.051602293,0.2032307,-0.24262707,-0.026215268,0.32163268,-0.05967182,-0.15071426,-0.07790374,-0.12198283,-0.2571699,-0.24335818,-0.48734805,-0.04933001,-0.18796116,-0.103716016,0.08011953,0.2549174,-0.03597951,-0.48796907,0.07818896,-0.06265385,0.06292201,-0.12591584,-0.17257738,0.13872813,-0.061741192,-0.08768816,-0.08475432,-0.06425605,0.13811724,-0.056617655,-0.061388195,-0.021767756,-0.04446094,0.09741544,0.026775487,-0.020332677,-0.10091514,-0.07055073,-0.12839878
1.1956869,0.548169,0.0573636,0.46965608,-0.23624513,-0.28317526,-0.26059458,-0.39294413,-0.023193002,0.2334686,0.07585744,0.2606393,-0.22231601,-0.12805426,-0.080804214,-0.098497,0.18121898,-0.17285386,-0.5154094,-0.076675236,-0.08799007,-0.19181818,0.12887573,-0.19517471,0.21728013,-0.5330218,0.072683,0.01857889,-0.26212677,-0.17189142,-0.43882942,0.116355106,-0.09539651,0.050212823,-0.10454619,0.1543133,-0.24327774,-0.017957639,-0.1795577,-0.026645727,-0.0012055766,-0.09679787,0.04376214,-0.003526487,0.07083598,-0.1217416,-0.08979805
0.8366609,-0.3330136,-0.15910439,0.38827333,-0.32794526,-0.3189063,-0.42328277,-0.4434425,0.13566087,0.24177209,-0.05270091,0.37195113,-0.22268036,0.16107231,-0.16366139,0.2213472,-0.007498791,-0.16417882,-0.5296454,-0.00088310055,-0.10875919,-0.20296039,0.0924609,0.23736624,-0.07756208,-0.46877527,-0.018645205,-0.0061746463,0.087626554,-0.18355992,0.14430955,0.106387794,-0.064006686,0.00878793,-0.0917765,0.118495084,0.08349291,0.02500239,0.016802127,0.074431926,0.090328455,-0.040625107,0.018159809,0.14596222,0.03434747,-0.10275945,-0.15313503
0.30258763,0.5549966,0.23036823,0.53711146,-0.29195493,-0.39521506,-0.34700388,-0.11166468,0.24601038,0.17543663,0.05641693,-0.19578037,0.013173099,-0.08930579,-0.15473765,-0.10468915,0.022936853,0.45639536,-0.5837299,-0.04967492,0.053173173,-0.096874446,0.15872808,0.044182673,-0.04661782,-0.51598614,0.060856055,0.096374124,0.07863844,-0.23589222,0.13242348,0.109012365,-0.043657366,-0.0927879,0.078210756,0.105783105,-0.27142298,0.024711046,0.04315775,-0.11967069,0.055085678,-0.030415246,-0.1433692,0.06936983,0.09256801,-0.053156532,-0.07616291
-0.30738848,-0.49179855,0.20082802,0.5222575,-0.41542357,0.31470546,-0.35970894,-0.29035738,0.21786009,0.20488892,0.076585226,0.28148672,-0.0735365,0.1748148,-0.08301467,-0.2844239,0.12460585,-0.19852383,-0.40507588,-0.13624477,-0.16229628,-0.092963524,0.1635201,-0.2753296,-0.078508385,-0.5353677,0.038916856,-0.111299716,0.08270893,-0.19015326,0.1642955,-0.15136176,-0.079352446,0.032461517,-0.09885664,0.15920196,0.029910168,0.0499125,0.060970455,-0.084580004,-0.062354606,0.099707566,-0.08615402,0.1567732,-0.09200623,-0.105640054,-0.10677992
1.2329974,0.43857595,-0.118961096,0.4353989,-0.27647865,0.2939807,0.06696468,0.2562629,0.14342473,0.12416223,0.08707858,-0.18133076,-0.13846934,-0.16655272,-0.13814704,0.21371277,-0.36912674,-0.22024798,-0.5777676,-0.020745695,-0.16896756,-0.24452807,0.19705041,0.23156436,-0.09167521,-0.47214442,-0.17568518,0.07341631,-0.2323226,-0.1518538,-0.35523063,0.15266931,-0.09808968,0.03277801,-0.10823084,-0.18796845,0.056440093,-0.030166447,0.046531983,0.003823789,0.0850289,-0.14165401,-0.091468364,-0.08830893,-0.05452659,0.16859233,-0.08673599
0.31357795,-0.31352437,0.071363136,0.48056123,-0.4565694,-0.27850646,-0.3928637,0.105392754,0.17858826,0.17957501,-0.012988452,-0.21319586,-0.16661002,-0.24078771,-0.23825291,-0.1998169,0.11573733,-0.010647453,-0.5342026,-0.14502749,-0.03139126,-0.09578219,0.110421866,0.067527205,-0.118584506,-0.5126037,0.04842606,-0.024473816,-0.18415947,-0.15732276,0.10473944,0.110590786,-0.043657366,-0.09530353,0.06901619,-0.15835313,0.09524155,0.038020045,0.001747191,-0.061071523,0.061758373,-0.05126589,0.014097602,-0.10565668,0.075140804,-0.07280282,-0.12945676
1.2417252,0.4078163,-0.00684665,0.47883874,-0.18970615,0.30216986,0.54870915,-0.3822828,-0.31357935,0.24573222,0.13133533,-0.26021457,0.31653377,0.24868289,0.06120973,0.26220843,0.17782114,-0.21722159,-0.5255542,-0.12682107,0.12922889,-0.2693479,0.14701732,0.067035034,-0.03540985,-0.51286393,0.103434026,0.004449415,0.006123566,-0.15020333,0.122518376,0.14128385,-0.09962444,0.01812729,-0.15471564,-0.10959071,0.019799143,0.038753957,0.005848716,-0.017963314,0.09727181,0.079760216,0.05886524,0.14378259,0.0426866,0.23011416,-0.06583252
1.1531639,-0.44687307,-0.84472334,0.38531756,-0.30385175,0.30421585,-0.3443583,-0.4012515,0.15425427,0.18905972,0.032949258,0.26279312,-0.14474036,-0.19362341,-0.15342547,-0.18477447,-0.020766798,-0.012044037,-0.5069288,-0.19995327,-0.12252659,-0.2161922,0.1410846,0.23940209,-0.1284228,-0.46361816,-0.031958222,0.045577407,-0.22590037,-0.12002739,-0.4267311,0.15527055,-0.11786377,-0.016929552,0.08997683,-0.14657734,0.08717168,-0.06561834,-0.037568152,-0.13836683,0.12944342,0.03359796,0.0043107737,-0.11987804,-0.12272931,-0.09958021,-0.07848064
0.67011917,0.46770215,0.21972312,0.49914318,-0.2991537,0.3173998,-0.2670881,0.1107977,0.23948559,0.26096967,0.10329306,-0.13606215,0.44567853,0.16735631,0.072243564,-0.29850554,0.1418236,-0.2341337,-0.5306869,-0.14563915,0.1448487,-0.1938229,0.15226719,0.03745774,-0.08237009,-0.5400879,-0.03364961,0.009684141,0.123429365,-0.17827073,-0.17454311,0.16990021,-0.07000199,0.038876288,-0.102901824,0.1713738,0.06001494,-0.013123613,0.021229243,0.14213152,-0.15148306,0.042335946,0.029772814,0.15240937,0.085685454,-0.08763914,-0.10255286
0.23775265,0.53133297,-0.059408937,0.4445113,-0.3612503,0.2659489,-0.094892085,-0.39587784,0.24706054,0.16434152,0.053109277,0.29485664,-0.18202803,-0.1812295,-0.13002875,-0.33474407,0.009328492,-0.0018085656,-0.50501066,-0.051377743,-0.027160574,-0.110433295,0.16876154,0.026114035,0.21908662,-0.44088843,0.10997544,0.02778954,0.15554398,-0.15680572,-0.43999982,0.14664373,-0.073552616,0.011115311,-0.080506235,0.07280531,0.024612932,-0.06909141,0.11156238,-0.024726633,-0.042753592,0.097699426,-0.106337056,-0.06597045,-0.09666476,0.17491813,-0.082937196
-1.6411206,0.5999143,0.5492327,0.5293033,-0.27023563,0.3094897,0.10552977,0.22136539,0.26387796,0.22132686,0.059321146,0.2782563,-0.025824908,-0.15693434,0.033182602,0.27422228,0.05154451,0.49747345,-0.36238998,0.14967784,-0.14888662,-0.07825891,0.14775471,0.24505857,-0.26689705,-0.45724165,-0.1451948,0.008806072,0.092838205,-0.1813359,0.13918144,0.14555109,-0.06973196,-0.008811151,-0.089662455,-0.089037776,0.01845379,0.092266634,-0.022702882,-0.11290529,-0.040963992,0.08563168,0.087246366,-0.10054177,-0.039961725,0.10874969,-0.079557166
0.8346469,0.56009585,-0.61694175,0.45843527,-0.28263783,0.33314094,-0.40067172,0.10779752,0.17790711,0.07015785,0.08609325,0.36446777,-0.15926963,0.21308008,-0.13879377,-0.28611267,0.027897371,0.42928958,-0.5350345,0.005092915,-0.10125496,-0.22518082,0.17081676,-0.28965375,0.22698238,-0.4566625,0.106840834,-0.05441653,-0.285662,-0.21963884,0.12850903,0.16195925,-0.063289255,-0.052959397,0.07834953,0.12276964,0.07322596,0.0539344,0.054817334,-0.15460323,0.06392204,-0.1260451,0.04154904,-0.023760624,0.04576175,0.0967613,-0.08379557
0.10434818,-0.3626162,-0.66063887,0.47088596,-0.38721952,-0.2670429,-0.07134363,-0.44936025,0.1731692,0.22472112,0.013911746,0.1810392,0.031459738,-0.14126244,-0.2014069,0.20859598,0.017636342,-0.008321181,-0.5396984,0.06939129,0.094173975,-0.18259414,0.109189846,0.05740967,-0.099475056,-0.40630707,-0.20045163,0.021286432,-0.2643071,-0.14422318,0.14165252,0.09282966,-0.06197567,0.017582824,-0.062136278,0.22991519,0.106987365,0.032628663,0.12131462,0.12316494,0.031145003,-0.042485088,0.04150201,0.1990316,-0.050192572,-0.07306801,-0.10143009
-1.7652345,-0.22847755,0.1524935,0.5778717,-0.31733084,-0.3541486,0.71711993,0.18760411,0.23594692,0.16400163,-0.002479383,-0.2743098,-0.45450258,-0.16739738,-0.17772654,-0.21631187,0.04754686,-0.17987034,-0.46319178,-0.11430504,-0.004284681,-0.09292151,0.09215127,-0.3092407,-0.05086081,-0.38940275,0.035309322,-0.116738014,0.06872869,-0.101428024,-0.15498064,0.10040624,-0.07688777,-0.044954725,-0.09997916,-0.062594324,0.090109535,-0.0375024,-0.050973102,-0.07196173,-0.04168054,0.028348554,-0.2190327,0.016477194,0.06896428,0.1751149,-0.10443297
-1.5449488,-0.27294672,0.29658762,0.5199192,-0.30845082,0.32400522,-0.08132429,0.22773868,0.08182964,0.13761656,0.04949536,0.35075077,-0.16474251,0.19959617,-0.13155809,-0.06916152,0.10196604,-0.2208764,-0.37991098,-0.06776583,0.007094417,-0.13834485,0.13496108,0.24250975,-0.1086208,-0.44202432,0.0016074185,-0.11192214,-0.2458057,-0.16592517,0.12335412,0.1285185,-0.036845863,-0.002954469,-0.089753896,-0.15407889,0.02283503,-0.09408395,0.11941737,-0.09209196,-0.045923844,0.060870685,-0.14178243,-0.11748007,0.08371648,-0.06493409,-0.08725354
-2.0246327,-0.43409356,-0.62644804,0.54370993,-0.27082247,0.29082423,-0.09421371,-0.29761523,-0.38193858,0.22557819,0.046975255,-0.20351776,-0.023531638,0.19957787,-0.030835701,-0.12938868,0.11979081,-0.16527462,-0.48208836,-0.065101944,0.028834417,-0.22107314,0.1258522,0.1281009,-0.14095132,-0.35509092,-0.05475485,0.045813702,0.038067542,-0.085130885,-0.16429132,0.12355153,-0.08291143,-0.082565576,0.06798452,-0.07101765,0.09360955,-0.06706739,0.15231554,-0.031917676,-0.0025827326,-0.12670594,-0.25617447,-0.13443898,0.06949838,-0.066679455,-0.06714879
0.33605945,-0.22529426,0.015219347,0.43716693,-0.49337372,0.32452443,0.056982376,0.29967085,0.21912959,0.14915971,0.03043136,-0.22336444,-0.27471444,0.22599515,-0.10700893,-0.23981127,0.003338065,0.01761763,-0.54089344,-0.031301267,-0.017442007,-0.060044136,0.17612948,0.25302428,-0.10915185,-0.44602782,0.07506421,0.023575325,-0.17250052,-0.17179684,0.14889789,0.15357168,-0.037547305,0.0042486317,-0.08628463,0.056632165,0.013168448,-0.083848044,0.033416755,0.06754071,-0.050530054,0.049512465,-0.045249175,-0.116720885,0.079446554,-0.06882897,-0.09252398
-0.54577726,-0.5878464,-0.19449566,0.6042096,-0.38187566,-0.38885364,-0.44562575,0.20745806,0.2583445,0.3096116,0.06226388,-0.1223157,0.013727684,0.1656026,-0.22670007,0.1803609,-0.29750946,-0.027943404,-0.4018661,0.049997836,0.071747996,-0.17186502,0.17153084,-0.40608704,0.20778714,-0.40719056,-0.14033566,-0.13466397,0.09791971,-0.14645974,0.14802186,0.09283166,-0.067468345,0.010464586,0.05921084,0.19984572,0.043706045,0.051392823,0.16988352,-0.15897001,-0.040580094,0.10167601,0.053787477,0.18319282,0.041519664,-0.056788813,-0.08316569
-0.5431744,0.57776916,-0.53698117,0.49958345,-0.3059263,-0.43291357,-0.11520804,0.2355411,0.29220286,0.16614948,0.06617908,0.34843004,-0.09152405,0.24187791,-0.024589742,-0.30521476,0.113805145,0.48048282,-0.41761073,0.1458957,0.088970326,-0.12892054,0.11127288,0.007095712,0.24300705,-0.42779073,0.13578302,0.07614798,0.101733975,-0.2237614,0.16145799,0.10506282,-0.042181615,0.022519566,-0.0852582,0.061800756,0.025178662,0.04129001,-0.040043708,0.09138062,0.0064251665,-0.007900474,0.06904761,-0.099790156,0.013333294,-0.062589206,-0.11012773
-1.6451288,0.50393504,0.24389176,0.4600014,-0.350052,0.21240073,-0.088342294,-0.12540583,-0.3803655,0.22925647,0.055659205,-0.32067645,-0.115248084,-0.24308383,-0.049405985,0.296637,-0.34283027,-0.25485831,-0.37274832,0.17757614,-0.017737655,-0.120546214,0.15563023,0.21746768,-0.2697997,-0.425188,-0.15088396,0.06153293,0.05223749,-0.23699407,0.13234757,-0.16629352,-0.06663562,0.008724848,-0.09907093,0.17609286,0.039774563,0.05658781,-0.30504662,-0.09628233,-0.073868304,-0.024506139,0.08059198,-0.18023922,-0.0021994063,-0.055341356,-0.103756905
-1.5483075,-0.37211347,0.24309053,0.5554103,-0.29859003,-0.27866927,-0.4609689,-0.30766144,0.23463,0.2949587,0.02153619,0.22923043,0.0112983445,0.12019299,-0.06257591,0.1522363,0.11185331,-0.005802731,-0.47804698,-0.03268032,0.055691857,-0.17412238,0.09503804,-0.38252985,-0.2641196,-0.44709754,-0.124835044,0.040863406,0.08012848,-0.09008613,-0.42393678,0.11232968,-0.07854742,-0.037865736,-0.047928818,-0.11270646,0.036182646,-0.04555116,0.12997402,-0.045041494,-0.052062586,-0.12557396,0.082286835,-0.079457104,-0.07008829,-0.08226866,-0.08928013
0.11261092,-0.31263575,0.360221,0.51160586,-0.42521346,-0.3358056,0.06284489,0.07101727,0.1679861,-0.29497457,0.02495623,0.27108052,-0.06423827,-0.25408575,-0.05841325,0.22876781,0.13801205,0.03179055,-0.4629436,-0.0040094554,-0.19279192,-0.037116397,0.09435061,0.23122753,0.22942439,-0.52190375,-0.14251804,0.012269303,0.07421119,-0.20338704,0.14748797,0.13361533,-0.051886037,0.032141082,0.0728351,0.06999138,0.011633681,-0.09434537,-0.027283588,-0.030293679,-0.030177845,-0.03510322,0.011408916,-0.070809826,-0.093419775,-0.09594116,-0.15312268
0.7443588,-0.24967435,0.26617607,0.51383084,-0.3673717,-0.4512956,0.64795125,0.06370166,0.14747693,0.2349367,0.023471508,0.3011777,-0.08627896,-0.31404588,-0.048433192,0.090448946,-0.27399835,0.01754579,-0.56199753,-0.086066574,-0.18274911,-0.13042656,0.13435473,0.115507275,-0.2805213,-0.4742185,0.060831722,0.045044832,0.0926177,-0.13713934,-0.10703626,0.11647206,-0.079525724,0.016567333,0.060173076,-0.09325522,0.0136324335,0.044080794,0.0064517967,0.07910054,-0.035602737,0.012617131,0.015396358,-0.051978547,0.052431963,-0.07146878,-0.10840744
0.33113602,0.5517787,-0.12653512,0.42692932,-0.262329,0.31550547,-0.3675724,-0.11078188,0.16200022,0.19522691,0.13754307,-0.2551499,-0.10973551,0.17491418,-0.15243967,0.24555372,-0.39708245,-0.21082366,-0.5728876,0.01750007,-0.13776588,-0.14570437,0.19783723,0.029263062,-0.03700182,-0.48773223,-0.15731388,-0.13747723,0.07075454,-0.19725685,0.1205105,0.19174816,-0.05125944,0.0054034023,0.08924464,-0.10638515,0.07439412,-0.03943203,0.009349665,-0.085077465,0.02128015,-0.040705733,-0.081693016,0.17346697,0.07649707,-0.06299126,-0.08748424
1.0274057,-0.21075566,-0.16009928,0.50059885,-0.32176933,0.33178174,-0.13931507,-0.41409382,0.31362307,0.28383076,0.03489302,-0.15328842,0.40873146,-0.17940086,0.009182441,-0.21328652,-0.34645376,0.021877125,-0.5212609,-0.14977902,0.14812465,-0.2767653,0.19022627,0.2605793,0.22547965,-0.4596528,-0.03456162,0.047383647,0.13454278,-0.10672595,0.085605174,0.13756186,-0.07131752,0.0015228568,-0.08355556,-0.12961186,0.057988346,-0.018418726,0.04365267,-0.029752612,0.06649306,0.09055279,0.044742946,-0.07768457,0.034172118,-0.08079343,-0.08306866
1.5100151,-0.27418226,0.52353615,0.53578997,-0.31397545,0.36691046,0.69612044,-0.072984934,0.27467078,0.12764159,0.016623115,-0.21336302,0.11842921,0.23301181,0.12019827,-0.20878464,-0.26964882,-0.25488326,-0.6821449,-0.20276247,0.11286564,-0.27437097,0.1394705,0.111181095,-0.2908803,-0.5041804,0.04280203,-0.095420465,0.012607303,-0.10538054,-0.15424442,0.13985401,-0.1376312,-0.060866036,0.10137978,0.018435095,0.064188145,0.049574137,-0.14027864,0.15581293,0.061540507,-0.139222,-0.22229019,-0.052134622,-0.07685494,-0.08666558,-0.069128
0.32461855,0.49162176,0.2724603,0.4683173,-0.30422992,-0.28560773,-0.35296363,0.29233357,0.19551688,-0.19705828,0.13189903,-0.21610582,-0.18438427,0.17644721,-0.18949924,-0.2849837,-0.38938504,-0.21571594,-0.5008579,-0.114819154,-0.05164307,-0.08888916,0.13841537,-0.39157468,-0.045563597,-0.4935472,0.054605562,0.0597485,-0.15773982,-0.1606539,-0.11778455,0.12256114,-0.0422441,-0.07213689,-0.08601619,0.07643872,-0.23552297,0.035882857,-0.009108612,-0.07856186,0.017524745,0.0732553,-0.1408976,-0.045262285,0.112856336,0.18426153,-0.09541651
0.12950407,-0.47756323,-0.7962081,0.5091669,-0.3888674,0.30160275,0.03482641,0.21605219,0.20589682,0.17225026,0.008431764,-0.18646163,0.32457253,-0.37076598,-0.17408907,0.2729321,0.0110626705,0.44631803,-0.5372687,0.0014362615,0.07317229,-0.1415696,0.19537954,0.07017439,-0.09753194,-0.4485632,-0.045253586,-0.054121297,-0.18161234,-0.13745172,0.09475474,0.13435443,-0.07904227,0.028981084,0.079526775,0.17987667,-0.21890649,-0.08818648,0.09981583,-0.14614294,-0.01796955,-0.16137081,-0.09206075,-0.12094776,-0.05713546,0.11376978,-0.05532941
0.33619025,0.6263975,0.014647667,0.46185964,-0.35214484,-0.25355187,-0.34016654,-0.10228192,0.19519818,0.20836659,0.054852944,0.30745724,0.3211644,-0.29483694,-0.11902242,0.203933,0.17154098,-0.029052187,-0.5181579,0.03567044,0.102600135,-0.15226209,0.101190045,0.2438259,-0.15249892,-0.45681325,-0.19306839,0.06590914,0.10752594,-0.13352181,-0.14247397,0.12627143,-0.051932693,0.016117157,0.05488365,-0.171654,0.090936154,-0.017487347,0.0020035561,0.12316494,0.015889151,0.032639507,0.069356255,-0.15144473,0.053416993,0.1483734,-0.07727245
0.9348517,-0.62868845,-0.14197831,0.4333107,-0.3189335,0.31375954,-0.3944826,-0.088015094,0.23338093,0.23341563,0.016324144,-0.26707062,-0.4955901,-0.30436054,-0.18635628,0.109101065,-0.3976482,-0.22367808,-0.46172813,-0.09367036,-0.12560174,-0.24825107,0.19598314,-0.26469907,0.2332714,-0.44983643,-0.034865335,0.058185056,0.099125974,-0.1767648,0.059986934,0.14580819,-0.100544244,0.017137883,0.070424266,-0.1500399,-0.22605209,0.03997606,-0.02745712,0.09408739,0.069187775,0.09767667,0.054528363,-0.1084099,0.027426753,-0.07633679,-0.09870542
-1.9088343,-0.29837835,0.18360864,0.5338309,-0.26751462,-0.27662355,0.061863907,0.08104871,0.25178415,0.22230156,0.0019245401,-0.25550607,-0.22660272,0.16032244,-0.03843423,-0.08789993,0.08220288,-0.2038331,-0.37953505,-0.10420325,-0.004117784,-0.10336644,0.099482626,0.2273817,0.21742201,-0.41605794,0.039623566,0.01962968,0.07148855,-0.14461222,0.11346266,0.08961023,-0.06696351,0.006416966,-0.09543054,-0.12980248,-0.26112628,-0.04490426,0.12074946,-0.03780565,-0.05832219,0.052180972,-0.14662594,-0.07605301,0.07277134,-0.09757981,-0.15126249
1.2518303,-0.262872,0.1268015,0.4726095,-0.3417017,0.32356024,0.04565888,0.061929412,0.23386295,0.2867565,-0.010026758,0.33604014,-0.10657128,-0.27228191,-0.13132462,0.16328712,-0.33148035,0.0074786316,-0.48828116,-0.15286605,-0.20194162,-0.13199548,0.12020107,-0.28731233,-0.104949564,-0.4973682,-0.017757826,0.033655398,0.13266072,-0.18200779,0.07390194,0.13088317,-0.091480434,0.021980377,-0.08084737,-0.17807011,0.039067917,-0.08823255,0.07269462,0.07104445,0.064880066,0.023347832,0.053574845,-0.13169193,0.042501923,-0.06669915,-0.106327824
-1.4315859,-0.3045976,0.30991346,0.5278486,-0.3218617,0.29583773,-0.43183547,-0.13182229,-0.3571571,0.13739736,0.012267845,0.31122804,0.0016939398,-0.14190102,-0.04016336,-0.15075015,0.15569155,-0.035127576,-0.41463888,0.09644437,-0.15397234,-0.06570457,0.1234222,0.25527945,-0.12493165,-0.41151068,0.09341979,-0.15085775,0.07206773,-0.16222963,-0.1524476,0.1305672,-0.079890795,0.002512589,0.054737676,0.085542485,0.009461392,0.07095914,0.21171653,0.08641966,0.061133973,0.0014824604,0.058723375,-0.10236271,-0.10607881,-0.041236416,-0.08270615
1.0422591,-0.15700059,0.1057851,0.53497165,-0.328182,0.35334808,0.6023057,0.31879997,-0.24497029,-0.21772696,-0.013740827,-0.30839443,-0.12811932,-0.1389164,-0.10209096,-0.20196185,0.14817718,-0.034220327,-0.5722566,-0.18627428,-0.1987047,-0.0798243,0.13263412,0.21925029,-0.10159089,-0.47369045,-0.025115227,0.04932762,-0.008493012,-0.08423664,-0.08848658,0.120972835,-0.097548395,0.02350344,-0.08283914,-0.0677012,0.007357746,-0.027984977,0.07513663,-0.00863464,0.10118978,-0.0072751325,0.031142019,-0.09745084,0.08036085,-0.050465457,-0.07163053
0.62649363,0.4594741,0.28302848,0.496996,-0.34898612,-0.4222475,0.587908,0.24160142,0.21573247,0.18183799,0.042367306,-0.23123941,-0.47110593,-0.24751763,-0.25326878,-0.109947756,0.12304566,-0.2162262,-0.5485057,-0.16489853,-0.04298797,-0.16912347,0.124769114,0.2185472,-0.0947067,-0.5405676,-0.10061271,-0.05550555,0.08452327,-0.1638653,-0.44077736,0.13286059,-0.06811324,0.005711563,0.07265131,-0.075073786,0.05497289,0.053210028,-0.014927244,-0.013510464,0.06155437,-0.056531478,-0.13816735,0.12785518,-0.09384088,-0.10056994,-0.093602374
1.1014723,-0.15913378,0.28119883,0.40564474,-0.37637419,0.28244054,-0.24410063,-0.24042062,0.004058969,0.08544687,0.1037607,-0.17483558,-0.4262287,-0.19489294,-0.2064403,-0.17637278,-0.23880859,-0.18850629,-0.566124,-0.2892862,-0.074941844,-0.20675427,0.10171352,0.11893943,-0.07522995,-0.5133979,-0.08784697,-0.017535817,-0.107024334,-0.12772907,-0.3122692,0.12511587,-0.09819058,0.006463196,-0.08609066,-0.03364997,0.061259113,-0.023358816,0.07839012,-0.10652676,-0.0043706773,0.059037536,-0.025225975,-0.10796015,0.09197504,0.2139382,-0.07932742
0.8190515,0.47437868,0.5521452,0.50215715,-0.38107166,-0.45724055,-0.10382436,-0.13377327,0.19379297,0.13704073,0.055892132,-0.15047207,0.3466946,-0.3207341,-0.24109638,0.21035843,-0.36142886,0.4720938,-0.6626417,-0.0011270549,0.09791048,-0.2363299,0.15547279,-0.21083169,-0.07263162,-0.51499337,0.0026023104,-0.104492165,-0.14247486,-0.12021134,-0.13193864,-0.144729,-0.09615122,-0.07637201,0.06297407,-0.09546602,0.08395961,0.038827397,-0.01002957,-0.02780737,-0.12352425,-0.007168078,-0.20720962,0.1485297,-0.055516914,-0.05706237,-0.09542973
-1.8314657,0.5450343,0.23643251,0.57662284,-0.2539757,0.30319202,-0.02749847,0.20834857,0.35870057,0.19580896,0.08591718,-0.14758013,0.35634214,0.13059662,0.108636945,0.2925095,0.15965037,-0.2236163,-0.40700835,0.019668186,0.08016952,-0.19752508,0.15112947,0.030025726,-0.27189457,-0.47590294,0.0626254,0.060533334,0.1482238,-0.180873,0.15693995,0.13402046,-0.075596094,-0.054441355,-0.11303537,-0.08718606,0.06302243,0.09195948,-0.046578757,-0.044078052,-0.015430062,0.090812944,0.09481964,0.0062546516,-0.04276994,0.1416803,-0.05795211
-0.67846775,0.6192206,0.026643876,0.49769518,-0.35441104,0.28501874,-0.07226995,-0.124603644,0.27347654,0.20127302,0.05612319,-0.30895236,-0.041504677,-0.24303764,-0.0050835554,-0.09102247,0.17103486,-0.23497763,-0.43141785,0.09425688,-0.1326646,-0.17054118,0.15070388,-0.17034794,-0.2707766,-0.4484005,-0.030355655,0.051630765,0.107025005,-0.21072224,0.12883663,0.15932368,-0.03790434,-0.022675201,-0.12559426,-0.05793965,0.08920307,0.067217834,-0.22955756,-0.096719414,-0.021859389,-0.1276606,-0.1522389,0.18233968,0.070862986,0.1375424,-0.101368904
-1.6880808,0.49718007,0.10664119,0.5844952,-0.33704618,0.2517593,0.03353685,-0.30240506,0.34553203,0.16328806,0.045127835,0.3531942,-0.040309675,-0.25842577,0.0019188179,-0.118297406,0.087021366,-0.17612346,-0.40950704,0.0029301024,0.042824738,-0.14806914,0.107224084,0.23024578,-0.15003406,-0.43548846,-0.00888354,-0.08680575,0.14317003,-0.19162972,0.14800096,-0.15730754,-0.05949253,0.0042981636,-0.11545433,0.17146777,0.011079621,-0.04035008,0.1785377,0.114147946,-0.04440926,0.101381585,-0.21756396,-0.1047398,-0.0012082532,-0.08420342,-0.09478839
-1.542595,0.5445292,-0.108658865,0.5755968,-0.27161774,0.3799444,-0.047291517,-0.06579244,0.057108022,-0.15416597,0.06773904,0.33441833,0.2797779,0.18546122,0.034797013,0.26403746,0.03679175,-0.21075581,-0.5093229,0.1563547,0.07298397,-0.20663649,0.14494748,0.012790108,-0.13794437,-0.41367605,0.082007125,0.008473961,-0.21942312,-0.11020109,-0.18604884,0.14320405,-0.08240922,0.049051337,-0.105739795,-0.1966724,0.017474083,0.06507382,0.022281533,0.12736744,-0.034997262,0.1083553,-0.11515327,-0.07542358,-0.051211163,-0.058505878,-0.05281366
0.617432,0.4625336,0.6314589,0.5364832,-0.38115633,0.31922278,0.56343216,0.26014203,0.18716088,0.106094375,0.08014312,0.27931273,0.3239484,-0.13655554,-0.025879977,-0.2608543,0.13081193,-0.19652773,-0.61113256,-0.18076383,0.09814503,-0.21799274,0.1116473,-0.3591386,-0.09907177,-0.48804092,-0.13728489,0.04753281,0.08964049,-0.14187543,-0.15805027,0.15266742,-0.065091476,0.02221275,0.08133477,-0.083012626,0.076289974,-0.009116383,-0.0095175635,-0.17848083,-0.04629765,-0.019702367,-0.12782264,-0.08146463,0.04462319,0.15238377,-0.0601221
1.3755493,-0.22353408,0.329333,0.44843507,-0.27231508,0.32801998,-0.37988186,0.25744018,0.23672585,0.10590537,0.08441951,-0.17984365,-0.500449,-0.255194,-0.0767892,-0.18385307,-0.34764785,0.48888153,-0.47429726,-0.16960049,-0.08875246,-0.17886138,0.15138774,0.23354517,-0.25347233,-0.548328,0.061747205,0.0746655,0.12396411,-0.18864077,0.09337279,0.13384978,-0.10073073,0.06337885,-0.080723636,-0.1274109,-0.24710016,0.051233836,-0.037307724,-0.015953409,0.0855744,-0.041236516,0.051339,-0.12277399,-0.120715596,-0.054351807,-0.056558352
-0.74234575,-0.25835824,0.058101878,0.53466135,-0.40876397,-0.24485695,0.08037512,0.2365909,0.24350248,0.257733,0.029430836,0.22236073,0.046566136,0.17711498,-0.1372259,0.22632936,0.11957613,-0.0045741205,-0.43446723,0.007087804,0.08136883,-0.10295765,0.10055441,0.2337171,-0.11778379,-0.45761132,-0.12417145,0.045693167,0.10070103,-0.13778009,0.17242576,-0.12698005,-0.06819266,-0.02403958,-0.066548534,-0.19466193,0.04099711,-0.0956892,0.15068619,0.11435463,-0.038412806,0.10297164,0.065284796,0.16441406,-0.056367584,-0.045950044,-0.08717416
0.17596118,-0.5639338,0.049095817,0.5668791,-0.36262938,-0.40606076,0.6778156,0.25866205,0.25597084,0.34084043,0.012079992,-0.14942557,0.41020498,-0.124331154,0.02039966,-0.12210012,0.121432684,-0.17565076,-0.537168,-0.15854868,0.09758819,-0.145584,0.099434584,0.21586625,-0.07956484,-0.5193389,0.068880185,0.040145688,0.10958321,-0.11265924,0.12055227,0.09127299,-0.07982042,0.02229699,0.06083811,0.071836464,0.08783328,0.025663555,-0.19692534,0.113079794,-0.06686391,-0.036974277,0.053513605,-0.11364055,-0.08954814,-0.079370864,-0.09705871
0.90901965,-0.490793,-0.6487322,0.55803865,-0.35217986,0.3426475,-0.33525136,0.09479996,0.29883397,0.2358074,0.081577756,-0.16995808,0.37564185,0.27561334,-0.060850866,-0.1289826,-0.37830195,-0.021695815,-0.5001757,-0.21180457,0.113110356,-0.2336337,0.23913747,-0.27542272,0.22926456,-0.45497045,-0.17977802,0.017896388,0.089330815,-0.13146222,0.12831795,0.13890211,-0.11316654,-0.07340446,0.08018302,0.15469168,-0.17185076,-0.017662449,0.08305708,-0.20678023,-0.01725598,0.031598043,-0.108740434,0.15772289,0.094805755,-0.05893747,-0.07872998
-1.9053484,-0.47968817,0.20676123,0.600716,-0.29959747,0.2634505,0.603319,0.23093455,-0.44537956,0.18040785,0.026718512,0.23005003,0.28991765,0.09812323,-0.017380834,0.22521263,0.036823273,-0.22774012,-0.46046636,0.023257986,-0.1551538,-0.14219707,0.10743747,-0.40987492,-0.28767484,-0.3911987,-0.021285618,0.030258242,0.12902659,-0.08841253,-0.24043658,0.1223474,-0.09956894,-0.005527726,-0.11312449,-0.091497526,0.0043382235,-0.01933207,-0.27164412,0.11869169,-0.02468007,-0.020171482,0.04635161,-0.023090024,0.05641589,-0.092583224,-0.06064121
-1.4749556,-0.40935987,0.0774632,0.4793418,-0.30175957,-0.2433758,-0.092536956,-0.28952122,-0.36774814,0.27447614,0.029222947,-0.3078316,-0.043032225,0.134116,-0.111927904,-0.13141403,-0.19576891,0.502282,-0.45110354,-0.022896893,-0.15301242,-0.059150252,0.12461401,0.124512,-0.12163145,-0.3455098,-0.029178694,0.04894095,0.019659504,-0.0948143,-0.37591022,0.075001486,-0.10258694,-0.016300077,-0.055448428,-0.095334105,0.025546703,0.036719166,0.18852796,-0.08334242,-0.07481623,0.0040205736,0.05435475,-0.13501664,0.067176156,-0.09056975,-0.120171525
-1.7629658,0.45528457,0.5149589,0.51019764,-0.2468044,0.3366115,-0.44312575,0.046714686,0.2534459,-0.22264676,0.075716615,0.48232788,-0.08605256,0.16668776,0.03556851,-0.23846872,0.008020991,-0.21600181,-0.49609026,-0.051146813,-0.14643292,-0.088870205,0.113039665,0.056815278,-0.15402018,-0.4314705,0.07664593,0.008850401,0.10059672,-0.15381886,-0.45030499,0.16678342,-0.07242985,-0.06362351,-0.10636192,-0.08728967,0.046551,-0.06639235,0.14214164,0.08879295,-0.05296243,0.042463597,-0.16837114,-0.06134362,0.069786504,-0.08996968,-0.0850734
0.73631203,-0.23222338,0.19740786,0.48431155,-0.2716547,0.32265726,-0.10941638,0.09990522,0.13174611,0.09997295,0.009004269,0.2424883,-0.05055052,-0.2336645,-0.034402642,-0.11606229,0.120725,0.4901569,-0.49068722,-0.120720476,-0.18585753,-0.1218346,0.12854318,0.1117681,-0.06998721,-0.50470334,-0.12242448,0.02440459,-0.29272717,-0.18986262,0.11336361,0.13943729,-0.09914666,0.04359702,0.06508087,0.16186164,0.092828706,-0.06322752,0.09227806,-0.117770225,-0.14145704,-0.15058382,0.03669087,0.1735674,0.066209696,-0.06411733,-0.114309095
0.282054,0.49672797,-0.13989528,0.49731353,-0.36636245,-0.26619232,0.685815,0.11940035,0.23404557,0.24910063,0.010417237,-0.17080805,-0.19213988,-0.12484185,-0.2890748,-0.08321619,0.18408391,0.016552407,-0.4211778,-0.012448546,-0.03332706,-0.09285754,0.18205892,0.04483213,-0.12912858,-0.5073021,-0.15408237,-0.11020324,-0.19695388,-0.19095163,0.15513127,0.14564295,-0.045232344,0.036107823,0.09028418,-0.04420823,0.053302154,0.04461524,-0.02229921,-0.08399415,-0.0747032,0.028100342,0.054652836,0.13517047,0.06421693,-0.07600547,-0.12601943
0.7449557,-0.34483352,0.09626628,0.47257793,-0.36407438,-0.42040214,-0.3696209,0.24831904,0.23969232,0.16954932,0.042120498,0.3376154,-0.20598628,-0.19796444,-0.22811338,-0.09366726,-0.012395963,0.44435036,-0.52982295,-0.20021205,-0.07521266,-0.133096,0.07757157,0.07663302,-0.10412365,-0.4857349,0.048936155,0.01856937,0.14656541,-0.16606474,0.09307052,0.09590018,-0.104007624,-0.022225318,-0.08896344,-0.16505559,0.10636482,-0.03535336,0.08612903,0.065621614,-0.0038801478,0.10128103,0.033594213,-0.10114524,-0.122375794,-0.07160694,-0.094273604
1.0000703,-0.65523994,-0.062234774,0.54421437,-0.35281783,-0.3464428,0.6329252,-0.013024431,0.24934135,-0.27937675,0.011633837,0.287481,0.33589494,0.28952676,0.015909338,0.109368555,0.1559134,0.0026691044,-0.55248415,-0.012874991,0.13856903,-0.21864666,0.113577165,-0.22093032,-0.24729972,-0.4147995,0.11501554,0.0108262785,0.10582749,-0.12243798,0.10035294,0.12402726,-0.082303345,0.045521412,0.05698863,0.0730518,0.029096652,0.028628591,0.03566429,0.14463575,0.07873434,-0.0024324881,0.07045044,-0.032349277,0.06158314,-0.07152611,-0.118354924
0.97955984,0.52905774,0.02706598,0.43382013,-0.2467399,-0.35230666,-0.33921108,-0.41093245,0.15934172,-0.27399155,0.095240414,0.40203452,-0.19405481,0.15956938,-0.23134607,-0.106254324,0.009957962,-0.20011403,-0.48584652,-0.21739532,-0.112036176,-0.16990612,0.07046437,-0.35229006,-0.13008071,-0.5537937,0.049806397,-0.08896638,0.07530565,-0.20476358,0.16602506,0.13714859,-0.07252541,-0.09382418,-0.105974615,0.084276885,0.033656444,-0.020146182,0.09464239,-0.010409344,0.073928,0.020237632,0.033319958,-0.05960032,-0.14501725,-0.118759744,-0.10709842
-1.712229,0.6439443,-0.8374998,0.5066801,-0.34065318,0.36237115,-0.08109852,0.04609017,0.27255106,-0.22251815,-0.0028898767,0.31637165,-0.13488793,-0.24058156,-0.16919777,-0.0954822,0.11258273,-0.045557354,-0.40434822,0.12454015,-0.0117540555,-0.06969386,0.16289136,-0.16066155,-0.13712302,-0.3833182,-0.20590605,0.030365868,0.10788917,-0.1942368,-0.40252107,0.16815904,-0.07442423,-0.022128474,0.076642334,-0.13560122,-0.0022630116,-0.10245117,-0.21742015,0.0830386,0.038739584,-0.1230254,-0.22395824,-0.06038255,-0.08229637,-0.08263973,-0.083590776
-0.5811138,-0.34162918,-0.7135588,0.5048109,-0.42573822,-0.34720266,0.019351581,-0.14098325,0.23025437,0.2281683,0.020161156,-0.2661115,-0.20607471,-0.2895313,-0.13655259,-0.11525758,-0.25337675,-0.25239435,-0.48147002,0.07819637,-0.054973938,-0.1570111,0.13584548,0.05701705,0.21040092,-0.42174563,0.12945212,0.07228258,0.07377348,-0.24180667,0.12993146,0.10826476,-0.044584308,0.0038885078,-0.08375037,0.16263843,0.014142571,0.047668785,-0.22979869,0.08702807,-0.05008839,-0.033470538,0.01637817,-0.12789169,0.08460668,-0.078387916,-0.13833928
1.1623923,0.38246703,0.30945587,0.51175344,-0.28392598,0.2918795,0.551442,0.23454157,-0.03591462,0.056137323,0.02834668,0.25132385,-0.12306614,0.15047452,0.042053577,-0.09215393,0.12128628,0.45461193,-0.509768,-0.0829756,-0.19464181,-0.1031401,0.154308,0.06170887,-0.062313173,-0.52244276,0.067283206,-0.13494273,-0.26862687,-0.2538794,0.1360063,-0.18359135,-0.1058157,-0.0062152063,-0.12249911,0.13592336,0.073774464,0.06461546,-0.0037705507,0.06656831,-0.049601335,0.09991603,0.029914014,-0.060032222,0.025630355,0.12750965,-0.10718151
-1.6708584,-0.31878477,0.23585296,0.55258626,-0.23282048,-0.2511658,-0.09846637,-0.26087853,0.31530532,0.2375888,0.020021372,0.25390318,0.29389232,0.14330298,-0.046309188,-0.10844105,0.03357081,-0.0701506,-0.38835424,-0.08294165,0.06035271,-0.15286846,0.112391904,0.24968517,-0.065537944,-0.41994822,0.089868784,0.009107498,0.14763868,-0.111385286,0.13937066,0.09744589,-0.081144676,-0.026573207,0.06634111,-0.083987795,-0.31620952,-0.032760598,0.14029625,-0.14119734,-0.06257987,0.052888636,-0.16285852,0.03364182,0.07183213,0.19723797,-0.103618845
-1.7945802,0.5771285,-0.5458909,0.53721356,-0.23259234,0.28695816,-0.07022009,0.22326083,-0.36620033,0.19980554,0.08317729,0.2972272,-0.1003001,0.22353265,-0.10616259,0.2413122,-0.36475518,-0.2130868,-0.42766052,0.12410154,0.040957425,-0.22371481,0.11732039,-0.17808275,0.21335359,-0.34762582,-0.20490675,-0.119455434,0.08393442,-0.14633243,-0.18810308,0.1363823,-0.06478883,-0.01678339,0.0694738,0.17408837,0.14107455,0.06970343,0.1810192,-0.14235501,-0.009199321,-0.024212273,0.090808146,-0.085272714,-0.006470581,-0.032393087,-0.04622906
-1.9141287,0.54911876,-0.67911917,0.5267337,-0.28423342,-0.37498787,-0.39661393,0.06102878,0.26744434,0.26723212,0.043673832,-0.20471165,-0.43945357,0.17761001,-0.11364405,-0.301473,0.15399966,-0.14219767,-0.44103208,0.120808125,0.0150413895,-0.11214666,0.17395999,0.21610819,-0.14867114,-0.41750532,-0.046705153,0.00043645548,0.1237011,-0.1562328,-0.1803658,0.1261018,-0.062239,0.01915754,0.07945237,0.107098885,0.04530268,-0.066575915,-0.04300313,-0.023183823,-0.033899553,-0.14292893,-0.26698315,-0.06395903,-0.10557528,-0.07680323,-0.11020309
-1.6748168,0.56908524,0.26251093,0.49779946,-0.2949577,0.29680893,-0.3062841,-0.28877476,0.23822452,0.18752916,0.05523467,0.38240328,-0.41170058,-0.16085729,-0.05235436,-0.27262697,0.177654,-0.24947608,-0.43031085,-0.043193936,-0.032097775,-0.13193779,0.108964816,-0.20566964,0.23372184,-0.43031624,-0.12848254,0.04015841,0.08560824,-0.17273787,-0.20790775,0.17446467,-0.053660035,-0.032508396,0.09702293,-0.069487676,0.039971396,-0.05771235,-0.053978,-0.10056417,0.07176851,-0.013736161,0.07717958,-0.070150495,0.06285535,-0.11258234,-0.081454575
-1.5934019,0.53204125,0.2898099,0.56525654,-0.30108178,0.28744984,0.0843318,0.07264518,0.25410983,0.2842615,0.0427886,0.22583073,0.3304673,-0.20309407,0.036132712,0.21602826,0.13403723,-0.20717084,-0.44742647,0.031661123,0.08805288,-0.1447309,0.092313744,0.05455457,-0.05141705,-0.4560521,-0.13041037,0.045000516,0.09075641,-0.13005863,-0.19473922,0.14243074,-0.07517286,-0.044405974,-0.10076955,-0.13422653,0.122900635,-0.025662012,0.061223842,0.12276385,-0.07150231,0.09913933,0.07922418,0.18325712,-0.050330926,0.16270992,-0.09390507
-1.8011897,-0.5059274,0.040247593,0.4485306,-0.3349912,0.26090926,-0.4320685,-0.122928634,-0.33237505,0.17589667,0.015113933,0.35679537,-0.39860827,-0.15685475,-0.143354,0.21858796,-0.3279467,-0.012575461,-0.36801392,0.09483698,0.0022710434,-0.07316415,0.100138724,-0.22620443,0.22962254,-0.3262982,-0.17459683,-0.027551219,0.07115457,-0.12825055,0.14932942,0.14069785,-0.08501835,0.030355198,-0.08350821,-0.14805558,0.1385067,-0.07508839,-0.2833158,-0.09174466,-0.033540595,0.04474105,0.058036722,-0.10086429,0.042395674,-0.050639614,-0.096178636
-1.5583286,-0.22038691,0.2601599,0.5539451,-0.2639671,0.27008194,0.6976357,-0.10449755,0.19067861,0.2238818,-0.009556137,-0.19788727,-0.09970525,-0.22569622,0.036285356,0.13517193,0.036063448,-0.19024071,-0.43932405,0.110547945,-0.14392114,-0.13444537,0.18388818,0.090068236,-0.078916095,-0.42309135,0.06884458,0.01936287,-0.1969018,-0.15052429,0.11212337,0.15357693,-0.07650068,0.052029133,0.09307397,-0.09754681,0.04267637,-0.0337155,0.034529947,-0.03796256,-0.07373014,-0.15278757,0.06404325,0.038092468,-0.020570638,-0.058652215,-0.090421155
-1.334811,-0.51768255,0.15821454,0.53470683,-0.31187332,-0.28746638,0.6774914,0.23002617,0.21982203,0.17906016,0.018798374,0.27932218,-0.16782738,0.1549237,-0.15112242,-0.0825206,0.112164825,0.51041406,-0.4227706,-0.04024844,-0.01873073,-0.080069885,0.101268604,-0.4337803,-0.09457172,-0.42789477,0.04408752,0.028050069,-0.2517165,-0.17168225,0.15842178,0.093366824,-0.07195054,0.0036503696,0.047703724,-0.07628965,0.11347099,0.07970199,0.12938997,0.068788715,-0.04559831,0.027570654,0.05351643,0.13368939,0.00022690557,-0.0546187,-0.12410464
-1.7309427,0.6577844,-0.034620054,0.54210997,-0.18337402,-0.23873891,-0.36999333,-0.28662425,0.26513582,0.22255805,0.041206133,0.29930213,-0.06478466,0.118949614,-0.11002143,-0.101346225,0.13756944,-0.0013783057,-0.41021937,0.009835536,-0.14327304,-0.0104173,0.099418074,-0.331106,-0.07127567,-0.4547484,0.05940832,-0.026462616,0.164751,-0.18837883,-0.19506693,0.1085123,-0.06836124,0.014250413,-0.078767985,0.113897674,-0.30416736,-0.05353303,0.14395633,-0.030185161,-0.057388894,-0.11750253,0.09017353,-0.10378215,0.039875396,-0.08206154,-0.11068256
0.12847057,0.45998913,0.13819273,0.52420163,-0.3825078,0.37438354,-0.37684822,0.26120886,0.31145027,-0.14742818,0.09719499,0.33571067,0.33146602,-0.11894003,-0.11447613,-0.27650553,0.00022011995,-0.19300191,-0.56554526,-0.16555305,0.09205549,-0.16089745,0.04427629,0.052467477,-0.070862286,-0.50910056,-0.008466829,-0.12051721,0.08178281,-0.09502647,-0.16403517,0.13182494,-0.06780497,0.020433035,-0.102901824,-0.1298895,0.1124989,0.03114507,-0.22190155,0.115318075,-0.04078985,0.08722394,-0.14846793,-0.081454694,-0.12410884,0.16241527,-0.050074544
1.550578,-0.34792277,0.21016194,0.55791765,-0.2801701,0.38325718,0.049430963,0.2294314,0.27753517,0.06663144,0.048788324,0.17615856,0.34758693,0.17988998,0.14263357,-0.25154272,0.17212649,-0.2514308,-0.6020285,-0.19021428,0.12385989,-0.31971908,0.11626304,0.07862714,0.2083944,-0.53827274,0.09050627,-0.16658181,-0.2247034,-0.078731515,-0.17067885,0.13409021,-0.13472867,0.04013556,0.08126861,0.08589322,0.03271708,0.03579212,0.034846127,0.1669915,0.053347945,-0.03411695,-0.078637525,-0.048657767,-0.09403849,0.18085897,-0.044700466
-0.78793496,-0.29463577,0.49618453,0.55448663,-0.43548337,0.31067783,-0.43991178,0.074594185,0.24866773,0.17098047,-0.03349677,-0.20815855,-0.107579365,-0.20626776,-0.064836785,-0.24440867,-0.30933163,0.017955724,-0.4558625,0.048405014,-0.18203713,-0.1483571,0.19020934,0.24897596,-0.24203701,-0.52379507,0.030024974,0.0031445324,-0.24179043,-0.13772672,0.12687267,0.1349894,-0.050889984,-0.018827613,-0.06889117,-0.022433214,0.04609814,0.06428431,-0.034319915,0.08684093,-0.06413732,-0.043709565,0.015905796,0.1814916,-0.10199503,-0.06867311,-0.12305256
-2.0656874,-0.35125068,-0.12116236,0.60862505,-0.27888235,0.29141635,-0.43133572,0.2161854,0.28666016,0.25653324,0.027124267,-0.15512311,0.34945655,0.13816673,-0.052388966,-0.23496747,0.148118,-0.21399009,-0.42528772,0.018374411,0.080559604,-0.18686053,0.1983092,0.029093249,-0.053299032,-0.38171062,-0.023991633,-0.15087566,0.0979865,-0.15331396,0.12500161,0.12362833,-0.04832381,0.02066893,-0.10769383,-0.14362127,-0.27169898,-0.04823435,-0.04149901,-0.14771296,-0.03194933,-0.046996925,0.063151516,-0.0042548096,0.06340166,-0.06173376,-0.064085245
0.20437905,-0.6331215,-0.15519291,0.48621005,-0.4206694,-0.24932297,0.036348034,0.24764296,0.15847297,0.27795276,0.016200209,-0.19574234,-0.09445452,-0.22609279,-0.22725607,0.26915354,0.16402146,-0.043060776,-0.48522744,0.05423811,-0.18054222,-0.078604534,0.16690534,-0.26070032,-0.13409871,-0.395428,-0.033558756,0.011609325,-0.2169174,-0.115724355,-0.11750524,0.09567827,-0.09029868,-0.10069634,-0.054479305,-0.12706493,-0.20889588,0.06635548,0.11615046,0.06657727,0.022336649,-0.13167958,0.014164489,0.1747746,-0.04127451,0.15643734,-0.096737154
0.2773073,0.6596996,-0.3008013,0.45542592,-0.2981451,0.34929135,-0.41267294,0.34114194,0.18851784,-0.29939225,0.06583316,-0.31194758,-0.13319714,0.21509373,-0.106783696,0.12144585,0.021833966,-0.023334416,-0.4757658,0.028869834,-0.18080251,-0.06260613,0.18324357,0.25927815,-0.17438954,-0.4714858,0.11384429,0.0024586073,0.08157285,-0.18431693,0.069959775,0.14717355,-0.042515576,-0.0060550934,-0.09267088,-0.17692049,0.069989026,0.055373833,0.083115354,0.06754071,0.0035778666,0.026418254,0.020297587,-0.09323168,0.037265293,-0.056071926,-0.107133776
0.6775448,-0.40289146,0.14833142,0.51321363,-0.3958543,0.39852497,-0.09398811,0.2425244,0.33114806,0.18080659,0.05963857,0.2550858,0.37396663,0.19863458,-0.009266669,-0.2873609,-0.30729273,0.005019701,-0.587172,-0.20119394,0.100550674,-0.19698344,0.121228985,0.11414156,0.23259878,-0.48808357,0.00076129707,-0.13310899,0.13152266,-0.068739094,-0.17325214,0.12819248,-0.11505713,0.017007554,0.05681497,0.1094759,0.110795364,0.029358711,0.0128689315,0.15242685,-0.093450084,0.09395989,-0.08383221,-0.047789045,-0.1011401,-0.05632799,-0.058768947
0.8207694,-0.53374195,0.049592856,0.39179382,-0.32346818,-0.424062,-0.3013551,0.24100646,0.13512155,0.18405472,0.07929475,0.31246397,-0.18855856,-0.2920262,-0.18470833,0.071835734,0.0071728714,0.45061854,-0.49267823,-0.11191304,-0.06301789,-0.13858277,0.10695951,-0.28354287,-0.13420385,-0.422943,0.103988186,0.058891915,0.075251974,-0.17527404,0.121115595,0.11813702,-0.1063256,0.002243557,0.079772286,-0.17807516,0.094215475,-0.03162255,-0.17359148,0.06541912,-0.036325786,-0.0028169372,-0.09201971,-0.08636524,0.06043584,0.134635,-0.10331104
-1.5061904,-0.41986552,0.29419285,0.5762543,-0.33808616,-0.26065025,0.6569523,-0.3101201,0.28271723,0.34727985,0.07309184,-0.2549312,-0.13977215,0.15057525,0.040024884,-0.22380188,0.030946663,-0.21616538,-0.473982,-0.08652712,-0.16894916,-0.14275995,0.15548663,0.120781556,-0.2820911,-0.41432434,-0.15171605,0.040092807,0.10130239,-0.12553445,-0.17814526,0.11528341,-0.08663053,0.038736925,0.069580585,-0.08577542,0.048721172,-0.07972949,0.03670586,0.09269253,-0.058424823,0.091698654,0.06358084,-0.09885168,0.016274,-0.08548773,-0.12894502
0.9817347,-0.26987904,-0.6991191,0.523359,-0.36391658,0.36800048,-0.37411782,-0.051463105,0.2050822,-0.21414533,0.016710732,-0.14147809,0.3218559,-0.36646616,-0.0107695805,0.1252452,0.003878031,-0.008850434,-0.5712731,-0.023725994,0.12899305,-0.20435798,0.19027461,0.24474141,0.23792787,-0.43253064,0.12933017,0.071609125,0.08471479,-0.10333985,-0.056011513,0.13645257,-0.073411666,0.0140552465,0.06669748,0.17476533,0.049415212,-0.017145284,0.0767604,-0.21806297,0.079178706,0.11384567,-0.16795297,-0.15605168,0.04537187,-0.051128935,-0.050819617
-1.7853074,0.5534183,-0.70122135,0.5395087,-0.22114405,0.31134728,-0.38323873,-0.29879472,0.29495823,0.22588903,0.07243996,0.23004878,-0.07681191,0.19576833,0.04224886,-0.14913434,0.10171076,-0.22779895,-0.45137846,0.061052337,0.033336513,-0.22978435,0.14474688,0.21847452,-0.06435299,-0.42225483,0.12854072,-0.14415021,-0.27910557,-0.17297,0.1493658,0.13374723,-0.06307383,-0.03995756,-0.1311675,0.14264105,0.10767548,0.0352542,-0.074186966,-0.027335033,0.039641038,0.09957064,-0.15693523,0.0129721705,-0.07871474,-0.08078883,-0.0671941
-1.4593564,-0.6385851,-0.13478608,0.55064183,-0.40427673,-0.21230017,0.029193414,0.20400314,0.2883549,0.20905279,0.01456748,-0.21013871,0.32597613,-0.26293454,-0.09714374,0.2061716,0.07953013,-0.1802586,-0.5040928,-0.01804386,0.06518227,-0.19809178,0.115683526,-0.24763352,-0.12802309,-0.41638207,0.07259652,-0.030024447,0.118489675,-0.12759846,0.121569864,-0.13602228,-0.07667036,-0.0073511624,0.06914106,-0.16815537,0.08842692,-0.09232346,-0.04307706,-0.14430363,-0.059577808,-0.02324642,-0.18708564,-0.118159994,0.060580786,0.17720196,-0.08729276
0.115738645,-0.56682634,-0.00020502042,0.49478742,-0.4114111,0.31859222,0.09118688,0.27961773,0.23426352,0.20229334,0.049037747,-0.20516095,-0.2855004,0.19678596,0.027873555,-0.282621,0.013138654,-0.23856793,-0.4938341,-0.101011716,0.09106136,-0.15891631,0.14194655,0.23728943,-0.26657635,-0.44946513,-0.034191273,0.018494379,0.11609725,-0.12289866,0.13275339,0.1242984,-0.0778767,0.044792708,-0.09445153,0.1137213,0.09372481,-0.04937868,-0.011302559,0.08984832,-0.038751394,0.10425046,0.05453806,-0.09238237,-0.09979858,-0.05362727,-0.09038776
-1.143305,-0.46004647,-0.14483114,0.49699295,-0.4133111,-0.20642394,0.07429692,-0.2604757,0.2208937,0.3261023,0.029143527,-0.21508348,-0.17477253,-0.16079773,-0.10620415,-0.27117682,-0.23227826,-0.18430689,-0.4652095,-0.0037372597,-0.031948406,-0.12328539,0.16676192,0.23872814,-0.034695696,-0.4439305,0.101805076,0.014520083,0.1020297,-0.17309208,0.105232894,-0.13837093,-0.07435323,0.05677527,0.072949305,0.18303525,0.030283771,0.04840193,-0.23143163,-0.10046284,-0.07398048,-0.036162976,0.06157104,-0.10276601,0.076488666,0.2200922,-0.1329197
1.6396008,-0.6616847,-0.08308274,0.5078899,-0.27812916,0.43413,-0.3798436,0.019246768,-0.25714657,-0.22254366,0.031221475,0.31665474,0.26613975,0.2351729,-0.02838991,0.26478553,0.18564689,-0.06048894,-0.48775637,-0.040399782,0.14293252,-0.23318769,0.13476825,-0.3525549,-0.08717175,-0.43658432,-0.022709977,0.06533668,0.06637213,-0.12836753,0.15023023,0.1275066,-0.12379397,0.008442482,0.06950359,0.17918868,0.04498989,0.030857768,-0.14979687,-0.013689675,0.107585765,0.027405553,0.032936543,-0.05911554,-0.07002459,-0.056212235,-0.056322962
0.25042024,0.50828034,-0.17958547,0.4598568,-0.3920369,-0.36041546,-0.32998067,-0.10759386,0.037043553,0.19198765,0.030206349,-0.20259592,-0.38544494,-0.2375927,-0.18356082,-0.30063653,-0.39213178,-0.0034096683,-0.51708543,0.048833847,-0.021602252,-0.1482756,0.16195858,0.027059242,-0.2594569,-0.4662496,0.09203829,0.0946026,-0.20213132,-0.2301046,0.12043597,0.13528138,-0.041881982,-0.058163043,0.05541842,0.1354098,0.10033329,0.039150983,-0.24316564,-0.085699305,-0.060963336,-0.13934211,-0.09887481,0.15175332,0.08644706,-0.06812971,-0.09731361
0.7530896,-0.38530898,0.10727244,0.5194335,-0.29853106,-0.47140282,-0.304224,0.10383938,0.07989239,0.13582098,0.08865699,-0.13336296,0.41584164,0.15715046,-0.015118933,-0.22456259,0.139169,0.468458,-0.5572971,-0.19268833,0.08586354,-0.18401068,0.10597081,0.13467921,-0.076283805,-0.4933318,-0.008026604,-0.0027900701,-0.21895075,-0.053421967,-0.41209942,0.104270816,-0.07351792,0.023802284,-0.060620703,-0.15077269,0.075853415,0.0005494412,-0.18277247,-0.02774936,0.061509755,-0.031103047,-0.068055384,0.10809774,0.06523411,-0.073717415,-0.10694017
-1.5953128,-0.5518858,0.5574806,0.50290394,-0.35763356,-0.24639128,0.015644511,-0.24440306,0.21299903,0.25588703,0.006884774,0.305596,-0.1634003,-0.094503134,-0.1933156,-0.16403647,0.0592491,-0.051824573,-0.48336115,0.02357627,0.014227004,-0.04401224,0.11252803,-0.2716435,-0.10742905,-0.38899714,-0.0035347822,0.04315447,0.0815955,-0.14899527,-0.20932475,0.11297075,-0.09469909,-0.010823283,0.06985243,0.18465713,0.048691016,-0.07272218,-0.061641414,-0.09735656,0.077749394,-0.10019231,-0.2171897,0.02569951,-0.07894252,0.21532524,-0.12290595
-1.7727345,-0.49429002,-0.41602463,0.5304776,-0.26930192,-0.2529616,0.041763566,-0.1310855,0.28128296,0.2878579,0.034862757,-0.19314471,-0.10834718,0.20469263,0.04778944,-0.17511594,0.089958236,-0.21450813,-0.38267842,0.07552041,0.09094083,-0.21099561,0.16503374,0.23356666,0.22444387,-0.3746674,0.12441854,0.059934806,-0.19091353,-0.21552512,0.15575477,0.10580541,-0.08655084,0.058691774,0.07003644,0.13690995,-0.2175441,0.064421296,-0.22902308,0.11128769,-0.008424942,0.022506673,0.08590189,0.0041852975,-0.072207265,-0.08995405,-0.11309677
0.79236716,0.59024465,0.25540152,0.4592333,-0.2454873,0.32575437,-0.22031528,-0.3928526,0.16155756,0.20335478,0.08384768,0.25401726,-0.11734194,-0.1506079,-0.0012497352,-0.098911256,0.19466661,-0.01856048,-0.48411047,-0.13430843,-0.20296963,-0.11383419,0.16557886,0.25479984,-0.068544075,-0.5754412,0.05080506,0.06356458,0.10705603,-0.2299949,0.16026926,0.15772338,-0.068364695,0.029434498,0.101794794,0.1891344,0.033572674,-0.024187798,0.10411584,0.07084196,-0.016940158,0.09288869,0.06761802,0.04261759,0.06709508,-0.10000244,-0.09324492
0.650154,0.44429815,0.06850612,0.54159915,-0.30378482,-0.3071378,0.56275606,0.24967626,0.23475802,0.17925046,0.050501794,-0.23000032,0.017223673,-0.09635113,0.0004237257,-0.22963841,0.1709967,-0.22453155,-0.47849452,-0.24750847,0.07997691,-0.23277345,0.09326406,0.21724081,-0.052124064,-0.49778196,0.07187898,0.05153707,0.086234935,-0.15049489,0.11916399,0.12772568,-0.052906938,-0.08116994,0.08481318,-0.09036293,0.0070332703,-0.035571184,0.012130009,-0.024615005,-0.06433491,0.03225235,0.05723687,-0.116753966,0.07982173,0.17287543,-0.08113603
-1.7421626,-0.5920547,0.5478467,0.48286855,-0.32709396,-0.34356055,-0.38872477,-0.24953467,0.23582412,0.26942438,0.04780896,-0.24201982,-0.5584341,0.17269738,-0.16631731,-0.22352742,0.08316307,-0.18712305,-0.4375153,-0.10243123,0.0033585876,-0.1059571,0.10806389,-0.2786542,-0.1637844,-0.45197356,-0.108202286,0.035068944,0.11725686,-0.15063696,0.13609686,0.094312675,-0.08142524,0.009418303,-0.07085279,-0.15283786,0.015856575,-0.058799006,0.028227491,0.084795326,-0.07196234,-0.133105,-0.2308437,-0.12221579,-0.09863237,-0.09639816,-0.13104743
-1.7150683,-0.5769188,0.15572481,0.6025966,-0.37120152,0.29363582,-0.113608554,-0.3263375,0.12934896,0.18815155,-0.03682984,-0.1814036,0.026118511,-0.14909711,-0.0047991225,-0.23227291,-0.2552116,-0.02370003,-0.43957376,-0.14506611,0.05992284,-0.20524012,0.13613588,-0.43332118,-0.20242696,-0.4095533,-0.008484434,-0.001051289,-0.16720492,-0.14466956,0.0990662,0.12271053,-0.08732693,-0.0058175144,0.04547514,-0.059577912,0.03195151,-0.039768532,0.13044538,-0.12797302,-0.05934988,0.088671744,0.04015199,-0.127918,0.008150531,-0.057737652,-0.080665626
-1.7934453,-0.29577944,-0.8158599,0.5449779,-0.25983888,0.26305038,-0.34859356,0.07714355,0.21690518,0.2748909,-0.025651272,-0.2499054,-0.109262824,-0.15996556,-0.085208945,-0.24950613,0.1385882,-0.23365226,-0.3636803,0.04845547,-0.17212266,-0.11501768,0.17831038,-0.24247414,-0.07794212,-0.40000594,-0.19287288,-0.021998087,0.06986301,-0.17178637,0.13153252,0.15124936,-0.05699167,-0.095609434,-0.08227342,0.17053236,0.032249313,-0.063054845,0.027216703,0.0786294,-0.054280218,-0.04539098,0.087534636,0.068065286,0.03577828,-0.07972277,-0.10911958
-0.28758708,0.5321116,0.5385305,0.604495,-0.3945178,0.3390345,-0.080688775,0.029480662,0.27723035,-0.2986296,-0.0033988305,-0.15784448,0.3492681,-0.2958781,-0.07046439,-0.2749865,0.13783027,-0.022181127,-0.47066948,-0.044250503,0.10075206,-0.08353881,0.17787516,0.22692865,-0.09855718,-0.53713906,-0.099266954,0.013147656,0.08856537,-0.20451155,0.08418091,0.14069925,-0.03564986,-0.04912819,-0.08279709,0.16035296,-0.2684063,-0.0150997825,0.13671714,-0.043451726,-0.0101360455,-0.033505667,0.053044107,-0.12370986,0.03907732,-0.058715697,-0.06693005
0.158737,0.49450085,-0.7658675,0.42930353,-0.32425618,0.3115142,-0.12963913,-0.38991562,0.23405291,0.25890774,0.011163084,-0.26972425,-0.21478167,0.17457399,-0.119836934,-0.26680872,-0.39133292,0.4353617,-0.5174639,0.0031316765,-0.047215696,-0.1555485,0.2123039,0.03967157,0.22672516,-0.47539485,-0.050705645,0.062177647,0.08568784,-0.18569875,0.116458446,0.17142947,-0.046339344,0.023395674,0.092604086,-0.11484056,0.07873986,0.051548924,0.024149423,-0.029135829,0.021001887,-0.013112643,0.032132734,-0.044927873,0.0425596,0.15006019,-0.105918735
0.27592945,-0.3024827,-0.19138122,0.4147705,-0.33637267,0.25309014,-0.12264975,-0.41833636,-0.28675067,0.16179936,0.046829443,0.42970377,-0.045673218,0.244443,0.006090763,-0.2373754,-0.35733762,0.50891376,-0.5174827,0.034099568,-0.1961686,-0.13736744,0.15019853,0.22534788,0.23008351,-0.41136676,0.112260506,0.00085087214,0.0819171,-0.15484035,0.11706526,-0.1403484,-0.042225208,0.02000608,-0.07431287,-0.12376515,0.060094405,-0.06023498,-0.004503624,-0.10725635,-0.071139485,-0.0013861607,0.023869064,-0.07053161,0.066285,-0.0738873,-0.1046437
-1.7689899,-0.48093858,0.5741766,0.6141045,-0.3539008,-0.24538656,-0.12312037,-0.103812665,0.30574882,0.23672119,0.0014521955,-0.20309876,0.36214226,0.14072558,-0.09112163,-0.26383993,-0.2517838,-0.0308181,-0.46266514,-0.044852152,0.085193895,-0.10726992,0.14087859,-0.39898962,-0.0786872,-0.39635974,-0.009531725,0.03501945,0.069938734,-0.072457105,-0.19178054,0.119190216,-0.086640306,-0.0017615664,-0.051949743,0.14872234,0.039871,-0.05568386,0.054023303,-0.12991461,0.062790975,0.08653279,0.06851851,-0.10866684,0.029513454,-0.06429986,-0.121010646
1.2543398,0.45236132,-0.72677726,0.4542951,-0.25371224,0.33229777,-0.29557618,-0.3953657,0.21572441,0.26056752,-0.050825346,0.22960865,0.305156,0.23440436,-0.015087781,-0.07683587,-0.4209944,0.044821423,-0.52809274,-0.17226294,0.12155398,-0.18491425,0.1874451,-0.3721392,-0.16763054,-0.4974258,-0.222975,0.038905382,0.081120394,-0.14243644,0.120244816,0.17432915,-0.09544868,-0.016460087,-0.097326905,-0.13082156,0.03740302,-0.0078270845,-0.11775945,-0.19054385,-0.064591005,0.06759087,-0.21720968,-0.095855996,0.09284571,-0.080716565,-0.076065876
-1.7632699,-0.511679,-0.014956877,0.57460606,-0.3497719,0.292531,-0.42600167,-0.14125368,0.27940026,0.23854867,-0.003834201,0.23843838,-0.03352557,-0.11800213,0.006007106,-0.27907383,0.09860849,-0.026773095,-0.40433684,0.06274938,0.073760755,-0.11372718,0.12968901,0.23270415,-0.07978959,-0.32433638,-0.17582954,-0.1452635,0.08409811,-0.11427686,0.14684671,0.13330139,-0.08575195,-0.030446405,-0.07478978,0.064305104,0.118162505,-0.04073605,-0.07701728,0.12736744,0.04431169,0.09803247,0.08518421,0.2029088,0.07086267,-0.04358439,-0.067171626
0.33001372,-0.31128794,-0.014388746,0.51339173,-0.36926773,-0.3754924,-0.12244632,-0.33661968,0.21633913,0.21591647,0.10577754,-0.1381648,0.34022364,0.22178444,-0.059348166,-0.25853685,0.15990026,-0.17425749,-0.5341354,-0.1390385,0.07171359,-0.19526175,0.12856467,0.097179085,-0.044393685,-0.46163747,0.09944475,0.021057785,0.10171648,-0.14488357,0.15547068,0.12153612,-0.044584308,-0.06864686,0.060231645,0.15798269,0.067812525,0.0040652724,0.099420205,-0.13145089,0.038405683,-0.051946934,-0.10376129,-0.12631358,0.043023136,0.21716431,-0.1186278
-1.8424691,0.51282007,0.20932071,0.6546225,-0.24844655,0.3707384,0.62647825,0.045887046,0.3373019,-0.2936258,0.04066945,0.25186533,0.26858014,0.15050974,0.09701085,-0.09094927,0.06368069,-0.00136805,-0.39869064,-0.0065191463,0.08721458,-0.12912682,0.12749757,0.049924705,0.24118523,-0.45880288,0.070403494,0.04283836,0.11305485,-0.18156035,0.16192654,0.13465002,-0.080367275,-0.08629488,-0.085040905,-0.06725941,0.022710834,0.053699132,-0.22573592,-0.05244866,-0.038342852,-0.019551707,0.078642435,-0.05998058,-0.065736294,-0.075299695,-0.07595259
0.7816385,-0.28638303,0.24584587,0.47118562,-0.37142172,0.33816418,-0.10767768,-0.021363191,0.24923772,0.22843044,0.04563924,0.4699832,-0.056830153,-0.16136369,0.018991334,-0.095132135,0.1831038,-0.005013555,-0.5042555,-0.07089502,-0.20300329,-0.14931442,0.15636347,-0.3684682,-0.10580253,-0.5088505,0.09452154,0.015708588,0.14793497,-0.16723873,0.11117752,-0.20205481,-0.10321298,0.049141914,0.05658304,-0.07345526,0.09601974,0.05817747,0.04328249,-0.13526054,-0.13881342,-0.13026406,0.046818912,-0.07537526,0.06336362,-0.046493992,-0.08983963
0.6488879,-0.52105546,-0.58202815,0.4738672,-0.2861019,-0.30441263,0.023539707,-0.40191716,-0.27838224,0.29086086,0.014706318,0.24327941,-0.033028726,-0.16730198,-0.12290279,0.2039384,-0.29533207,-0.027277866,-0.512879,-0.10653044,0.079950206,-0.15204015,0.11958688,-0.3980584,-0.08828479,-0.41099405,0.13580519,0.008515222,0.054965414,-0.15717067,0.09331712,0.0916465,-0.083671734,-0.027064819,-0.060563304,0.09746332,0.0009387811,-0.07104962,-0.0071660555,-0.019112505,0.09119065,0.025570551,-0.14072931,-0.13536613,-0.049167965,-0.105768576,-0.13233931
0.18783888,-0.5320716,-0.50410163,0.4911987,-0.40317848,-0.25594822,-0.40960824,0.08845178,0.19849421,0.3096039,0.0131742805,-0.16243224,0.32758307,-0.33100164,-0.18814296,0.19601773,0.019125475,-0.039256286,-0.5622078,-0.05733438,0.07863065,-0.1701112,0.17261945,-0.25926903,-0.11875723,-0.44332373,0.10209872,0.0650946,-0.16363749,-0.13274543,0.08976114,0.08946056,-0.078821704,-0.0443818,-0.05410548,0.14920287,0.0042450987,0.016289383,0.108332045,-0.026728466,-0.07759085,-0.011323866,-0.09668838,0.21532325,-0.062281102,0.1425452,-0.10068655
1.507912,-0.27987266,-0.13162461,0.43241262,-0.28182682,0.30968392,0.5636235,0.21840788,-0.23052938,0.10559498,0.09838179,0.30086908,-0.097528,0.1500138,0.10256151,0.25357056,0.13046789,-0.22899114,-0.60632473,-0.013704777,0.07812732,-0.28876275,0.091154724,0.05413112,-0.35205787,-0.44009084,0.09616494,-0.1611695,0.11207982,-0.13612859,-0.16022533,0.13857612,-0.119748786,0.022006372,0.1136864,0.13739274,0.0826982,-0.09793968,-0.17335857,0.09551542,0.06246731,-0.018037586,-0.21050589,-0.08026133,-0.060322523,0.15644367,-0.06050292
0.83183587,0.55721253,0.15019584,0.47315603,-0.33628252,-0.459702,-0.031049084,0.032311372,-0.22572857,-0.28471562,0.090276055,-0.30029154,-0.4558228,-0.2642907,-0.22204709,0.18451306,0.16302744,-0.17918448,-0.49954632,-0.11839538,-0.060718678,-0.10143195,0.09037579,-0.41457877,-0.12691844,-0.52632946,-0.11378553,0.022269454,0.003836562,-0.19052424,0.07502645,0.13050357,-0.09607075,-0.0029872172,0.0793283,0.13650435,0.07225426,-0.07482942,-0.014052306,0.060214147,-0.008530798,0.044326,0.041932866,-0.13714027,-0.07386138,0.202696,-0.10230563
0.7834901,-0.30946705,0.3060109,0.46629578,-0.2921612,-0.44032502,-0.31458193,0.10164778,0.1826113,0.18330374,0.09593054,-0.27064097,-0.28213912,0.2054562,-0.23893073,-0.1120573,0.0047480837,0.47992736,-0.5331799,-0.15637034,-0.08401024,-0.13228686,0.14905596,-0.30185077,-0.116604894,-0.49854156,-0.13654366,0.0067932904,0.07628194,-0.18991062,0.106963426,0.100203246,-0.09118248,-0.05728296,0.07690681,0.17684458,0.002107283,-0.03210289,0.07639402,0.07577708,-0.011200747,0.095156945,-0.09690297,-0.12972741,0.08867291,-0.059511676,-0.12834303
-1.9490327,-0.3138224,0.4677033,0.6075569,-0.30844462,-0.33790836,-0.4926445,0.22279288,-0.44136477,0.2556871,-0.0011316224,-0.28582427,0.36162874,0.108076066,-0.09674441,-0.30099753,-0.22505364,-0.014779847,-0.46606773,0.06582511,0.059837736,-0.11946186,0.1373871,-0.24371001,-0.11415357,-0.4088684,0.070055,0.030839037,0.033583637,-0.14962271,0.14902492,0.11152884,-0.068271145,-0.06264761,-0.049143486,0.1944726,0.042338923,-0.02860074,-0.26900882,0.12757571,-0.00052964594,-0.08864826,0.081623144,0.18280669,-0.1036471,-0.049001902,-0.09518646
0.7466893,0.51489276,-0.58854413,0.42046416,-0.32964545,0.3091495,-0.06818412,0.11778571,0.22579776,0.22715968,0.09009326,0.38953313,-0.22171013,0.15875211,-0.18170913,-0.123740196,0.025276294,-0.23326723,-0.60058624,-0.07134514,-0.08223205,-0.1790526,0.17180608,0.03615523,-0.10420912,-0.4434113,-0.05038931,0.074476466,0.14075698,-0.25067604,-0.17697507,0.14820242,-0.089757174,0.032726206,-0.117401525,0.09873008,0.027332434,-0.07196195,0.0871736,0.003823789,-0.11313988,-0.16597892,-0.11370788,-0.026670717,0.074617274,-0.09094532,-0.07505586
-0.32951593,-0.5523949,-0.7481754,0.51109153,-0.35312793,-0.2638052,-0.10529718,-0.30859026,0.19558528,0.3284499,0.032450628,-0.17732614,-0.12514955,-0.2070032,-0.19395748,-0.1109295,0.13904542,-0.2192674,-0.47692445,-0.018749475,-0.19204614,-0.16064665,0.17522386,0.083335266,0.23473577,-0.43983597,-0.05373353,0.036970727,0.091197066,-0.15405077,-0.16852446,0.10085211,-0.074694425,-0.0106130345,0.05896829,-0.16255955,-0.22391903,-0.054343335,0.15880123,0.08702807,-0.061424803,-0.053375106,0.013020022,0.040544424,0.08056727,-0.11884035,-0.108856894
0.2354565,-0.20846565,0.11828171,0.5199689,-0.42673707,0.27130103,0.63494134,0.09199998,-0.32287648,0.10008963,0.048370454,-0.22890389,-0.096496075,-0.13397196,-0.18696612,-0.23626867,-0.010431658,-0.027527655,-0.56909335,-0.06058678,-0.14709255,-0.026576273,0.10970832,0.105437145,-0.05473302,-0.4973476,-0.0149331875,-0.12214883,-0.22121215,-0.09931006,-0.15031469,0.13343866,-0.05205961,-0.05710103,-0.11258874,0.114029616,0.08495517,-0.06973046,-0.047683053,-0.056468792,-0.011890776,0.069979586,-0.1386129,-0.056658056,0.03899777,0.14803243,-0.10681371
0.6799453,-0.45284906,-0.053048763,0.40349907,-0.3739238,-0.29935473,-0.020358352,-0.3901065,0.1889842,-0.25901315,0.041191235,-0.23120356,-0.4864173,-0.2560036,-0.23570117,-0.1890762,0.0011415668,-0.1971184,-0.5608088,-0.2521302,-0.08175342,-0.14335823,0.093091056,0.118684635,-0.09660593,-0.43859482,-0.031132665,0.044410728,0.07499441,-0.15078582,0.11985348,0.09509406,-0.09539442,0.005871644,-0.086349525,-0.08311196,0.068984635,-0.028334837,0.07155515,-0.009236826,-0.13939999,-0.05085217,-0.056017146,-0.08195698,0.09391391,0.23810562,-0.11227407
-1.6241078,-0.24866529,-0.7669367,0.56690973,-0.28846943,-0.22761095,-0.1027893,-0.16134931,0.26704493,0.21348816,0.002481454,0.23685052,-0.0666511,-0.25787216,-0.078622684,-0.13124654,-0.27604842,-0.22198181,-0.39547458,0.03516756,0.084817305,-0.22532643,0.09258248,0.19867848,-0.20041697,-0.31727347,-0.20352733,-0.117832966,0.08710449,-0.16037901,0.12966025,0.12190051,-0.07034454,-0.009419308,-0.07506848,0.14277661,0.14065635,-0.068777576,-0.08092824,0.13994986,0.029004272,0.035130784,0.11154618,-0.14818692,-0.0905975,-0.057590038,-0.10771184
0.003834537,-0.36577436,-0.20335288,0.43298748,-0.36608696,-0.26460543,-0.38162974,-0.42091274,0.024360204,0.23351978,0.038975928,-0.22382626,-0.061115682,-0.18592308,-0.13683249,-0.24365228,-0.00012691319,-0.20087816,-0.49188983,-0.029203162,-0.19819957,-0.17587925,0.14003919,0.26240787,-0.053227745,-0.47296733,-0.15790386,0.0057786657,-0.26211905,-0.18789323,0.11431199,0.12508403,-0.032319836,0.0030331141,0.08340194,0.14888999,0.010160693,0.030519312,-0.22900073,-0.09295088,-0.03810043,0.031521518,0.020810131,0.031968478,0.056672774,-0.10509602,-0.118745476
0.7463257,-0.48007268,0.6670365,0.42313758,-0.36254188,0.34753326,-0.07344056,0.08743874,0.11493365,0.19933335,0.050853837,0.29262623,-0.019635923,-0.27895156,-0.03385046,0.21321402,0.18379119,-0.1654734,-0.521639,-0.15692936,-0.20030738,-0.19961572,0.11692821,0.25586072,-0.071845874,-0.5148471,-0.0017665322,0.0020613759,0.078704976,-0.16745491,0.1434806,0.16115306,-0.10364777,0.035913456,0.083190106,-0.11761149,0.09342262,0.05702644,-0.0042872364,-0.123977825,-0.01902875,-0.054118797,0.028761115,0.18794398,0.014608795,0.15647894,-0.09517171
1.3947642,-0.42894202,0.09624984,0.48821288,-0.356156,0.27782044,-0.3280121,0.07676943,0.23922555,0.18496059,0.05219839,0.29241395,-0.10799049,-0.25373447,-0.058758702,-0.10213853,-0.35853887,-0.019445729,-0.48696882,-0.17007576,-0.20087387,-0.13453445,0.14713909,-0.4042365,-0.10919928,-0.5537151,0.044775717,-0.12157636,0.13401753,-0.2163585,0.111810066,-0.19018307,-0.10704675,-0.07201156,-0.07568227,0.1521922,0.014891632,-0.04750201,-0.16786939,0.06663525,0.06049598,-0.11147166,0.04183389,-0.07603176,0.070748135,0.13396779,-0.0892485
0.28427702,-0.26232123,-0.5281966,0.40908647,-0.26160192,-0.2658227,-0.4286169,0.11645321,0.19485083,0.25555763,0.05221718,0.32166132,-0.39796314,0.1441986,0.043416463,0.18543588,0.15305647,0.44503078,-0.47077075,0.016695064,0.07814633,-0.13642675,0.14059322,0.070613526,-0.24536242,-0.40338546,0.14850059,0.06988419,0.08734677,-0.11017903,-0.1740847,0.09545895,-0.07100923,-0.049923204,0.0790612,-0.13795418,-0.21887968,0.048243318,-0.17908047,-0.094442934,0.024782173,-0.14962256,0.05081633,-0.044021383,0.040311277,-0.058961198,-0.11206382
1.396435,-0.25259215,0.48969713,0.551992,-0.24284677,0.36039913,0.6330794,-0.019176945,0.22669238,0.178283,0.06366337,0.2091688,0.35883263,0.26044667,0.029535156,0.2422124,0.015928887,-0.24203841,-0.5655938,-0.061991103,0.14223766,-0.27779043,0.14078245,-0.3460183,0.23389895,-0.52463114,0.07697008,0.07925032,0.13800228,-0.13935411,0.14602126,0.13826035,-0.119645655,0.024953114,0.09795226,0.1694554,0.033605613,0.056435566,0.026747398,0.16271788,0.09512675,-0.016235111,0.05983177,-0.05351537,-0.0414089,-0.06985825,-0.056059025
0.27503526,0.6097292,-0.45973927,0.43927187,-0.2720733,-0.26391187,0.6247158,-0.4194686,0.177397,0.29172605,0.05959781,0.24678338,-0.083390355,0.25587648,-0.06782431,0.26037213,0.17648217,-0.011357793,-0.47805104,-0.0011409037,-0.1449033,-0.083623216,0.16963069,0.21902429,-0.10195046,-0.489845,0.12014979,0.05301582,0.09188656,-0.20996271,0.1219849,0.1273201,-0.05609004,0.034328476,0.06643614,-0.1612197,-0.25208405,-0.039762765,0.07128293,-0.013727328,-0.03361534,0.09841263,-0.10706487,-0.10838638,-0.056681678,0.20257488,-0.1425681
-1.8949004,-0.4212768,0.17464077,0.60867125,-0.31087703,0.40877354,-0.04865199,0.07881622,0.270141,-0.17946193,-0.01781371,0.2678006,-0.013389879,0.13516374,0.03387093,-0.2110693,0.13371202,-0.20319933,-0.37445873,-0.078205556,0.07186129,-0.22397159,0.087865606,0.23842022,-0.095948145,-0.4163129,0.012706647,0.058095217,-0.15505908,-0.090852894,0.13310209,0.14182608,-0.07942931,-0.084772855,0.06625758,-0.030636115,0.10935426,-0.085703954,-0.24054767,0.11855715,-0.057678506,-0.14387399,0.054292962,-0.05602676,-0.07072295,-0.08194731,-0.081955045
0.7870896,0.46008676,-0.8693718,0.4448594,-0.29230627,0.34289277,-0.1193474,-0.44861192,-0.0068138386,-0.22620563,0.07305327,-0.19523373,-0.101628155,-0.30372903,-0.018287921,-0.24704401,0.19361037,-0.22892214,-0.47319427,-0.13514438,-0.20089714,-0.16170755,0.19341554,0.050914913,-0.09334709,-0.46641678,-0.1742231,0.02591981,-0.16102844,-0.19742353,0.05150262,0.16711421,-0.0898413,0.0040045716,-0.14402518,-0.08191259,-0.16903451,-0.03891035,-0.038157225,-0.0005854049,-0.06276221,0.04183789,-0.07119813,-0.110897854,0.052588694,-0.10673334,-0.07832856
-0.43282586,0.48377392,0.49244758,0.54042083,-0.32045537,0.29440722,0.03461941,-0.13904451,-0.41070104,0.041128807,0.11389743,0.23843783,-0.021232933,0.24282248,0.07681452,-0.1494621,0.14317419,-0.236545,-0.6346671,0.04931715,0.035377033,-0.2442136,0.08533788,0.039965577,0.21430893,-0.49286276,0.0759437,0.07857992,-0.2701494,-0.18698017,-0.20352855,0.14281122,-0.06822667,0.0229923,-0.122748986,0.09555395,0.110487044,-0.07262939,-0.28742564,0.14575088,-0.0017266665,0.00039938488,-0.18657216,-0.080365166,-0.10841688,0.14016189,-0.046063315
0.2082232,0.64355356,0.2710288,0.50339484,-0.31569192,0.31120512,-0.38128498,0.081893,-0.24522302,-0.28137636,0.014586115,-0.19155616,-0.08427181,-0.10786939,-0.30537394,0.24698628,0.020200768,-0.033509236,-0.49112913,0.028839502,-0.17163216,0.0095406175,0.18203002,-0.3430678,-0.09238444,-0.5414632,-0.11073392,-0.075154014,0.028430931,-0.14698727,0.12715328,0.15341888,-0.04717123,-0.021663552,-0.084765315,-0.1752805,0.0411589,-0.033804685,0.047115423,-0.06795704,-0.08111094,-0.075377986,0.0211475,0.049732387,0.05750476,-0.06603281,-0.104124606
1.2533811,0.60880286,-0.15003973,0.43872833,-0.2433946,0.30570066,-0.3292162,0.10258116,0.24579221,0.19471066,0.09644365,0.37442404,-0.10096538,0.18020123,-0.08546507,0.23452418,0.016489355,0.04335938,-0.52159697,-0.03551621,-0.19725066,-0.17111962,0.13442063,-0.31915373,-0.25617465,-0.45822555,-0.1724903,-0.09787079,0.14992788,-0.1849448,-0.18685174,0.16260603,-0.100982994,0.033369027,-0.11233805,0.17671014,0.08218242,-0.03853489,-0.02236366,-0.012724824,0.07606512,0.09208359,0.06296447,-0.055434357,0.058883544,-0.062156476,-0.07971835
-0.3467642,-0.32427514,-0.7615638,0.5216071,-0.48548007,0.30344212,-0.12546402,-0.34319597,0.30224106,0.2887851,0.02486255,-0.21519876,-0.07253284,-0.23936768,-0.047018558,-0.20305619,0.028850278,0.03922705,-0.40741125,0.019962428,-0.16903038,-0.124300815,0.2326633,-0.37725314,-0.19303305,-0.47624102,-0.2077293,0.023994766,0.102141686,-0.16983014,0.10632813,0.15135881,-0.05904031,-0.015133148,-0.070235685,-0.06242971,-0.20238227,-0.07555109,-0.051312238,-0.10849962,0.06233841,0.073063955,-0.20348266,-0.10534236,-0.08705686,-0.08456188,-0.117375344
-1.4578079,0.4593999,0.27094695,0.606021,-0.27097192,-0.25206742,0.64820623,-0.12146098,0.2838757,0.29506043,0.04949302,-0.24786732,0.30404976,-0.27166137,-0.046023346,-0.09791253,-0.30080897,-0.26746187,-0.45014107,-0.010521591,0.09056412,-0.21926226,0.11087819,0.028114967,-0.27182415,-0.44111145,0.06910177,-0.05122653,0.089704804,-0.12319033,0.1402199,0.108326875,-0.07118056,0.009198999,-0.102008566,-0.12943907,0.024225533,0.06519599,0.16178006,0.14143057,0.06359098,0.03809872,0.07902299,-0.09632726,-0.080133386,-0.08672885,-0.07873894
-0.51131094,-0.30692416,-0.5850238,0.5133781,-0.46302065,-0.25774774,0.6883375,0.25531876,0.20528942,0.24253929,-0.01194878,0.3981163,-0.022502858,-0.25538954,-0.1462009,-0.20030504,0.05226481,-0.00680536,-0.42246673,0.009490091,-0.18016829,-0.09320168,0.13015816,0.246616,-0.13037784,-0.39742234,0.1451004,0.05543103,0.09530618,-0.19070528,0.13459562,0.11468142,-0.03759358,-0.020797312,0.07849075,-0.16621117,0.12165819,0.05421202,0.026816973,-0.013727328,0.038414795,0.041776136,0.02758202,-0.07835613,0.08375156,-0.06311896,-0.10702555
0.36389774,-0.49784595,-0.69696033,0.41661066,-0.42178324,0.3138966,0.030306162,-0.10163959,-0.3080725,0.1473486,0.0049366876,-0.20916109,-0.19324185,-0.15719318,-0.07109045,-0.26081586,0.15131201,0.46970278,-0.5129938,-0.045465328,-0.021408021,-0.070560396,0.17777325,0.10502665,-0.12564777,-0.40270856,0.13327894,0.07215585,0.037821893,-0.09162743,-0.36602736,0.1336214,-0.096789196,0.03167459,0.06515374,-0.04730808,0.01117478,-0.06743245,-0.18851666,-0.010863535,-0.0013685832,0.011193,-0.06318378,-0.09999558,-0.10433512,-0.035032567,-0.08778534
0.18451019,-0.4705491,0.6443577,0.5233017,-0.35153967,0.3493978,-0.35503098,-0.0664634,0.22575827,-0.24064372,0.034504224,-0.15921295,0.33207962,-0.2711221,-0.07874561,-0.21824397,-0.3110706,-0.2217854,-0.5238456,-0.21569055,0.114243984,-0.1640098,0.13264297,0.11499223,-0.030634044,-0.51532847,-0.113400914,0.061243095,0.078791164,-0.115302145,0.08674425,0.1317295,-0.061251473,-0.0050197234,-0.08755107,0.1586142,0.095461495,0.0056692725,0.12482193,-0.13175392,-0.023565393,0.03542138,0.03437728,0.19554935,0.0881314,-0.06091962,-0.07188429
0.5655912,0.562026,0.2810623,0.47612822,-0.31035227,-0.32032913,-0.019125765,-0.36219493,0.31518972,0.26451546,0.01708628,-0.26030418,0.37061927,-0.2871739,-0.03293612,-0.057139456,0.12491627,-0.0066413847,-0.5078856,-0.25761077,0.11667707,-0.17285447,0.105989575,0.24479854,-0.08786032,-0.5696043,0.06827005,0.038848788,0.10040476,-0.20293064,0.09942381,0.11841978,-0.058232877,0.027345898,0.05329491,-0.10980543,0.073100574,-0.013176558,0.09275938,-0.019133464,-0.12450273,0.033423424,0.06049502,-0.14482833,0.07783673,-0.09209434,-0.091728225
-1.5790354,0.46203467,0.29768828,0.5082064,-0.31345648,-0.26026073,0.0804697,0.08067468,0.22424085,0.25861785,0.043815147,0.27016073,-0.14184432,0.1886529,-0.11359786,-0.30833507,-0.31256306,-0.01706297,-0.43527102,0.0019201711,-0.0014702575,-0.058349382,0.1273556,0.08053416,-0.07109108,-0.4058911,-0.1645047,0.056160476,-0.26738226,-0.19017477,0.1275713,0.13707404,-0.06779891,0.00075342134,0.07835061,-0.08352564,0.13181405,-0.037242346,0.0443042,-0.09735656,0.05669325,0.08865822,-0.10819444,-0.11956915,0.07778958,-0.067412466,-0.12208911
1.3431005,-0.46434855,-0.21331753,0.4826663,-0.28303418,0.31297532,-0.009580934,-0.43575945,-0.36226088,0.26591483,0.02740021,-0.17377995,0.316293,-0.1478579,0.049593195,-0.17262441,0.0012495033,-0.014852826,-0.5490878,-0.16855301,0.12883008,-0.20467709,0.1708033,0.09514554,-0.2690081,-0.48517045,0.101419955,0.029064015,0.11031281,-0.10613202,0.12303823,0.1548219,-0.13067947,-0.0013183341,0.06882761,0.15791023,0.018548355,0.016290227,-0.012346093,-0.030238286,-0.02017701,0.07245283,0.055214126,0.1687931,0.020141156,-0.09372527,-0.0750874
0.6976981,-0.59618735,-0.006039041,0.49908784,-0.40329796,0.37237975,-0.31384996,-0.045782182,-0.33666116,-0.18748404,-0.003478174,-0.30608565,-0.035793588,-0.3591068,-0.037964478,-0.09538166,0.18028598,-0.07999217,-0.5023685,-0.1031755,0.08885181,-0.14261048,0.13084121,0.23429535,-0.119672135,-0.39432767,-0.0323252,0.05969076,0.0018837871,-0.0937686,0.10957438,0.12437954,-0.084977955,0.011802776,-0.09943295,-0.14494263,0.0045531136,-0.03490219,-0.021030573,0.13160011,-0.039841745,0.07329194,-0.16749719,-0.10775635,0.07946428,-0.05731515,-0.05740567
-0.6204089,0.5282983,-0.3553543,0.55632144,-0.39223403,0.25784147,0.48773316,-0.332745,0.08963863,0.21094655,0.04300278,-0.13305548,0.3673191,-0.3329353,-0.030663168,0.24725851,0.1453164,-0.1986629,-0.49404338,0.18046169,0.069851585,-0.18979207,0.1983718,0.21674937,-0.037259102,-0.48007688,-0.18529047,0.016627934,-0.2715838,-0.14531901,-0.1604354,0.13314293,-0.05091591,0.018708697,-0.10070084,0.18363969,0.048113998,-0.052305035,0.023470102,0.11544555,-0.042508062,0.036249463,-0.15475647,0.048874784,-0.017663985,-0.08095227,-0.07136953
-1.8079411,0.6453544,0.043911465,0.580586,-0.31961963,0.29404607,-0.068782605,0.22567886,0.32933983,0.18054056,0.0096121,-0.29163724,-0.23289092,-0.13263623,-0.10427053,-0.09607673,0.11762181,0.00684897,-0.33430865,0.058412272,-0.024072126,-0.05974787,0.15621564,-0.34234694,-0.202866,-0.44425812,-0.0013032774,-0.013400702,0.12457412,-0.24701867,0.11718637,0.16920616,-0.053390455,-0.0106259035,0.06499284,0.06380532,0.046926957,-0.08693276,-0.046193715,0.08777416,-0.054117337,0.0709854,0.07437138,-0.10322206,0.07374091,-0.056709528,-0.07768491
0.76045734,0.57020223,-0.5488334,0.50097823,-0.27618098,0.29164985,0.5293679,-0.45716438,0.17669687,0.17257833,0.086975425,0.19885045,-0.1415903,0.22175047,0.0380058,-0.10945241,0.13254157,0.04934198,-0.44255713,-0.0384359,-0.21887967,-0.15029156,0.20953983,-0.18910709,-0.2316599,-0.47529247,-0.21567522,0.033640403,-0.2690889,-0.22221845,0.13674355,0.17232491,-0.10081894,-0.07039515,-0.1352064,0.14212053,0.018867863,-0.057614736,-0.030072222,0.089126974,-0.08498825,0.013756183,0.04630772,-0.08185609,-0.08065935,-0.08478977,-0.11384266
0.32762483,0.44500065,0.55874413,0.47788936,-0.34244233,-0.26753923,0.05878156,0.26352915,0.25299126,-0.18403463,0.10454001,-0.24421461,-0.13342352,0.17152181,-0.14528117,-0.26041406,-0.31186488,-0.02804234,-0.5709669,-0.107725784,0.08355563,-0.06883921,0.08027368,0.067790836,-0.09616727,-0.51119876,-0.0069006714,-0.12436508,-0.14136578,-0.12982638,-0.119662106,0.12200694,-0.050952602,0.00436888,-0.06786385,0.12893519,0.069233075,-0.0695746,-0.19518453,-0.09510894,0.03676086,0.08887824,-0.078705646,-0.04159891,0.10206818,0.15438983,-0.12412196
0.13288522,-0.6050544,0.26590264,0.4988508,-0.34208384,0.42401052,-0.3751808,0.3172462,0.25844476,-0.26313934,0.029591244,-0.25780693,0.4168007,0.24266595,0.077367015,0.2284121,0.18787828,-0.03659545,-0.5524275,-0.08056527,0.09037658,-0.14701067,0.15833376,0.24784088,-0.2206127,-0.5185837,0.080137566,0.065312564,0.06596228,-0.09875485,0.13866673,0.13731979,-0.08330901,0.02224393,0.05653038,-0.16403006,0.015153286,0.047548857,0.02080544,0.14342858,-0.014049714,-0.029265003,-0.15502608,0.16390508,-0.07126087,-0.04927949,-0.096957535
-1.5063385,-0.63021547,-0.023302224,0.5086703,-0.29548845,0.3462377,-0.44579196,-0.28260198,0.20304033,-0.29574114,0.08263277,0.30484608,-0.059073757,0.14118677,-0.01732774,0.19098516,0.026974747,-0.16005458,-0.38786376,0.05891455,-0.18757531,-0.099944316,0.16291817,0.08416045,-0.053126972,-0.4044167,-0.19297315,0.05351769,0.06590632,-0.18848725,0.1667038,0.12190016,-0.09082667,-0.046658926,0.07493528,0.22065516,0.018425,0.061014537,0.16628717,0.0830386,-0.061883282,0.117317066,0.041255508,0.17194186,-0.061359126,0.20525238,-0.10591777
-1.7639397,-0.32007015,-0.7926398,0.51736045,-0.34903443,0.30621448,-0.10954131,-0.32948238,0.3203127,0.19799583,-0.014329104,-0.18492508,0.32026866,-0.15089378,-0.01124129,-0.12509602,0.019992152,-0.029515145,-0.52155554,-0.019369133,0.05892926,-0.15953018,0.16830721,0.058143247,-0.09808786,-0.40430832,0.11831379,-0.1089534,0.13005714,-0.091160506,-0.18119061,0.13107795,-0.08350809,0.004141973,0.062703796,-0.07268964,0.08645525,0.05872919,0.0485062,-0.031744227,-0.044439793,0.10975965,-0.15326378,0.19609323,0.011645038,-0.093911454,-0.08520864
0.14352635,-0.62193054,-0.7366587,0.49659595,-0.3218116,-0.3942423,-0.35935348,-0.40287238,0.17655402,-0.31918696,0.090297975,0.2773194,-0.112858586,0.22114983,-0.09201373,-0.25398052,0.16874202,-0.17371185,-0.412174,-0.084554024,-0.19773719,-0.12012156,0.14326867,-0.2557031,0.25113732,-0.42856896,-0.20448127,0.03800161,0.055573918,-0.18237433,0.097043276,0.1307087,-0.061430346,0.021437472,0.058413263,0.09165428,-0.21408588,0.023694351,0.1129891,0.08702807,-0.079295024,0.0909282,0.013778298,0.13754484,0.0713962,0.21781956,-0.121215425
0.4663483,0.5487523,-0.451432,0.42909485,-0.32479563,0.29016063,-0.29708406,-0.34779468,-0.010661708,0.17670251,0.09788821,-0.22323911,-0.10964975,-0.20255095,-0.12675287,-0.3001577,-0.38632903,-0.12458394,-0.48863888,-0.02313216,-0.21382448,-0.17071283,0.18512955,-0.3765221,-0.069319926,-0.49652275,-0.16463871,0.010256097,-0.27742556,-0.20071691,0.09174873,0.16178419,-0.052438967,0.018335916,0.107255906,0.13961816,0.057879172,-0.028412435,0.024029719,-0.12708412,-0.13646153,0.07476792,0.02770209,-0.12894611,0.087566055,0.19456294,-0.10158859
-0.16961625,-0.5360252,-0.6573868,0.49447966,-0.37882486,0.30732358,0.04817928,-0.35946718,0.22095622,0.30040804,0.014477984,-0.2056807,-0.12899365,0.17074078,-0.121899225,-0.11442549,0.016191434,-0.0034727668,-0.57221925,-0.059250064,-0.18876345,-0.06080472,0.22812481,0.0599544,-0.092774816,-0.44928595,0.10123621,-0.13890342,0.07785448,-0.11888906,-0.195054,0.12153926,-0.07339874,0.04662452,-0.098973766,-0.06662914,-0.21502158,0.052194864,0.13485548,-0.008490248,-0.04668967,-0.04485665,0.01611617,0.14845324,0.06346041,-0.10557042,-0.11911742
0.1352405,-0.56362677,-0.12458984,0.4723603,-0.32588035,-0.26629734,-0.40235513,-0.06295281,-0.25952995,-0.2412303,0.008922361,-0.19354475,0.24925771,-0.3150878,-0.19848503,0.2108471,0.016053697,0.5411647,-0.548907,0.023084648,0.08217967,-0.14243652,0.11835944,0.086832255,-0.10627974,-0.41030422,-0.018912863,0.014965545,0.083627425,-0.1309599,0.10119879,0.08159955,-0.0679356,0.009307273,-0.06120745,-0.18224889,0.025026603,0.0031531055,-0.21309598,-0.121139295,0.0005019242,0.005099088,0.02798702,-0.1466104,0.07539669,-0.057873763,-0.093083635
-0.18154138,-0.48202932,0.062554926,0.559674,-0.33329841,-0.31787688,0.052562255,-0.2968047,0.23727508,0.28031933,0.060968146,0.21647342,0.034295417,0.20177095,-0.13498813,-0.25286493,0.025103135,-0.22049999,-0.55624306,-0.21644287,0.061554704,-0.19441256,0.08701319,0.22159465,-0.07236647,-0.49438158,0.0654794,-0.10733127,0.08240553,-0.1064751,0.13052948,0.082449086,-0.076769695,0.002784635,-0.09086398,-0.14571486,0.022625966,0.052243654,0.10814478,0.11435463,-0.04734727,-0.052262288,-0.10980597,-0.07682422,-0.09521917,-0.09390985,-0.10330236
-1.886762,-0.50125676,0.17145789,0.60793656,-0.3232326,0.36974108,-0.36836883,0.061046395,0.292928,-0.2272936,0.06517506,0.2529432,0.28848863,-0.19074409,0.030329328,-0.18050785,0.110213704,-0.06681607,-0.37093562,-0.10835923,0.09777755,-0.1158012,0.11868813,0.25835568,-0.14659217,-0.44316036,0.060561467,0.03470862,0.06497571,-0.08373127,0.10565761,0.1360442,-0.08575195,-0.0058596293,0.0769646,-0.1335321,0.014541632,0.02597637,-0.053484514,0.114147946,0.05821765,0.08594417,0.057966627,-0.09638058,0.025926752,0.16121444,-0.08938679
-1.8070717,-0.64437324,-0.01351015,0.4466895,-0.33074045,0.28170574,-0.06944701,-0.30196798,-0.29759565,-0.2659804,0.008935735,0.39773035,-0.021609828,-0.19308725,-0.004485644,0.22033885,0.13760865,-0.16633151,-0.35466155,0.09941846,-0.19133341,-0.11126093,0.063193336,0.24887154,-0.13522446,-0.3533788,-0.18811364,0.025940184,0.045035448,-0.120398395,0.1434761,0.11994716,-0.08964468,-0.0073024007,-0.11292685,-0.175351,0.13073112,-0.042447574,-0.28235763,0.076256104,0.013376219,-0.007698181,0.059640914,-0.10031767,-0.011780195,0.21797901,-0.13336405
-0.15577778,-0.16883917,0.07204423,0.55832094,-0.43057162,0.36799407,0.0772918,-0.13387357,0.3652233,0.17229593,0.032092407,0.2573401,0.0401913,0.23738185,0.06470286,-0.27074876,0.0962865,0.00828833,-0.58031905,-0.081608355,0.06384853,-0.16581134,0.112882264,0.083764106,-0.26046535,-0.45228797,-0.011142965,-0.13074508,0.13613507,-0.1279467,-0.19915931,0.13222118,-0.08818932,-0.042650297,0.060973983,0.087428674,0.11319567,0.07256341,-0.27014434,0.12886393,-0.03996271,0.10063224,-0.095818214,-0.057216015,-0.09820514,-0.054315127,-0.05689391
1.4232302,-0.37810367,0.35668942,0.555996,-0.29818627,0.37345976,0.5900285,-0.43455088,0.25393558,-0.25302312,0.036904953,-0.1548976,0.39044002,0.2019726,0.038605403,-0.19411051,0.14012712,-0.042782683,-0.51599604,-0.2740961,0.14755179,-0.15236852,0.17997564,0.15681101,-0.10904757,-0.5332245,-0.005369048,0.017861333,-0.08098122,-0.08756671,0.108430594,0.1400253,-0.12600157,0.018492213,0.06996417,-0.055797335,0.072709024,-0.018799165,0.01861286,-0.16980693,-0.15116581,0.08782985,0.012942547,-0.044198137,0.04182426,-0.10391022,-0.10539841
-0.8443757,-0.64710164,-0.7167787,0.57307076,-0.46200988,-0.26594535,-0.36525294,0.25104833,0.3505539,0.26016575,-0.019593932,-0.23672968,0.009567512,-0.31079075,-0.08407569,-0.20774621,0.107721224,-0.016192116,-0.4152247,-0.02036614,0.08067248,-0.22305843,0.16727234,0.23239157,0.26905772,-0.41738224,-0.04971141,0.06353606,0.112409316,-0.15220985,0.12872954,0.09523805,-0.063705556,0.035455726,0.052823655,-0.12833622,0.039152093,-0.037117586,-0.04840952,0.13920653,-0.029147705,0.09122735,0.05838858,-0.099373534,0.060627945,-0.06425928,-0.08243717
0.7314133,0.61442727,-0.6457107,0.5030192,-0.33045512,0.34438288,-0.07166217,0.07554109,0.16685233,-0.2600063,0.04732222,-0.19290364,-0.17480767,-0.15843372,-0.14154387,-0.08682585,0.024344383,-0.22676648,-0.56066716,-0.06675865,-0.22092682,-0.14021723,0.191558,-0.20437907,-0.10830812,-0.46397817,-0.049890142,0.0027018334,0.08785779,-0.16181517,-0.12010518,0.17518422,-0.092126794,0.018004512,-0.11655952,-0.16636176,-0.0010937998,-0.068349294,-0.0221115,0.07985476,-0.044637498,0.08590405,0.032567423,0.17052022,0.07691867,-0.07592455,-0.07591801
-1.6163912,-0.58083063,-0.7563919,0.59672993,-0.3611045,-0.22307391,0.716701,-0.2511046,0.24594146,0.3402137,-0.033055168,-0.18556677,0.35294348,-0.24385193,-0.08022143,0.23516361,-0.25791234,-0.01569441,-0.41928574,0.026184665,0.09029091,-0.19051014,0.17121652,0.18867248,-0.22736128,-0.39917466,-0.2038351,-0.0027626664,0.073745124,-0.111013755,0.08979249,0.09057846,-0.09468473,-0.016409947,0.045267887,-0.17298193,0.025079446,-0.019792795,0.11106752,0.13567622,-0.013182608,-0.0408111,0.09773319,-0.1551821,-0.045145754,0.16667973,-0.12859742
0.7782859,0.624114,-0.58112836,0.48093313,-0.27062562,0.34664527,-0.35360512,-0.08589253,0.18171576,0.15727681,0.117939234,-0.20854332,-0.15908661,0.17758876,-0.17608576,-0.11945835,0.026815625,-0.23648681,-0.55562997,0.023946073,-0.1985638,-0.22181962,0.20909694,-0.1781408,-0.08240324,-0.49377146,-0.17795895,-0.055758633,-0.20026644,-0.23563541,0.13946062,0.16935624,-0.06886993,-0.065324,0.12011306,0.15062802,-7.611897e-05,0.04546207,0.021460077,0.07985476,-0.12805511,-0.016572751,0.043732744,-0.024903992,0.058801856,-0.07162313,-0.10325352
-1.4845799,-0.49592575,0.5253492,0.56771445,-0.37082344,0.2812397,-0.094115265,0.07883079,0.2473294,0.27733123,-0.012686063,-0.22237179,-0.10831793,-0.18825266,-0.052769262,-0.17952664,-0.2949849,-0.033016186,-0.46337953,0.038824107,-0.16282289,-0.11933554,0.19555414,-0.2561079,0.22039287,-0.42503393,0.051713187,-0.12093953,-0.196865,-0.15762095,0.116821975,0.13139425,-0.0971611,-0.042783283,-0.06901491,0.15294959,0.027805157,-0.04985998,0.1736393,0.10924375,0.10144746,0.087348886,0.05146995,0.20462887,-0.0672384,0.1018457,-0.12219041
0.6674303,0.4773311,0.1632372,0.4426941,-0.34267786,-0.25838134,-0.3021591,0.074592695,0.10912512,0.19758913,-0.017749231,0.30713335,-0.4655921,-0.11013255,-0.3462545,0.15594788,-0.33697265,0.036881473,-0.5098096,-0.12348607,-0.08121608,-0.090115584,0.1228536,-0.37867773,-0.11658432,-0.51375437,-0.13151388,-0.035079703,0.10151874,-0.17903805,-0.39175338,0.12398039,-0.08206962,-0.04048824,-0.076020226,0.18434791,0.030249044,-0.03115888,0.11565437,-0.08733705,-0.009584678,0.015444157,0.064129174,0.16866757,0.06642587,-0.069680996,-0.11142901
-1.7251165,0.51283413,0.54182136,0.5573585,-0.288919,0.2860525,0.11695265,0.24439096,0.30535147,0.21135087,0.053690076,-0.105441175,0.40991643,-0.11267718,0.045279834,0.2843739,-0.30346608,0.5316972,-0.49092942,0.13318396,0.059748273,-0.116523154,0.19046281,0.23745357,-0.2722623,-0.45136172,0.07595078,0.057986565,0.106041275,-0.17095718,-0.1919986,0.12654693,-0.07833451,-0.011063104,-0.069673054,0.20113982,0.040139202,-0.012236955,0.16904531,0.14666764,-0.056488972,0.013590635,-0.17605692,0.058103014,0.069427125,-0.062000684,-0.048948456
1.1294162,-0.5228057,-0.6025392,0.43511605,-0.37473917,0.3421193,-0.4103821,0.10163239,0.20923468,0.23312207,0.021659303,-0.2155825,-0.1596607,-0.18136054,-0.008259424,-0.15108776,-0.34133703,-0.15401375,-0.60563374,-0.11533514,-0.20207396,-0.17527954,0.19642438,0.23421939,-0.09530721,-0.4761661,0.110080466,0.07459716,0.103244044,-0.1401575,-0.10419415,0.13035893,-0.13748251,0.010325225,0.10560156,0.16679426,0.069021024,0.04775376,-0.03385783,0.07985476,-0.11907035,-0.1463496,-0.18281288,-0.08437307,-0.10522697,-0.059930537,-0.07689507
0.48928824,0.5495011,-0.655202,0.5039612,-0.2919834,-0.440466,0.47846603,0.07354309,0.24960507,0.28170425,0.040478397,0.24032776,-0.09343224,-0.39720437,0.02545811,0.14693394,0.12855023,-0.23478812,-0.52364236,-0.04048247,0.091992654,-0.27695104,0.11534997,0.19585569,-0.27898175,-0.47140464,0.14175348,0.05104095,0.14669843,-0.17847466,0.11996217,0.12456132,-0.06412807,-0.029626565,0.08049859,-0.11289521,0.022174329,0.0339931,-0.018350115,-0.030942917,-0.11510258,-0.03968715,0.053689383,0.13781051,0.041302264,-0.077856414,-0.08143176
-1.6950068,0.5687685,0.55222684,0.53222984,-0.20307231,-0.31290504,-0.37794667,-0.26697525,0.18930183,0.31727898,0.06848771,0.35046422,-0.07779087,-0.13127701,-0.13299353,-0.10491564,0.11756919,-0.17985977,-0.42472214,0.06752723,-0.15023053,-0.096335255,0.10165168,0.022183476,-0.11811848,-0.48925266,-0.12742421,-0.048485518,0.09511926,-0.20456047,-0.19109249,0.14194855,-0.06486955,-0.076287255,0.07666311,0.1849358,-0.28914863,-0.053569503,0.034575485,0.08342031,-0.05484975,-0.117568545,0.07766494,-0.096693665,0.053375654,-0.09335952,-0.11154471
0.096040435,0.5763171,0.24647842,0.44800416,-0.30789107,0.27891883,-0.30099913,-0.42209977,0.19096804,0.15427592,0.0799262,0.3587745,-0.17916162,-0.117731616,-0.23116794,-0.10829577,0.010220012,-0.24472463,-0.5952888,-0.10797669,-0.062289912,-0.06573851,0.10934006,-0.34709728,-0.1014666,-0.53382754,0.06618478,-0.040609054,0.10316462,-0.18792924,-0.5194761,0.14870167,-0.046401836,0.022768956,-0.10653907,0.078462034,0.045401648,0.036824442,-0.036890406,-0.017503047,0.06514257,-0.02219677,0.028224278,-0.017231701,0.07109202,-0.10952155,-0.09411084
-1.5564829,-0.32972595,-0.15649477,0.52710354,-0.4489199,0.261805,-0.07770274,-0.11211413,0.24045901,0.25771132,0.009022029,-0.18680668,-0.064635135,-0.17248683,-0.12539217,0.3032793,-0.29984358,-0.14032656,-0.4615545,0.1997117,-0.14184062,-0.12539083,0.20986967,-0.34643468,-0.10098212,-0.34951892,-0.1585974,-0.1408393,0.121219896,-0.17328912,-0.14235629,-0.14783536,-0.08093232,0.02032935,0.04934094,0.21511002,0.028079147,-0.048062973,0.19505711,-0.103872165,0.08165231,0.109715745,-0.23695613,0.06703119,-0.051245753,-0.047520142,-0.08270615
-1.5012289,-0.3393229,-0.18679819,0.5978089,-0.3417171,0.39062983,0.046700202,0.29861516,0.06307944,-0.16353378,0.031886857,0.27329874,0.28163877,0.16218129,-0.00160845,-0.2933059,0.11669399,-0.18641649,-0.4300553,0.0049082674,0.07395684,-0.1862988,0.1394245,-0.2631975,-0.05028481,-0.40458828,-0.16284874,0.05145089,-0.21450561,-0.15134531,0.16091268,0.13911621,-0.08252218,-0.01009143,0.09087703,0.16065185,0.029397927,-0.034078695,0.06471031,-0.14771296,0.061356615,0.029723372,-0.115790784,0.1570997,-0.10086642,-0.062272064,-0.070255175
0.55616313,-0.5198853,0.0076781395,0.38036218,-0.35175124,0.37646547,-0.11999044,-0.4212607,0.18336207,-0.1668371,0.08203875,-0.21109918,-0.27251357,0.19200814,-0.0021981448,-0.084308736,0.12152139,0.52590895,-0.5138587,-0.08841478,-0.0879221,-0.11013181,0.19212846,0.26509586,-0.108218476,-0.42956892,0.083098516,0.017082999,-0.15592188,-0.11864253,-0.12949982,0.13985303,-0.090646006,0.018586509,-0.10404805,-0.038181286,0.005624447,-0.05114364,0.015914055,0.07985476,-0.035947043,0.037742585,-0.0096657,0.121470414,0.07711006,0.19004661,-0.09676615
0.85144293,-0.15792447,-0.6681679,0.45552382,-0.31419218,0.38220668,0.0747353,0.31842497,0.16432817,-0.21252313,0.02020228,0.33126965,-0.072836414,0.25828314,-0.05141277,-0.18677332,-0.31135568,-0.02585211,-0.54220897,-0.15714023,-0.2036815,-0.124987595,0.16854738,0.11197695,-0.120329276,-0.4203076,0.12149182,0.05119232,0.073790096,-0.19187526,0.14443539,0.12470551,-0.08471108,0.048887767,-0.08895697,-0.061673906,0.03698035,0.06886997,0.0575755,-0.13836683,0.097903736,0.048563085,-0.040206194,-0.08384569,0.077280365,-0.056921605,-0.08164429
-1.7153503,-0.57592654,-0.7639854,0.5081513,-0.32422322,-0.21514519,0.011984246,-0.142236,-0.3028202,0.22993827,-0.041402325,-0.3209156,-0.03707801,-0.23137055,-0.053695984,-0.24164593,0.07390645,0.501585,-0.4079244,0.086172536,-0.15574211,-0.106570475,0.13016161,0.06568736,-0.19453718,-0.33078203,-0.06158879,0.0026519215,0.033818826,-0.12656784,0.103432134,0.10232594,-0.081383415,-0.08821857,0.07074599,-0.1460029,0.006915758,-0.071576826,0.05381874,-0.0959793,-0.05851297,-0.12038829,0.093623176,-0.15688394,0.02818233,-0.06792272,-0.112552494
0.70451635,-0.4510095,0.41062334,0.4417191,-0.31626865,-0.28581744,0.018420562,-0.32436186,0.1531363,0.3073266,0.056394443,-0.15559658,-0.25235978,-0.12137731,-0.17822337,-0.16785178,-0.23417002,-0.18548344,-0.48225617,-0.28057313,-0.08795879,-0.1342835,0.14654766,0.24379525,-0.047165807,-0.5282309,0.0628524,0.042519666,0.10418861,-0.1783022,0.113617554,0.10311799,-0.10576676,0.025645772,-0.08553483,0.19184108,-0.22592346,0.04087846,0.038200513,-0.0062026437,-0.0070267897,0.02887129,0.053032815,0.05626265,-0.094889656,0.25468647,-0.11942563
-1.8062868,-0.56935716,-0.77483964,0.5330804,-0.37178868,0.29171875,-0.11303728,0.09446283,0.29591814,0.20703565,-0.005764745,-0.28852132,-0.098243795,0.20271519,0.004182377,-0.24957897,0.04393731,-0.01571048,-0.44563255,0.056133926,-0.14854515,-0.11695173,0.20393418,0.0623813,0.22856055,-0.37753326,-0.04075702,-0.12568836,-0.22495228,-0.14271303,0.14620078,0.13307367,-0.0795879,0.04947452,-0.08526548,0.12049791,0.0076359333,-0.09566719,-0.07173019,-0.12010856,-0.041934185,0.10043985,-0.16372229,-0.06579439,0.06374726,-0.06470804,-0.1328185
-1.8704077,0.5354809,-0.73021775,0.58387536,-0.29269326,0.2634432,0.014940498,-0.15107179,0.27952364,0.06640774,0.05078658,0.15473345,-0.066300064,-0.12917039,-0.10240382,-0.13269363,0.056375846,-0.22229512,-0.4828093,0.13038284,0.02251044,-0.20075996,0.14934283,-0.17925052,-0.13031949,-0.33911246,-0.03813128,-0.11909614,-0.26140016,-0.18412773,-0.18891364,0.14563635,-0.055235013,-0.00013543852,-0.099141344,0.09712889,0.003916044,-0.08367909,-0.07721114,-0.13643022,-0.050272822,0.08327341,-0.16180767,0.016001664,0.030394925,0.1593611,-0.05058753
-1.6023976,-0.4662919,0.053598735,0.519385,-0.34002888,0.29993802,-0.06404016,0.22371374,0.08750931,0.133236,0.0243938,0.33476236,-0.16483612,0.16175082,-0.1449283,-0.13068427,0.01176727,-0.17322877,-0.45692226,0.022382598,0.012022567,-0.13547632,0.14615825,-0.38310617,-0.13737552,-0.3217117,0.096330345,-0.12180009,-0.2458479,-0.16095006,-0.45686102,0.11661238,-0.09079866,-0.005320186,-0.08989805,-0.16757278,0.012206698,-0.052413903,0.16113304,-0.103872165,-0.054413278,0.09869625,-0.14322847,-0.00490339,0.06805455,-0.077563,-0.07723978
-1.6278366,-0.2561378,0.14013785,0.5451286,-0.3131672,0.30191115,-0.09855081,0.22829537,0.19622426,0.108375445,-0.011513945,0.263332,-0.04046984,-0.20836286,-0.06109565,-0.08136085,-0.23637946,-0.19027536,-0.46345878,-0.073920846,-0.1295261,-0.096187145,0.12038321,-0.28529269,-0.06486319,-0.39869773,-0.12824441,0.01745595,0.07029921,-0.18100367,-0.3589632,0.14741549,-0.069766246,0.036896624,0.060403273,-0.09154149,0.0006380286,-0.09369337,0.020684542,-0.071992815,-0.06581294,-0.14404945,-0.13768476,-0.093422756,0.010839195,-0.08521038,-0.11464328
-1.7326834,-0.30474424,-0.09461244,0.4863686,-0.32747036,-0.34787565,-0.44484338,0.06510218,0.25256994,0.3124022,0.053986285,-0.3334988,-0.20723331,0.16354087,-0.0906423,-0.24177366,0.025949685,-0.10108169,-0.43497118,-0.0042247605,0.0077787274,-0.12934034,0.14665793,0.10231036,-0.052505884,-0.38931534,0.10674147,0.06545904,0.10460182,-0.18478304,0.10377225,0.11203951,-0.06444931,0.021389566,0.06400041,0.18527381,0.08202686,-0.048658065,0.056561455,-0.016965663,-0.05566798,0.038393788,-0.21718982,-0.097032934,0.06489233,0.17481068,-0.13104743
1.145119,-0.4424965,-0.49701884,0.51633936,-0.30737332,0.3488973,0.03490783,0.25006968,-0.3567242,0.1924206,0.060858198,-0.25688764,0.37839493,0.31245494,0.05036789,-0.29295313,0.013280502,-0.22100864,-0.6224048,-0.1702695,0.1012299,-0.3064748,0.14851153,0.079182886,0.23000546,-0.47565404,0.12685473,-0.15892926,0.06786711,-0.15252347,0.10233343,0.15464683,-0.1153092,0.028913481,0.07961427,0.119176306,0.05794966,-0.021370595,-0.14353187,0.1566545,0.09873304,-0.007678521,-0.11137147,-0.080127984,-0.09764925,-0.04711545,-0.088812254
-1.5033215,-0.414315,0.28191358,0.5595409,-0.2938322,0.27008304,0.04727971,-0.29290232,0.2734918,0.18720224,0.040217295,-0.20326523,0.3902456,-0.14760195,0.093818404,0.18587805,0.098070264,-0.23297699,-0.44617188,-0.0925145,0.08312891,-0.19403909,0.09217607,0.082388595,-0.30223924,-0.5185265,0.029196491,-0.11171046,-0.25739622,-0.15237866,0.11646293,0.12718126,-0.081413805,0.007661966,-0.10451887,0.07631652,0.09117214,-0.06650296,0.050916404,-0.044078052,-0.059966423,0.031639945,0.055635132,-0.13781856,-0.037844263,-0.10997867,-0.086783186
-1.8384086,0.58474034,0.5274054,0.5210894,-0.26922762,0.32910648,-0.44790065,-0.08322619,-0.32254106,-0.23979108,0.020672398,-0.34809956,-0.049955122,-0.121093266,-0.05848847,0.32729486,-0.30864993,-0.04869789,-0.47289607,0.1683101,-0.1282476,-0.012550416,0.16848487,-0.19221513,-0.047398444,-0.45759198,0.067947455,0.012020182,0.019868903,-0.14099623,0.10974501,0.15009524,-0.07588561,0.031352557,-0.080679476,0.14860997,0.11183886,0.051143385,-0.08904287,-0.031653013,-0.082920186,0.02760843,-0.09463032,0.20967942,-0.057568274,0.12171123,-0.08509624
-1.686981,-0.4291997,-0.79647195,0.5078691,-0.2864533,0.35473344,-0.1021203,-0.34380275,0.23414029,-0.24393597,0.049017895,-0.25008705,-0.10502389,0.21687981,0.026251582,-0.12777339,-0.22047241,-0.19179656,-0.4711356,-0.07379582,-0.1600297,-0.12882604,0.14320481,0.11580941,-0.09594068,-0.38301265,0.11287928,0.0126371365,-0.15632768,-0.11044356,-0.15331492,0.12090971,-0.09934696,-0.08584584,-0.08809766,-0.07042724,0.09603755,0.076411575,0.13131179,-0.016002217,-0.037781157,0.104630284,-0.039593015,-0.06741221,-0.07738181,-0.08959117,-0.12407882
-2.023131,-0.26703689,-0.1611954,0.60368484,-0.3272811,0.34136835,0.6911062,0.21865539,-0.37140438,-0.1023625,0.0532019,0.2759981,0.2089366,0.1955046,-0.034868054,-0.26888114,0.029230284,-0.18166265,-0.5258499,0.045140736,0.059773557,-0.21916373,0.07517594,0.07231538,-0.046924774,-0.36053005,-0.023784727,-0.13070928,-0.199375,-0.09811101,-0.17160055,0.12315639,-0.0791611,-0.010175622,0.077416286,0.069362246,0.118601695,0.047374345,-0.2637259,-0.036191314,0.005014872,-0.012456658,-0.19189107,-0.07918754,-0.067536384,0.17098483,-0.06277742
-1.8088727,-0.24687506,-0.69348055,0.5522095,-0.2295181,0.25732574,0.06862116,-0.29036066,-0.4155302,0.3327604,-0.019399613,-0.20011091,0.30654606,0.16028556,-1.1998229e-05,-0.19211677,-0.19481644,-0.024463333,-0.45106742,0.0028104372,0.077566974,-0.11909763,0.19654943,0.09506817,-0.046282373,-0.3906965,0.14061946,0.06745331,0.06889949,-0.119240314,0.12922187,0.1461249,-0.0812961,0.012673279,-0.070537396,0.19007944,0.02978503,-0.072769865,0.18674755,-0.031917676,-0.03097175,0.07714592,0.07624356,0.1962128,-0.074998796,-0.091039,-0.088057235
-1.9631138,0.44520435,0.0635662,0.57835436,-0.25317967,-0.21043064,0.076782495,-0.15094173,-0.41788495,0.081760205,0.06666859,0.2363275,0.24192798,0.12005259,-0.10353103,-0.31853437,0.044436954,-0.14540276,-0.5151935,0.09053313,-0.11049912,-0.12802625,0.03815096,0.054629553,-0.086997695,-0.40156963,-0.008490358,-0.13191459,-0.26118183,-0.13374424,-0.213777,0.11153762,-0.068219915,0.024203576,-0.10824147,0.1513492,0.116811275,-0.0036118752,-0.2811808,-0.10813105,-0.0017009052,0.070263624,-0.21304524,-0.06936033,0.078525946,0.19694355,-0.08148949
0.69568944,0.45504686,-0.00058209617,0.47752887,-0.2834242,0.307506,0.5217863,-0.44838434,0.19141953,0.20833623,0.12746732,0.24661008,-0.05593615,0.22876135,0.039869487,0.17050713,0.028527556,-0.27677763,-0.5373053,-0.081756264,0.09767867,-0.3063345,0.18126957,0.20716135,0.21984549,-0.48803735,-0.036869876,0.04838254,0.10006494,-0.196456,0.13164218,-0.18459277,-0.10009913,0.01407429,0.09073899,-0.14819981,0.03578785,0.0505664,0.06362912,-0.19732605,-0.13045879,0.03210975,-0.13438477,0.11351901,-0.04181851,-0.100849345,-0.084225304
0.13500623,-0.13936307,0.56894284,0.49071026,-0.29878798,0.39880776,0.0526538,0.3304441,0.24023753,-0.16526227,0.013913401,-0.18440144,0.45702907,0.1359201,0.074473046,0.18012656,0.15416197,0.5521162,-0.6042919,0.0004705079,0.11632346,-0.13052075,0.14986883,0.11165494,-0.10849874,-0.5428814,0.06686177,0.04966341,-0.13148044,-0.08069763,-0.17149118,0.14209503,-0.07078868,0.037878796,0.060973983,-0.06289578,0.010806066,-0.015381616,-0.20802926,0.12988272,0.0152886165,-0.022477876,0.027285896,0.12048507,0.06285164,-0.07067069,-0.06670775
-1.9664224,0.41387567,0.21084255,0.5771105,-0.2379814,-0.21081392,0.07726122,0.08022873,-0.463675,0.08644875,0.082764,-0.2130873,0.29450965,0.13155133,-0.0617544,-0.31107742,0.048239127,-0.20043866,-0.5091202,-0.04027041,0.037999656,-0.15823467,0.050158687,0.06831783,-0.07820292,-0.43981096,0.05807882,-0.12830526,-0.25478542,-0.12227935,-0.18527034,0.10414727,-0.068219915,-0.06549395,-0.088394314,0.14163695,0.086846516,-0.0055571347,-0.2673167,-0.12221184,-0.006026408,0.002351892,-0.24323002,-0.084450096,0.071813814,0.20686647,-0.09234256
-1.6247106,-0.27532405,0.06747942,0.5526052,-0.2976887,-0.32177147,0.6292871,-0.25439698,0.1936073,0.24745181,0.020089135,-0.21819472,-0.12819304,-0.10839948,-0.023523668,-0.08669607,0.10270511,-0.21213564,-0.46142784,-0.055726267,-0.12955497,-0.12146952,0.093578674,0.117950425,-0.08471391,-0.44369805,0.06190118,0.049738448,-0.16737013,-0.17446846,0.12760884,0.10901612,-0.050067123,-0.06651448,-0.07284324,-0.18959205,0.09227918,-0.06955907,0.034588434,-0.07719441,-0.07253773,-0.13720058,-0.20389685,0.16541763,0.066404216,-0.10797777,-0.1610945
0.073236674,-0.55650854,-0.24605332,0.51507235,-0.42926583,0.33592027,0.085122496,-0.0797407,0.2294816,0.23093286,0.039446604,-0.16541243,0.07502904,-0.16615157,-0.12557784,0.23984547,-0.3299922,-0.0040544937,-0.54510885,0.0018413104,0.06647319,-0.21063392,0.15921292,-0.26101306,-0.22578064,-0.3822722,-0.15319471,0.046141267,-0.16255972,-0.120141655,0.12549682,0.12992242,-0.08020608,-0.031186469,-0.073867366,-0.17398383,0.016484369,0.07153296,0.09090107,0.13767423,0.008469647,0.08528315,-0.07490057,-0.10598832,-0.04622744,-0.04292682,-0.06604553
-1.2795976,-0.27869388,0.13418995,0.54647726,-0.39095706,-0.3699937,0.06087329,-0.29701668,0.24147747,0.19249848,0.0031942574,-0.19405699,-0.49798506,-0.14102778,-0.14937687,-0.21246807,0.028117886,-0.2646899,-0.49277467,-0.104674675,0.00809325,-0.1432866,0.085125074,-0.3078599,0.24109076,-0.45608824,-0.11773548,0.01711664,0.08176721,-0.16383499,-0.14307019,0.10079218,-0.05821773,-0.027048655,0.054788772,-0.075799316,0.081654705,0.04945887,0.14496988,-0.045046527,-0.067307696,0.08413036,-0.13751194,-0.11861284,0.07996488,-0.094908476,-0.123837925
-1.869722,-0.5633544,0.04941342,0.52966946,-0.30726665,0.35472596,-0.4192848,-0.116814435,0.27221954,0.24712479,0.035732575,-0.3147566,-0.124143705,0.13899894,0.042096768,0.22855024,0.13875352,-0.017815312,-0.4159613,0.0044234544,-0.13638097,-0.08978689,0.1337311,-0.36908823,0.25978214,-0.42030984,0.03226576,-0.01648929,0.08413043,-0.19110918,0.1591524,0.15305804,-0.09244151,-0.071264744,0.061505225,-0.0763812,0.097856246,-0.09081452,-0.033541307,-0.041048903,-0.05886136,-0.006373903,-0.20155764,-0.11302988,-0.059655212,-0.05839926,-0.093790635
-1.9637412,0.50298923,0.19680418,0.58379996,-0.34588003,0.27857333,0.03998821,-0.14028595,-0.49133897,0.12167274,0.049160376,-0.2285368,-0.014895556,0.23301312,-0.025529992,-0.3564615,0.13880678,-0.15054081,-0.4657957,0.13271086,0.010592407,-0.16500364,0.13724238,-0.20651937,0.24431312,-0.38709497,-0.021095099,0.038971215,-0.1886887,-0.16114773,0.12586874,0.14700955,-0.05514493,-0.008094369,-0.1022291,0.056994367,0.086537555,-0.08493766,-0.28008592,0.12987027,-0.058649972,0.04623939,-0.12557137,-0.09232777,-0.077910945,0.14771484,-0.05607708
-1.925457,-0.41878393,0.22304827,0.5794325,-0.30475488,-0.26770076,-0.4442588,-0.14615163,0.352259,0.22917344,0.04846434,0.20708723,0.33328816,0.157469,0.047338214,-0.2865017,0.044042736,-0.17616175,-0.44161293,-0.066225246,0.05490673,-0.19328904,0.07432097,0.10191517,0.21939433,-0.39599857,0.06554408,0.03643717,0.14699301,-0.10862327,-0.2419779,0.08856157,-0.10439361,0.024407247,-0.073989615,0.15362187,0.020613413,-0.027094495,-0.26764905,-0.049138464,-0.061815117,0.027833354,-0.15325534,0.12949395,-0.10360892,-0.09032354,-0.11648644
-1.696472,-0.5088214,0.30430916,0.6039345,-0.3254348,-0.43636638,-0.076294795,0.06186581,0.23295389,-0.21662414,0.030780893,0.3516256,0.24768105,-0.20834306,-0.109415114,0.247454,0.06258105,-0.16917467,-0.4055636,-0.018296074,0.07992386,-0.20936017,0.03271506,-0.24790786,0.20879723,-0.39682376,0.004456978,-0.07293684,-0.19067274,-0.12920702,0.1583734,0.0962675,-0.083859764,-0.07779181,0.055460993,0.16697836,0.123457335,0.022984862,-0.2466375,-0.13747708,-0.0470689,-0.015347813,0.06641003,-0.11963853,0.0073981946,0.17126875,-0.1075878
0.9111864,-0.6158194,-0.14731476,0.48964933,-0.24452373,-0.277733,-0.27368137,-0.38746244,0.15502529,-0.2562649,0.020583961,-0.17310727,-0.0923642,-0.18606102,-0.1644899,-0.11612233,0.018998843,0.56382406,-0.5589034,-0.08450152,-0.22823943,-0.12480018,0.1659303,-0.24467868,0.21995957,-0.44134232,0.090072036,-0.036025062,0.07231059,-0.14604244,-0.10021361,0.110714324,-0.09234239,0.032094877,0.05783548,0.086577654,-0.20206422,-0.01974786,-0.0136820655,-0.124130785,0.056598645,-0.029460432,0.051325966,0.01256064,0.110625796,-0.08564418,-0.11123393
0.10095076,0.46908632,0.23259594,0.533198,-0.37164688,0.3058071,-0.080137275,0.06335052,-0.36823475,0.1576379,0.007991634,-0.2564558,0.3051093,-0.36267775,-0.11261289,-0.34826493,-0.3377747,-0.16683984,-0.6215087,-0.09299225,0.058180947,-0.13161258,0.112780824,-0.24717027,-0.06449908,-0.4969088,-0.11477176,0.049437232,0.0238448,-0.13927746,-0.38671923,0.13971595,-0.049603987,-0.0704168,0.091418564,0.105709136,0.10688519,0.026552733,0.038664117,0.11494213,-0.024533927,0.007931326,-0.15264192,-0.10163599,0.0697223,-0.05631242,-0.092032805
-0.5650521,-0.31211048,-0.50098866,0.51702535,-0.4639263,0.29184595,0.67762005,-0.31523857,0.2509678,0.23918,0.07177086,-0.2779477,-0.22946015,0.20268273,-0.20428361,-0.21865328,-0.2536167,-0.28450552,-0.49623433,-0.017799154,-0.04914027,-0.195718,0.16785866,-0.34584492,-0.25377578,-0.43242693,-0.18495157,0.007392321,0.103564195,-0.1805419,0.15252125,0.12505269,-0.039679725,-0.0027527763,-0.08756499,-0.06337531,0.018715061,0.08880402,0.11230264,0.072403744,-0.056504913,-0.03874069,0.038437545,-0.046842802,-0.008408679,-0.099611744,-0.113829106
0.8621454,0.56634843,-0.36694026,0.5298141,-0.2880914,-0.32525882,-0.30183613,-0.42190453,0.038441043,0.1972767,0.11313643,-0.12052578,0.40457043,0.1659903,-0.038698547,-0.113412894,0.1480115,-0.24178287,-0.5315451,-0.09526987,0.13627906,-0.28138062,0.19229996,-0.21645695,0.21458857,-0.5125423,-0.18108569,0.058440298,-0.19859348,-0.20106162,-0.17004818,0.1415963,-0.08415207,-0.054981276,0.07460532,0.07553405,0.053720217,-0.01964605,0.0924462,0.15140513,-0.14174375,0.018853895,0.062873535,0.1398569,0.062488094,-0.07931365,-0.11126849
1.1162517,-0.21355818,-0.18607399,0.43771312,-0.25369087,-0.40606216,-0.115179494,-0.3521493,0.20975707,0.22899722,0.086528584,-0.18138133,0.37467238,0.2556552,-0.09185515,0.1920087,-0.2676111,0.4858112,-0.5451196,-0.1279254,0.11743306,-0.19364843,0.15641777,0.24706665,-0.081929885,-0.43633333,-0.1651398,0.028697602,0.053572096,-0.075844474,-0.36522424,0.08772842,-0.10982481,0.008408286,-0.08120708,-0.09989957,0.058796447,-0.0105849495,0.022382556,-0.18263686,-0.13502471,0.02182044,-0.112462044,-0.121056765,0.045161754,-0.09822924,-0.08142982
1.4258548,-0.26746705,0.5444787,0.42397127,-0.28928766,0.31653726,-0.33104166,0.060802862,0.23940691,0.20578046,0.079028025,-0.19076057,-0.21677071,-0.20356773,-0.09746244,0.17381495,0.21003914,0.00878007,-0.44016987,-0.1232364,-0.0831026,-0.14155999,0.1710125,0.26999342,-0.09512253,-0.5632203,0.04230854,0.06059084,0.12350031,-0.15352076,0.11633836,0.14945641,-0.089905456,0.061379295,-0.083790325,-0.17533591,-0.21741526,-0.050940216,-0.002869837,-0.13526054,0.08813672,0.090764284,0.050089076,0.02083027,0.040930595,0.14791876,-0.10299759
-1.3762681,-0.2414051,0.5523991,0.5025355,-0.30898076,-0.22751972,-0.4888875,0.22584097,0.1872121,0.22174564,0.0055344696,0.3664242,-0.039965905,-0.07028949,-0.15530542,0.19913806,0.13349885,0.03252144,-0.42566022,0.13938981,-0.15558727,-0.15197887,0.13177745,0.046349466,-0.27586225,-0.47329703,-0.115062915,-0.1389078,0.066341646,-0.213167,0.077991255,-0.11701081,-0.066687554,0.012821546,0.028438585,0.17660744,0.13863914,-0.050088443,0.03237854,-0.11536186,0.086509265,-0.03532685,-0.1260637,-0.13933474,0.062153775,0.14157124,-0.10377803
0.23075356,0.5338013,-0.7732438,0.453615,-0.36479583,-0.25605646,-0.0091007,-0.11214317,0.20537898,0.14594094,0.0883737,-0.20791219,-0.25809786,-0.15132008,-0.24644205,-0.12327465,0.03252115,-0.24817526,-0.5697097,0.053552665,-0.034104325,-0.1710381,0.14378689,0.02050875,0.22729112,-0.46126583,-0.1810977,-0.13665274,-0.24675708,-0.21653827,-0.4393474,0.14098759,-0.070170395,0.026345594,0.076544,0.12243894,0.003784053,-0.08065862,-0.18607181,0.08702807,0.033250667,0.08910993,-0.089470364,-0.0910926,-0.11289847,-0.10202704,-0.099086076
1.2576883,-0.27047533,0.268207,0.44621506,-0.34175974,-0.35051224,-0.26467738,0.08875513,0.14043601,0.14370319,0.115298904,-0.17086135,-0.24565876,-0.14664522,-0.29473484,-0.18411976,-0.22800834,-0.16144939,-0.5554866,-0.34573203,-0.048567463,-0.18638885,0.08487526,0.15326767,-0.07782142,-0.4953063,-0.08601863,-0.091123655,-0.11041943,-0.11017844,-0.34907556,0.10290163,-0.12499652,-0.031211551,-0.08223711,-0.05168458,0.049023964,-0.02575673,-0.007688907,-0.08729777,-0.0043706773,0.05002731,-0.029588722,-0.11218956,0.09140799,0.19555527,-0.10933789
-1.8652073,-0.3716541,0.18649217,0.5935886,-0.30152234,-0.42617607,-0.42700967,-0.1753908,0.2718097,-0.21734117,0.038277093,-0.25030607,0.35821655,0.109847546,-0.010449341,0.21792027,0.044005364,0.5054474,-0.519063,0.07666189,0.08122993,-0.12580706,0.083521284,0.24001712,0.22319852,-0.39499116,0.058991592,-0.12637436,0.061110206,-0.10489071,-0.16295889,0.10040454,-0.06614865,-0.016589535,0.049509775,0.17792629,0.08900918,-0.045374002,-0.053244073,-0.13747708,-0.053977862,-0.026403615,0.038888365,-0.06551522,0.069625065,0.12355472,-0.09069963
1.0799503,-0.5659668,0.29451358,0.506709,-0.32647827,0.35096923,-0.07407094,-0.11608389,0.2709557,0.17860185,0.07040198,-0.13373831,0.43893638,0.24780959,0.14723597,0.29236743,0.1872042,-0.21489944,-0.54405755,-0.065621786,0.15113285,-0.2725612,0.16956092,0.23108098,0.21472754,-0.49443978,0.06709017,0.10214499,0.1328289,-0.08757932,-0.146784,0.12184428,-0.11223906,0.029701402,-0.09931044,0.15994231,-0.23374875,0.036933765,0.009953326,0.1669915,0.0717555,-0.03383386,0.046637014,0.13749632,-0.05324476,0.16192184,-0.050549995
0.7767379,-0.5185864,0.14925493,0.48112226,-0.32435444,0.3403684,-0.08649193,0.09444201,0.1390842,0.22364329,0.00296437,0.30202165,-0.07212404,-0.23182797,-0.012118015,-0.123302594,0.12458796,0.49165732,-0.48108494,-0.15179548,-0.19317694,-0.102476664,0.13493001,0.2435489,-0.057292707,-0.5108517,-0.0058535743,0.016792513,0.08722562,-0.18500005,0.11596514,0.15092637,-0.10713496,0.039575547,0.06636742,0.18205623,0.099910446,-0.06322752,-0.003984048,-0.0049865134,-0.14145704,-0.14459485,0.048556246,0.178967,0.06857632,-0.0682334,-0.08699643
1.2776945,0.57921326,0.00052230235,0.5319615,-0.21822175,0.37091288,-0.32091963,0.10466209,0.28857663,0.2934372,0.07421657,-0.14808768,0.040373974,0.24230614,-0.03343381,-0.26699787,0.18716578,0.0015419493,-0.53201973,-0.1312569,0.11025233,-0.21518782,0.22512138,-0.18212964,-0.14246117,-0.47069293,0.08016968,-0.09615397,0.13477191,-0.14753783,0.12685534,0.15105817,-0.10127986,-0.00370681,0.09555268,-0.13465565,0.06622391,0.026059099,-0.020545943,-0.009107033,-0.024610762,-0.020144925,0.066898316,0.00825087,0.05538829,-0.051968023,-0.05493781
0.162699,0.6374126,0.26855668,0.504174,-0.309204,0.28944957,-0.06567508,0.28581768,0.24822785,0.29906422,0.0030119144,-0.1994414,-0.081688054,-0.24705447,0.007312265,-0.14314348,0.21216394,0.030828632,-0.4638739,0.046594776,-0.16774373,-0.08130284,0.20550554,0.2314625,0.21017212,-0.5417994,0.07784252,0.02777988,0.14866881,-0.23215008,0.14590983,0.16327687,-0.054214206,0.029390836,-0.10528609,0.14962734,0.05690729,-0.080028586,0.027017625,-0.03800414,-0.04409652,-0.1541491,0.06656086,0.039326414,-0.09685163,-0.04565963,-0.096093774
0.14796355,-0.52676594,-0.73354626,0.5084671,-0.39352584,-0.2819614,0.05454355,0.13342504,0.039639954,0.24731255,-0.0031399664,-0.16423525,0.40026748,-0.12548669,-0.111410804,0.30259293,0.11772799,0.47314236,-0.4852231,0.062122747,0.102559544,-0.12854773,0.1882209,0.25326517,-0.10076097,-0.45372877,-0.04351526,-0.1218495,-0.21607155,-0.17390437,0.13701318,0.10025596,-0.0821498,0.02671674,0.0722862,0.17887476,-0.198963,0.045659333,-0.2105225,0.12316494,-0.060171153,-0.026129358,0.04269486,0.18028794,-0.049042985,-0.07785151,-0.10381724
0.8716936,0.5976409,-0.49383768,0.49994588,-0.3202617,0.3474935,-0.05494522,0.10681354,0.20350255,0.20686777,0.074963376,-0.13691801,0.40634426,0.20646459,0.012635062,0.25782838,0.2062085,-0.23557651,-0.569332,-0.06531371,0.1375436,-0.22160135,0.1967563,-0.19804923,-0.09782933,-0.4785109,0.13129815,0.021034341,0.110677175,-0.12211256,-0.15986383,0.1396285,-0.100423165,0.03465537,-0.11097382,-0.17916934,-0.0010353114,0.03648138,-0.014927262,0.14078636,-0.14169967,0.09777807,0.05816154,0.007408389,0.04053327,-0.06321615,-0.08436004
-1.6684619,0.5719929,0.016704999,0.5724465,-0.2871838,0.29515204,0.63492644,0.07330258,0.28317952,0.32621276,0.029300403,-0.1889503,-0.1063302,0.19601989,-0.02434376,-0.3016026,-0.3615759,0.038176652,-0.43870315,0.103095695,-0.1537153,-0.10081927,0.21395111,-0.28787506,-0.2397114,-0.37955785,-0.16775762,-0.0749396,0.14400855,-0.17347299,0.13101788,0.15418942,-0.06289434,-0.026131753,-0.087154314,-0.06688997,0.041375913,0.10271822,0.011447502,0.08790162,-0.059371173,-0.016017012,0.0738013,-0.052474495,-0.021049265,-0.061822206,-0.10386066
-2.0090985,0.38329235,-0.014122727,0.6050057,-0.23328643,-0.20703942,0.62983704,0.06710083,-0.4364546,0.10019071,0.0892002,0.22040528,0.24822994,0.13236348,-0.013600241,-0.30459285,0.05172587,-0.20468567,-0.49979013,-0.03270559,0.037999656,-0.1712729,0.04364769,0.09312092,-0.06602543,-0.43261912,0.072054364,0.027321644,-0.27582884,-0.13063854,-0.21576765,0.10414727,-0.068219915,-0.07669669,-0.084468484,0.15820472,0.057826456,-0.0036118752,-0.2751703,-0.04296626,0.014549989,0.06796133,-0.1634576,-0.07605888,0.06972614,0.20996124,-0.09234256
0.8189152,0.4561783,0.0011515855,0.5024237,-0.2740373,0.36561993,0.0505022,0.2505976,-0.36138374,0.15942602,0.10219985,0.29998684,0.31084937,0.27154097,0.052338336,-0.36568457,0.026175639,-0.2421094,-0.6042818,-0.13748187,0.068214424,-0.24882026,0.078022085,0.043846518,0.22003888,-0.53519374,0.078241386,-0.16407835,0.13350718,-0.20121977,0.17072402,0.14295669,-0.06693474,0.0119591355,0.09129209,0.12705474,0.10198716,0.035720482,-0.21761312,0.14784423,0.03407588,-0.005582859,-0.13331467,-0.043960325,-0.10158939,-0.07654967,-0.059824374
-0.6566444,0.6244432,0.5912736,0.5721459,-0.35897353,-0.2872365,-0.36095393,0.25066632,0.3298654,0.16904904,0.09413785,-0.17487766,0.06934844,0.22805014,-0.06640352,-0.053674564,0.12430851,0.48567215,-0.45543385,0.039183933,0.076422684,-0.17852952,0.11609373,0.21644312,-0.23671374,-0.517765,-0.10906548,0.05525326,0.15365271,-0.16626121,0.15823203,0.09616456,-0.040696505,0.054822408,-0.07547838,-0.1396602,0.08544871,0.025491871,0.023155913,0.14246513,-0.056356378,-0.026579078,0.08487508,-0.12435426,0.08483389,-0.059165873,-0.07319723
0.98240983,0.5204328,0.27073377,0.52044004,-0.26549616,0.41926804,-0.2751742,0.052639984,0.28969574,-0.19084445,0.0856069,0.27070254,0.02968593,0.23051396,0.14176494,-0.06281365,0.2115803,0.51936656,-0.58403563,-0.15128952,0.10212051,-0.20858692,0.11437953,0.22073652,-0.23968798,-0.53050995,0.06713081,0.040099137,0.104548715,-0.15574051,0.15853047,0.15378593,-0.087106764,0.060526907,0.08159803,-0.1325226,0.08951127,-0.037306502,-0.0064061517,0.14972861,-0.015518252,-0.028648855,-0.087469384,0.12376241,0.07525287,-0.06865398,-0.055040352
1.5622914,-0.45226866,-0.6441553,0.53811,-0.30792496,0.32545167,0.64263535,0.22966534,-0.3499351,0.21017285,0.058353826,-0.13490388,0.05681792,0.29315174,0.1303603,-0.17107832,0.112569354,0.0054700756,-0.5528301,-0.07829749,0.11502171,-0.21771811,0.21950816,0.09650188,-0.26541427,-0.43387395,0.12711696,0.08234203,0.09217969,-0.14773427,0.11879778,0.12370814,-0.12545244,0.037973948,-0.08758641,0.049194816,0.055824935,0.048289146,-0.141004,0.14547595,0.1058772,0.005964212,-0.11823714,0.110787496,-0.08894435,0.12685901,-0.041761473
0.72708917,0.46992868,-0.07623693,0.5089575,-0.29690117,0.3147514,0.60716075,0.24184275,0.22931343,0.20343709,0.11387248,-0.10570143,0.3973775,0.25962487,0.086098045,0.28634095,-0.38626817,-0.21684164,-0.60359025,0.03884768,0.13411868,-0.26287475,0.21353011,0.042560287,-0.32152706,-0.48566097,0.109506175,0.08999484,-0.2277621,-0.12100191,-0.15552028,0.14965475,-0.073862456,0.032841697,0.10566943,0.071945384,-0.22465158,0.041738257,-0.18275827,0.15005858,0.077152856,-0.021052748,0.051343817,-0.041992612,-0.05295548,0.16602594,-0.07115176
0.34179175,-0.27324417,-0.033640243,0.47390553,-0.28134593,0.33508408,-0.41699815,-0.10137848,0.2195886,0.153687,0.08210911,-0.14128932,0.40530685,0.2402328,-0.01119699,0.20815994,0.0044563357,0.49648535,-0.5650841,0.019258413,0.086711094,-0.17894529,0.16926877,0.07081509,0.23854643,-0.44750643,-0.1529338,0.07602672,0.10350204,-0.12806486,0.11603846,0.14325315,-0.06234019,0.037648514,0.081881136,-0.16951542,0.0701189,-0.030012518,0.014295844,-0.04200141,0.045962386,-0.030400498,-0.09560154,0.16871448,0.038487032,-0.05135193,-0.07405785
0.8068327,0.50056386,0.5056794,0.47193563,-0.24633452,0.32800686,0.4837264,-0.37796926,0.227419,0.17547922,0.049431644,-0.1548544,0.29993412,-0.31534344,0.07380818,0.2308019,0.14022994,0.51647115,-0.5717375,-0.0984548,0.14954574,-0.24161871,0.14719473,0.23602985,-0.0500801,-0.5732733,0.065220796,0.0008465932,-0.22735567,-0.1596086,0.12383069,0.14651048,-0.073782705,0.036779262,0.07842001,-0.17986436,0.070914134,0.027355865,-0.016393485,-0.17848083,0.10496825,0.10307822,0.04439824,0.02127685,0.009328019,-0.07594966,-0.0946554
1.4571259,-0.48028567,0.48707607,0.5332427,-0.28656644,0.3546252,0.5933316,-0.019517764,0.27680326,0.24755381,0.07736987,0.20392945,0.057449456,0.25561017,0.085080475,0.24606778,0.010773743,-0.22870961,-0.5629867,-0.072871536,0.13180733,-0.27672535,0.14161772,-0.3376751,-0.30581686,-0.49695706,0.055083532,0.07274312,0.12975378,-0.17551148,0.14317761,0.13826035,-0.12762344,0.022141779,0.09795226,0.0765287,0.03555646,0.06618574,-0.14896342,0.15581293,0.08464799,-0.114118874,0.06150695,-0.05351537,-0.03337776,-0.07209142,-0.047036603
0.7987332,-0.6204638,-0.20470734,0.5110295,-0.35170776,0.33369416,-0.07957818,0.111021616,0.16655894,0.27636746,0.016082432,0.2913259,-0.12086951,-0.16251199,-0.08888896,-0.1443093,0.027521925,-0.011267727,-0.4748503,-0.05164635,-0.23069216,-0.16218466,0.19120955,-0.24231927,0.25245675,-0.44484633,-0.023070153,0.010635201,0.0900344,-0.16895941,0.16066328,0.17059053,-0.11006361,0.0036581135,0.07486192,0.16655102,0.027538141,-0.032889996,0.017128365,0.10030556,-0.13669372,-0.012371841,0.043288693,0.14046718,0.07310787,-0.053702608,-0.094626166
0.29114956,0.6268071,0.5408045,0.55827093,-0.32371235,0.33603567,-0.3804232,0.08692726,0.3258491,0.26891804,0.07763419,-0.2227178,0.4201468,0.22702785,0.005346871,-0.10987962,0.21110234,0.47181475,-0.49296337,-0.027525209,0.10305988,-0.1647906,0.20537615,-0.3328284,0.27344978,-0.5693713,0.06936812,0.011648081,0.115486346,-0.14305545,0.15276888,0.13020536,-0.058618616,0.04918906,-0.09902677,-0.13325778,-0.25826344,0.027726907,0.036259778,0.15033351,-0.0669514,-0.022483822,0.08527352,0.14196675,-0.09853767,0.10469517,-0.06724666
0.8704818,0.585709,0.0106439805,0.49203295,-0.2407177,0.35247827,-0.2953048,0.099601574,0.27199864,0.19967942,0.121507525,0.27318585,-0.024634447,0.1887623,0.035664797,-0.08865108,0.22991034,-0.22620757,-0.5438594,-0.156276,0.10902738,-0.30419874,0.13261695,0.2298855,-0.045006856,-0.48410404,0.0872726,0.0634534,0.16198103,-0.22016059,0.16184404,0.15201096,-0.07354784,-0.0056438437,0.11842777,-0.15368666,0.03100797,-0.037306502,0.07413947,-0.009107033,-0.040421907,-0.040246274,0.06853753,-0.008560741,0.06548905,-0.06446091,-0.05631441
0.1606856,0.622147,0.47931662,0.49275458,-0.3315173,-0.3244845,-0.08671445,-0.08410576,0.22740622,0.24323139,0.058744136,-0.2128657,-0.15036602,0.14453103,-0.14722124,-0.13074242,0.20055234,0.026459564,-0.6060396,0.06856214,-0.14807908,-0.1504484,0.146278,-0.18431364,0.25939542,-0.514144,0.038438246,-0.14302164,-0.17460062,-0.14298728,-0.2070798,0.14116265,-0.06128222,0.008524841,0.07350485,-0.024945477,0.0855205,0.06778865,-0.0200265,0.09278242,-0.009427352,-0.010406683,-0.062768705,0.09112658,-0.10888737,-0.060438752,-0.09721381
0.5914651,0.50844043,0.5968562,0.4913465,-0.3166658,0.32667187,0.06179076,0.25208876,0.17995974,0.087300666,0.045208003,0.19870442,0.2922175,-0.3020064,-0.02474652,0.2923362,0.14524482,0.4772453,-0.524416,0.042072088,0.108856045,-0.19732554,0.1281301,0.018113611,-0.089163244,-0.5377448,-0.006730217,0.018742912,-0.298682,-0.18484041,0.13111535,0.150651,-0.061657574,0.0149516165,0.08626115,0.19211347,0.02570438,-0.075788446,0.100548044,-0.19872028,0.06457653,-0.15205401,0.05924573,0.186308,-0.059881914,-0.05349867,-0.05133247
0.85706484,0.5085418,0.50557256,0.46750838,-0.29185778,0.3245009,0.6106288,0.10256543,0.22759117,0.22930442,0.07380181,-0.16990814,-0.23878393,0.23435047,-0.09576701,0.14719932,0.005664779,0.053814415,-0.5388836,-0.059283882,-0.098533385,-0.15380093,0.20707531,0.046719752,0.24925846,-0.557876,0.06931955,0.07485035,0.14288893,-0.19318676,0.14698346,0.14744678,-0.07143534,0.017292956,-0.097384796,-0.15251358,0.072123975,0.07048217,0.08204249,-0.029963737,0.053469777,-0.029001689,0.048495963,0.10848103,0.04794816,-0.05512559,-0.11298051
-0.2705318,0.6391512,0.50641537,0.6063738,-0.3623186,-0.41726318,-0.09629683,0.24683522,0.32482257,0.27603135,0.021292113,-0.16902559,0.40136173,-0.13884369,-0.17880845,-0.0952884,0.039178133,0.027874019,-0.488542,-0.012869889,0.08735613,-0.18150777,0.15099242,-0.17715134,0.24849428,-0.55668575,-0.010650773,0.056041773,0.1422084,-0.15481609,0.1365524,0.11349998,-0.054882582,0.021420961,-0.065691255,-0.13237265,0.05949368,-0.05366988,0.017595667,-0.056242354,-0.03422555,-0.01504035,0.079466775,-0.123605534,-0.105846554,-0.05000843,-0.08221965
0.122433096,-0.5948247,0.58596784,0.46810734,-0.30321306,0.32943648,0.016977934,-0.42561176,-0.38118225,0.29182056,0.041798428,-0.19067776,0.36549833,0.2121229,0.020378858,0.23606934,0.15434432,-0.01233934,-0.5562199,-0.07229102,0.07863187,-0.13968332,0.13748395,0.24363369,0.23693772,-0.51240677,-0.027687771,0.042032264,0.051900566,-0.097327836,0.13334607,0.14063357,-0.07175525,0.011252543,0.05653038,-0.14659065,0.105607085,-0.015735123,-0.02013094,-0.06427076,-0.005081736,-0.09927666,0.0682604,-0.06183904,0.011945512,-0.08497319,-0.09495847
1.060428,-0.5581248,0.32214582,0.51811266,-0.32730865,0.38833144,0.05239795,-0.112291366,0.27828756,0.25033775,0.07879304,0.20861885,0.36925724,0.203473,0.1542826,0.29287764,0.17862724,0.0082782665,-0.57994366,-0.048087463,0.15051138,-0.24081439,0.15492906,0.23470221,0.22827101,-0.4843256,0.08075634,0.09180933,0.13987407,-0.091439046,-0.18637732,0.14230971,-0.12579802,0.04777899,0.070481956,0.16846286,0.037789717,0.043931395,0.019170826,0.1669915,0.06455465,-0.015800327,0.051817596,0.11371413,-0.057054155,0.1394939,-0.05589881
1.46564,-0.40071592,0.44481787,0.5858926,-0.29093322,0.3675098,0.67507344,0.2289831,0.283499,0.23059192,0.116840385,0.22095795,0.34626457,0.22884963,0.15471593,-0.24183704,0.16786529,-0.22137687,-0.521927,-0.20951383,0.14788868,-0.29612386,0.13906826,0.10108187,0.21685167,-0.5238679,0.08420978,0.033388346,0.09067338,-0.11042314,0.15124242,0.13887216,-0.1248044,0.023682276,0.08678686,0.122178905,0.039657146,0.03579212,0.041539516,0.16271788,0.05774048,-0.035177436,0.05351676,-0.020800807,-0.08823485,0.15672863,-0.050783895
1.0063632,0.62855154,-0.1198525,0.53706455,-0.29327404,0.373378,-0.04527693,0.31040514,0.2570697,-0.22752407,0.096367314,-0.1400029,0.086842366,0.25783756,0.045193836,0.2074643,0.22305115,-0.24375406,-0.5680336,0.008162754,0.11808591,-0.25570112,0.18450579,-0.1697736,0.2346424,-0.4298746,0.078799605,0.07898606,0.09501805,-0.14830318,-0.11492385,0.1396285,-0.07901651,0.036919706,-0.11097382,0.17857729,0.06801445,0.053471163,-0.005563981,0.16123715,0.06341486,-0.013977733,0.043564938,-0.0035454268,0.052289292,0.15279669,-0.057073202
0.22330894,0.5767103,0.4982916,0.44693983,-0.2766219,0.31123474,0.028818052,0.27342728,0.23747855,0.30399498,0.0729599,-0.27562362,-0.17258586,0.17741625,-0.1176785,0.18905637,3.6899e-05,-0.2520855,-0.5495251,0.007771074,-0.17260677,-0.10307375,0.18652774,0.035693597,-0.076417975,-0.57575107,0.078061126,0.07029026,0.10048082,-0.23378064,0.15004721,0.14924952,-0.06595926,0.03293489,-0.11356456,-0.1227227,0.057559907,-0.121535756,0.110781275,0.07329507,-0.07464128,-0.046794757,0.019206215,-0.00078008324,-0.06329482,-0.06929253,-0.10900603
-1.1699634,0.69827795,-0.08977244,0.42916265,-0.29472873,0.30156144,-0.06663639,0.056810535,-0.3577709,0.2930739,0.034861457,0.39701387,-0.027721863,-0.16710994,-0.09105829,0.24696726,0.16726235,-0.014900191,-0.3684706,0.1683412,-0.17016605,-0.112884894,0.120572574,0.24873614,-0.07113736,-0.44406843,-0.031790175,0.051941972,0.09799499,-0.1778551,0.16990145,0.14842208,-0.047470856,-0.025858544,-0.117574565,-0.15934855,0.058218006,0.053434316,-0.27659938,0.060758226,0.011693487,-0.019673469,0.0691925,-0.11464767,-0.019838525,-0.05919394,-0.104124606
1.0213394,-0.47701558,0.3297075,0.54275423,-0.34569582,0.34323767,0.62604475,-0.40494287,0.27018782,0.23793137,0.026797205,-0.19090112,0.43333685,0.2019726,0.048349094,-0.20068797,0.14012712,-0.009727024,-0.5439762,-0.28897753,0.13653411,-0.16845858,0.19847612,0.1525474,-0.08202803,-0.5429456,-0.019945318,0.04946961,0.06658426,-0.09436133,0.1281543,0.13021566,-0.11182846,0.018820884,0.06996417,-0.066258915,0.07405562,-0.020006416,0.018914519,-0.022393465,-0.15116581,0.0949307,0.030577265,-0.04171326,0.034005597,-0.09205854,-0.08707713
-1.8232895,0.5481584,0.49251172,0.60840493,-0.2558242,-0.25805992,0.7031438,0.23245156,0.33896744,0.2857428,0.035421386,-0.16312565,0.3849238,0.17596379,-0.0040969453,0.17078175,0.11042741,-0.006386994,-0.42766604,0.11343498,0.07432789,-0.111473605,0.15924262,0.049182586,-0.1744302,-0.49200636,0.044690065,0.068670236,0.12974535,-0.14041007,0.13706625,0.122001536,-0.080463834,0.031054405,0.05851564,-0.11770438,-0.27096832,-0.02150723,-0.047628954,0.12788472,-0.06652572,-0.1192681,0.09747458,-0.10952741,-0.049389496,-0.06583064,-0.07939446
0.7671136,0.53786033,0.22311074,0.48354566,-0.3224744,0.34410948,0.062195674,0.10610753,0.27590603,0.29823652,0.039437037,0.289834,-0.2031678,0.17708218,-0.08893969,-0.15894186,0.028317159,0.029675197,-0.4864325,-0.15420328,-0.09977307,-0.0582568,0.17783324,0.2425319,-0.11211472,-0.54731405,0.0790995,0.06034323,0.15061939,-0.22571313,0.14659585,0.15446897,-0.092585936,0.02182771,-0.10149492,0.10607356,-0.27256683,0.062795274,0.026639184,-0.0007798129,-0.11457981,0.09693749,0.06554926,-0.01694692,-0.084790684,-0.063297376,-0.11250233
-0.25412068,-0.3592095,0.08221941,0.56444293,-0.4283736,0.3036272,-0.44248503,-0.086081415,0.23705862,0.27561244,0.012861572,-0.16265723,0.35657436,-0.31716564,-0.016587,0.13641082,0.025027571,0.020921487,-0.4970615,0.09122615,0.087352596,-0.15864483,0.1940549,-0.20627338,0.23261963,-0.43597707,0.1094276,0.08870095,0.112374656,-0.15473199,0.1310459,0.13448858,-0.039464846,0.026645856,-0.07366951,0.18225847,0.049894463,-0.028542254,0.020638738,-0.046605013,-0.06255074,-0.008488924,0.05956837,-0.13225746,0.04445305,-0.060414534,-0.064291894
0.54474205,-0.32139006,0.6231778,0.4202569,-0.3895972,0.33145124,-0.0994965,0.09232548,0.13756621,0.1560184,0.06681189,0.31067362,-0.06707311,-0.16342434,-0.08912494,0.19169824,-0.0003894847,-0.18513153,-0.50881267,-0.11346936,-0.20264167,-0.17948079,0.09848963,0.26651928,-0.081042,-0.51899886,-0.0035948786,-0.000997412,0.087021776,-0.17595634,0.13525055,0.15231404,-0.062310312,0.037836377,-0.09616656,-0.12389598,0.08615291,0.058216017,-0.004117258,-0.123977825,-0.019637916,0.11128632,0.050132707,-0.10760754,0.017402941,0.15647894,-0.1149552
-1.8159542,0.69861794,0.0724471,0.46762162,-0.2767846,0.25997472,-0.06297154,0.059872456,-0.3569033,0.22461769,0.01585759,0.45667168,-0.02911846,-0.16664228,-0.055573054,0.2998662,0.15772323,-0.01716085,-0.33776304,0.213881,-0.15267481,-0.06665729,0.112022445,-0.20810704,-0.06931599,-0.365181,-0.19648665,0.037329994,0.09799499,-0.19906543,0.15003727,0.15532129,-0.07003744,0.00041370466,-0.111658275,0.1934174,0.117734745,-0.026550667,-0.30049583,0.076256104,0.0033321045,-0.043231547,0.08924003,-0.1245424,-0.02008523,-0.058210235,-0.104124606
1.4092791,0.405189,0.20056507,0.53704107,-0.18297319,0.33690387,0.5885364,0.094998054,0.272557,0.14720635,0.07530565,-0.12365715,0.3789432,0.19754279,0.109469965,-0.08116741,0.18172793,0.49567747,-0.55273396,-0.16437304,0.12572454,-0.20205638,0.17213313,0.07446596,-0.10778927,-0.5675259,0.06287209,0.072734766,-0.16332242,-0.15658803,0.14284128,0.15150097,-0.088451475,0.04083521,0.07948782,-0.06144787,0.07646142,-0.014853338,-0.12547663,-0.18108965,0.09514139,-0.01934257,0.048317537,-0.04625445,0.06141666,-0.059872527,-0.06583252
1.135592,-0.5286732,-0.09381598,0.50373584,-0.27699476,0.33615538,-0.086655006,0.10780592,-0.3865456,0.2615227,0.021677874,0.2651863,-0.0093325665,0.25921765,0.03318815,-0.22836785,0.010947304,-0.0022682468,-0.5078674,-0.13437194,0.118617244,-0.28263637,0.15741526,0.23175861,-0.24110861,-0.42242447,0.10813679,0.03783124,0.13282919,-0.09830553,0.12250084,0.13060732,-0.09737729,0.0065969503,-0.08662225,-0.1250191,0.021851039,-0.026189214,0.028597236,0.14974958,0.07699465,0.062664784,0.039905693,-0.03360434,0.06717794,-0.055889763,-0.06587096
0.93840224,0.56141335,0.06631944,0.48884797,-0.3120925,-0.3092491,0.027108176,0.28262043,-0.27131993,-0.16962536,0.0788461,-0.30350226,-0.12687294,0.17057303,-0.11798701,-0.120175876,0.16739117,0.52277124,-0.5674204,-0.071433514,-0.16208151,-0.041436203,0.13875735,-0.22373576,-0.14701204,-0.52672404,-0.118188135,0.048919935,0.059911482,-0.19037722,0.09564379,0.120821945,-0.07997546,0.014534498,-0.08209029,0.10005688,0.009727293,-0.053128697,0.009048795,0.06324833,-0.018320486,0.031548645,-0.07467489,-0.0677059,0.090651594,0.16790083,-0.09594337
1.0393703,-0.5663798,0.45199177,0.546984,-0.3133637,0.34561816,0.61051905,-0.04897014,-0.3034973,0.15685856,0.043924987,0.22468273,-0.0008257488,0.25577742,0.068152465,0.2612062,0.0069959443,-0.2105449,-0.54892445,-0.03756641,0.11390879,-0.27476525,0.1266898,-0.2409651,-0.3127356,-0.50248647,0.07397968,0.07204318,0.13336305,-0.16816515,0.13121162,0.12715025,-0.11345032,0.0217422,0.09795226,0.08041846,0.019474152,0.0689326,-0.18246518,0.1512303,0.087339796,-0.08544697,0.06150695,0.10443634,-0.03552709,-0.049174283,-0.08506497
1.5374594,-0.51994056,0.053264707,0.48164278,-0.29539752,0.3811934,-0.05895779,-0.017939389,-0.28997165,0.2108404,0.09171111,0.31560895,0.31472242,0.2354967,0.06534112,0.29985723,0.19231918,-0.23231414,-0.50630057,-0.03192976,0.12527323,-0.32660374,0.112118885,-0.33191365,0.22428207,-0.44513816,-0.027215216,0.07738136,0.12448812,-0.14240022,0.16332617,0.13886862,-0.12939882,0.033644807,0.08029025,0.16742904,0.05034127,0.045905594,-0.15706046,0.1566545,0.09497011,0.021349933,0.04861251,-0.050928704,-0.047706112,-0.0695329,-0.054186754
0.8716936,0.5976409,-0.49383768,0.49994588,-0.3202617,0.3474935,-0.05494522,0.10681354,0.20350255,0.20686777,0.079865105,-0.13691801,0.40634426,0.20646459,0.012635062,0.25782838,0.2062085,-0.23557651,-0.569332,-0.06531371,0.1375436,-0.22160135,0.2007601,-0.19804923,-0.09782933,-0.4785109,0.13129815,0.021034341,0.110677175,-0.12211256,-0.15986383,0.1396285,-0.100423165,0.03465537,-0.11097382,-0.17916934,-0.0010353114,0.03648138,-0.014927262,0.14078636,-0.14169967,0.09777807,0.05816154,0.007408389,0.04053327,-0.06321615,-0.05618522
0.6974985,0.67576015,-0.11647992,0.40821075,-0.24830437,-0.27362263,-0.3538815,-0.42786992,0.21896322,0.28313997,0.06099369,-0.18554908,-0.26923168,-0.18893744,-0.24296096,0.21900253,0.021720728,0.01742215,-0.5144561,-0.02713561,-0.10353435,-0.19199145,0.2045539,-0.1913144,-0.20744327,-0.513942,0.10140945,0.042220835,0.15005526,-0.20018922,0.10323508,0.12513816,-0.08492147,0.0015927628,0.08921971,-0.16760127,0.06232478,-0.038858302,0.047387555,0.08797779,-0.13182329,-0.10970048,0.07763465,-0.14870173,0.03506289,-0.07946845,-0.10720096
1.2583524,0.5683558,0.5816508,0.5540039,-0.2397743,-0.3493706,-0.34042108,0.09545733,0.2525219,0.318799,0.06807593,-0.1970458,0.4166022,0.21812072,-0.16504347,-0.14576524,0.17505693,0.0069990377,-0.50921565,-0.10328778,0.120540164,-0.18435329,0.17656168,-0.34254953,-0.156235,-0.59731793,-0.01288024,-0.056456096,0.07585916,-0.16398005,0.1381446,0.11663333,-0.10586405,0.054752365,0.05979718,0.15270488,-0.19904713,0.020599738,-0.010135425,0.14111789,-0.13333017,-0.008474945,0.07221958,-0.0135051375,-0.11118772,-0.0666194,-0.08475124
0.8449076,0.5149924,-0.6498032,0.4998698,-0.3215654,0.34896857,0.060056422,0.25042075,0.2044329,0.09224668,0.04198701,-0.17278787,0.30801407,-0.410291,-0.10910873,0.31493333,0.02575778,0.46710795,-0.5654965,0.03567552,0.10284952,-0.2044616,0.19802727,-0.0019810447,-0.06843575,-0.49291286,-0.04203363,-0.15486199,-0.24700852,-0.18207078,0.09186974,0.15097737,-0.062810846,0.02045293,0.099844925,0.18876277,0.049884137,0.04234484,-0.033402517,-0.009107033,0.07579816,-0.15426657,-0.14050311,-0.12049569,-0.040502332,-0.05479355,-0.04217709
-0.41580692,-0.47472876,0.26434937,0.570612,-0.40892294,-0.25826138,0.059416097,0.23141445,-0.39922914,-0.16800274,0.050938874,-0.19985162,0.3406864,0.16350016,-0.11097938,-0.2578153,0.029505936,-0.07302321,-0.6090778,-0.12311963,0.06289154,-0.07711992,0.06343949,0.12685177,-0.081521906,-0.47495568,0.05734733,-0.12245569,-0.16255897,-0.06925254,-0.1535801,0.086571544,-0.07229173,-0.0050373143,-0.061951876,0.11678497,0.08577965,-0.007379622,-0.27009743,-0.12064183,0.011549661,0.07165291,-0.052094717,-0.07120624,0.1005945,0.16698974,-0.087044954
0.80606,-0.28527322,0.28923923,0.40365618,-0.36139637,0.28244054,-0.23452953,-0.23199354,0.004058969,0.11935795,0.10579228,-0.17133789,-0.4441527,-0.19489294,-0.20778826,-0.18263283,-0.2323641,-0.17128442,-0.5701876,-0.3511572,-0.07743187,-0.18749604,0.10171352,0.1443104,-0.07727684,-0.5133979,-0.08601863,-0.09457195,-0.12212313,-0.11017844,-0.323609,0.12392869,-0.11837644,0.003676287,-0.08609066,-0.04125911,0.061259113,-0.023358816,0.07996792,-0.10652676,-0.0043706773,0.051936682,-0.025225975,-0.11055498,0.09050136,0.2139382,-0.08918096
1.0914499,-0.23963141,-0.048537593,0.5124126,-0.25408533,0.31075162,0.63133425,0.26093608,0.13451196,0.11225458,0.027001046,0.21075992,-0.10328597,-0.15420103,0.023084978,-0.12280247,0.17984533,0.52329487,-0.49199176,-0.028473636,-0.21139766,-0.1697042,0.18502937,0.08284437,0.21387702,-0.44232294,0.090181604,0.072822526,-0.27237236,-0.18999521,0.13213354,0.13687912,-0.117737144,0.024522718,0.098986246,0.0505115,0.024701359,-0.07452813,0.0640779,-0.016686236,-0.14389057,-0.042054184,0.040045448,-0.011631645,-0.08820486,-0.0408142,-0.06965453
1.1666908,-0.47543162,-0.48345435,0.49252874,-0.31483713,0.34516582,0.04845688,0.25178742,-0.36563563,0.20206189,0.03458543,-0.19502443,0.04803212,0.31406575,0.040941387,-0.28573763,0.008125359,0.016141918,-0.6271084,-0.111420214,0.094588466,-0.247476,0.18713234,0.081874005,-0.18911032,-0.44751504,0.12685473,-0.15029305,0.088636406,-0.1419547,0.1075173,0.13418886,-0.11595724,0.035490464,0.06882761,0.1207015,0.014168864,-0.029810665,-0.12790456,0.14974958,0.10063835,0.004366055,-0.11137147,-0.081214145,-0.09764925,-0.059449263,-0.051615015
0.118262134,0.6492001,-0.10576148,0.49551398,-0.28212914,0.28224552,-0.052363645,0.28202516,0.24113546,0.28397363,0.022332918,-0.1994414,-0.081925176,-0.24238662,-0.0069304677,-0.14314348,0.21923997,-0.2616852,-0.46999624,0.03862453,-0.15840015,-0.15722299,0.19291832,0.22669922,0.18280427,-0.4872174,0.08820994,0.02777988,0.14866881,-0.24796866,0.12781432,0.16264732,-0.05356617,0.030837914,-0.13252969,0.15117978,0.052152365,-0.080028586,0.014730209,-0.024726633,-0.03937917,-0.1484779,0.073862955,0.039326414,-0.091692984,-0.06498634,-0.096093774
-0.80815244,0.6621774,0.053808,0.47212318,-0.33601502,0.26580325,-0.08370538,-0.34683707,-0.39659575,0.3007395,0.022803992,0.331248,0.29375547,-0.17848957,-0.045164928,0.24696726,0.16865966,-0.02491797,-0.38642046,0.12272092,0.08135938,-0.17029105,0.10257435,0.24873614,-0.06968838,-0.46211213,-0.031310663,0.044193126,0.09799499,-0.15656824,0.12273319,0.14215747,-0.047470856,-0.01013584,-0.10709887,-0.16646078,0.11787134,-0.031106574,-0.28077552,0.11513654,0.015551677,-0.016249392,0.083595715,-0.12261705,-0.016339399,-0.08417188,-0.0843918
0.91403294,0.64240795,-0.009299967,0.48552352,-0.30400914,0.34918815,-0.08788549,0.28826118,0.26833692,0.18208669,0.05376824,-0.1654106,-0.17692009,0.1629822,0.007908179,-0.16693163,0.20406356,0.03015583,-0.5376957,-0.0031959955,0.13556297,-0.14821306,0.24582334,-0.18004979,-0.086991824,-0.47185224,0.107097864,0.07293129,0.12376248,-0.16059388,-0.15997195,0.15643176,-0.09783229,0.03575883,-0.0924909,0.17503203,0.065523334,-0.046722874,0.018812286,0.08861649,-0.14132015,0.0034086776,0.06717169,0.12234923,-0.099900216,-0.05450837,-0.059789795
1.333606,0.3709625,0.35619766,0.5816956,-0.24524225,0.37114012,0.5502557,0.07845741,0.23859714,-0.22410813,0.075994514,-0.16155669,0.37172619,0.19680768,0.02117211,-0.24158488,0.1750731,-0.23320137,-0.5474687,-0.22730029,0.1358205,-0.2119833,0.1699244,0.084095836,-0.08896539,-0.54039574,-0.011697996,0.038213864,-0.092914194,-0.14029807,0.11497761,0.15760104,-0.105167665,0.03490878,0.09868986,-0.07116605,0.07133597,-0.016060589,0.032041874,-0.18108965,-0.15116581,-0.031387147,0.028583542,-0.04873932,0.06728477,-0.09841916,-0.06583252
-1.6063004,-0.57565135,0.5946296,0.58782274,-0.3463098,-0.2803038,-0.07489702,0.2508,0.35546646,0.27662945,0.03787915,0.29111832,0.33633453,0.21599688,-0.026034828,-0.08155687,0.092690386,-0.018203346,-0.44129747,-0.025361106,0.082019545,-0.17388396,0.07526621,0.22492537,-0.22527744,-0.44127598,-0.12364222,0.040169217,0.15472221,-0.115770005,0.17752504,0.08877954,-0.07662845,0.0058032307,-0.06301646,-0.12466778,0.11529029,0.03196983,-0.022942644,0.1457042,-0.03470141,-0.016783208,0.08141586,-0.093293324,0.09855869,-0.069541834,-0.09305026
0.8908833,0.46331382,0.29683533,0.54686564,-0.29963034,0.36166224,0.526123,0.31044784,0.20006453,-0.21570174,0.05386709,-0.16030371,0.374765,-0.12153755,0.028692637,0.21323575,0.17405935,-0.22638504,-0.5596122,-0.1337034,0.13736372,-0.21811965,0.16795282,0.06759386,-0.1062973,-0.55023503,0.061613422,0.051894307,-0.1351134,-0.14979345,0.10618411,0.15760104,-0.08522676,0.01618949,0.121251345,-0.09422182,0.067056626,-0.0009771078,0.030922625,-0.16980693,-0.15377808,-0.025906224,0.03609129,-0.0024705632,0.026579306,-0.08247689,-0.08829316
0.26864442,0.5926519,0.56702626,0.47188532,-0.32612067,-0.29206178,-0.061104707,-0.080754526,0.22361459,0.22414534,0.100332566,0.3310825,0.029514253,0.20278372,-0.10130987,0.24437639,0.15100507,-0.21031559,-0.48506466,-0.02164594,0.09310262,-0.1912253,0.07378422,0.23460905,-0.13022804,-0.5080334,-0.13170959,0.054084707,0.10388822,-0.17049545,0.19050731,0.15640314,-0.054288723,-0.06707228,0.08088735,-0.1741188,0.11584795,-0.083579265,0.025105536,0.12891929,-0.065124884,0.09219689,0.05645786,-0.078620285,-0.074465,-0.052037314,-0.08060857
0.7524696,0.58348984,0.6231381,0.439387,-0.2977131,-0.4334132,-0.08203095,0.08058046,0.22987056,0.26264971,0.13813242,-0.2822501,-0.27604735,0.18448637,-0.20775127,0.257196,0.18346885,-0.2085127,-0.5126571,-0.13079686,-0.08229061,-0.16689105,0.14500508,-0.39833528,-0.1290025,-0.5418817,-0.109572805,0.033917222,0.11282226,-0.24732946,0.11950013,0.12669054,-0.08762379,-5.817972e-06,0.105632484,0.12937593,0.00074666913,-0.018893445,0.07657901,0.08018628,-0.012342098,0.085223205,0.06084367,-0.13438123,0.04905172,-0.07413335,-0.10933716
0.8792057,-0.65076935,0.3147744,0.4537792,-0.27218062,-0.28446215,-0.30838796,0.10274905,0.18745226,0.30465856,0.028137974,0.31284198,-0.18790549,-0.13620259,-0.16577008,0.22284222,0.19087848,-0.1895864,-0.434236,-0.16798533,-0.09064426,-0.17140374,0.122133024,-0.25946155,-0.04441318,-0.4926159,0.07741013,0.08082323,0.14926562,-0.19880593,0.111632675,0.11442744,-0.08068019,0.02743115,0.08898001,0.21763511,-0.25585875,-0.04666759,0.01807034,-0.11607084,0.06736188,-0.039167605,0.06054753,0.19440626,0.042419244,-0.07588477,-0.117553376
-0.6755569,0.62969404,0.047371797,0.5329028,-0.31240222,-0.3542287,-0.35360956,-0.27362248,-0.41090533,0.23124573,0.08394195,0.29132155,0.28267917,0.19723791,-0.0957702,-0.11308289,0.11602635,0.4911019,-0.4776219,0.1256177,0.06767071,-0.18190403,0.07659122,-0.16635296,-0.23455706,-0.4608888,-0.16999161,0.051052194,0.09763806,-0.12026768,-0.21398473,0.08935013,-0.06566049,0.026805082,-0.08143151,-0.12734494,0.038916938,0.037321128,-0.0681483,0.13212815,0.06032021,-0.09199216,0.088368334,-0.10697524,-0.09490588,-0.0712556,-0.08833409
1.1772282,0.6083121,-0.27919886,0.50563985,-0.28617778,-0.32404718,-0.08149338,-0.027959626,0.28340876,0.29505023,0.030916613,0.20841411,0.25372198,-0.34199542,-0.016934756,0.30544773,0.20978048,0.032440715,-0.4619169,-0.000106683,0.12044831,-0.23640075,0.14076456,-0.29492643,0.21884812,-0.44220263,0.10596983,0.07011327,0.15104318,-0.13096046,-0.1642395,0.117972635,-0.092185214,0.012700556,-0.09215085,0.17929974,0.022187823,0.016757362,-0.16867472,-0.030766249,0.09547687,-0.012015393,0.043209072,0.14746532,-0.06166456,-0.055514988,-0.06287997
1.2080953,0.56230617,0.04971183,0.4613407,-0.2572875,0.3003406,0.024074612,0.06436427,-0.25111276,0.22386429,0.011571164,0.36019334,-0.042009156,-0.27395672,-0.1708894,0.22729126,0.007878555,0.007565304,-0.4788551,-0.092365526,-0.18563293,-0.10842349,0.109659694,-0.24453948,-0.09864829,-0.5257399,-0.02099079,0.040308326,0.06545027,-0.17372109,0.11014037,0.16006772,-0.091480434,0.022971766,-0.090335965,-0.17064287,0.039869078,-0.08322073,-0.0060450854,0.06867117,0.09285869,-0.015404635,0.071763486,-0.110979915,0.043939512,-0.06664603,-0.07579935
0.66319245,0.52630347,-0.74037516,0.49149275,-0.32142365,0.33414656,0.06796809,0.2564037,0.20628327,0.09224668,0.03991545,-0.17278787,0.34131202,-0.39928675,-0.10510366,0.31493333,0.03220223,0.46817797,-0.5507898,0.07215922,0.09530445,-0.17716518,0.19728853,-0.0019810447,-0.06950355,-0.49291286,-0.04203363,-0.15671927,-0.24700852,-0.18006925,0.09186974,0.15787657,-0.062810846,0.021413594,0.09033696,0.1858909,0.050210644,-0.006616051,-0.028373612,-0.009107033,0.073086835,-0.15426657,-0.13586298,-0.12049569,-0.05741032,-0.052187964,-0.05219462
1.3585522,0.45637748,-0.3865727,0.5358732,-0.276659,0.33353585,0.60816574,0.2636919,-0.36049545,0.2042766,0.09194449,-0.25542027,0.04038117,0.31961942,0.15611306,-0.15139163,0.17527413,-0.23523891,-0.59869456,-0.08948457,0.08296367,-0.2893877,0.181666,0.035256967,-0.26711416,-0.49394184,0.13408878,0.021544393,0.07703728,-0.19209003,0.113104954,0.1582093,-0.09512334,0.029022267,0.10147913,0.04806991,0.00690726,-0.033842504,-0.11652872,0.14547595,0.1011161,-0.0023940082,-0.1510408,-0.042534847,-0.08786237,-0.041035105,-0.06672049
-1.6846064,0.61226255,0.067656554,0.5746967,-0.25632697,0.29863247,0.103376515,0.22619285,0.23842329,0.1545288,0.041303314,0.22695921,0.25424275,-0.15752988,0.021562448,0.2891994,0.059398226,0.5074065,-0.3666351,0.16302826,0.06923023,-0.15377599,0.15087463,0.23073827,0.23647523,-0.41277725,-0.16240251,0.0029617278,0.09947715,-0.17286801,0.13173765,0.14432223,-0.06973196,0.012866028,0.06778383,-0.16628717,-0.32048163,0.056845367,0.031307667,-0.15216914,-0.05563333,-0.027130399,0.09991904,-0.104953945,-0.036952414,0.11726612,-0.05299071
0.96212393,0.6319229,0.026211005,0.531896,-0.30030107,0.35749683,0.015097454,0.100373305,0.26209337,0.2315914,0.059090517,-0.122274496,0.439387,0.2239677,-0.023713997,-0.10665108,0.20890924,0.008994795,-0.5308907,-0.08062512,0.13459192,-0.17658082,0.21731806,-0.2274766,-0.10722173,-0.4953321,-0.033897996,0.030031491,0.11752961,-0.15640274,0.15781955,0.16013929,-0.084003836,0.009435674,0.079027236,-0.14464173,0.071894445,-0.016060589,0.014467778,0.14078636,-0.15857671,0.07245572,0.06316153,-0.032496084,0.07028547,-0.069447,-0.06807126
-0.1173746,0.60122633,0.18274342,0.49910283,-0.3382539,0.31675327,0.0452994,0.24518237,0.2503449,0.33465508,0.027544938,-0.28022084,-0.16855527,0.16513969,-0.09499761,0.19522065,0.028518481,0.022311619,-0.5406421,0.048635058,-0.17411031,-0.025517743,0.20753793,0.027456742,-0.085953794,-0.5542913,0.075712405,0.07029026,0.10048082,-0.23341672,0.15004721,0.14322394,-0.0666073,0.023763886,-0.08949592,-0.1227227,0.057559907,-0.11842861,0.14344019,0.06293711,-0.058861792,-0.034750182,0.026235834,0.025013834,-0.056252874,-0.053956643,-0.10900603
0.9292242,0.5990369,0.04582442,0.5063715,-0.30193374,0.3613737,-0.067903124,-0.061280623,0.26138446,0.18534689,0.046249334,-0.12555368,0.36967295,-0.1274114,0.066427745,0.22031645,0.22305115,0.023434803,-0.5524767,0.030952793,0.13252136,-0.25659573,0.20533685,0.23662077,0.21067524,-0.4749479,0.08474077,0.0921585,0.14821428,-0.14855722,-0.1427625,0.16051498,-0.07966454,0.030980716,0.07586418,0.18460427,0.064326845,0.02963026,-0.0057958597,-0.025343418,0.059306163,-0.020383965,0.06360569,0.184894,0.051770203,-0.05277315,-0.043195937
0.18524751,0.56702286,0.48258165,0.51035917,-0.35145482,-0.4149563,0.6782196,-0.07359026,0.24611273,0.19294249,0.05501597,-0.2810594,-0.24514411,-0.10847203,-0.27402353,-0.105878346,0.13057509,-0.21478392,-0.6158329,-0.035960354,-0.03489013,-0.13709123,0.123021804,-0.2051801,-0.06635434,-0.54664046,0.060986023,-0.13513362,0.09307804,-0.15238838,-0.20559484,0.13862438,-0.06531209,0.014387229,0.07628834,-0.064183034,0.0057673003,0.062942915,-0.010076058,0.068057984,-0.0051813954,-0.025367677,-0.110838905,0.11257456,-0.08376266,-0.093973525,-0.10122228
0.1544633,-0.43768886,0.513617,0.513525,-0.35576534,-0.23793314,0.057958614,0.22857074,-0.38736406,0.12651406,0.075190224,-0.19923998,0.35449716,0.18233716,-0.1352368,-0.26898643,0.0010243487,-0.041109536,-0.6192572,-0.13736914,0.052973077,-0.11450279,0.07751551,0.12545873,-0.08334497,-0.50246817,0.059954096,-0.1482698,-0.21539521,-0.062474098,-0.17913201,0.093226686,-0.07229173,0.0029991083,-0.061951876,0.11980339,0.08358477,-0.0034429538,-0.24656455,-0.12931573,0.021598103,0.07165291,-0.06639102,-0.052304648,0.08191968,0.15591809,-0.087044954
1.0748563,-0.4923659,0.31474593,0.45819482,-0.27868974,0.3545674,-0.29168713,0.0990141,-0.29817975,0.230827,0.03691068,0.27745584,0.3279834,0.2094028,0.09223404,0.19752027,0.17095193,-0.00077897357,-0.58043724,-0.19996938,0.08247081,-0.20469122,0.10802476,0.22976106,-0.25955242,-0.5078417,0.0740805,0.04326349,0.048089538,-0.09961896,0.12586376,0.12651668,-0.11853426,0.040055133,-0.08344729,-0.07988332,0.10428939,-0.020073835,0.0035183174,-0.034841888,-0.018544558,-0.11752621,-0.099397294,-0.07590318,0.050725516,-0.05614077,-0.08306866
-0.28438914,0.6237712,0.5764165,0.5340006,-0.36241633,-0.29509604,-0.07206333,-0.109502055,0.28904468,0.24775545,0.06707198,-0.16507779,0.40784982,0.21496944,-0.059380177,0.22790648,0.1145439,0.48567215,-0.5627955,0.10482702,0.100454696,-0.17768042,0.109820984,0.21800025,-0.2650163,-0.50471425,-0.018969508,0.058962993,0.1422084,-0.13665482,-0.1814968,0.103063196,-0.05628812,0.040058754,-0.06534484,-0.15301134,0.089139014,0.02641254,0.0113486685,0.14246513,-0.041688442,-0.02139718,0.07036621,-0.13576938,0.06687893,-0.055809755,-0.105655834
0.20395087,0.5035394,0.053691506,0.5055764,-0.34846893,0.30869535,0.10602721,0.24541403,0.030199675,0.12372529,0.023602113,-0.2167847,-0.09897408,-0.2615847,-0.016488193,-0.10873217,-0.38744375,0.4719033,-0.5526649,0.00065644085,-0.17401661,-0.095779605,0.15368506,0.20799318,0.24030341,-0.5500375,0.042363703,0.021206636,-0.21467079,-0.15821198,0.11818014,0.14576153,-0.055515688,0.014002215,-0.09028011,-0.13864252,0.10781087,0.06751713,0.008049754,0.07918121,-0.07029373,-0.024546888,0.024894763,-0.102788866,-0.092693776,0.10289201,-0.0672552
1.2939963,0.5776829,-0.014249336,0.5319615,-0.21822175,0.37091288,-0.32091963,0.10466209,0.28857663,0.2934372,0.07421657,-0.14808768,0.040373974,0.24230614,-0.03343381,-0.26699787,0.18716578,0.0015419493,-0.53201973,-0.1312569,0.11025233,-0.21518782,0.22512138,-0.18212964,-0.14246117,-0.47069293,0.08016968,-0.09615397,0.13477191,-0.14753783,0.12685534,0.15105817,-0.10127986,-0.00370681,0.09555268,-0.13465565,0.06622391,0.026059099,-0.020545943,-0.009107033,-0.024610762,-0.020144925,0.066898316,0.00825087,0.05538829,-0.051968023,-0.05493781
1.5482336,-0.4699187,0.5625986,0.55530095,-0.3194397,0.4133777,0.07197991,0.24243467,0.29162133,0.17812893,0.055963844,0.2180638,0.36653215,0.2239085,0.08645099,-0.26099148,0.16994056,0.02297584,-0.6094624,-0.16659743,0.10985566,-0.2215682,0.13595481,0.07948217,0.24101931,-0.5264098,0.07550923,-0.16488478,0.08111354,-0.06990316,-0.15242282,0.11838284,-0.1353767,0.01987054,0.070481956,0.099898696,0.033746004,0.03579212,0.035246484,0.1669915,0.04209438,-0.028061338,-0.101318,-0.03412415,-0.09932834,-0.049404826,-0.040770132
1.1222147,0.52859336,0.26403245,0.48173323,-0.24301152,0.35704234,-0.31628525,0.26979235,0.2829551,0.12617463,0.09969708,0.26318526,0.388857,0.1919836,0.10920063,0.20194842,0.21259749,0.4944016,-0.5253626,-0.11803426,0.13131534,-0.21383218,0.11211816,0.23947027,-0.2631957,-0.53959215,0.06909878,0.067313485,0.14831045,-0.15348592,0.1242691,0.13844283,-0.09424987,0.024986532,-0.09472353,-0.15408437,0.09234242,-0.023741793,0.04701843,0.14972861,-0.017148748,-0.019059319,0.07709608,-0.07493687,0.04775405,-0.05694472,-0.07300849
0.9246641,0.54941005,0.3144957,0.524178,-0.24717698,0.3471854,0.02524879,-0.072311476,0.2601598,0.25691685,0.10453837,-0.14498368,0.42058575,0.27356476,0.15024453,0.20798479,0.20282575,-0.28655443,-0.5309715,-0.004227735,0.14921847,-0.2577184,0.17509438,0.23108071,0.22033624,-0.54426676,0.078975916,0.09922844,0.14244232,-0.17843601,0.14470398,0.152815,-0.07605944,0.01735135,-0.12486784,0.17915039,0.07031596,0.03602131,0.0017211903,0.1669915,0.07017653,-0.03157648,0.07657516,0.15859783,0.05616746,-0.059518475,-0.05508197
1.4652022,0.4113632,0.27109456,0.547828,-0.26264384,0.3778143,0.06544701,0.23970474,0.28981736,0.13534786,0.104170054,0.18592814,0.32845062,0.2848607,0.10608225,-0.3311332,0.19933686,0.016624097,-0.6137255,-0.06832886,0.12272347,-0.25501448,0.15319021,0.002211229,0.24077693,-0.513412,0.09578407,-0.17222795,-0.25397313,-0.15933748,-0.17861006,0.14830649,-0.115190834,0.034654073,0.09341928,0.100707054,0.034257125,0.04426445,0.04026202,0.1669915,0.053347945,-0.015280225,-0.10869605,-0.047279842,-0.09609944,0.1394939,-0.037554327
1.1199087,0.60072064,0.10416658,0.48948464,-0.20890085,0.38554162,-0.36259,-0.008586578,-0.27630013,-0.21567598,0.08829283,-0.2013194,-0.122124,0.19556805,0.03505312,-0.16294077,0.2220835,-0.23372473,-0.45805627,-0.014182463,0.1377417,-0.20512396,0.17695293,-0.17887995,-0.06953402,-0.48949102,0.09702271,0.08362079,0.09488662,-0.16804045,0.13015185,0.14967334,-0.08123169,0.01835651,-0.12771222,0.16047974,-0.24136429,0.039419055,-0.1767419,0.0816396,0.09632295,0.014061206,0.066493645,0.13008745,-0.11339715,-0.059041936,-0.07160216
1.0000283,0.50730026,0.030532504,0.4892537,-0.30952168,-0.33630338,0.034906242,0.32044452,-0.2875517,-0.20919706,0.039544657,-0.30379653,-0.100334115,0.2169038,-0.07810679,-0.315457,0.152528,0.004289589,-0.56487083,-0.14867647,0.081413455,-0.074408874,0.115425445,0.23114063,-0.085892774,-0.51661634,-0.025115227,0.059726752,0.06911518,-0.1609076,0.08572149,0.119195394,-0.076450825,0.016794024,-0.10785372,0.098822065,0.009290795,-0.014267553,0.0040486325,-0.022456178,-0.022419631,0.016232684,-0.11604931,-0.06458196,0.059844878,-0.07058875,-0.10411867
1.0398445,-0.45926237,0.43752307,0.54535705,-0.30094802,0.32695907,0.6763761,0.1079351,-0.3399855,0.27563435,0.050850347,0.2754652,-0.038445845,0.20439896,-0.043689344,-0.14247747,-0.007304252,-0.03744347,-0.5599977,-0.22585146,0.0906269,-0.21813974,0.13517939,0.14047344,-0.060429964,-0.49879777,0.0819518,0.022555511,0.05689212,-0.10379328,0.13283437,0.13616668,-0.11595724,0.025805397,0.06996417,-0.15776084,0.04500059,-0.030707804,0.019837055,-0.03124082,0.07852498,0.0690023,0.046211436,-0.042505987,-0.08504748,0.1297991,-0.06987944
0.8726943,-0.17428304,0.45415944,0.40823278,-0.38972592,0.29916492,-0.31802338,-0.29414016,0.16312467,0.08544687,0.115203954,-0.17483558,-0.24102561,-0.17710099,-0.21483693,-0.18128932,-0.25001678,-0.18991153,-0.5899983,-0.301044,-0.07599819,-0.20769086,0.104531065,0.11893943,-0.07412933,-0.5133979,-0.08784697,-0.098003104,-0.118497185,-0.12772907,-0.100682944,0.14997575,-0.09934385,-0.016915675,-0.09675517,-0.04281403,0.05721608,-0.05384317,0.07409906,-0.11530392,-0.0043706773,0.054086927,-0.024924722,-0.106642306,0.08901921,0.2139382,-0.09406175
0.7050253,-0.4559154,0.11361656,0.5259212,-0.38378972,0.39851674,-0.08841087,0.26119748,0.3270355,0.23162358,0.04804853,0.2673196,0.37997672,0.22542588,0.034256306,-0.286681,-0.3422023,0.0065201176,-0.50402105,-0.17655598,0.12457944,-0.22168358,0.12769173,0.23979798,0.22565109,-0.5070886,-0.008637961,0.02155022,0.14263539,-0.10244275,0.15871641,0.137593,-0.08600379,0.0245486,0.0584074,0.1254618,0.05095636,0.029358711,0.012395849,0.15242685,0.03143028,0.09138014,0.057624318,-0.04072643,-0.1011401,-0.044601377,-0.06878272
0.26877305,0.5456341,0.064734206,0.5042371,-0.25601128,-0.3795713,-0.101949565,-0.3984602,0.19711453,0.2629306,0.1138626,0.22611989,0.29149792,0.21346,-0.05769158,-0.3160227,0.18469523,-0.20244417,-0.4962166,-0.11538535,0.093379416,-0.19148397,0.11231387,0.042618144,-0.041322097,-0.47490355,0.0832994,0.08383028,0.109940864,-0.1998653,0.18527703,0.112589315,-0.044584308,-0.009989922,0.09851504,0.17765014,0.02595654,0.0040652724,0.10376454,-0.035741262,0.034766328,-0.03508966,0.058617536,-0.06869821,0.03113541,-0.10795994,-0.107797205
0.89491,0.5738537,0.3079269,0.51328605,-0.23554914,0.34629932,-0.27185798,-0.38783282,0.296674,0.19892734,0.093507655,0.22191136,0.3977727,0.16358744,0.058144875,-0.10649282,0.20008446,-0.000974447,-0.5238379,-0.16412647,0.14315318,-0.18920425,0.14867063,0.24350142,-0.06822488,-0.5818089,0.047311384,0.07537671,0.16000116,-0.18660475,0.17041953,0.1507318,-0.07419586,0.029434498,0.09643646,0.18489103,0.034143105,-0.037688557,0.09122849,0.13618276,-0.0077294167,-0.028213128,0.082647316,-0.0051190457,0.06937759,-0.10000244,-0.09351165
-1.3758612,0.6324915,0.4722613,0.5081328,-0.30083475,0.2675739,-0.02443273,0.24333979,0.2751138,0.22911315,0.024366722,-0.3124268,-0.12635718,-0.12196483,0.060382232,0.3204885,0.15249455,0.005929201,-0.42545795,0.16213536,-0.15471028,-0.089322805,0.17774798,0.2452853,-0.29079503,-0.50706106,0.06554384,0.061739948,0.12782885,-0.2505175,0.1366592,0.15662174,-0.07017213,-0.05227095,-0.10950962,0.12821478,0.07950049,-0.042910278,0.060084827,0.10233881,-0.050977226,0.09811741,0.078046635,0.080720566,-0.05496332,0.09362954,-0.10585973
0.97211814,0.46372786,-0.52100664,0.5825147,-0.31890702,-0.28024432,0.6384485,0.25839442,-0.0050615375,0.17268328,0.05297143,-0.17338079,0.32931104,-0.35206622,-0.049403712,-0.1319962,0.04747182,-0.24552013,-0.5805593,-0.08417257,0.119390585,-0.24750735,0.16737042,0.022606805,0.2053714,-0.517348,0.13071351,0.037132084,-0.24285327,-0.17493343,0.11412625,0.1314605,-0.10025665,0.031206997,0.117196776,0.10703489,-0.007402175,-0.0031986877,-0.02752505,-0.035039887,-0.121308714,-0.047511745,0.08974989,0.14512494,-0.09676821,-0.05979855,-0.059533667
0.67095727,0.6162282,0.090043284,0.5222839,-0.29188696,-0.32757142,0.60256594,-0.03994622,0.25936985,0.3010783,0.06735754,0.26478174,0.010584079,0.2856491,0.02863104,0.18760253,0.18567042,0.039179377,-0.52533287,0.06995865,0.10557798,-0.2005045,0.11687276,-0.15741548,-0.27065414,-0.44600868,0.098095566,0.014796788,0.15807801,-0.1667208,0.13127583,0.1520422,-0.058765236,0.040898204,0.057004306,0.066356845,0.034669686,0.046288855,0.028433666,0.14003216,0.07114129,0.005923656,0.09322802,-0.034412216,-0.048057586,-0.06662466,-0.10851945
0.64349794,0.61452335,0.23392467,0.43764022,-0.2997336,0.33787525,-0.05307864,0.097050324,0.12803239,0.17142294,0.05951142,0.30503374,-0.03127098,-0.15092109,-0.057772413,0.24571325,0.21386987,0.46810076,-0.48395723,0.012185707,-0.20566866,-0.15124501,0.15699208,-0.18703735,-0.1287474,-0.5250031,-0.018274978,-0.004554637,0.10805652,-0.21301071,0.15657537,0.17516701,-0.07823603,0.027064001,0.0815963,-0.18107842,0.040769562,0.060059287,-0.011789193,-0.13526054,-0.036169756,-0.017683309,0.051559255,0.19134457,0.03735041,0.12607789,-0.08593177
0.18814592,0.6268071,0.51587045,0.57995147,-0.33102494,0.33603567,-0.3804232,0.08692726,0.3274354,0.26891804,0.07346714,-0.2227178,0.4201468,0.22702785,0.0026454842,-0.10987962,0.21110234,0.47181475,-0.49296337,-0.027525209,0.10305988,-0.16934818,0.19851634,-0.3232051,0.26469404,-0.58621967,0.06936812,0.011648081,0.115486346,-0.15933782,0.15276888,0.13020536,-0.058618616,0.04918906,-0.09902677,-0.13325778,-0.25826344,0.027726907,0.05577573,0.15033351,-0.05595979,-0.022483822,0.08527352,0.1476015,-0.09853767,0.10469517,-0.06724666
-1.4372082,0.63727266,-0.029094748,0.63249624,-0.2929707,-0.3952233,-0.086179,0.04627267,0.33476374,0.37751856,0.001284176,-0.1842477,0.3556697,-0.14728457,-0.092385866,-0.3092679,0.057913214,0.0082083875,-0.40787965,0.037638135,0.065001175,-0.18789676,0.17041901,-0.17153232,0.25281677,-0.43326595,-0.034054097,0.007862318,0.15929617,-0.13065028,0.12653047,0.11388402,-0.0578799,0.05208397,-0.06784706,-0.14738764,0.061030332,-0.07125866,0.03083186,-0.044534862,-0.024632076,0.07737303,0.09984733,-0.17170583,-0.09003457,-0.063881755,-0.12652266
0.7889661,-0.5720593,-0.020813294,0.4710549,-0.37911686,0.32421297,0.62585664,0.11387996,0.23566517,0.28674543,0.03472229,-0.25686768,-0.19326736,0.24538082,-0.048599727,0.10109243,0.0066289175,0.014204302,-0.5457845,-0.030842489,-0.22561844,-0.17278808,0.24354301,0.10301149,0.27836677,-0.45091093,-0.030218087,0.058193784,0.090119116,-0.16332166,0.13650616,0.138266,-0.107832156,0.037894335,0.07864188,-0.09015527,0.06357212,-0.10594196,0.06934708,0.09603191,-0.13188058,-0.04148066,0.03563928,0.11533272,0.0453495,-0.06132266,-0.095636286
0.22124937,-0.62532073,0.29945204,0.54384166,-0.34459284,-0.44181427,0.012883145,-0.09258467,0.29918256,0.30781198,0.03628105,0.28962392,0.35309815,0.27849236,0.04072109,-0.1252662,0.10991465,-0.0016651205,-0.5283513,-0.059339985,0.102831565,-0.12080223,0.07823533,0.21870653,0.25238204,-0.4692274,0.07764612,0.078487456,0.13987407,-0.11756704,0.14329441,0.09454334,-0.065280534,-0.008766057,-0.059145615,0.026173426,0.03773492,0.021749862,-0.009296242,0.14937007,-0.00089813396,-0.014692628,0.0667928,-0.08959192,0.085422,-0.07534363,-0.12837245
-0.039985552,0.61279094,0.074974276,0.48455477,-0.41977078,0.310702,0.062003016,0.26630238,0.23487797,0.22607355,0.046769414,-0.2031845,-0.27304605,0.1716151,-0.10107338,-0.14817223,0.04681795,0.029740535,-0.5294752,0.06759527,-0.04843797,-0.032007076,0.22724493,0.24661666,-0.119010754,-0.4856907,0.08754557,0.04270894,0.12925112,-0.2154365,0.15840515,0.16108863,-0.05436241,0.047046393,-0.09874655,0.09613696,0.013968383,-0.095918216,0.058312476,0.06754071,-0.048535943,0.03723976,0.054522842,0.17213373,-0.10471273,-0.06882897,-0.081693366
0.14867216,-0.52618426,-0.011140147,0.52655715,-0.3105801,-0.39785662,-0.12808312,-0.3932805,0.2775594,0.35452336,0.06422606,-0.16440672,0.37338108,0.22285876,-0.019824794,-0.2647969,0.16065675,-0.02617286,-0.4966678,-0.1441991,0.090335466,-0.17542991,0.14668594,0.09192088,0.22892152,-0.45771152,0.097430676,0.07105832,0.13105036,-0.12200707,0.12130582,0.10166873,-0.07009611,-0.010835736,0.047628343,0.14695261,0.06340488,0.0040652724,0.09592287,-0.047374047,-0.059106946,-0.027489,0.04822275,-0.079814404,0.027665589,-0.09615958,-0.1164916
1.542265,-0.28835684,0.03551603,0.5104633,-0.294058,0.34377247,0.6925342,-0.05941122,-0.33265173,0.1604015,0.09761181,-0.24461368,0.059802927,0.30103362,0.08435863,-0.26883158,-0.29763788,-0.21852204,-0.6295872,-0.14204991,0.08390185,-0.30016708,0.1413557,0.095176995,-0.29779902,-0.43831092,0.08812536,-0.15701148,0.01286392,-0.14401962,0.12627251,0.13242391,-0.12770693,-0.03197453,0.105761476,0.02765304,0.07750398,0.052320987,-0.14927913,0.14547595,0.09466473,-0.114848174,-0.12382546,-0.068665296,-0.07169629,-0.080430515,-0.047036603
0.8124431,-0.26868698,0.13409433,0.4987852,-0.32337695,0.34167856,-0.07212938,0.2506708,0.15856,0.1528809,0.009037001,0.28430122,0.33593893,-0.3005402,0.014276851,0.22337303,0.12458796,-0.18213855,-0.49882236,-0.15260155,0.12309357,-0.21503611,0.09975187,0.24847534,-0.05112727,-0.51223207,-0.12460737,0.06272672,0.09884258,-0.1570533,0.11768472,0.14386263,-0.103876874,0.013529053,0.07575719,0.21007298,0.09896204,-0.06448783,-0.002703066,-0.017917337,-0.14841451,-0.15850073,0.066880815,0.19809553,0.046204485,-0.07155213,-0.079310246
0.9465228,0.52235705,0.5987008,0.55576867,-0.37789136,0.3690178,0.58005726,0.27317715,0.3197075,0.15741749,0.0569135,0.31279203,0.31517985,-0.13879178,-0.028415449,-0.074499615,0.13967349,0.008224151,-0.5824569,-0.123880364,0.11646589,-0.18641855,0.13279742,-0.3414681,-0.1532949,-0.5135339,-0.13728489,0.046728298,0.1416904,-0.17699802,-0.16102737,0.14830649,-0.08391972,0.021669654,0.07164069,-0.085636936,0.029293004,0.020463523,0.041625317,-0.031067371,-0.12534262,-0.12289964,0.07975433,-0.06555021,0.017076237,-0.048746966,-0.05010457
0.21516146,0.59426475,0.06078592,0.5345012,-0.31406718,-0.4085113,0.53131115,0.2836758,0.26473516,0.27758977,0.008227279,0.25035378,-0.048267886,-0.11846619,-0.028424466,0.18717067,0.1358608,0.043794304,-0.50708866,0.053145587,0.06475891,-0.18364288,0.1032537,0.20335977,-0.29687124,-0.44600707,0.11698349,0.067680284,0.1482446,-0.15589362,0.13707145,0.11516464,-0.05901481,-0.028523097,-0.07085667,-0.10622173,0.034245193,0.05163607,0.016286999,-0.04314152,-0.06167675,-0.027135368,0.07845155,0.13781051,-0.04944723,-0.0486276,-0.0750695
-1.7907412,0.6123031,0.58706725,0.5855568,-0.2880923,0.31962088,0.09721453,0.25226954,0.37983713,0.25525033,0.03505253,0.25373983,0.29424277,-0.1453272,0.037740458,0.27422228,0.05154451,0.029692901,-0.37094522,0.068779096,0.07465366,-0.13725439,0.13906331,0.247985,-0.24366121,-0.45183173,-0.1355465,0.04370422,0.1632293,-0.14736861,0.13764524,0.13911691,-0.074409865,-0.01813649,-0.08407675,-0.15379506,0.014046151,0.06307034,-0.027703045,-0.05275196,-0.0403902,0.08209842,0.10763096,-0.10221776,-0.03615752,-0.05675906,-0.059824374
1.0206777,0.5267524,0.1469587,0.5226269,-0.25996056,0.36293992,-0.08432595,0.097910486,0.31816092,0.2962299,0.07448475,-0.13992438,0.38512275,0.23331106,0.06739862,-0.29215676,0.016620098,0.04641929,-0.51099443,-0.12293284,0.13516101,-0.26326686,0.19700257,0.23762049,0.22601011,-0.5130103,-0.031036284,0.06909823,0.14501719,-0.1306439,0.13377735,0.14768076,-0.07131752,-0.013546879,-0.11575638,-0.1263644,0.07832144,0.022339014,-0.13474672,-0.034356214,0.057862964,-0.016994324,0.05554668,0.12709516,0.025159683,-0.053236425,-0.07223807
0.7539164,0.5945066,-0.48389387,0.527587,-0.30144852,-0.4517625,0.5096809,0.06957242,0.2552559,0.31270435,0.0009331929,0.24279483,-0.08185869,-0.37688613,-0.018940618,0.17086338,0.13639459,0.02680128,-0.53282934,-0.028081631,0.09025275,-0.2327875,0.13110363,-0.17824022,-0.2334112,-0.46963665,0.14175348,0.04188525,0.13981424,-0.16860762,0.1230057,0.12519087,-0.09609667,-0.02470565,0.06544446,-0.11921332,0.019334637,0.041903183,-0.023730693,-0.030942917,-0.12776516,-0.12209758,0.10375472,0.13468657,-0.03596974,-0.0600245,-0.071414225
0.89491,0.57916296,0.60404813,0.50110054,-0.23403592,0.34629932,-0.27237636,-0.39019033,0.296674,0.21140677,0.11387422,0.23278409,0.39957967,0.17179649,0.050103966,-0.10649282,0.2085404,-0.000974447,-0.52589965,-0.1267539,0.14315318,-0.20911187,0.15617035,0.24883407,-0.06822488,-0.59960026,0.049660098,0.07537671,0.16000116,-0.18660475,0.17041953,0.1507318,-0.07419586,0.029434498,0.09643646,0.18489103,0.034143105,-0.037688557,0.09122849,0.1465407,-0.0077294167,-0.028213128,0.082647316,-0.0051190457,0.06937759,-0.09601161,-0.06533684
1.1929346,0.5215594,0.30233273,0.5163067,-0.24633217,-0.33593273,-0.0913782,0.26916015,0.23035607,0.2238503,0.12331326,-0.13367382,0.08695867,0.194951,-0.00080385385,-0.09888414,0.19464377,0.46890694,-0.51938653,-0.039897293,0.11370636,-0.23237063,0.16413964,0.017569821,-0.24203227,-0.4984308,-0.14364578,0.070397355,0.10804575,-0.15833049,0.12239812,0.118461244,-0.09826269,0.0033325255,0.065157235,-0.1300595,0.0025836793,0.030699562,0.009064203,0.15466374,-0.0596768,-0.016359534,0.06363529,0.12771587,0.080695294,-0.0556077,-0.060940947
1.1430665,-0.579761,0.47707006,0.54610544,-0.3067262,0.36531743,0.6272138,-0.049967125,-0.3052653,0.21946272,0.05490832,0.24606262,-0.0032785498,0.2906539,0.13499236,0.2510995,0.16279532,-0.2105449,-0.526814,-0.062971674,0.124327175,-0.2781924,0.13995549,-0.2409651,-0.3008632,-0.47748908,0.08085234,0.06856783,0.12928768,-0.16816515,0.12345745,0.12905897,-0.11345032,0.0217422,0.09795226,0.0608841,0.020565655,0.064900756,-0.16883567,0.1512303,0.09045268,-0.08028931,0.06275357,-0.039240118,-0.032754634,-0.049465545,-0.08506497
-0.7418845,0.667116,-0.25011498,0.5544783,-0.32191634,-0.2744486,-0.07804309,0.25566804,0.3362666,0.24224141,0.056812145,0.301548,0.31648427,0.26274654,-0.008158499,-0.10225596,0.11526136,0.481407,-0.43009785,0.14537418,0.08877758,-0.16620408,0.12056521,0.22473001,-0.23889738,-0.4549531,0.12621659,0.067357875,0.1750832,-0.19384953,0.16773295,0.100255206,-0.039220754,0.022519566,-0.07865334,0.060457103,0.031318825,0.019286387,-0.03280228,0.1367108,-0.0030346736,-0.007900474,0.07982123,-0.115392104,0.09614382,-0.0615458,-0.11039446
0.081126705,0.6809607,0.53303623,0.55316556,-0.31532747,-0.41239727,-0.10375735,0.08103361,0.24323118,0.31964436,0.02060784,-0.21045429,-0.111106664,-0.15047961,-0.24753809,-0.12263003,0.035006195,0.0019414793,-0.46977293,-0.034842752,-0.16478819,-0.094876796,0.15571639,-0.18937704,0.22721253,-0.53791094,-0.015470851,0.043465536,0.13821086,-0.23178679,0.12385063,0.12367626,-0.054882582,0.027874188,0.05436099,0.16215615,-0.28118688,-0.074381396,0.123438604,-0.106080964,-0.04956203,-0.014889476,0.07312665,-0.13952476,-0.10298384,-0.05894954,-0.11038484
1.5950977,-0.61239123,0.001957005,0.4997565,-0.2867832,0.42528343,-0.067728356,0.036254045,-0.25707215,-0.24696706,0.02096261,0.4115396,0.2669436,0.24206069,-0.0020168945,0.28700504,0.14062916,-0.061967872,-0.48913312,-0.024816342,0.13521709,-0.23412903,0.11624922,-0.35481977,-0.0866852,-0.42494473,-0.021021754,0.053209852,0.09088328,-0.17596698,0.16078666,0.13949817,-0.12827148,-0.0003117579,0.06950359,0.18767627,0.044495028,0.045905594,-0.14979687,-0.013689675,0.11874871,-0.0888655,0.05729527,-0.05911554,-0.045583293,-0.054413266,-0.08449779
0.74865586,0.5945133,0.6199195,0.4310678,-0.29885608,-0.45882204,-0.09421015,0.07646774,0.23904316,0.22938594,0.12148927,-0.28106582,-0.27604735,0.18522148,-0.20959595,0.257196,0.18346885,0.46193668,-0.5055915,-0.06307654,-0.08096495,-0.116652824,0.15528557,-0.39357203,-0.1468765,-0.5305369,-0.109572805,0.033917222,0.11282226,-0.24732946,0.12103632,0.120590456,-0.08827183,0.005920613,0.08643045,0.12937593,0.00074666913,-0.018893445,0.07657901,0.08018628,-0.012342098,0.08137348,0.06084367,-0.13438123,0.04905172,-0.056318816,-0.10933716
0.8431539,-0.15402804,0.2816604,0.39198023,-0.40384018,0.29916492,-0.31486547,-0.2986502,0.16312467,0.09531055,0.10461003,-0.17483558,-0.4896075,-0.18008712,-0.20399019,-0.18093544,-0.25001678,-0.12812708,-0.5880015,-0.25696343,-0.07467253,-0.20081049,0.10678692,0.11893943,-0.09080025,-0.5097295,-0.08784697,-0.017535817,-0.11474774,-0.11890073,-0.100682944,0.14324613,-0.09934385,0.011255055,-0.09675517,-0.03364997,0.05721608,-0.05384317,0.07409906,-0.10652676,-0.0043706773,0.054086927,-0.024924722,-0.10796015,0.09197504,0.2139382,-0.09406175
0.33693936,-0.35328725,-0.00010172662,0.48803467,-0.39619446,0.31150854,0.05233512,0.29459167,0.21385309,0.21740074,0.03539709,-0.21457589,-0.16996954,0.2248635,-0.047242865,-0.10805208,0.0054045506,0.015371537,-0.55275285,-0.018129751,-0.19195075,-0.024669904,0.18489054,-0.25572905,-0.12878893,-0.44008675,0.08701359,0.038610812,0.120152585,-0.18868726,0.13791084,0.16175151,-0.037547305,0.005760347,-0.08036834,0.093644746,0.009497096,-0.08113124,0.007006538,0.06754071,-0.068127945,0.09624766,0.04264212,-0.0655774,0.0755431,-0.06882897,-0.09252398
-1.7574664,-0.24824502,0.28554317,0.5802488,-0.2492154,0.29196006,0.6805412,-0.10997954,0.25360802,0.18234916,-0.027618919,-0.14882843,0.30664545,-0.259487,0.06841307,0.13618712,0.12103307,0.51005244,-0.42422956,0.12589769,0.0809424,-0.15413901,0.17917712,0.08213583,-0.05276551,-0.40742865,0.06827486,0.024073083,-0.22667575,-0.1091357,0.1228908,0.12741387,-0.07990248,0.041494213,0.08089044,-0.19476701,0.049445827,0.048095573,0.022013135,-0.049295373,-0.044314887,-0.16883549,0.07904696,0.044752147,-0.032362103,-0.057888836,-0.098863184
1.3727707,-0.2955751,0.08233126,0.50467086,-0.32962555,0.35761243,0.016590955,0.06576166,0.28689057,0.29821742,-0.0071234005,-0.18075493,0.40588573,-0.33837488,0.0062964642,0.17431545,0.17876682,0.004029359,-0.52171254,-0.19927455,0.12991853,-0.18016754,0.12051844,-0.30271178,-0.11818674,-0.5260267,0.075142704,0.041320577,0.12126211,-0.14186196,0.078195274,0.13391781,-0.091480434,0.024330942,0.058323935,-0.17045458,0.0013356266,-0.055352464,0.06988931,0.13197605,0.07315642,0.0255884,0.07025773,-0.15156724,0.043125045,-0.06312469,-0.08659502
1.1591501,-0.23108193,0.09109622,0.49565247,-0.3395015,0.3135908,0.6551655,0.07249661,0.24274443,0.2876215,0.0068020346,0.32554746,-0.16028175,-0.16744527,-0.08160183,0.17423362,-0.32836798,0.038609523,-0.51290244,-0.11781544,-0.20194162,-0.16252823,0.13688818,-0.40062362,0.2699781,-0.4927523,-0.017757826,0.033655398,0.13407513,-0.18143503,0.096037924,0.13732788,-0.07846061,0.021703599,-0.08216421,-0.1537206,0.046537116,-0.020825688,0.055195443,0.090220414,0.058595747,0.08745126,0.040271297,-0.06577474,0.041267473,-0.05584367,-0.085782744
0.9276912,0.5729533,0.26029104,0.48173323,-0.24412073,0.35811427,-0.31628525,0.27485362,0.2829551,0.20999652,0.09969708,0.2646243,0.3991593,0.1919836,0.10920063,0.20194842,0.21259749,0.4944016,-0.5418947,-0.11803426,0.13131534,-0.2210085,0.1145012,0.23947027,-0.2631957,-0.53959215,0.07597143,0.067313485,0.15311702,-0.15348592,0.114409536,0.13844283,-0.09424987,0.024986532,-0.09472353,-0.15408437,0.09453729,-0.023741793,0.048596233,0.14972861,-0.017148748,-0.019059319,0.07709608,-0.07493687,0.046316452,-0.05694472,-0.07524724
1.0856918,-0.51224667,0.2573854,0.4627131,-0.28635463,0.33259106,-0.082585976,-0.10587496,-0.2945792,0.21507168,0.077890314,-0.24741963,-0.14199224,0.22771057,0.16162549,-0.20558964,0.15291789,-0.20531243,-0.449158,-0.08188642,0.1312866,-0.24181758,0.16795705,0.22661863,0.20492436,-0.50846094,0.08635771,0.088220745,0.08828544,-0.16138288,0.13359812,0.1405492,-0.09595554,0.029124027,-0.12682703,0.058210704,-0.21163513,-0.036421955,-0.22434834,0.11244836,0.09333408,-0.007981454,0.05836811,0.12283063,-0.1080988,0.15786622,-0.10847137
1.4718955,-0.5072525,0.0019237868,0.49655157,-0.24394669,-0.2886357,-0.085213475,-0.09014068,-0.2743367,0.3107688,0.053754415,-0.23463657,0.07283055,0.19031769,-0.039086245,0.32109833,0.18438356,-0.032532837,-0.50776017,0.0068398286,0.09340773,-0.26356846,0.16682808,0.08501298,0.21872959,-0.41884482,0.09442347,0.08412611,0.030467253,-0.12207125,0.117020875,0.11388123,-0.12248329,0.010847067,0.058422856,0.19097061,0.051212408,-0.014919244,0.028175848,0.15123168,0.079981886,-0.115707524,0.06830316,0.1703923,-0.06300063,0.12399623,-0.069431886
0.7843583,0.56823605,0.14626889,0.47959778,-0.3263354,-0.48363855,-0.0030898475,0.04374881,-0.21771273,-0.26942408,0.074385144,-0.29910728,-0.1946927,-0.116965145,-0.22592664,0.21594313,0.1618821,0.5430371,-0.4938238,-0.049811937,-0.06324609,-0.038585298,0.121755265,-0.39652047,-0.14944108,-0.51871,-0.11378553,0.022269454,0.003836562,-0.20018159,0.08996187,0.124403484,-0.09671879,0.004685629,0.087717004,0.1554841,0.009624855,-0.07482942,0.020837445,0.06324833,-0.006818819,0.047176924,0.050901152,-0.1569416,-0.07028439,-0.077422574,-0.11207158
1.1636562,0.58767945,0.056829043,0.47242576,-0.26941812,0.3221162,0.027600087,0.06858659,0.24406548,0.30116966,0.027413934,0.3456304,-0.08597314,-0.26489076,-0.118556015,0.23983052,0.019778464,-0.0030574375,-0.49332926,-0.113595255,-0.19330671,-0.1118543,0.1280262,-0.24780157,-0.084280245,-0.53572595,-0.017757826,0.042223997,0.13926534,-0.24199772,0.09558155,0.16437222,-0.091480434,0.02555496,0.06924447,0.21126206,0.0285145,-0.099327765,0.07939871,0.07104445,0.05594363,0.0761751,0.07579836,-0.117870525,0.042501923,-0.06669915,-0.10311202
0.5275351,-0.29394126,0.31342298,0.45825163,-0.35861894,0.33790734,-0.080179505,0.2601089,0.15601502,0.13945802,0.026408061,0.3077421,0.31693172,-0.34153867,0.025568666,0.2202489,0.13625789,-0.16271755,-0.495152,-0.11192666,0.13759476,-0.25791624,0.100193776,0.2549077,-0.065063745,-0.48142686,-0.023299173,0.059444197,0.10165138,-0.13264404,0.1368768,0.14577135,-0.07861693,0.04151515,0.07228526,-0.18569173,0.093176916,-0.0041841776,-2.35904e-06,-0.022384536,-0.037742782,-0.045198224,0.0523897,0.19498515,0.05446889,0.15052521,-0.08932778
-0.27172643,0.6601139,0.08330012,0.47702163,-0.32656473,-0.3659894,-0.08363171,-0.31746343,-0.35578367,0.2344597,0.060735952,0.3634322,-0.047524337,0.1322476,-0.15815884,-0.13612904,0.15517783,0.5115538,-0.513208,0.17273156,-0.16725571,-0.14322697,0.100378074,-0.15715995,0.265109,-0.4318185,-0.021578055,0.009243486,0.08323174,-0.13754885,-0.21398473,0.11572169,-0.06723547,0.012744483,-0.08803637,-0.118022725,0.04128319,0.059763595,-0.08033591,0.08465478,0.029586576,-0.0837485,0.06772846,-0.105299234,-0.084823035,-0.0712556,-0.10806689
0.9584749,0.47026974,-0.4864264,0.57715875,-0.31868565,-0.2828541,0.6518437,0.2542817,-0.010996565,0.14444779,0.04031612,-0.17219651,0.32931104,-0.34726325,-0.05124829,-0.1319962,0.04747182,0.4590705,-0.5734937,-0.022775626,0.1187691,-0.19034688,0.18235204,0.012976927,0.22692667,-0.5024956,0.13071351,0.037132084,-0.24285327,-0.17493343,0.11314829,0.12536044,-0.10090469,0.020672074,0.09799475,0.10703489,-0.0064998656,-0.0031986877,-0.02752505,-0.035039887,-0.121308714,-0.035467166,0.08974989,0.14512494,-0.09676821,-0.051042426,-0.059533667
1.3247733,-0.58700305,-0.12263744,0.5447504,-0.33583096,0.34299946,0.012962457,0.10163653,0.3257777,0.29451522,0.028488971,-0.1890114,0.42626628,-0.13773571,0.025262682,-0.1509361,0.026814578,-0.0032422873,-0.5580574,-0.13579057,0.15340672,-0.19342886,0.20588374,-0.27372557,0.25039852,-0.46720654,0.10813208,0.03161498,0.120376624,-0.120612316,0.14756845,0.16748844,-0.12891462,-0.001790375,0.06950359,0.16499287,0.007166176,-0.0066218204,0.0017611142,0.16123715,-0.023569454,0.08174187,0.06418651,0.16052215,0.07458832,-0.06656379,-0.066912115
0.4371966,0.67088586,-0.35163513,0.41764507,-0.29451084,0.3401972,-0.075304374,0.2995778,0.17505987,0.1876766,0.052888244,-0.27277988,-0.14791526,0.17581382,-0.113722995,0.18297227,0.030056493,0.48631585,-0.49047378,0.072759464,-0.20739935,-0.11276209,0.21815756,-0.19893005,-0.09920492,-0.45426732,0.11581226,0.022143252,0.09599445,-0.20259258,0.113189906,0.14262585,-0.061205212,0.025921449,-0.08675459,-0.18486287,0.059988394,0.075339586,0.08298506,0.07985476,-0.052072052,0.09283886,0.039311375,0.1801876,0.043794766,-0.05157666,-0.107133776
1.0344927,-0.33338547,-0.3887935,0.5507912,-0.34998444,0.3364553,-0.09616154,0.09529521,0.32325456,0.23212583,-0.0070808334,-0.15278688,0.45051715,-0.16216725,-0.058657512,-0.11138666,0.0078062564,0.023394376,-0.4948146,-0.07412536,0.14393179,-0.25248304,0.19812372,-0.2561861,0.26068756,-0.44463098,-0.04087187,0.03749711,0.13454278,-0.12617068,0.12012245,0.13756186,-0.07131752,0.014058603,-0.08070597,-0.13112092,0.066508114,-0.011133876,0.018191228,0.16123715,0.07647382,0.08035403,0.06807763,0.16389975,0.069047265,-0.054827675,-0.074893385
1.1009207,-0.46361315,-0.6120727,0.48994157,-0.33267787,0.3521664,-0.094941765,0.2456453,-0.36438572,0.18958353,0.03489246,0.300776,-0.0030699456,0.2655384,-0.012631495,-0.28055438,0.019222513,0.0039761877,-0.5681964,-0.11440621,0.094588466,-0.2508022,0.16162024,0.08714947,-0.20578076,-0.43659776,0.12768346,-0.13199942,0.111544736,-0.108202465,0.12078337,0.13418886,-0.13216822,0.029687768,0.06882761,0.12451463,0.03452818,-0.06798775,0.014436388,0.14974958,-0.09429532,0.07106942,-0.10460791,-0.07519899,-0.10499785,-0.050452374,-0.049742743
-1.7945867,0.70230436,0.09554269,0.46593326,-0.26711652,0.26714823,-0.051629443,0.061837427,-0.3454646,0.23914361,-0.005734446,0.37959853,-0.023576766,-0.14308192,-0.07370362,0.28681093,0.16726235,-0.020626858,-0.3486585,0.21517293,-0.15267481,-0.09947191,0.11135728,-0.20810704,-0.07830288,-0.3727089,-0.021578055,0.032816183,0.09799499,-0.16788623,0.1537541,0.15532129,-0.07003744,-0.0048926678,-0.111658275,-0.17249921,0.118475325,-0.032728314,-0.299453,0.076256104,0.0074828444,-0.029872231,0.08368878,0.20751129,-0.02008523,-0.058210235,-0.104124606
1.0022061,-0.2822657,-0.09968153,0.4716559,-0.32626027,0.37794492,0.06241814,0.10709271,0.039220717,0.13421054,0.013823469,-0.17830747,0.32360473,-0.40262848,0.016352853,0.20949076,0.014319943,0.48945293,-0.64543617,-0.05235646,0.120417304,-0.27682582,0.14862691,0.24817055,0.22776785,-0.47097355,0.09760997,-0.11198857,-0.16647753,-0.11246573,0.114752874,0.13277209,-0.09008933,0.023374623,0.094950035,-0.15840086,0.077431425,0.044139817,0.047289733,-0.025343418,0.06732687,-0.026720125,-0.11635194,-0.07616137,0.044441722,-0.058649182,-0.0926385
1.3445872,-0.5165266,0.54245275,0.49030277,-0.31926376,0.38855898,-0.055300195,-0.06932347,-0.32136565,0.21018203,0.08984677,0.30864704,0.3250994,0.22239454,0.0518133,0.290653,0.18143661,-0.23067428,-0.5235116,-0.07256139,0.11830831,-0.30171385,0.10189655,-0.24559113,0.22428207,-0.5200962,-0.015761133,0.06457368,0.12269216,-0.13541,0.16802552,0.1369599,-0.1152257,0.0147763435,0.077500984,0.16622458,0.050602123,0.045905594,-0.16769288,0.16240886,0.08371654,0.019001689,0.057171054,-0.056424882,-0.052864764,-0.06773362,-0.054186754
1.1260324,-0.27332482,0.3157063,0.39831087,-0.3690415,0.29295126,-0.24629202,-0.23275094,0.16312467,0.17596638,0.10909038,-0.17254023,-0.4262287,-0.179189,-0.21618485,-0.18263283,-0.2567537,-0.17374356,-0.5590009,-0.36291492,-0.07743187,-0.20139536,0.10409657,0.1443104,-0.07617622,-0.5133979,-0.087756954,-0.010656363,-0.106669985,-0.11017844,-0.09240139,0.12392869,-0.11837644,0.003676287,-0.091512494,-0.03364997,0.07160388,-0.023358816,0.07839012,-0.10652676,-0.0043706773,0.051936682,-0.029324528,-0.11055498,0.09403951,0.2139382,-0.08186343
0.9796057,-0.5981732,-0.46458715,0.53797454,-0.36210987,-0.45536065,0.57550865,0.07763316,0.25002933,0.33131525,-0.03602241,0.25516984,-0.057728834,-0.375831,-0.011833373,0.13278246,0.10724913,0.003292895,-0.51496285,-0.092797115,0.101721056,-0.22853814,0.12731586,-0.24531767,-0.23326194,-0.42503175,0.14175348,0.040651932,0.12842642,-0.13725373,0.10985488,0.09717593,-0.12215645,-0.019121775,0.05592082,-0.115012355,0.020236947,0.041903183,-0.025308495,-0.030942917,-0.12776516,-0.13253047,0.08811372,0.13468657,-0.034040004,-0.0600245,-0.07239128
0.6037796,0.66891193,-0.080780216,0.5122535,-0.36833525,0.36148018,-0.07351906,0.34564057,0.17600098,-0.2475649,0.016570518,-0.16053447,0.43299896,-0.1396052,-0.1149915,0.23543465,0.038621604,0.0078080883,-0.53908193,0.08633822,0.13962953,-0.17269729,0.21040344,-0.16797206,0.2799367,-0.45271534,-0.021480229,0.039075542,0.09405892,-0.15304576,0.13258636,0.15457995,-0.061805073,0.036719494,-0.087244555,-0.1729949,0.0057669072,-0.069609605,-0.013566496,0.16123715,-0.14378025,-0.00951638,0.045020476,0.18493223,0.05729126,-0.06434399,-0.05795211
0.2695508,0.6598506,-0.48349807,0.5157356,-0.3745184,0.30727997,0.5862347,0.30726072,0.2038074,0.19850884,0.008546706,0.36463714,-0.084486604,-0.16068374,-0.1435935,-0.08185068,0.045521915,-0.008443076,-0.49310932,0.02953921,-0.1714694,-0.07776375,0.16462821,-0.20610772,-0.107646845,-0.4521868,0.14664103,0.048484143,0.1069968,-0.22820581,0.1623119,0.16421567,-0.03870058,0.005169751,0.0991478,-0.15897356,0.11494609,0.06645738,0.042021304,0.06326707,0.033984236,0.08060258,0.045031715,0.15495285,0.06750898,-0.051235363,-0.081693366
0.2458861,0.5808926,0.59565926,0.57898927,-0.3117001,-0.3951459,-0.093903184,0.26040348,0.3088232,0.26162058,0.060346957,-0.14688484,0.39051616,-0.12086208,-0.17936245,-0.31988922,0.19043529,-0.21700333,-0.4563931,-0.14400876,0.08839517,-0.17492154,0.11578222,-0.37020794,-0.0501675,-0.5380952,-0.110435985,0.032839343,0.14421414,-0.15903786,0.1257506,0.10776399,-0.054234546,0.034670584,-0.0885742,0.17540903,0.06124564,-0.04581869,0.105972596,-0.13962732,0.008899817,0.08512637,0.0882884,-0.15253328,-0.10902763,-0.057563305,-0.08349371
0.5460918,0.5869226,0.60861045,0.46727982,-0.36296737,0.3428391,-0.0645977,0.2578426,0.16785999,0.16332483,0.03601449,0.30791488,0.26110926,-0.343149,-0.036630645,0.24441321,0.16159682,-0.01579732,-0.5079651,-0.044728413,0.11960959,-0.20513873,0.1293926,0.25533047,-0.12322649,-0.5185733,-0.011019986,0.058773626,0.1047932,-0.16972023,0.15002763,0.15770699,-0.062958345,0.016401062,0.07102225,-0.18822251,0.09518973,0.030862987,0.00088440813,-0.19872028,-0.027764898,-0.025069028,0.06581946,0.18948898,0.05102317,0.115105145,-0.050322358
0.30630326,0.6474362,-0.041739527,0.47679257,-0.37173674,0.29878893,-0.054052938,0.28710154,0.2797343,0.21895127,0.024890073,-0.2992616,-0.12701657,-0.14814301,0.0142357815,-0.15900669,0.18862349,0.014252516,-0.47402364,0.045098953,-0.17105572,-0.11175179,0.20101726,0.24926141,-0.27946892,-0.4792398,0.107097864,0.07209079,0.118364386,-0.25284705,0.13631779,0.15418942,-0.057142865,-0.03866777,-0.11370373,0.07578479,0.07727987,0.06833024,0.04819002,0.081086576,-0.009856924,0.096467264,0.054940302,0.18917042,-0.08868429,0.096454844,-0.10585973
1.4760973,-0.45618045,-0.011937857,0.5129921,-0.29929045,0.36118007,0.052385073,0.24931426,-0.3444547,0.18271208,0.04976575,0.25074944,0.009477541,0.25605127,0.060050994,-0.28865135,0.178243,0.022503443,-0.5646352,-0.108768016,0.09480516,-0.25353846,0.14403649,0.07937166,-0.25720298,-0.43659776,0.10772677,-0.15029305,0.08560509,-0.10480025,0.15525903,0.13418886,-0.11127933,0.03833942,0.07486364,0.1109032,0.02174007,-0.033842504,0.022652505,0.14974958,0.06534131,0.0029729714,-0.11534855,-0.0556353,-0.10744972,-0.0621885,-0.041761473
0.8606312,0.45291507,-0.29562807,0.55591196,-0.30564737,-0.3337154,0.59180707,0.10518768,0.03933645,0.28225788,0.10351241,-0.120352246,0.3641703,0.2351067,-0.017414797,0.28304377,-0.38991606,-0.24717703,-0.54641134,-0.029329127,0.117060386,-0.30845973,0.19555221,0.052866742,-0.3058394,-0.5194533,-0.044351544,0.009463887,-0.21685125,-0.141331,0.12662518,0.12456132,-0.08457378,0.029616693,0.11410557,0.1678509,0.054584756,0.03209818,-0.13241713,-0.030942917,0.07445726,-0.029747518,0.034641977,0.11649348,-0.05893862,-0.07410021,-0.11584138
0.12681822,-0.50400645,0.056096375,0.5336433,-0.411468,0.3673947,0.09892078,0.2610062,0.34230086,0.20706064,0.039287128,0.2253072,0.3711017,0.17355835,0.05181175,-0.1604821,-0.27477145,0.021033615,-0.6251157,-0.15349078,0.0773507,-0.13747405,0.13653897,0.2365331,-0.25578976,-0.5027472,0.0745222,0.046763666,0.12894778,-0.11860543,-0.22407168,0.13463719,-0.09617762,0.03320025,0.05681497,0.129308,0.054342177,0.04270651,-0.03863074,0.12886393,-0.052647226,0.0968655,-0.08870796,0.09196317,-0.099659644,-0.07249772,-0.06064121
0.12442395,-0.38562277,0.24930419,0.49862543,-0.3551965,0.2753363,0.64779085,0.2114829,-0.336704,0.086149044,0.10127242,-0.2237795,-0.10281471,0.1440226,-0.08801323,-0.24116467,-0.0049170237,-0.1737793,-0.57019365,-0.19301662,0.053066947,-0.13092308,0.086038694,0.13844459,-0.029359449,-0.49183178,-0.013104845,-0.13401732,-0.21144524,-0.078653745,-0.18406776,0.12992087,-0.07159743,0.0108713955,-0.12564562,0.10978624,0.083627,-0.07667467,-0.25034672,-0.0755474,0.018303199,0.07421913,-0.066918574,-0.041970234,0.067196734,0.17042431,-0.08251021
0.36011654,-0.32804826,0.041730434,0.4901476,-0.43913555,0.31943154,0.057397805,0.2950019,0.21493948,0.20898895,0.041976295,-0.21457589,-0.17099406,0.21767068,-0.07166358,-0.10805208,0.0054045506,0.014227873,-0.53905267,-0.01266481,-0.18087588,-0.0147073185,0.18155012,-0.25361612,-0.12638819,-0.4455319,0.08304039,0.032935183,0.120152585,-0.18868726,0.15294705,0.15509635,-0.037547305,-0.00047647068,-0.08036834,0.092250995,0.014895997,-0.088591546,0.022978147,0.06754071,-0.06056688,0.09581916,0.04264212,-0.06379692,0.0755431,-0.06882897,-0.09252398
1.1213143,0.5280043,0.30195215,0.51586586,-0.25584832,-0.3502874,-0.30515727,0.2699487,0.23358247,0.2238503,0.12000699,-0.13367382,0.08695867,0.23890495,-0.00080385385,-0.08305348,0.2036082,0.46028095,-0.52670354,-0.0571602,0.11370636,-0.23119847,0.16413964,0.017569821,-0.23381367,-0.52454597,-0.14364578,0.0798733,0.10804575,-0.15138268,0.12375489,0.11627931,-0.08251462,0.054226033,0.087718725,-0.1300595,0.0025836793,0.0101940455,0.009064203,0.15466374,-0.039392736,-0.018707782,0.057695955,0.12771587,0.07736443,-0.061379142,-0.060940947
1.233551,0.55565065,-0.024450906,0.53037107,-0.26702604,0.33638632,-0.28632668,-0.43520528,0.054922897,0.23697984,0.13596232,-0.13202895,0.395072,0.15987155,0.029487798,-0.121344484,0.16467103,-0.25502533,-0.5603839,-0.08728371,0.14756514,-0.29565623,0.22423774,-0.2098283,0.22162782,-0.51512873,-0.17477545,0.058440298,-0.18391527,-0.20106162,-0.17615601,0.16964555,-0.10587818,-0.05458282,0.08501007,0.14834116,0.05751992,-0.0018357416,0.08676726,0.15682796,-0.1496854,0.09156726,0.046125278,-0.011802512,0.06216377,-0.10659342,-0.056587394
-1.9905645,-0.3509787,0.29588887,0.57645935,-0.28953752,-0.2195281,0.0651662,0.19060816,-0.443756,0.10350206,0.06728973,-0.21204008,0.31186688,0.12385927,-0.06261216,-0.26991546,0.036535367,-0.1716883,-0.52260935,-0.11663135,0.03851461,-0.16853493,0.041287147,0.12906224,-0.06901104,-0.4038377,0.05606476,-0.13782644,-0.21754572,-0.07014672,-0.1821816,0.085941985,-0.08840577,-0.0042577637,-0.073989615,0.13455878,0.089614205,-0.0067643872,-0.2673167,-0.12221184,0.013152445,0.0035151036,-0.11941154,-0.084450096,0.08118947,0.19694355,-0.087044954
0.7298964,0.61043334,0.103449106,0.46542358,-0.25765267,0.34067193,-0.08863198,-0.062400207,0.24447852,0.16383414,0.08469936,-0.16522296,-0.17878678,0.18195751,0.07034175,-0.15616968,0.20840052,-0.23898342,-0.47350618,0.007168142,0.13186102,-0.18267593,0.19025448,-0.17469908,-0.06714767,-0.45345837,0.09981468,0.08782081,0.11976496,-0.17414251,-0.15445545,0.16156602,-0.06454234,0.035616033,-0.10574621,0.15479048,-0.22455221,-0.04143379,-0.19049804,0.08861649,0.07092591,-0.008635896,0.06793957,0.122994766,-0.09906884,-0.054795716,-0.06824881
0.94583356,0.5204328,0.27073377,0.52044004,-0.26549616,0.41926804,-0.2751742,0.052639984,0.28969574,-0.19084445,0.0856069,0.27070254,0.02968593,0.23051396,0.14176494,-0.06281365,0.2115803,0.51936656,-0.58403563,-0.15128952,0.10212051,-0.21002878,0.11437953,0.22073652,-0.23968798,-0.53050995,0.06713081,0.038404107,0.11143287,-0.15574051,0.15853047,0.15378593,-0.087106764,0.060526907,0.08159803,-0.1325226,0.08951127,-0.037306502,-0.0064061517,0.14972861,-0.015518252,-0.028648855,-0.087469384,0.12376241,0.07525287,-0.06865398,-0.055040352
0.7321686,0.608784,0.2803231,0.45257723,-0.2689509,-0.406202,-0.29040155,0.2770363,0.14132443,0.22520146,0.14897206,-0.26794463,-0.15449609,0.19702905,-0.18972734,0.25613937,0.021056825,-0.2230073,-0.59903574,-0.06773961,-0.16706647,-0.18602107,0.14780661,-0.2015952,-0.069739036,-0.5494746,-0.13898018,0.009845395,0.08013343,-0.23630103,0.11857806,0.1245086,-0.08137091,0.004781165,0.105632484,0.21576227,0.0025043036,-0.02697825,0.06843012,0.07577708,-0.011200747,-0.015288197,-0.12147776,-0.14774412,0.066630624,-0.07076376,-0.101384245
0.80716306,0.60812694,-0.6954683,0.49901217,-0.28094828,-0.25304955,-0.07933119,0.2710875,0.22371751,0.30291796,0.019127876,-0.20180222,-0.08053868,-0.25123018,-0.09196432,-0.32937834,0.2104248,-0.2662493,-0.48961538,-0.028115205,-0.17397557,-0.21332258,0.19152752,-0.15587313,0.19917114,-0.46248227,0.13874051,0.027003348,0.14046189,-0.1980296,0.115765676,0.13013119,-0.06409201,0.03465537,-0.12393835,0.17141671,0.05531368,-0.06101164,-0.009720946,-0.13541351,0.09396993,-0.123737454,0.110012844,0.047083374,-0.108345546,-0.073704086,-0.11034378
0.7821333,-0.6322018,-0.12934011,0.4367266,-0.27757958,-0.29107803,-0.12276974,-0.44544366,0.23958841,0.30014133,0.017808959,-0.2726442,-0.17781217,0.20463735,-0.051082395,-0.08778459,0.016662939,-0.0031427047,-0.5490427,-0.122660175,-0.21484925,-0.19670314,0.19548069,0.23972148,-0.20650765,-0.47777468,0.103987664,0.044298943,0.09767375,-0.16158122,0.10910636,0.110794224,-0.105413124,0.006711503,0.06378119,-0.07416357,0.063893825,-0.030686108,-0.029380636,0.083568595,-0.12837334,-0.15477552,0.057359055,-0.11417556,0.043709524,-0.08358453,-0.12706898
0.6963959,0.5893006,-0.57045746,0.527587,-0.31236672,-0.4517625,0.50586975,0.06957242,0.2552559,0.31270435,0.0009331929,0.24279483,-0.08185869,-0.37688613,-0.018940618,0.17086338,0.13639459,0.02680128,-0.53282934,-0.019458272,0.09025275,-0.23422934,0.13110363,-0.17824022,-0.2334112,-0.46963665,0.14175348,0.04019022,0.14669843,-0.16860762,0.1230057,0.12519087,-0.09609667,-0.02470565,0.06544446,-0.11921332,0.019334637,0.041903183,-0.023730693,-0.030942917,-0.12776516,-0.12209758,0.10375472,0.13468657,-0.041837886,-0.05889944,-0.071414225
0.5383485,-0.34777102,0.62953746,0.42512617,-0.37671354,0.35311064,-0.07402626,0.09213423,0.11493365,0.15828106,0.05734026,0.29717475,-0.060972005,-0.13313761,-0.04078348,0.20863338,0.1795013,-0.17951956,-0.51450574,-0.072143145,-0.20341966,-0.19558567,0.109903224,0.25905424,-0.06979898,-0.521965,-0.0035948786,-0.004818078,0.08448107,-0.18500553,0.14440249,0.16234028,-0.062310312,0.037836377,0.0787114,-0.12352077,0.08356902,0.05702644,0.006519643,-0.123977825,-0.016673628,-0.060107756,0.050132707,0.19053881,0.016082475,0.15647894,-0.1149552
0.45491922,-0.23475261,0.2771432,0.42460945,-0.32799566,-0.31171253,0.031971898,-0.39136887,0.2523475,0.31102473,0.065699175,0.25487489,-0.20496838,0.13182059,-0.08455301,-0.28802767,-0.27574322,-0.22964051,-0.44710004,-0.2162521,-0.07148877,-0.13743654,0.12556824,0.2412703,-0.03057777,-0.5016874,0.0783902,0.022155043,0.14368008,-0.17325959,0.12813292,0.1256975,-0.07555321,0.011305515,0.05811159,0.17122109,-0.29918134,-0.0378745,-0.22537208,-0.10739693,-0.01531389,0.032927446,0.0347174,0.1260035,-0.10748304,-0.11647427,-0.12608603
1.560218,-0.32114318,0.24633013,0.51912326,-0.29915634,0.3501938,0.69300926,-0.061486006,-0.34990448,0.1808445,0.09403021,-0.24994731,0.059975304,0.30601394,0.102084294,-0.2658636,-0.26971647,-0.21852204,-0.63053036,-0.1463697,0.10616347,-0.26756424,0.15765901,0.095176995,-0.29779902,-0.48642066,0.085577756,-0.15701148,0.006498155,-0.13702938,0.1324185,0.13242391,-0.12770693,-0.032917723,0.10297221,0.02765304,0.031016769,0.052320987,-0.14886488,0.1512303,0.07548588,-0.114848174,-0.22145772,-0.06975146,-0.076986134,-0.086216375,-0.047036603
0.99910897,0.62631077,-0.07510214,0.54137844,-0.2735627,0.33323932,-0.07693311,0.092431016,0.33238444,0.29810056,0.02326921,-0.14800641,0.43756506,-0.14895284,-0.067112714,-0.10758811,0.029510176,0.031534743,-0.49736336,-0.06006019,0.13437524,-0.25687805,0.2162126,-0.20287922,0.26388544,-0.48002264,-0.03456162,0.038730428,0.14494114,-0.14678079,0.121291175,0.15457995,-0.07131752,0.016869938,-0.093167886,-0.12989268,0.06635952,-0.011133876,0.021340987,0.16123715,0.07233394,0.069742315,0.083718605,0.16130492,0.067609675,-0.054827675,-0.06406279
0.26949385,0.47574133,0.31396243,0.51779586,-0.34552008,-0.36924726,-0.115858115,0.2324439,0.26568717,0.1614909,0.07967603,-0.1642384,0.3968589,0.17993222,-0.108263135,0.23432308,-0.32750386,-0.013271462,-0.56047165,-0.049805366,0.09084945,-0.10024656,0.10490788,0.06980542,-0.10935256,-0.532762,-0.009145651,0.03574548,-0.28723356,-0.109551646,-0.1657562,0.11719932,-0.061146427,0.013187321,-0.06950385,0.112286985,0.08847917,-0.06335249,-0.20880815,-0.11967069,-0.06812781,0.0883957,0.025532741,-0.08342913,0.044334404,0.13988641,-0.1106922
0.9839789,-0.19327153,0.17578766,0.47430563,-0.38242975,0.3134079,0.0011071535,0.09413322,0.23428966,0.17564026,0.08652017,-0.23383895,-0.14649913,-0.16023499,-0.076620914,-0.22256932,-0.022141416,-0.14244224,-0.603625,-0.16875944,-0.17259851,-0.17185494,0.095441036,0.09623903,-0.05682144,-0.50707805,-0.011700224,-0.12062304,-0.23148769,-0.12546962,-0.101052135,0.13850196,-0.08240133,-0.051382992,-0.1247433,0.13091107,0.053947393,-0.07297978,0.022271844,-0.1064875,0.031180328,0.09775835,-0.052693874,-0.06472048,0.048427805,0.18249413,-0.09679617
0.53753376,-0.32756922,0.018241342,0.49145034,-0.4065626,-0.24923344,-0.11651611,0.26185846,0.21632692,0.21763392,-0.017651107,-0.20090209,-0.2084171,-0.23271279,-0.22183762,-0.2921676,0.19085792,0.029184949,-0.46247682,-0.0121917855,-0.05438483,-0.15107995,0.16885968,-0.20543927,0.2205773,-0.41840744,0.09221293,-0.16323851,0.13912196,-0.16036148,0.11296785,0.113742635,-0.055908356,0.026367119,-0.07659449,0.14634581,0.065362334,-0.06101164,-0.0026700674,-0.13541351,0.03804916,-0.14068212,0.083031654,0.020206869,-0.09798717,-0.05437737,-0.1311919
0.87865865,-0.34837365,0.07947104,0.4949582,-0.3292133,0.34412515,0.05579514,0.27826095,0.25697425,0.14636424,0.018081814,0.31538588,-0.1483849,-0.15529191,-0.06567639,0.22190486,0.0024082782,0.4978011,-0.47823402,-0.05373969,-0.20318131,-0.14686564,0.12476411,-0.2538688,0.27578682,-0.48955417,-0.011518899,0.04388804,0.1405577,-0.18051328,0.11557269,0.14208733,-0.08981396,0.029804626,-0.08311671,-0.16426007,0.026291734,-0.023122627,-0.013880512,0.09149525,0.05549062,0.08940198,0.03954967,-0.09671691,-0.049870845,-0.057865627,-0.10854506
1.4246422,-0.41471922,0.2899096,0.56748646,-0.3311222,0.4133777,0.057020735,0.24151488,0.29162133,0.17515561,0.05449687,0.20264252,0.36472517,0.21569945,0.09449192,-0.26725152,0.16148463,0.02297584,-0.6074007,-0.20303215,0.10985566,-0.20166057,0.13245888,0.09295986,0.24101931,-0.5086184,0.06618869,-0.15800533,0.07533745,-0.06990316,-0.1637626,0.12819248,-0.121203594,0.01987054,0.070481956,0.1068611,0.033746004,0.03579212,0.035246484,0.15663356,0.04209438,-0.022072379,-0.101318,-0.03412415,-0.09932834,-0.05339565,-0.040770132
0.81086946,0.50459504,-0.36614436,0.5019776,-0.37710166,-0.34551162,0.07989687,0.2542087,0.19300042,0.23129289,0.027256887,-0.17824963,0.31559888,-0.4081895,-0.1662814,0.28023523,-0.4129457,0.041157395,-0.6159258,-0.04355693,0.092410125,-0.25576356,0.16727865,0.22307642,0.22434936,-0.49936777,-0.03495229,-0.11132879,-0.17356195,-0.12404493,0.11320199,0.12519087,-0.09494728,-0.021474788,0.08910007,-0.16141346,0.08659012,0.036184847,0.028955039,-0.030766249,-0.11174768,-0.017260931,-0.14725547,-0.07824804,-0.06730845,-0.05756174,-0.064308435
1.2785126,-0.26175523,0.28210884,0.42876267,-0.36170536,0.29500428,-0.27756023,0.09407594,0.15483873,0.1063989,0.11386945,-0.17262363,-0.24565876,-0.15450561,-0.20794147,-0.18411976,-0.25088853,-0.17146145,-0.5554866,-0.34573203,-0.06724875,-0.18638885,0.1126341,0.1443104,-0.07617622,-0.5071304,-0.08601863,-0.091123655,-0.11041943,-0.11017844,-0.36727214,0.13541776,-0.13254955,-0.031211551,-0.09572546,-0.04281403,0.049066193,-0.037313372,-0.01678306,-0.1064875,-0.0043706773,0.051936682,-0.024924722,-0.11010289,0.08754553,0.17601335,-0.08507036
0.48982662,-0.28794238,0.24663126,0.43977776,-0.31216317,-0.31725803,0.039575975,-0.40417483,0.2589404,0.2488408,0.05229725,0.2635128,-0.20900904,0.13040276,-0.14434159,-0.1494088,-0.27574322,-0.22106275,-0.46339506,-0.20117296,-0.07148877,-0.13577521,0.11424238,0.24742526,-0.02885191,-0.5027832,0.07151755,0.053420976,0.14159827,-0.19679701,0.12450762,0.11433141,-0.07555321,0.023318576,0.05811159,0.16837738,-0.285835,0.03964653,-0.028391015,-0.0062026437,-0.02171604,0.027153611,0.03635661,-0.034056798,-0.09265868,-0.10000873,-0.12608603
1.1856233,-0.64293075,0.05532715,0.53215414,-0.31350446,-0.33525413,0.042179387,-0.06665991,0.23903145,0.28078514,0.028127782,-0.14976373,0.41883284,0.20879573,-0.008939337,0.1764533,0.18209185,0.0050742864,-0.50957596,-0.020984758,0.119714476,-0.23748946,0.15463576,-0.24506034,0.2647754,-0.4441344,0.08247067,0.07729794,0.12417031,-0.12723278,0.12739637,0.10293973,-0.104792215,-0.001790375,0.059098832,-0.15863083,0.06586071,0.0377714,-0.0067021223,0.15581432,0.07800529,-0.14352071,0.08326288,0.14444934,-0.041064475,-0.06064676,-0.08032658
1.237455,-0.42940065,-0.07607069,0.497416,-0.28949317,0.3760647,-0.3844989,-0.11333803,0.18957947,0.23276901,0.12711965,-0.20484973,0.36862406,0.19403216,-0.033031248,0.21240075,-0.0009709168,-0.23130609,-0.56177425,-0.11656912,0.14405361,-0.2930329,0.16926835,0.054379612,0.21101768,-0.45437545,-0.1539122,-0.122120485,0.06057904,-0.11834041,0.12530433,0.14245403,-0.11674855,0.010221857,0.07961427,-0.081107356,0.0032711704,0.02262314,0.03322329,-0.025343418,-0.027302694,-0.033905648,0.037076406,0.14657818,0.03572346,-0.06629051,-0.054186754
-1.6266482,0.64029974,0.24315858,0.5989516,-0.27346617,-0.39640746,0.0908642,0.22885141,0.25841445,0.17619082,0.031141859,0.33737475,0.24315684,-0.20223139,-0.00807626,0.2856636,0.07676573,0.49535432,-0.4260748,0.10197687,0.0731836,-0.11542942,0.07295098,-0.18613686,0.22949685,-0.42232198,0.0768755,0.029336128,0.10386296,-0.182392,0.15954733,0.10837272,-0.064252526,-0.017409198,0.07454236,0.18883786,0.12975945,0.030806713,-0.25351554,-0.14875983,-0.048765056,0.0060109003,0.11658153,-0.13250582,0.057040043,-0.058064617,-0.074325964
-1.4432576,-0.58449674,0.118151374,0.5343428,-0.3540842,0.29343015,0.6545761,0.07863146,0.27177644,0.2963612,0.016991641,-0.2880978,-0.13791656,0.2365256,0.058480993,0.1876221,0.035562858,-0.0070961877,-0.46262738,0.05794148,-0.16157006,-0.10208412,0.21954526,0.092553765,-0.28006655,-0.41954944,-0.03282076,0.059212033,0.10239237,-0.16623144,0.15349914,0.14309993,-0.092832,0.059412252,0.073580384,-0.08654618,0.060303096,-0.12915426,0.025333023,0.08790162,-0.057962976,-0.035112184,0.061522305,-0.064148724,-0.011099955,-0.065072,-0.11469126
0.8273627,-0.5801838,-0.015760249,0.45001706,-0.32316986,0.3242465,0.65374154,0.12471884,0.21485946,0.29286933,0.03186187,-0.20355625,-0.16603987,0.23567787,-0.00353391,0.14847845,0.0104795415,-0.005521077,-0.5871118,-0.062370114,-0.21179752,-0.16304787,0.2107601,0.10305993,0.25639582,-0.47357744,0.10880096,0.061471324,0.11620586,-0.16462852,0.13474038,0.138266,-0.13147433,0.00815385,0.07864188,-0.09015527,0.008039509,-0.03467624,0.06003181,-0.016686236,-0.13188058,-0.16048974,0.04288523,0.11533272,-0.051208265,-0.06244772,-0.095636286
0.26767838,0.6137672,-0.08110197,0.48812905,-0.31387198,0.32668522,0.0693806,0.30191696,0.24153958,0.20832047,0.050267506,-0.1512065,0.05516573,0.25193805,0.02579031,0.19725023,0.1508651,0.04868666,-0.61747587,0.08043894,0.04573279,-0.1693899,0.21094169,0.22512622,0.24155727,-0.43419743,0.087918565,0.074283704,-0.276209,-0.11568344,-0.18372665,0.14050211,-0.043996893,0.007458428,-0.10185531,-0.16721438,0.051943183,-0.023821685,0.026290087,-0.04200141,-0.012941679,-0.021789212,-0.094989344,-0.013828143,0.058099654,-0.067813106,-0.068963006
0.2059629,0.5805136,-0.15534827,0.5270126,-0.28028658,-0.38513798,-0.10361423,-0.40150696,0.27090302,0.30154756,0.07437375,-0.15457003,-0.0006678067,0.21990395,-0.07269669,-0.3207481,0.18007946,-0.025685588,-0.496602,-0.08134549,0.07475031,-0.15104842,0.14862575,0.037289836,-0.070968136,-0.453296,0.07765736,0.022291105,0.14783989,-0.21474573,0.16776296,0.119874,-0.049910247,-0.0029018978,0.07931302,0.17729647,0.05890145,0.021008119,0.103628844,-0.14273362,0.020164188,-0.030353384,0.06386375,-0.08867805,0.07000316,-0.09215194,-0.09059949
1.0420215,0.608129,-0.0053022495,0.49424544,-0.2690789,0.33891532,0.57616395,-0.0070340596,-0.30879015,0.2412851,0.054904025,0.2828007,0.29244503,0.29235888,0.107224286,0.20452632,0.18366925,0.04115073,-0.5482506,0.0721925,0.11060981,-0.23929311,0.16607207,-0.26913002,-0.28184578,-0.47498766,0.12303212,0.07167454,0.14838861,-0.17141502,0.13555735,0.15770344,-0.07514993,0.03596767,0.07691703,0.055174958,0.04710755,0.055150583,-0.18340167,0.14547595,0.116259776,0.03783842,0.086670615,-0.033743937,-0.035407532,-0.06261002,-0.05508197
-1.7945867,0.70230436,0.09554269,0.46593326,-0.26711652,0.26714823,-0.051629443,0.061837427,-0.3454646,0.23914361,-0.005734446,0.37959853,-0.023576766,-0.14308192,-0.07370362,0.28681093,0.16726235,-0.020626858,-0.3486585,0.21517293,-0.15267481,-0.09947191,0.11135728,-0.20810704,-0.07830288,-0.3727089,-0.021578055,0.032816183,0.09799499,-0.16788623,0.1537541,0.15532129,-0.07003744,-0.0048926678,-0.111658275,-0.17249921,0.118475325,-0.032728314,-0.299453,0.076256104,0.0074828444,-0.029872231,0.08368878,0.20751129,-0.02008523,-0.058210235,-0.104124606
0.3751003,0.4876159,0.25330412,0.47350445,-0.40551412,0.30686906,0.0686692,0.29870275,0.21715043,0.16024004,0.0830238,-0.23213182,-0.259316,0.20722628,-0.073401235,-0.3383875,0.025489507,-0.25774834,-0.5444008,-0.05958856,-0.06578946,-0.11022192,0.17631443,0.23644273,-0.09280281,-0.52944195,0.06780701,0.029400904,-0.2251802,-0.1993148,0.14445256,0.16996022,-0.054867648,0.044093706,-0.11475024,0.08033278,0.013429298,-0.04937868,0.028122978,0.07329507,-0.061521664,0.10058188,0.05622018,-0.12669523,-0.10688697,-0.08815569,-0.081693366
0.464113,0.49942982,0.3322039,0.45300496,-0.27595538,-0.2973423,-0.10115294,-0.40223798,0.2688531,0.22660278,0.09067098,0.2830453,-0.18783922,0.15943877,-0.18044117,-0.301266,-0.40066555,-0.2522431,-0.41553363,-0.19560537,-0.079037845,-0.16138491,0.12336657,-0.23239368,0.1927797,-0.5105412,-0.0068170237,0.017095659,0.1566533,-0.19781958,0.124521315,0.14271559,-0.05873811,-0.05507708,0.093252055,0.14674683,-0.2943529,-0.04039973,-0.0051701013,-0.123633325,-0.012323867,0.007992942,0.05035839,-0.050230637,0.07013255,-0.107199766,-0.11124699
0.55862606,0.51221275,0.49526522,0.50914085,-0.30075893,0.33732572,0.05345964,0.25007033,0.18267526,0.07473946,0.055618215,0.16219063,0.2790151,-0.3251278,-0.070603564,0.29160273,0.19714825,0.4772453,-0.48026437,0.05052361,0.12005242,-0.16490558,0.14281338,0.0070361937,-0.092481695,-0.5295958,0.0026690303,-0.16470122,-0.30567065,-0.17942621,0.13094412,0.15255968,-0.061657574,0.007410574,0.08626115,0.1763299,0.024224745,-0.075788446,0.10262428,-0.19872028,0.06487089,-0.1542877,0.042019032,0.178142,-0.059881914,-0.052041076,-0.05133247
0.16725184,0.58366,-0.7350095,0.53233945,-0.31469506,0.3266079,0.07867336,0.27100214,0.22006588,0.1266627,0.021843866,-0.16263267,0.38662043,-0.12694265,-0.12762128,0.3260658,0.18679522,0.47357088,-0.49000055,0.12423197,0.07768134,-0.14103073,0.21509598,0.24818382,-0.11629772,-0.48395482,-0.04534361,-0.06756274,-0.24767424,-0.22688603,0.13488738,0.15255968,-0.05237093,0.021413594,0.09011822,0.18220843,-0.21504587,-0.012819107,0.11101087,-0.025765024,-0.014756267,-0.15844637,0.06885156,0.20363374,-0.056787197,-0.043524656,-0.054264758
0.38060114,0.6376164,-0.1236725,0.48812905,-0.28173748,0.32668522,0.063490205,0.30150673,0.2404532,0.2508124,0.054123037,-0.109918684,0.057133883,0.25913087,0.06745509,0.195819,0.15932104,0.04712885,-0.59211063,0.04832998,0.05002945,-0.13650885,0.19308601,0.22512622,0.24155727,-0.43419743,0.089343324,0.085985005,0.11574528,-0.11568344,-0.14664087,0.14715725,-0.043996893,0.013695246,-0.10185531,-0.14891012,0.06739219,-0.016361384,0.010318477,-0.04200141,0.0010144068,-0.021360718,-0.12232671,-0.015608623,0.058099654,-0.067813106,-0.068963006
0.9055376,-0.26724133,0.09039739,0.53479683,-0.35355344,0.33432028,0.61746675,0.08332865,0.23857856,0.27451524,0.029127281,-0.19593765,-0.19643097,0.1992104,-0.062346667,-0.07784821,-0.29152596,0.057154488,-0.585636,-0.1653735,-0.20194162,-0.15507592,0.17131442,-0.38059208,-0.26390678,-0.51271296,-0.11672137,-0.007646621,0.12691756,-0.166159,0.10216378,0.13042869,-0.07131752,0.024899522,-0.08216421,-0.12521264,0.017842837,0.053976137,0.044156276,0.07890628,0.04854781,-0.027775262,0.034402765,-0.041139115,0.015523113,-0.05584367,-0.103811584
1.2113279,0.55327666,0.5453845,0.43134576,-0.18557484,0.31390432,-0.29301235,0.06717639,0.23155916,0.29592288,0.06425642,0.2985986,-0.027529206,-0.24194893,-0.01466715,0.22032638,0.23403442,-0.19385806,-0.4595276,-0.11077586,-0.18537913,-0.20639993,0.13570288,0.24519229,-0.090829656,-0.57560265,0.056716453,0.07016533,0.14293568,-0.20610984,0.11918874,0.1685829,-0.0762376,0.05686482,0.09509311,-0.16858181,-0.2757013,-0.036596164,0.013448853,-0.13526054,0.094259396,-0.031159217,0.05659367,0.023696989,0.039493006,0.16945547,-0.098625354
0.99708986,0.6417855,0.04464599,0.50831133,-0.2780871,-0.32964665,-0.072614744,-0.027425427,0.28340876,0.29505023,0.05115028,0.20841411,0.3093694,-0.12426919,-0.0042627184,0.31162846,0.21434936,0.029739233,-0.4937031,0.0043882076,0.12044831,-0.25285363,0.13239291,-0.29492643,0.22424217,-0.44220263,0.09414525,0.07011327,0.15584975,-0.13096046,-0.17460713,0.117972635,-0.092185214,0.01309902,-0.093263984,0.18745387,0.028343214,0.021675294,-0.18388914,-0.030766249,0.087535225,0.07768043,0.05994053,0.14746532,-0.06166456,-0.055514988,-0.06746348
0.35067752,0.6248327,0.0414537,0.47980985,-0.26540112,0.33224604,0.06855289,0.29360148,0.24365658,0.21082328,0.07122344,-0.108734414,0.057133883,0.24942154,0.08373294,0.195819,0.15932104,0.5253238,-0.60581076,0.078599475,0.05002945,-0.13496476,0.19421984,0.22512622,0.23574466,-0.42652088,0.093316525,0.07674575,0.11574528,-0.12451176,-0.14761883,0.14042763,-0.043996893,0.023610748,-0.10185531,-0.14891012,0.058652144,-0.023821685,0.010318477,-0.04200141,0.0010144068,-0.021360718,-0.12232671,-0.015608623,0.058099654,-0.06318412,-0.068963006
1.5782464,-0.41743273,-0.47086957,0.53225875,-0.3038586,0.33782378,0.6607053,0.24947394,-0.35066545,0.20937738,0.079913914,-0.24091744,0.053333223,0.32070088,0.1632203,-0.16703868,0.14968437,-0.21835867,-0.5889862,-0.16542077,0.09443196,-0.29231456,0.18188198,0.09901678,-0.2669649,-0.4585502,0.12711696,0.027190533,0.06743979,-0.1467642,0.10655792,0.14000401,-0.12948231,0.029132625,0.0835401,0.040991735,0.00600495,-0.033842504,-0.11652872,0.14547595,0.1011161,-0.0068379166,-0.11856461,-0.042534847,-0.085932635,-0.041035105,-0.041761473
1.0892333,0.5591913,0.2346843,0.4849417,-0.23322602,0.35748693,0.03776683,0.0991029,-0.35120904,0.23144771,0.06873015,-0.1736059,0.0050409613,0.21091771,0.11398609,0.28713438,0.20449686,0.025710044,-0.5749957,-0.03819681,0.09327678,-0.22363661,0.1633841,0.21818358,0.22485636,-0.5308615,0.09897153,-0.0053990725,0.06309303,-0.13120231,0.1403875,0.15883884,-0.07668523,0.013035094,0.07556199,-0.14684772,0.0753959,-0.018466862,0.0026386846,-0.043203562,0.06594798,-0.11729143,0.06569601,0.13636939,0.045678403,-0.063192286,-0.056912623
1.2600441,0.46348798,0.25662494,0.5646601,-0.24439922,0.3299303,0.58671653,0.093809836,0.2728983,0.22940403,0.06474812,-0.10230206,0.3789432,0.20725212,0.013337936,-0.0797719,0.1750731,0.0055150236,-0.5096056,-0.20740844,0.12418132,-0.13850722,0.19070394,0.08453861,-0.06819128,-0.5681235,-0.020654613,0.046110667,0.111328684,-0.14775969,0.14130509,0.15823059,-0.1058157,0.033774205,0.07948782,-0.14324445,0.0771001,-0.014853338,0.017336717,-0.18108965,-0.14910336,0.08431899,0.048983082,-0.04171326,0.06141666,-0.06724076,-0.06583252
0.45128644,-0.24563913,0.27405512,0.4243597,-0.32799566,-0.3048329,0.031971898,-0.39136887,0.2523475,0.24265231,0.065699175,0.25530642,-0.20496838,0.13182059,-0.08455301,-0.28802767,-0.27574322,-0.22964051,-0.44710004,-0.2162521,-0.07148877,-0.13743654,0.11635088,0.2412703,-0.03057777,-0.5016874,0.07151755,0.022155043,0.14368008,-0.17124759,0.1304059,0.1256975,-0.07555321,0.011305515,0.05811159,0.17122109,-0.2982289,-0.0378745,-0.22537208,-0.10739693,-0.01531389,0.032927446,0.0347174,0.1260035,-0.102992795,-0.11647427,-0.12608603
1.5845928,-0.41743273,-0.27748358,0.5104633,-0.30760416,0.348504,0.65240574,-0.040512674,-0.34269834,0.20300715,0.08720259,-0.2580711,0.05276563,0.31634617,0.16692254,-0.16820525,0.14968437,-0.21582057,-0.60014355,-0.10961482,0.115067326,-0.29402077,0.1740373,0.095408626,-0.2813208,-0.44578606,0.114171565,0.027190533,0.06487801,-0.14876573,0.12960497,0.13886862,-0.12770693,0.029132625,0.089576125,0.02747742,0.014065443,0.048289146,-0.120912075,0.14547595,0.091107674,-0.12208778,-0.23188792,-0.040961232,-0.07636301,-0.09063924,-0.047036603
0.96301293,0.578652,0.45223856,0.5184238,-0.26316687,-0.41807467,0.53960013,0.24815468,0.213995,0.2504388,0.053298037,-0.17119345,-0.10124451,-0.27115402,-0.05746844,0.16891234,0.15097949,-0.24057865,-0.5123686,-0.04163924,-0.17806546,-0.2268103,0.1577605,-0.19623059,0.22432749,-0.5599871,0.07189777,0.019747447,0.1280482,-0.1917744,0.12921397,0.13772511,-0.0780844,0.020967608,0.08929016,-0.1111679,0.0576043,0.06134931,-0.016331362,-0.035386574,0.046139553,-0.110260256,0.087609515,0.13510056,-0.046038635,-0.0728893,-0.08180248
1.0221559,0.48065493,-0.6375524,0.48403513,-0.290376,0.3424063,-0.08400301,0.25819495,-0.37313616,0.18448275,0.039615057,0.31128165,-0.010434336,0.26847494,-0.029491665,-0.30976894,0.022804147,0.04112488,-0.57487184,-0.06419556,0.083120175,-0.25377712,0.15425755,0.016813666,-0.18721654,-0.43927896,0.13465528,-0.12364426,0.1346033,-0.124668054,0.12772004,0.14236791,-0.111982346,0.024103897,-0.099084176,-0.108529165,0.03452818,-0.06888489,0.023849307,0.14974958,-0.0959902,0.06382867,-0.12963396,-0.07324278,-0.10692759,-0.050452374,-0.06708697
0.18002489,0.5836569,0.3021167,0.49922922,-0.29756346,-0.28729457,0.05677182,0.3474024,-0.3118769,-0.25096402,0.037510768,-0.23216087,-0.10314755,0.24461913,-0.00039488217,-0.3381703,0.13338682,0.009572825,-0.5167785,0.05328974,0.09361219,-0.057448465,0.12033511,0.2333685,0.24087802,-0.5048591,0.100683495,0.07666442,0.1028086,-0.1523591,0.0994222,0.11420492,-0.03454285,0.03585776,-0.07719325,0.06356666,0.015433981,0.02978147,-0.029637892,0.09476168,-0.020491634,0.013903099,0.062155813,-0.04027576,0.049083788,-0.057996683,-0.112
0.6343353,0.54189664,0.55666333,0.540564,-0.36265218,0.32373407,0.6032823,-0.02497423,0.18481709,0.15053433,0.060700163,0.29031125,0.33688816,-0.13615522,-0.052760337,-0.07107809,0.13182911,-0.008583883,-0.56381935,-0.09011164,0.13504484,-0.16276103,0.13208736,-0.32188934,-0.14547382,-0.49019524,-0.13728489,0.04753281,0.11294087,-0.14254247,-0.16004875,0.1609695,-0.06573951,0.023316218,0.062132724,-0.14227046,0.076289974,-0.009116383,-0.008868028,-0.031067371,-0.04620148,-0.0074945213,0.08271751,-0.08200733,0.030673206,0.120932885,-0.059609953
-0.27614826,0.6563637,0.46150792,0.5243226,-0.32992992,-0.30151126,-0.083007485,-0.12498604,0.24021797,0.31334642,0.09954591,-0.2808667,-0.14510825,0.11474246,-0.10619351,-0.13074242,0.16420828,-0.22609097,-0.5745279,0.05347058,-0.1669081,-0.1807063,0.13704266,-0.17938086,0.22266613,-0.51981586,0.051460426,0.030249503,0.094443224,-0.168098,-0.2131182,0.13387796,-0.060634185,0.0294735,0.07236251,-0.11923723,0.07553013,0.08345486,-0.031675905,0.09278242,-0.011489816,-0.02520768,0.05498765,0.12519847,-0.10888737,0.16833164,-0.09721381
0.2136474,-0.4997225,-0.023752715,0.5261143,-0.35368323,0.3226265,0.03588924,0.24163343,0.16772968,0.19163723,0.04077158,0.1684961,0.2839226,-0.33696178,-0.07430181,0.2812839,0.18244104,-0.18584648,-0.48505235,-0.04367975,0.082097225,-0.22492173,0.13206597,0.057142,-0.05027113,-0.45558858,-0.01440534,-0.16785946,-0.26481566,-0.1410906,0.11588855,0.14045449,-0.078394234,0.040100623,0.09031343,0.17482437,0.027586618,-0.075788446,0.11166221,-0.14614294,-0.013307067,-0.16334745,0.027506711,0.18363819,-0.05064419,-0.05682801,-0.06216308
-1.5063995,0.6103053,0.5921158,0.5760819,-0.28283644,0.33454397,-0.38014686,0.2534629,0.35199133,0.20496425,0.079283655,0.30193004,0.2986239,0.20879047,0.07233943,-0.057739004,0.13103047,0.5048663,-0.42637193,0.027725294,0.07466265,-0.17295621,0.11286714,0.2287944,-0.26237684,-0.52655613,-0.12997118,0.05525326,0.15969844,-0.16500023,0.17708148,0.12868069,-0.053151432,0.04411359,-0.1088139,-0.07022615,0.118276425,0.035801698,0.031533197,-0.05275196,-0.0582712,-0.02303039,0.1081778,-0.104068235,0.084509574,-0.05417724,-0.08612692
0.5765314,0.4434153,-0.20822434,0.5299302,-0.3827871,0.35118538,0.6675897,0.25126192,0.2272304,0.14967342,0.04870154,-0.16375479,0.33571118,-0.41283265,-0.024617525,-0.06935647,-0.3921688,0.49751246,-0.5917857,0.011510107,0.10379606,-0.2468249,0.19088115,0.03633605,0.25308463,-0.4824399,-0.026376318,-0.13232158,-0.19627477,-0.14177546,0.08651668,0.14453267,-0.06345401,-0.039474413,0.067542285,-0.11874294,0.01611113,0.027528208,-0.14770107,0.15696353,-0.11422907,-0.018456735,-0.12424239,-0.09116754,0.06797871,-0.04474823,-0.05005842
0.3003379,0.40699235,0.06747672,0.4961316,-0.3381492,0.25417444,0.57237744,0.09121257,-0.27433407,0.07338311,0.09568605,0.2595348,-0.037890263,-0.12923153,-0.09913978,-0.31052685,0.022614991,-0.2066642,-0.5715045,-0.08174441,-0.13589337,-0.11142951,0.07743747,0.08365722,-0.013678336,-0.50123686,-0.015766438,0.019717384,-0.26866254,-0.15107961,-0.18852293,0.14982721,-0.05256485,-0.0693127,-0.1045617,0.13129862,0.11063761,-0.022384087,-0.2555177,-0.056468792,0.0146981515,-0.010584698,-0.079746865,-0.049151126,0.03899777,0.18034723,-0.095983095
0.22850665,0.6380648,0.24392666,0.5536587,-0.33291644,-0.40913057,0.02928981,0.27870008,0.24574216,0.25159988,0.05542204,-0.27797627,-0.13413924,-0.13080451,-0.1421937,-0.11119574,0.18261065,-0.24058636,-0.49095884,-0.10592205,-0.16424163,-0.13068745,0.1324599,-0.19487678,0.22796775,-0.5503837,-0.11244852,0.027611524,0.107117124,-0.19262345,0.1665958,0.14271559,-0.05538782,0.022148838,0.08088562,-0.12472422,0.05682811,-0.038241223,0.007288452,-0.030293679,-0.0086258035,-0.034895625,0.06757542,-0.082913265,-0.10672738,-0.07892092,-0.13199951
1.0308222,-0.2175352,-0.3350096,0.4631014,-0.21959946,0.30736893,0.6410519,0.10938925,-0.21297073,0.24300347,0.06440593,-0.15933986,-0.13162322,0.17784792,-0.033234686,0.22338326,0.16394348,-0.1756648,-0.57649165,-0.06345422,-0.21441653,-0.20157321,0.2005503,0.12363021,-0.047459792,-0.4475567,0.11173025,0.06463253,0.063650005,-0.106183276,-0.1317071,0.1566836,-0.1058083,0.01780718,0.0878361,-0.17190556,0.056333914,0.052719116,0.078198135,0.06879863,0.09746259,-0.018639315,0.048415065,0.1255773,-0.0044672186,0.17989847,-0.09593402
0.1783872,0.6790464,0.42244726,0.46581578,-0.252789,-0.39354426,-0.34861928,0.09130601,0.2201418,0.29499447,0.040902417,0.31389067,-0.16709025,-0.15286416,-0.27011353,0.27111295,0.019969728,0.0053312364,-0.43342772,-0.020418957,-0.040966216,-0.08813449,0.1251732,-0.19674204,0.23816459,-0.534405,0.06905296,0.05911626,0.16065344,-0.21691579,0.1386741,0.12513816,-0.05498896,0.047478363,0.076922484,0.19312076,-0.31959417,-0.06527878,0.09828612,-0.106080964,-0.044097573,-0.012363769,0.07305671,-0.13075204,-0.08421355,-0.05894954,-0.11038484
-1.536698,0.6587094,0.5127723,0.57001674,-0.23401101,-0.40538877,-0.06713748,0.23780501,0.26533583,0.19774309,0.10807486,0.35618925,0.2834452,0.15709081,-0.007380742,0.268236,0.15619959,-0.22625482,-0.43501616,0.07991026,0.07496985,-0.19181119,0.081226446,-0.18556747,0.21209194,-0.4871373,0.07441092,0.029471304,0.09993852,-0.182392,0.17760086,0.1163815,-0.052385837,-0.01904004,0.07446784,0.08989394,0.10789147,0.024427941,-0.24293411,-0.062221564,-0.017789457,-0.005181617,0.097172886,-0.11016667,-0.012189794,-0.069125384,-0.090394944
0.2033201,-0.27269492,0.12229918,0.520636,-0.3804906,0.32073525,0.6657806,0.2900635,0.24244861,0.2943706,0.043616526,-0.18397483,-0.17973302,0.2190446,0.007906103,-0.22394045,0.17049514,0.0053004115,-0.49274364,-0.003807664,-0.18244086,-0.02237019,0.2201977,-0.28290173,-0.11962075,-0.45396155,0.08991304,0.0661302,0.11948521,-0.18722208,0.15437834,0.17177773,-0.037547305,0.010581011,0.06927979,0.06387296,0.065035716,-0.07836472,-0.02159888,0.058663465,-0.073418394,0.079528436,0.042279888,-0.042236354,0.07381248,-0.06882897,-0.09252398
0.7671136,0.53786033,0.23323262,0.48354566,-0.3224744,0.34410948,0.062195674,0.10846506,0.27590603,0.28575712,0.039437037,0.289834,-0.2031678,0.17708218,-0.08893969,-0.15894186,0.028317159,0.029675197,-0.4864325,-0.15420328,-0.09977307,-0.0582568,0.17783324,0.2425319,-0.11211472,-0.54731405,0.0790995,0.06034323,0.15061939,-0.22571313,0.14659585,0.15446897,-0.092585936,0.02182771,-0.10149492,0.10607356,-0.27256683,0.062795274,0.026639184,-0.0007798129,-0.11457981,0.09693749,0.06554926,-0.01694692,-0.084790684,-0.063297376,-0.11250233
1.0378267,0.574554,0.039769,0.53455764,-0.3172487,0.33028546,0.05796557,0.27298135,-0.41303492,0.23495537,0.031251695,-0.16006522,0.38435045,-0.13370176,-0.08366397,0.22575423,0.016593572,0.04900818,-0.4889167,-0.04711636,0.11371099,-0.16303998,0.16219687,-0.34754667,0.24912323,-0.5313976,-0.03896612,0.06395892,0.058547772,-0.1480734,0.12432164,0.14045921,-0.08806083,0.01938854,-0.09488292,0.16906318,-0.25686938,-0.0013065559,-0.017209796,0.14784423,0.052343525,-0.039776497,0.07591758,-0.12664089,-0.058145106,-0.06782205,-0.046330303
0.9098403,0.55821586,-0.34380472,0.50444216,-0.3184685,-0.3191101,0.06316701,0.096626416,0.21332666,0.1397729,0.05217697,-0.19268245,0.31726053,-0.3833179,-0.09207358,0.27100533,0.046456262,0.4822215,-0.56408125,0.022471562,0.1164389,-0.24761964,0.14051616,0.23033963,0.20645769,-0.49501833,-0.02871336,-0.11514086,-0.2726114,-0.17617978,0.12076788,0.112016544,-0.0662297,0.02045293,0.09325909,0.16328114,0.062054276,0.018569704,-0.14513855,-0.030766249,0.06922889,-0.014303458,0.032940123,-0.13504632,0.049777865,-0.06316276,-0.08043664
-0.6982812,0.667116,-0.44280416,0.55017436,-0.32191634,-0.2744486,-0.08137129,0.25566804,0.3362666,0.24224141,0.056812145,0.29586738,0.3257606,0.26891023,-0.008158499,-0.10225596,0.11526136,0.481407,-0.43009785,0.14537418,0.08877758,-0.16620408,0.12056521,0.2212094,-0.22454144,-0.4549531,0.13916199,0.067357875,0.16687632,-0.19384953,0.16773295,0.100255206,-0.039220754,0.022519566,-0.07865334,0.061800756,0.028291116,0.019286387,-0.03280228,0.1367108,-0.0030346736,-0.007900474,0.07982123,-0.115392104,0.09614382,-0.0615458,-0.11039446
0.37627482,0.3950707,-0.017234294,0.552362,-0.260209,0.29579118,0.57571924,0.2400575,-0.37692362,0.041671194,0.12367742,0.16296074,0.29134437,0.18941942,0.019678697,-0.29903924,0.025270728,-0.19575107,-0.62075233,-0.09209102,0.06897914,-0.18486455,0.10918511,0.076951034,-0.06816191,-0.51351935,0.07359498,0.035014015,-0.27522957,-0.13944276,-0.18316111,0.14644557,-0.05256485,0.0049822554,0.08669482,0.13080879,0.031717315,0.028593374,-0.2255384,0.1050514,0.000835794,-0.0040586116,-0.1020605,-0.037197527,0.028741058,0.17351907,-0.0601221
0.6080672,-0.16312759,0.4268671,0.39286992,-0.458068,0.26688224,-0.3207394,-0.2950984,0.16312467,0.08544687,0.11216404,-0.17483558,-0.516091,-0.17112541,-0.21799707,-0.19684017,-0.24357231,-0.18501754,-0.5689887,-0.24406518,-0.063644595,-0.19263539,0.12267252,0.11893943,-0.072985455,-0.5036674,-0.08784697,0.011853552,-0.1255685,-0.15152341,-0.100682944,-0.0904809,-0.071155265,0.00559921,-0.074701056,-0.036768276,0.0595554,-0.060185447,0.08363981,-0.11534318,-0.0020155562,0.054086927,-0.020284597,-0.097627535,0.09197504,0.21308148,-0.104079284
