GPA_S1,CA_AVG,EXAM_AVG,CLIN_AVG,LAB_AVG,ATT_RATE,ASSIGN_LATE,Age_group,Gender,Year_study,SES,Financial_diff,Employment_hrs,Study_hrs_day,Sleep_hrs,Self_risk_percep,Reviews notes within 24h,Understands content pre-exam,Seeks help when stuck,Uses library regularly,Completes readings,Takes organised notes,Concentration in self-study,Participates in class,Clinical takes study time,Prepared for clinical assess,Rotations affect performance,Adequate supervision,Schedule conflicts,Confident in clinical skills,Anxious about assessments,Sleep difficulty,Burnt out,Hopeless/unmotivated,Physical health affected,Considered break,Emotionally supported,Lecturers approachable,Sleep affects concentration,Regular exercise,Balanced diet,Health interferes studies,Takes rest breaks,Sense of belonging,Participates in clubs,Adequate advisory support,Concerns taken seriously,Early intervention provided,Peer study groups effective,Knows where to get help,Programme prepares for career,Confident to complete prog,Can improve performance,Sets academic goals,Persists when difficult,Manages time effectively,Self-motivates,Feels prepared
1.48,0.95,0.89,0.77,1.0,0.89,0,0,0,200,2,1,0,4,1,1,1,1,1,1,1,1,1,1,3,2,4,1,3,1,3,2,2,5,3,5,1,1,4,3,4,3,4,1,4,2,3,3,2,3,1,1,1,1,2,1,2,3
2.69,0.66,1.0,0.69,0.9,0.9,0,1,1,300,1,2,0,4,3,1,5,2,1,5,5,3,2,1,4,2,1,3,3,5,4,1,2,4,5,3,2,4,5,2,5,5,2,2,1,5,5,3,2,1,4,4,4,2,2,1,4,5
2.05,0.68,0.85,0.89,0.89,0.9,1,3,0,300,1,2,2,3,2,2,2,1,3,2,2,2,3,4,1,2,1,2,2,3,2,1,3,4,3,5,5,4,2,1,4,4,3,1,3,2,2,2,3,4,1,2,3,1,2,5,3,2
1.89,0.87,0.6,0.91,0.98,0.79,2,1,0,300,1,2,0,5,3,1,2,4,1,3,2,3,3,2,5,2,3,1,4,1,3,1,3,5,3,2,2,3,5,5,2,3,3,2,1,3,2,3,3,2,5,5,2,2,4,4,2,2
2.95,0.79,1.0,0.7,0.94,0.9,1,4,1,200,2,2,0,3,5,2,4,2,2,2,3,5,2,1,3,3,1,2,5,1,3,3,1,3,3,2,5,3,2,1,1,2,4,1,2,2,3,5,2,1,3,2,3,3,2,2,1,4
2.18,0.77,0.79,0.81,0.91,0.7,0,1,1,300,2,2,2,1,3,1,3,4,4,3,5,2,3,1,2,4,4,2,2,2,5,5,2,3,3,4,1,1,4,3,3,2,2,5,4,3,5,2,3,1,2,2,3,4,3,3,4,3
2.63,0.93,0.9,0.69,0.83,0.7,2,3,0,300,2,1,0,2,1,3,2,1,2,3,2,1,1,3,2,2,3,1,3,2,4,1,1,3,5,2,5,2,1,2,3,2,2,4,2,3,2,1,1,3,2,1,4,3,1,3,2,2
2.52,0.55,0.7,0.9,0.89,0.79,1,1,0,200,2,1,1,5,1,2,3,5,3,2,5,2,4,3,2,2,4,4,1,4,4,3,3,1,3,5,2,3,3,4,1,5,4,1,3,2,5,2,4,3,2,3,1,4,1,3,5,3
2.93,0.79,0.69,0.93,0.7,0.78,2,1,0,300,2,2,1,2,0,3,1,3,4,3,3,4,1,2,2,3,5,3,3,2,3,2,4,4,1,1,2,3,2,2,1,1,5,3,4,3,3,4,1,2,2,3,3,1,3,3,3,1
3.06,0.79,0.82,0.7,1.0,0.78,0,2,0,200,1,4,0,2,2,1,3,4,3,1,4,4,4,4,5,3,3,1,1,3,4,5,1,3,1,5,3,2,3,2,2,4,2,3,3,1,4,4,4,4,5,2,2,3,1,5,2,3
2.7,0.66,0.7,0.79,0.92,0.7,1,1,0,300,2,1,0,2,3,1,2,2,5,3,1,4,1,4,2,3,4,5,1,2,3,2,3,3,2,2,2,4,4,2,3,5,1,2,5,3,1,4,1,4,2,3,2,4,2,1,3,2
1.6,0.69,0.55,0.84,0.82,0.8,1,2,0,300,3,1,0,3,1,1,4,2,3,5,1,5,3,2,3,4,4,1,4,3,3,5,2,5,3,2,4,2,5,3,1,2,1,4,3,5,1,5,3,2,3,3,3,4,5,4,1,4
2.54,0.79,1.0,0.7,0.99,0.7,1,1,0,300,1,2,2,5,3,3,3,1,2,2,4,5,3,5,5,3,1,2,3,5,3,5,1,2,2,5,5,2,4,3,3,3,4,4,2,2,4,5,3,5,5,3,3,5,4,2,3,3
3.39,0.57,0.99,1.0,0.86,0.9,1,1,0,300,1,2,0,1,2,1,2,3,4,4,4,2,1,1,2,3,4,5,4,3,1,2,2,2,4,4,5,4,2,2,3,4,3,3,4,4,4,2,1,1,2,2,1,1,3,2,3,2
3.02,0.79,0.69,1.0,0.98,0.7,2,1,1,200,2,2,0,2,2,3,2,3,3,3,3,2,4,4,3,3,2,3,2,4,4,2,3,1,3,3,1,3,3,2,3,3,2,4,3,3,3,2,4,4,3,2,1,3,3,3,3,2
2.55,0.99,0.87,1.0,0.9,0.91,1,2,1,300,3,1,1,4,3,1,3,3,4,4,4,3,1,3,2,1,2,3,4,1,3,1,1,1,3,3,2,4,2,3,1,2,5,3,4,4,4,3,1,3,2,3,4,5,2,5,2,3
2.32,0.6,0.9,0.87,0.86,0.7,1,0,1,300,4,0,0,2,5,1,3,5,2,2,4,2,1,3,2,5,2,2,5,2,3,4,1,5,4,1,2,2,3,3,4,3,3,2,2,2,4,2,1,3,2,1,2,3,3,5,4,3
2.5,0.59,0.7,0.96,0.95,1.0,1,0,0,300,1,2,0,0,3,2,4,2,3,2,3,1,2,2,2,4,3,3,3,2,4,2,4,4,2,4,1,1,4,3,2,5,1,3,3,2,3,1,2,2,2,5,3,1,2,1,4,4
2.89,0.69,0.79,0.7,0.8,0.84,0,4,0,300,3,1,0,5,1,1,2,3,3,1,3,2,3,1,2,1,4,4,1,2,5,2,4,2,4,2,3,2,4,4,2,2,1,4,3,1,3,2,3,1,2,3,2,4,4,1,1,2
2.02,1.0,0.7,0.9,0.96,0.78,2,1,1,300,1,2,0,2,1,0,5,2,3,3,1,1,1,3,4,3,4,3,4,3,3,1,3,2,1,4,2,2,2,1,2,4,3,4,3,3,1,1,1,3,4,4,4,3,2,1,5,5
2.81,0.91,0.91,0.9,0.97,0.6,0,0,0,300,3,0,1,3,1,1,3,4,4,1,1,5,3,2,2,2,2,4,4,4,5,4,5,3,5,3,2,3,4,1,4,2,1,2,4,1,1,5,3,2,2,1,1,4,5,4,2,3
2.09,0.7,0.79,0.69,0.94,0.89,1,4,0,300,1,4,0,2,3,2,4,3,1,5,3,3,4,3,4,2,1,3,1,2,2,4,3,1,4,2,3,1,1,3,2,3,2,5,1,5,3,3,4,3,4,4,5,5,5,3,3,4
3.44,0.79,0.7,0.7,0.88,0.7,2,3,0,300,1,4,1,3,1,2,5,1,4,5,3,2,3,3,2,5,3,5,4,1,3,2,2,1,2,4,3,1,3,3,2,4,4,3,4,5,3,2,3,3,2,2,1,2,3,2,5,5
2.4,0.75,0.59,0.93,0.92,0.78,1,1,1,200,2,2,1,4,1,2,3,2,1,5,4,2,3,1,3,2,3,2,3,4,3,2,5,4,3,2,3,3,2,3,2,3,2,3,5,4,4,2,3,2,1,4,3,2,3,4,3,2
1.33,0.6,0.93,0.89,0.89,0.77,0,3,1,300,2,4,0,2,3,1,3,3,3,4,5,5,1,2,4,2,3,3,3,4,2,2,4,4,4,2,3,2,1,1,3,2,4,1,3,4,5,5,1,2,4,2,5,4,1,3,2,3
2.69,0.78,0.7,0.9,0.88,0.89,1,1,0,300,2,1,0,3,5,2,3,4,1,3,2,4,5,3,2,2,3,5,4,2,1,4,2,2,2,4,2,3,4,5,4,1,2,3,1,3,2,4,5,3,2,5,5,4,4,3,4,3
2.46,0.69,0.88,0.55,0.84,0.78,2,1,1,300,2,0,0,4,5,2,3,4,4,2,4,5,1,1,3,3,3,4,3,2,3,4,3,1,5,5,2,1,4,4,3,3,3,5,4,2,4,5,1,1,3,5,4,3,5,3,2,3
2.17,0.63,0.69,0.69,0.88,0.59,1,0,1,300,2,2,0,2,2,1,2,1,2,2,3,4,3,1,2,3,2,2,4,2,5,5,4,5,4,5,4,1,2,3,1,5,2,3,2,2,2,3,1,4,2,2,2,2,1,1,1,1
3.0,0.8,0.79,0.6,0.89,1.0,1,4,1,200,2,0,2,4,1,0,2,2,2,2,2,2,2,2,3,2,2,2,2,2,4,4,4,4,4,4,1,2,5,1,3,3,3,1,3,3,2,3,2,1,1,2,2,2,2,2,2,2
3.0,0.78,0.7,0.88,0.67,0.6,1,2,1,300,2,1,4,3,2,1,1,4,3,3,4,4,4,2,5,4,5,1,5,5,3,3,2,4,4,1,3,5,3,4,1,5,1,4,3,3,4,4,4,2,5,1,3,2,4,5,2,1
2.43,0.8,1.0,0.6,1.0,0.7,1,1,1,300,2,1,0,4,2,0,3,4,1,4,1,4,1,3,2,2,3,5,2,4,4,2,4,3,4,3,3,2,5,3,2,3,3,4,1,4,1,4,1,3,2,4,1,4,2,2,3,3
2.36,0.69,0.78,0.99,0.98,0.92,0,1,0,300,2,1,0,2,1,2,1,1,5,1,2,1,1,5,1,4,3,4,3,1,1,1,5,2,3,3,1,4,3,2,3,2,3,3,5,1,2,1,1,5,1,3,2,4,4,3,3,1
3.33,0.6,0.64,0.64,0.77,0.79,2,3,0,200,1,0,1,2,2,3,5,5,5,3,4,3,3,4,5,4,5,2,3,2,2,5,4,2,2,1,2,2,2,5,3,4,5,5,5,5,4,4,2,4,1,2,4,3,2,3,3,2
3.13,0.76,0.92,0.92,0.65,0.8,0,1,1,200,2,3,0,3,2,2,5,4,4,1,2,2,2,2,5,4,5,2,4,2,4,5,4,4,5,4,3,4,5,3,3,2,2,4,4,3,5,5,4,4,1,2,2,2,2,1,2,2
3.6,0.77,0.65,0.79,0.88,0.78,2,2,0,200,4,0,1,2,5,1,2,3,3,3,2,4,4,4,4,3,5,4,2,2,3,2,1,2,4,1,3,4,3,2,2,3,3,1,3,3,2,4,4,4,4,3,5,5,2,4,3,2
2.09,0.77,0.87,0.7,0.79,0.9,0,1,0,300,1,0,0,3,1,2,3,3,2,1,1,4,3,3,4,5,3,2,3,1,3,2,1,2,4,4,4,3,5,3,2,2,4,2,2,1,1,4,3,3,4,4,4,3,4,5,1,3
2.96,0.5,0.9,0.78,0.92,1.0,2,4,0,300,4,0,0,2,2,1,2,3,2,5,5,3,2,3,4,4,3,4,3,3,3,5,2,3,1,2,5,4,5,4,5,5,2,2,2,5,5,3,2,3,4,1,2,3,4,3,3,2
3.55,0.7,0.99,0.77,0.93,0.6,1,4,0,300,2,1,4,4,5,2,1,1,3,3,1,1,2,4,3,2,3,3,3,2,3,3,4,5,3,5,2,2,4,3,2,3,2,5,3,3,1,1,2,4,3,4,1,3,4,3,3,1
2.74,0.69,0.79,0.77,0.88,0.78,1,1,0,300,3,1,4,1,5,3,2,4,3,1,2,4,3,3,1,2,5,2,2,3,3,1,2,2,2,5,4,3,1,3,2,4,2,4,3,1,2,4,3,3,1,5,1,3,3,5,3,2
1.69,0.69,0.99,0.93,0.94,0.9,1,3,1,200,4,0,0,3,3,2,3,3,3,3,4,2,2,4,2,2,4,4,2,4,3,5,2,3,2,2,4,2,1,2,2,2,3,2,3,3,4,2,2,4,2,1,3,4,4,2,3,3
3.63,1.0,0.99,0.69,0.93,0.85,2,0,0,300,1,0,0,2,1,2,3,5,4,1,1,5,1,4,1,5,4,3,5,2,5,2,1,3,2,5,3,4,2,1,3,3,4,2,4,1,1,5,1,4,1,2,2,2,2,1,5,3
2.85,0.9,0.69,1.0,0.85,1.0,2,2,0,300,3,1,0,4,3,1,4,2,2,3,4,1,2,1,3,1,3,3,4,2,3,3,4,2,1,3,4,2,3,3,2,5,5,3,2,3,4,1,2,1,3,2,3,4,2,2,3,4
2.91,0.6,0.91,1.0,0.83,0.9,1,2,0,300,4,0,0,5,5,1,4,3,2,2,1,1,4,3,1,1,3,1,2,3,3,3,4,2,1,2,4,2,3,4,2,3,3,1,2,2,1,1,4,3,1,5,1,1,3,2,4,4
1.98,0.96,0.87,1.0,0.87,0.79,1,1,0,300,1,4,2,4,1,2,1,3,4,5,1,1,5,4,1,4,5,1,2,2,1,4,4,2,3,1,3,4,3,3,2,5,5,4,4,5,1,1,5,4,1,3,5,4,5,1,3,1
3.69,0.6,0.79,1.0,1.0,0.69,2,1,0,300,3,0,0,3,5,3,3,1,2,3,1,4,3,3,1,1,1,4,1,2,1,3,4,2,2,3,4,4,3,2,4,5,5,1,2,3,1,4,3,3,1,1,2,1,3,5,4,3
3.07,0.7,0.55,0.79,0.97,0.79,2,2,1,200,2,1,0,4,0,2,2,2,2,2,2,2,2,2,3,2,3,2,2,2,3,3,3,2,2,3,2,2,2,2,2,3,3,3,3,2,3,2,3,4,3,1,1,2,2,2,2,1
2.8,1.0,0.7,0.9,0.89,0.89,1,1,1,300,1,4,1,0,0,3,1,3,3,3,2,1,1,4,3,3,2,5,2,3,5,5,2,4,3,3,1,2,5,1,4,5,3,4,3,3,2,1,1,4,3,3,3,5,1,5,5,1
1.9,0.89,0.96,0.6,0.91,0.7,1,2,0,200,2,0,0,2,3,1,3,3,2,1,4,5,2,3,2,1,2,1,2,4,3,3,2,3,2,2,5,1,3,2,2,4,1,5,2,1,4,5,2,3,2,1,1,5,4,5,2,3
3.35,0.91,0.8,0.79,0.84,0.67,2,3,1,200,1,3,4,2,3,2,5,4,3,3,4,2,5,5,4,1,3,4,2,3,3,2,2,3,3,2,1,2,3,2,4,2,2,4,3,3,4,2,5,5,4,3,3,3,3,3,3,5
2.17,0.57,0.77,0.73,0.65,0.69,2,1,0,200,2,3,0,2,3,3,5,4,3,5,4,3,3,2,3,2,4,2,2,1,3,3,2,3,5,5,3,3,2,4,5,2,5,4,5,3,4,2,3,2,1,2,2,3,3,2,2,3
2.3,0.6,0.93,0.7,0.83,0.69,1,2,1,300,2,2,2,5,5,2,2,1,4,3,2,2,2,3,5,2,3,1,2,5,1,2,1,4,1,3,3,1,4,4,5,2,2,5,4,3,2,2,2,3,5,2,2,2,2,2,4,2
3.0,0.89,0.79,0.7,0.96,0.7,1,1,1,300,3,0,0,3,3,3,3,2,3,4,3,2,4,2,3,3,1,1,3,5,4,2,1,4,2,1,2,5,1,2,1,1,3,1,3,4,3,2,4,2,3,5,2,4,2,3,3,3
2.78,0.88,0.79,0.89,0.97,0.79,2,1,0,300,1,4,0,2,2,1,2,3,1,4,3,1,5,2,3,4,3,2,1,3,4,4,2,3,1,4,4,4,2,1,2,3,2,5,1,4,3,1,5,2,3,1,2,3,2,2,4,2
3.56,0.6,0.66,1.0,1.0,0.92,1,1,0,200,3,1,0,2,3,1,5,4,3,4,4,5,3,1,3,3,4,3,1,4,2,4,2,4,4,3,2,2,4,2,3,1,4,3,3,4,4,5,3,1,3,2,3,3,4,2,1,5
3.04,0.92,0.7,0.7,1.0,0.9,1,1,0,300,3,0,0,4,1,3,3,3,3,1,5,3,3,3,2,2,3,1,3,1,4,3,5,5,3,5,2,5,1,2,2,2,1,2,3,1,5,3,3,3,2,2,1,3,3,4,2,3
2.6,0.67,0.63,0.68,0.63,0.68,2,3,1,200,2,2,4,2,5,3,2,2,2,2,1,1,1,1,2,2,2,2,2,2,5,5,4,3,3,5,3,3,2,2,2,2,2,3,3,3,3,3,3,3,3,2,3,3,3,2,1,1
2.88,0.69,0.7,0.79,1.0,0.7,1,4,1,300,2,0,0,2,0,1,3,2,1,2,2,4,5,4,1,2,3,2,4,5,3,2,1,5,3,2,3,2,2,3,5,3,2,3,1,2,2,4,5,4,1,1,3,2,2,4,4,3
2.75,1.0,0.7,0.89,1.0,1.0,1,1,0,200,2,0,0,3,3,2,2,2,2,3,3,2,2,3,5,2,1,2,3,2,1,2,5,3,2,3,2,1,2,1,3,1,3,4,2,3,3,2,2,3,5,1,1,1,2,3,3,2
3.43,0.78,0.7,0.83,0.84,0.69,1,0,0,300,2,1,0,2,1,2,4,2,5,4,1,5,3,4,5,1,1,4,1,3,3,3,3,2,1,3,1,3,1,2,2,2,5,2,5,4,1,5,3,4,5,5,3,4,5,2,3,4
2.45,0.93,0.99,0.89,0.81,0.68,1,0,0,200,1,4,4,3,1,0,1,1,1,3,3,4,1,1,4,2,3,3,1,5,5,1,3,2,5,3,3,2,1,2,3,2,2,3,1,3,3,4,1,1,4,5,2,3,4,2,5,1
2.19,0.67,0.7,0.69,1.0,0.9,1,1,1,200,1,4,0,4,5,2,3,3,4,2,4,2,4,4,5,3,2,3,3,4,5,2,1,5,1,1,1,5,3,1,2,3,5,1,4,2,4,2,4,4,5,1,5,3,1,4,2,3
2.05,0.69,0.99,0.79,0.93,1.0,2,2,0,300,1,4,0,2,1,2,3,1,1,4,4,4,4,2,5,3,1,4,2,2,3,4,3,2,4,2,1,2,3,4,3,3,3,2,1,4,4,4,4,2,5,1,5,2,2,4,3,3
2.78,0.87,1.0,0.77,0.85,0.79,1,3,0,300,2,1,0,3,3,3,1,4,5,2,3,2,3,4,4,3,1,5,1,2,2,2,3,3,2,1,1,2,5,3,2,4,2,3,5,2,3,2,3,4,4,3,4,2,3,3,4,1
3.02,0.55,0.9,0.79,0.73,0.66,0,2,0,300,3,0,2,3,1,1,5,5,3,5,2,2,5,3,5,4,2,3,3,2,2,2,5,3,5,4,2,3,1,1,4,5,4,2,3,5,2,2,5,3,5,2,3,4,2,2,3,5
2.82,0.69,0.89,1.0,0.86,0.89,2,3,1,300,2,1,0,2,1,2,3,2,2,3,2,3,3,3,2,2,1,4,3,2,4,2,4,1,5,2,3,3,3,4,2,3,2,2,2,3,2,3,3,3,2,2,2,4,2,1,2,3
2.26,0.67,0.7,0.69,0.82,0.87,2,3,0,300,2,1,1,2,1,1,3,4,4,5,3,4,1,4,3,4,2,2,3,2,1,5,5,1,2,1,5,5,3,5,4,4,3,2,4,5,3,4,1,4,3,4,1,4,3,2,2,3
2.4,0.89,0.78,1.0,0.86,0.79,2,1,0,200,1,4,4,3,3,1,1,1,3,5,3,1,1,4,1,1,1,4,4,3,1,3,3,2,1,2,1,1,5,4,3,5,5,1,1,1,1,1,1,4,1,1,1,1,3,5,5,4
3.1,0.69,0.68,0.77,1.0,0.7,2,3,1,200,3,0,0,2,1,1,4,4,2,2,1,4,2,3,4,2,3,1,2,3,1,2,1,3,5,3,3,3,2,3,3,2,3,1,2,2,1,4,2,3,4,4,1,4,4,5,1,4
3.22,0.88,0.93,0.6,0.69,1.0,2,2,0,300,2,1,2,2,3,1,2,1,3,5,1,3,4,1,4,3,1,2,1,3,3,3,2,1,1,2,2,3,2,4,4,4,5,2,3,5,1,3,4,1,4,2,1,3,4,5,3,2
1.88,0.89,0.6,0.66,0.97,0.69,2,1,0,300,2,0,0,2,3,2,2,4,5,1,2,4,2,5,3,5,3,3,2,2,2,2,1,1,3,3,3,2,3,3,2,5,2,2,5,1,2,4,2,5,3,1,2,2,1,5,2,2
2.39,0.9,0.9,0.79,0.75,0.89,1,3,0,300,1,2,2,2,1,1,2,3,5,1,2,2,1,4,3,3,3,1,2,4,1,3,4,2,5,4,4,5,3,3,4,3,2,5,5,1,2,2,1,4,3,1,3,2,4,2,4,2
3.35,0.78,0.69,0.69,0.91,1.0,1,3,1,200,2,2,0,3,2,0,5,4,3,1,2,2,3,3,2,2,2,3,4,5,4,2,2,3,1,1,2,5,1,2,4,3,3,4,3,1,2,2,3,3,2,3,4,3,3,2,5,5
2.62,0.89,0.49,1.0,0.94,0.7,1,2,0,200,2,1,1,4,3,1,1,3,2,2,3,4,2,3,5,3,4,1,1,1,1,1,2,5,2,3,4,5,4,3,3,4,5,1,1,1,1,3,3,3,5,1,2,1,1,1,3,3
3.19,0.66,0.92,0.69,0.86,0.85,1,3,0,200,2,2,0,3,1,2,3,3,5,2,3,4,3,4,4,4,4,4,4,2,5,4,4,5,2,4,1,3,1,1,2,1,3,2,5,2,3,4,3,4,4,4,4,3,1,3,4,3
3.35,0.92,0.9,0.7,0.97,1.0,1,0,1,200,2,0,0,3,1,0,1,3,4,4,2,3,3,3,2,4,3,4,5,2,5,2,3,5,3,3,3,3,2,4,3,1,3,2,4,4,2,3,3,3,2,2,1,1,1,4,1,1
3.3,0.69,0.93,0.69,0.88,0.88,1,3,0,300,4,0,0,2,3,1,2,3,3,1,1,4,4,5,2,4,3,3,3,4,2,4,4,2,3,1,5,3,1,3,5,4,1,1,3,1,1,4,4,5,2,2,2,3,4,3,3,2
2.0,0.65,1.0,1.0,0.77,0.77,2,0,0,200,1,4,0,5,1,1,2,3,2,1,1,2,3,3,3,2,2,2,2,2,2,4,4,4,4,4,4,1,5,3,3,4,4,2,2,2,2,2,2,3,1,2,2,2,2,2,2,2
3.27,0.7,0.7,0.63,0.73,0.89,1,1,0,300,1,4,0,4,1,3,1,2,2,1,1,3,2,5,3,4,5,3,3,4,5,2,3,4,1,1,1,4,4,2,1,3,5,1,2,1,1,3,2,5,3,3,3,4,3,3,2,1
3.17,1.0,1.0,0.85,0.7,0.68,2,2,1,300,4,0,2,2,1,1,3,3,4,1,4,3,3,4,2,4,5,3,1,3,1,2,3,2,2,3,5,3,1,3,3,4,5,2,4,1,4,3,3,4,2,4,2,3,2,3,3,3
2.87,0.7,0.7,0.6,0.64,1.0,1,2,1,300,1,2,0,2,3,3,3,5,3,5,3,1,4,1,1,4,1,2,5,4,5,1,4,3,3,3,4,3,3,4,2,3,3,4,3,5,3,1,4,1,1,3,2,2,1,3,3,3
3.35,0.7,1.0,0.7,0.93,0.69,0,4,1,200,2,0,1,3,3,2,1,3,3,3,1,4,3,1,3,2,3,5,2,5,3,5,2,2,4,2,4,1,2,3,3,2,3,4,3,3,1,4,3,1,3,3,3,2,5,2,1,1
1.1,0.89,0.9,0.87,0.87,0.79,1,3,1,300,2,2,4,2,1,1,3,3,2,3,5,3,2,3,5,2,2,2,5,5,2,1,1,4,5,3,5,2,2,4,3,4,5,4,2,3,5,3,2,3,5,3,4,3,4,3,2,3
2.25,0.79,1.0,0.77,0.91,0.7,2,3,0,300,1,2,0,5,3,0,3,3,2,3,3,5,5,4,3,5,3,5,1,3,1,5,1,5,3,5,3,4,3,3,2,1,4,4,2,3,3,5,5,4,3,4,1,2,3,4,3,3
3.31,0.9,0.79,0.7,0.94,0.89,2,1,0,200,4,0,2,2,2,2,3,3,3,2,3,1,2,3,2,1,4,4,4,4,2,3,3,2,2,3,4,4,3,1,3,2,3,2,3,2,3,1,2,3,2,3,2,2,3,4,3,3
2.26,0.84,0.59,0.7,0.82,0.89,0,1,0,300,4,0,4,3,1,2,5,1,3,4,1,3,2,3,3,2,4,1,3,5,2,3,4,2,2,4,1,5,5,1,2,2,4,4,3,4,1,3,2,3,3,3,4,3,5,1,2,5
1.83,1.0,0.89,0.92,1.0,0.59,2,1,0,300,1,2,4,2,2,2,1,2,4,3,2,2,2,4,2,1,3,3,5,2,3,2,1,4,4,5,1,4,5,1,2,4,2,5,4,3,2,2,2,4,2,2,3,2,1,4,1,1
2.93,1.0,1.0,0.99,0.94,0.69,1,1,1,200,1,2,1,2,3,1,2,4,5,2,3,3,3,2,1,1,4,3,4,3,4,1,1,1,2,3,3,2,5,5,2,3,2,1,5,2,3,3,3,2,1,5,5,5,3,1,3,2
3.05,0.83,0.89,0.87,0.86,0.89,2,1,0,200,2,2,0,3,1,2,3,2,4,4,2,3,2,3,3,3,2,3,3,3,4,2,3,4,2,4,2,4,2,3,5,4,3,3,4,2,2,2,2,4,2,2,1,2,2,2,2,2
2.81,1.0,0.7,0.77,0.87,0.79,0,2,0,300,2,2,0,4,1,1,1,3,3,1,2,1,1,2,4,2,3,2,2,3,2,3,5,4,2,2,3,3,3,1,1,4,5,4,3,1,2,1,1,2,4,4,2,5,5,2,4,1
3.1,0.89,0.8,0.6,0.92,0.95,0,2,1,200,1,2,0,4,1,2,2,2,1,4,5,5,1,1,4,3,3,4,4,4,5,3,1,2,2,2,4,2,5,4,3,2,1,2,1,4,5,5,1,1,4,5,3,2,4,1,5,2
2.38,0.93,0.7,0.57,0.87,1.0,2,2,1,300,1,4,0,1,2,2,5,4,2,1,2,4,2,3,5,3,2,2,3,3,5,1,4,3,2,4,3,1,4,1,2,3,4,3,2,1,2,4,2,3,5,4,2,3,1,5,4,5
2.38,0.64,0.59,1.0,0.87,0.6,2,1,1,200,1,2,1,2,3,2,3,2,3,2,1,3,2,2,2,2,4,3,3,2,2,2,1,3,2,3,2,2,3,2,3,4,3,2,3,1,3,3,2,3,2,3,2,3,2,2,1,3
3.26,0.86,0.83,0.83,0.83,0.93,1,2,0,200,1,0,0,4,1,0,2,3,2,1,2,2,2,2,5,2,5,1,5,2,5,2,2,4,5,5,2,5,5,3,2,4,2,4,4,4,4,4,2,4,1,1,2,2,2,2,2,1
2.92,0.7,0.94,0.79,0.71,0.7,1,3,1,200,2,2,1,2,1,1,5,5,3,5,3,3,3,1,5,2,3,3,1,4,5,2,2,3,4,2,2,5,3,4,2,3,2,1,3,5,3,3,3,1,5,3,4,1,3,1,3,5
3.11,0.9,0.69,0.65,1.0,0.89,2,3,1,300,2,4,0,3,5,2,3,1,4,3,1,4,3,3,3,4,3,1,3,3,4,5,2,4,5,5,2,5,5,2,4,3,5,4,4,3,1,4,3,3,3,3,1,1,1,2,5,3
3.13,0.79,0.79,0.93,0.94,0.79,0,2,1,300,2,1,0,3,3,1,4,4,5,3,3,4,1,3,3,4,2,2,4,4,4,1,2,4,2,2,4,2,3,4,2,3,3,1,5,3,3,4,1,3,3,2,3,1,4,3,1,4
3.38,0.72,0.69,1.0,0.6,0.78,2,1,1,300,2,1,0,3,0,1,1,2,5,3,1,3,3,4,2,2,3,3,3,4,2,1,2,5,2,1,2,3,1,5,2,2,4,3,5,3,1,3,3,4,2,4,1,1,3,3,2,1
3.74,0.78,0.8,0.7,0.68,0.79,1,3,1,200,2,1,0,3,5,3,3,3,3,3,3,3,3,3,3,2,3,2,3,2,5,4,4,5,4,4,2,2,5,1,3,5,5,3,4,3,3,4,3,5,3,3,3,3,3,3,3,2
3.19,0.79,0.69,0.69,0.95,0.73,1,2,0,200,2,2,0,2,3,2,3,5,2,2,2,2,4,4,3,4,4,4,4,4,4,3,2,3,2,5,4,4,3,2,2,2,5,1,2,2,2,2,4,4,3,5,5,3,3,1,3,3
2.64,0.9,0.96,0.7,0.88,0.9,0,1,1,300,2,1,1,3,1,3,4,3,1,4,2,5,2,4,3,2,4,4,1,3,1,3,5,1,3,3,2,4,3,1,3,2,3,4,1,4,2,5,2,4,3,3,4,3,5,3,3,4
3.33,0.87,0.8,0.8,0.81,0.9,1,0,0,200,2,3,0,2,4,1,3,2,2,2,2,2,3,3,3,3,3,3,3,2,3,4,3,4,4,4,2,1,3,3,4,2,2,3,4,4,3,4,4,4,5,5,5,3,4,4,3,3
3.31,0.96,0.79,0.89,0.73,0.7,1,3,0,300,2,2,0,2,1,0,2,3,3,5,5,3,1,1,5,4,4,1,5,3,5,1,1,5,2,3,3,2,2,3,3,3,2,1,3,5,5,3,1,1,5,5,3,1,3,4,2,2
2.56,0.8,0.69,0.89,0.9,0.55,2,2,1,300,3,0,0,3,1,0,3,4,1,5,3,4,4,1,5,4,4,5,3,3,4,2,1,3,1,3,4,3,1,4,3,1,3,2,1,5,3,4,4,1,5,3,3,2,2,1,5,3
3.17,0.89,0.64,0.79,1.0,0.79,2,2,0,200,2,1,1,2,1,1,5,4,3,5,3,4,4,2,3,4,4,1,5,3,4,2,4,2,3,3,3,3,1,4,4,4,4,4,3,5,3,4,4,2,3,2,3,3,2,3,1,5
2.78,1.0,0.93,0.68,0.94,1.0,2,4,1,300,1,0,2,2,1,0,3,4,5,2,1,3,1,1,5,3,2,2,3,4,3,1,3,4,1,5,5,1,5,4,3,5,3,2,5,2,1,3,1,1,5,3,3,5,1,1,3,3
2.43,0.93,1.0,0.8,0.86,1.0,2,2,0,300,2,1,0,3,5,0,4,2,3,2,2,3,1,4,2,1,5,3,4,2,1,5,3,2,1,5,5,3,5,3,3,4,1,4,3,2,2,3,1,4,2,3,3,5,3,2,1,4
2.0,0.7,0.79,0.6,1.0,0.9,1,2,0,300,2,2,1,2,1,0,2,4,2,1,3,2,5,3,1,2,1,5,4,3,5,3,2,3,3,2,4,2,1,1,4,3,2,3,2,1,3,2,5,3,1,2,3,2,1,1,5,2
2.46,0.7,0.79,0.89,0.8,0.9,2,2,0,300,2,2,0,5,3,2,2,4,1,3,1,1,3,5,5,2,4,2,3,3,1,4,5,2,3,5,5,4,2,2,2,2,1,5,1,3,1,1,3,5,5,3,5,1,5,1,2,2
3.31,0.78,0.7,0.88,0.89,0.7,0,4,0,300,1,0,0,3,5,1,2,4,3,3,3,4,2,4,3,4,1,1,3,1,1,3,4,2,2,3,1,1,1,2,4,2,2,5,3,3,3,4,2,4,3,3,1,1,4,5,4,2
2.45,0.7,0.69,1.0,1.0,0.7,1,3,1,300,1,4,0,4,5,2,2,2,4,1,2,2,1,5,1,2,4,1,2,2,1,3,5,2,4,3,3,2,4,2,2,5,1,4,4,1,2,2,1,5,1,5,5,2,4,1,2,2
2.61,1.0,0.7,0.89,1.0,1.0,1,3,1,300,2,2,0,4,3,0,4,5,4,4,4,3,1,3,3,4,1,2,3,1,3,4,3,2,1,2,1,3,2,3,3,4,3,1,4,4,4,3,1,3,3,2,3,2,4,1,2,4
3.0,0.99,0.91,0.89,0.85,0.9,1,1,0,300,1,2,0,5,3,0,4,5,5,3,1,4,2,2,2,1,3,5,2,4,1,2,3,1,4,1,4,4,4,1,1,2,4,4,5,3,1,4,2,2,2,4,5,2,4,1,5,4
2.75,0.9,0.69,0.66,0.74,0.9,1,2,0,300,1,0,1,2,0,3,3,5,3,2,3,5,4,1,2,2,5,4,1,3,1,1,5,3,4,4,5,2,3,4,5,4,4,1,3,2,3,5,4,1,2,3,2,3,2,3,4,3
2.89,0.7,0.88,0.9,0.81,0.66,0,4,1,300,2,2,1,3,1,2,4,5,4,4,5,1,3,4,1,3,3,5,1,3,2,2,1,3,1,1,2,4,2,1,1,4,4,1,4,4,5,1,3,4,1,5,3,4,4,1,1,4
2.48,0.69,0.7,0.7,0.95,0.78,1,0,1,200,2,1,1,5,5,1,3,3,3,1,5,5,2,3,4,2,2,3,4,1,1,5,3,3,2,2,4,3,1,2,4,2,2,3,3,1,5,5,2,3,4,2,1,1,2,3,1,3
3.26,0.78,0.83,0.83,0.4,0.92,2,0,0,200,4,1,0,3,2,0,5,3,5,5,3,1,2,1,4,3,3,3,3,2,3,4,3,5,5,5,1,3,4,3,3,5,1,3,2,2,3,5,1,5,1,1,1,1,1,1,3,3
2.92,0.7,0.5,0.7,0.89,0.85,1,4,1,200,3,0,2,0,3,2,4,4,4,3,2,3,1,1,5,2,4,3,2,3,1,4,3,5,2,1,3,5,3,1,1,1,3,3,4,3,2,3,1,1,5,3,1,1,5,5,4,4
2.67,0.79,0.98,0.79,0.91,0.69,2,3,0,200,1,2,2,5,3,2,2,1,3,3,2,4,3,4,3,3,2,4,2,4,5,2,2,1,3,3,3,2,4,4,3,5,4,4,3,3,2,4,3,4,3,2,2,2,2,3,4,2
2.81,0.66,0.69,0.69,0.55,0.89,2,3,0,300,2,3,2,3,3,2,5,3,4,2,3,3,3,3,4,2,5,1,5,2,3,3,3,4,5,4,3,4,5,3,3,4,2,5,3,3,5,5,3,3,1,1,2,2,2,3,3,1
2.41,0.7,0.7,0.79,0.66,0.88,1,2,0,300,1,2,1,1,3,1,3,2,3,4,4,3,4,4,3,3,2,2,1,2,1,2,3,2,4,3,1,1,4,4,3,3,2,2,3,4,4,3,4,4,3,3,1,1,1,4,5,3
3.41,0.89,0.7,0.7,1.0,0.89,1,3,0,300,2,1,1,2,0,2,4,2,1,3,3,4,3,2,3,2,2,3,4,3,2,4,3,5,5,2,2,3,1,3,5,1,3,3,1,3,3,4,3,2,3,2,1,2,5,2,5,4
3.24,0.85,0.79,0.73,1.0,0.57,0,3,1,300,2,2,0,4,3,3,2,2,4,1,2,1,2,5,2,3,1,4,2,3,3,4,4,2,4,3,2,4,2,5,4,1,3,2,4,1,2,1,2,5,2,2,5,5,2,3,3,2
2.89,0.6,0.88,0.79,0.86,0.69,1,1,0,300,2,1,0,3,1,2,1,2,5,2,2,2,4,3,4,3,1,4,4,1,4,4,2,2,3,3,2,4,1,1,3,3,5,3,5,2,2,2,4,3,4,3,3,2,4,4,3,1
3.06,0.89,0.79,0.73,0.94,0.96,0,1,0,300,1,4,0,5,1,3,3,3,1,2,1,5,5,1,4,5,3,4,1,1,5,2,1,4,1,1,3,1,3,1,3,5,3,4,1,2,1,5,5,1,4,5,3,2,2,2,2,3
3.24,0.79,0.7,0.91,0.91,1.0,2,3,1,300,2,2,0,2,0,2,2,3,4,3,3,3,3,3,4,3,5,2,3,1,2,2,2,2,4,1,3,1,3,2,1,4,1,2,4,3,3,3,3,3,4,4,4,3,3,3,5,2
2.38,0.95,0.79,0.75,0.82,0.89,1,1,1,200,2,2,0,5,2,0,2,1,2,1,1,1,1,1,2,1,4,1,4,1,2,3,3,3,3,3,2,3,2,1,2,1,2,1,1,1,2,2,2,1,1,1,1,1,1,1,1,1
2.94,0.7,0.89,1.0,0.96,0.67,1,3,1,300,1,2,1,3,1,3,2,1,4,3,3,2,5,1,2,4,2,4,3,2,4,1,3,3,2,3,1,4,1,5,1,5,3,4,4,3,3,2,5,1,2,4,5,5,5,2,3,2
2.88,0.79,0.64,0.99,1.0,1.0,1,2,0,200,1,4,0,4,3,3,3,5,2,5,5,3,3,1,4,2,1,2,5,3,4,1,1,3,1,5,4,4,3,3,1,4,2,1,2,5,5,3,3,1,4,1,2,2,2,3,2,3
2.96,0.78,0.89,0.7,0.65,0.69,1,1,1,300,2,2,0,3,2,1,2,2,4,1,2,3,3,4,5,3,5,4,5,5,3,4,1,2,3,2,3,5,2,1,3,2,3,2,4,1,2,3,3,4,5,3,2,1,4,3,2,2
3.04,0.89,0.89,0.7,0.94,0.9,1,3,0,300,2,0,1,5,2,0,2,4,1,1,1,3,3,3,3,2,3,3,4,1,2,4,3,3,4,3,4,3,3,4,2,3,3,4,1,1,1,3,3,3,3,2,3,2,2,2,3,2
2.86,0.84,0.89,0.99,0.6,1.0,1,1,0,200,2,1,1,4,3,0,5,1,1,3,5,1,1,3,1,1,2,2,2,2,4,5,5,5,5,5,2,4,5,3,2,5,1,3,1,2,4,5,1,1,1,1,1,1,1,1,1,1
2.9,1.0,0.99,0.93,0.6,0.91,1,1,0,300,3,0,0,4,1,2,1,2,3,3,4,2,2,3,1,4,1,2,2,2,1,4,2,1,1,1,1,3,1,3,2,4,5,2,3,3,4,2,2,3,1,2,3,3,4,3,2,1
2.9,0.79,0.67,0.79,0.84,0.79,1,3,1,200,2,4,2,5,1,2,2,2,2,2,2,2,2,1,2,2,2,2,4,2,4,2,4,4,4,4,2,1,2,3,2,4,2,2,2,4,4,4,2,2,2,2,2,1,2,2,2,2
3.5,0.69,0.9,0.89,0.77,0.7,1,2,0,200,1,4,0,5,0,3,2,1,3,5,5,4,1,3,1,3,3,4,2,4,1,4,4,3,4,2,3,3,2,3,3,3,1,4,3,5,5,4,1,3,1,3,1,2,3,5,1,2
2.85,1.0,0.84,0.79,0.74,0.69,1,1,0,200,1,4,0,3,0,2,2,5,4,2,2,2,3,4,1,3,3,3,4,2,4,3,4,3,4,2,5,3,3,5,4,5,1,3,4,2,2,2,3,4,1,1,2,4,2,2,3,2
1.91,0.99,0.69,1.0,0.94,0.79,0,3,1,300,2,1,4,3,1,3,3,4,5,5,2,5,2,2,3,3,1,2,5,3,2,4,2,3,4,3,3,4,2,3,4,3,3,4,5,5,2,5,2,2,3,4,4,4,4,1,4,3
3.06,1.0,0.66,0.8,0.88,0.89,1,3,0,300,1,4,2,2,3,2,2,3,5,4,5,3,5,1,1,5,3,3,3,4,3,2,3,3,1,1,1,4,2,1,1,3,2,3,5,4,5,3,5,1,1,5,4,1,4,1,3,2
2.61,0.9,0.7,1.0,0.87,0.69,1,1,1,300,2,2,4,4,5,2,1,3,4,4,3,3,1,3,4,5,3,5,5,5,4,5,3,3,2,5,3,4,1,2,3,3,2,2,4,4,3,3,1,3,4,3,2,1,2,4,2,1
2.34,0.89,0.88,0.93,0.81,0.79,1,1,1,300,2,2,1,5,1,2,5,1,1,1,4,2,5,4,3,1,1,2,3,5,1,5,3,4,1,4,3,3,5,5,2,4,1,2,1,1,4,2,5,4,3,2,3,5,3,2,3,5
2.76,0.7,0.69,0.7,0.93,0.76,2,3,1,300,1,2,1,2,5,2,4,1,1,3,5,4,3,3,4,1,4,2,4,2,2,2,2,2,3,3,5,1,5,4,2,4,2,5,1,3,5,4,3,3,4,2,4,4,2,2,3,4
2.83,1.0,0.95,0.69,0.92,0.9,0,1,0,200,1,2,0,1,5,0,1,4,2,3,2,2,4,4,2,2,3,1,3,2,5,5,3,3,3,2,4,3,3,4,3,5,1,2,2,3,2,2,4,4,2,3,4,1,1,5,3,1
1.95,0.79,1.0,0.78,0.73,0.93,1,1,0,300,2,2,1,2,5,0,4,3,3,3,2,1,3,1,3,2,4,3,1,4,1,1,5,2,4,1,4,5,3,2,3,2,3,4,3,3,2,1,3,1,3,3,3,2,5,5,4,4
3.17,0.92,0.69,0.7,0.81,0.69,1,1,0,300,4,0,0,4,3,1,1,2,2,4,1,1,2,2,1,4,4,5,2,4,3,5,4,3,2,1,2,3,4,3,3,4,2,5,2,4,1,1,2,2,1,3,2,5,3,2,3,1
3.08,0.9,0.63,0.89,0.9,0.7,0,4,0,200,1,4,0,4,1,2,4,1,3,2,3,4,2,5,1,2,2,2,5,1,5,3,1,4,2,2,3,3,2,2,5,4,2,2,3,2,3,4,2,5,1,2,2,3,3,2,3,4
2.79,0.68,0.96,0.78,0.95,0.8,1,2,1,300,2,2,0,2,3,1,1,1,5,1,3,1,3,4,2,4,5,4,3,1,5,2,1,3,3,1,1,2,3,3,3,1,4,1,5,1,3,1,3,4,2,3,1,1,5,3,3,1
2.57,0.89,0.89,0.93,1.0,0.69,0,2,0,300,1,3,2,4,1,2,3,3,3,4,2,4,5,5,3,2,1,1,3,5,2,4,4,3,4,3,5,4,2,3,2,3,1,3,3,4,2,4,5,5,3,1,2,2,2,1,2,3
2.89,0.79,0.78,0.66,0.96,1.0,1,1,0,300,2,1,0,4,0,2,4,1,2,2,2,4,3,1,3,3,3,1,3,2,1,5,3,2,2,2,4,2,3,2,4,4,3,3,2,2,2,4,3,1,3,4,2,1,2,3,3,4
3.44,0.79,0.89,0.84,0.95,0.95,0,2,0,300,2,0,0,3,2,2,3,1,1,4,2,4,2,2,5,4,2,5,2,4,3,3,3,1,3,3,3,1,3,4,5,5,2,5,1,4,2,4,2,2,5,4,3,3,2,2,5,3
2.76,0.68,0.84,0.96,0.84,0.69,1,3,1,300,4,0,1,5,1,2,4,4,2,2,3,3,2,1,1,1,1,2,2,4,5,3,3,3,2,4,2,2,2,3,2,2,3,2,2,2,3,3,2,1,1,2,4,4,2,2,4,4
3.07,0.89,0.69,0.77,0.73,0.99,1,1,0,300,3,0,1,2,5,1,1,2,3,5,4,3,3,5,3,2,4,3,5,3,3,2,1,2,2,3,4,3,4,2,1,2,3,3,3,5,4,3,3,5,3,5,4,3,1,4,2,1
3.37,0.92,0.78,0.7,0.9,0.89,0,3,1,300,1,4,1,2,3,2,4,3,3,4,2,2,3,1,3,2,3,1,4,3,1,4,1,3,2,3,1,2,5,3,4,2,1,4,3,4,2,2,3,1,3,3,4,4,4,1,2,4
2.28,0.89,0.96,1.0,0.94,0.79,1,0,1,300,2,1,0,2,3,3,4,1,2,3,2,4,4,4,3,1,2,4,5,4,3,5,3,3,3,1,3,4,4,3,2,2,4,1,2,3,2,4,4,4,3,4,3,5,4,3,4,4
3.0,0.7,0.77,0.6,0.86,0.69,1,2,0,200,3,1,0,1,3,0,3,3,4,2,3,2,2,4,3,2,4,5,4,3,3,3,2,2,1,3,2,3,3,4,4,3,3,2,4,2,3,2,2,4,3,3,4,1,5,4,1,3
2.57,0.78,0.6,0.7,0.63,0.78,2,4,0,300,2,2,0,3,1,1,1,2,1,5,4,3,4,2,2,1,1,4,1,1,4,3,4,1,1,2,2,4,1,1,1,3,3,1,1,5,4,3,4,2,2,1,5,1,3,3,4,1
1.8,1.0,0.84,0.69,0.92,0.7,2,0,1,300,1,0,0,3,2,2,2,3,4,3,1,2,2,5,2,3,2,4,5,5,4,2,4,2,5,3,5,5,4,3,2,1,2,3,4,3,1,2,2,5,2,2,4,5,2,3,1,2
2.91,0.69,0.89,0.69,0.8,0.92,1,4,1,300,1,2,0,4,2,1,3,2,3,2,1,1,2,5,4,3,4,2,3,2,2,3,3,2,4,4,3,3,5,3,5,1,2,4,3,2,1,1,2,5,4,1,2,1,1,3,1,3
2.52,0.89,0.89,0.89,0.91,0.87,2,3,1,300,1,4,0,2,5,0,5,2,4,2,2,2,4,3,5,4,5,3,1,1,3,4,5,1,5,1,2,3,3,5,1,5,1,2,4,2,2,2,4,3,5,4,2,1,4,3,3,5
2.48,0.85,0.99,0.59,0.87,0.87,2,1,1,300,1,2,0,5,5,1,4,1,1,2,2,3,2,4,1,2,1,4,2,3,2,1,4,2,3,3,5,1,2,2,3,2,1,3,1,2,2,3,2,4,1,4,2,1,1,2,3,4
2.96,0.78,0.66,1.0,0.86,0.89,1,0,0,300,2,1,0,2,1,1,2,1,3,1,3,3,3,1,4,4,4,2,1,1,3,3,3,3,4,2,2,5,2,1,1,1,2,4,3,1,3,3,3,1,4,1,2,2,2,5,3,2
2.89,0.89,0.9,0.79,0.85,0.7,1,0,1,300,3,0,0,1,1,3,3,2,5,4,5,1,2,4,3,3,4,1,2,3,2,4,4,5,4,5,3,5,5,4,3,1,4,2,5,4,5,1,2,4,3,1,1,4,3,4,1,3
2.96,0.7,0.88,0.88,0.88,0.7,1,2,1,200,1,0,0,2,1,2,2,4,3,3,1,2,3,5,2,3,4,4,4,2,2,1,3,3,3,2,1,4,2,1,1,1,4,1,3,3,1,2,3,5,2,2,3,1,2,4,4,2
3.23,0.9,0.5,0.69,0.89,0.78,2,3,1,200,2,4,0,3,3,1,4,4,3,2,2,4,1,2,3,2,2,1,3,3,3,4,1,2,3,3,4,4,3,5,2,3,1,4,3,2,2,4,1,2,3,3,2,3,3,2,4,4
3.3,0.69,0.85,0.78,1.0,0.67,2,4,1,300,3,0,4,2,5,2,3,5,2,2,2,3,4,3,1,4,2,1,3,4,4,4,1,5,3,1,3,2,3,4,1,2,5,4,2,2,2,3,4,3,1,4,4,4,5,2,3,3
3.04,0.89,0.76,0.69,0.76,0.7,2,4,1,200,1,4,0,2,1,1,4,4,5,3,2,2,1,3,3,4,2,1,3,4,4,4,3,4,4,5,2,1,3,2,4,2,5,2,5,3,2,2,1,3,3,1,4,4,1,1,1,4
1.52,0.79,0.79,0.92,0.96,0.6,1,2,1,300,2,4,0,4,3,3,2,2,5,3,3,4,2,2,5,1,2,5,3,3,3,3,4,3,3,3,2,3,1,2,3,3,5,4,5,3,3,4,2,2,5,1,1,2,1,3,2,2
2.82,0.87,1.0,0.99,1.0,0.9,1,1,1,300,2,1,0,3,3,1,1,2,1,4,4,2,3,3,2,5,2,2,5,2,2,4,4,1,2,4,5,1,2,3,2,4,1,2,1,4,4,2,3,3,2,3,3,1,1,4,4,1
2.5,0.34,0.75,0.75,0.79,0.69,1,0,0,200,2,2,4,3,0,0,5,5,4,4,5,5,5,5,5,5,4,4,5,5,5,5,5,4,4,5,5,5,5,3,5,4,4,5,5,5,3,5,4,5,4,5,4,5,5,3,5,5
2.58,0.69,0.75,1.0,0.86,0.89,1,1,0,200,1,3,4,2,5,0,2,3,3,2,2,1,2,3,4,1,4,3,3,1,2,3,3,3,2,2,2,3,3,5,2,2,2,2,3,2,2,1,2,3,4,3,4,2,3,2,1,2
2.21,0.53,0.8,0.89,0.72,0.6,1,2,0,200,3,0,0,2,0,2,5,3,3,5,3,3,4,3,3,3,2,3,4,3,2,3,2,1,3,1,3,3,1,5,5,1,1,5,4,5,4,5,3,3,5,5,5,5,4,3,3,3
2.45,0.91,0.79,0.9,0.69,0.69,1,1,0,300,2,1,0,5,5,1,3,1,5,3,3,3,4,2,1,3,4,1,4,4,5,5,4,1,1,1,2,4,1,1,1,2,3,1,5,3,3,3,4,2,1,5,3,1,3,4,3,3
3.15,0.99,0.69,1.0,0.86,0.77,2,1,0,300,2,2,1,3,3,1,1,5,2,3,4,4,2,2,4,2,1,3,5,3,3,5,1,4,4,2,1,4,2,1,5,4,4,3,2,3,4,4,2,2,4,3,2,5,2,4,2,1
3.0,1.0,0.68,0.79,0.76,0.7,1,2,0,300,2,2,1,2,2,1,2,3,4,4,1,3,3,5,4,2,2,5,1,4,2,3,5,1,1,4,4,2,3,2,5,5,1,4,4,4,1,3,3,5,4,4,2,4,1,2,2,2
2.48,0.59,0.45,0.7,0.75,0.6,1,0,1,200,2,1,0,2,3,3,4,5,5,2,1,2,4,5,2,2,1,1,4,3,1,2,3,3,2,1,5,3,2,1,1,4,2,2,5,2,1,2,4,5,2,4,3,2,1,2,3,4
2.57,0.7,1.0,1.0,0.88,0.69,1,3,1,200,3,1,4,3,3,1,4,3,5,1,2,1,1,3,3,1,4,4,5,2,4,2,2,2,4,3,3,4,1,3,1,2,3,1,5,1,2,1,1,3,3,4,4,2,3,2,5,4
2.56,0.91,0.92,0.7,0.88,0.9,1,1,0,300,2,1,2,3,1,0,3,3,2,3,2,4,2,4,3,3,3,1,4,1,2,2,2,1,5,2,3,2,1,4,5,4,2,3,2,3,2,4,2,4,3,2,4,3,5,3,2,3
3.02,0.77,1.0,0.69,0.83,0.9,1,1,0,300,4,0,0,1,3,0,3,3,4,3,5,3,2,1,2,2,3,4,2,4,5,5,1,3,3,3,2,1,4,2,3,4,3,1,4,3,5,3,2,1,2,3,2,2,3,1,2,3
3.91,0.84,1.0,0.75,1.0,0.89,1,4,0,300,3,0,1,5,3,2,4,1,2,5,2,3,3,1,4,3,5,4,2,5,3,2,2,2,3,4,2,1,2,2,5,1,2,3,2,5,2,3,3,1,4,4,3,1,3,5,2,4
2.26,0.57,0.72,0.69,0.99,0.79,2,1,1,200,1,4,0,2,1,1,3,1,4,3,2,2,1,2,3,2,4,3,4,2,3,4,3,5,3,1,2,2,1,4,1,2,2,2,4,3,2,2,1,2,3,5,5,3,5,3,5,3
2.9,0.7,0.69,0.85,0.92,0.93,1,1,1,300,1,4,2,2,5,1,2,2,5,5,4,3,3,1,1,1,4,4,1,3,3,5,3,2,3,1,4,2,2,1,2,4,2,2,5,5,4,3,3,1,1,2,5,5,4,2,5,2
2.67,0.87,0.79,1.0,0.84,0.69,2,4,0,300,2,2,0,2,3,3,3,2,1,5,4,3,1,2,3,3,4,5,1,3,5,2,1,4,3,4,4,2,3,3,4,3,3,2,1,5,4,3,1,2,3,3,5,4,2,1,3,3
2.97,0.93,0.66,0.66,0.52,0.92,1,1,0,200,3,1,0,3,3,1,4,5,3,1,2,2,2,3,5,2,4,1,5,2,4,4,4,4,4,4,1,3,4,4,2,4,3,4,4,3,4,4,2,3,2,1,2,2,2,2,2,2
1.31,0.9,0.45,0.9,0.94,0.84,0,0,1,200,1,4,0,3,3,1,2,2,2,2,2,3,1,2,1,1,4,3,1,3,3,2,4,5,3,2,5,2,3,4,1,1,5,3,2,2,2,3,1,2,1,3,5,4,4,3,2,2
2.59,0.96,0.79,0.89,0.74,0.66,0,4,1,300,2,2,0,3,3,0,3,5,1,5,3,5,4,3,2,5,2,3,4,3,1,3,4,3,5,2,4,5,1,4,4,3,2,2,1,5,3,5,4,3,2,1,3,1,1,2,5,3
2.52,0.81,0.95,0.95,0.77,0.78,2,0,1,200,0,3,1,1,2,0,5,4,4,4,5,5,5,5,5,5,4,4,4,4,5,5,4,4,4,4,4,3,4,5,5,5,5,5,5,4,4,4,4,4,5,5,5,5,3,4,4,4
2.54,0.77,0.69,0.69,0.49,1.0,1,3,1,300,2,1,0,2,2,2,5,5,2,3,1,1,4,1,3,1,2,3,4,5,3,3,3,2,1,4,3,1,3,3,2,4,4,3,2,3,1,1,4,1,3,2,4,2,4,3,3,5
3.26,0.89,0.79,0.79,0.98,0.79,1,2,0,300,2,1,4,4,1,1,2,3,3,1,1,1,5,2,3,3,3,3,2,3,5,4,3,3,1,1,3,1,3,2,1,4,1,2,3,1,1,1,5,2,3,1,3,5,1,3,3,2
2.83,0.66,0.66,1.0,0.89,0.79,2,0,0,300,1,2,0,2,2,1,2,2,3,3,1,2,4,4,2,1,5,4,5,4,4,2,3,2,1,3,3,2,2,2,5,1,2,1,3,3,1,2,4,4,2,4,4,4,3,3,5,2
1.6,0.85,0.69,0.73,0.92,1.0,2,3,1,300,3,0,1,2,5,3,2,4,2,3,2,3,3,4,3,1,3,1,4,5,3,2,2,2,1,1,2,2,4,1,1,3,3,2,2,3,2,3,3,4,3,3,2,3,5,4,3,2
2.19,0.75,0.79,0.73,0.95,0.93,1,1,1,300,3,1,1,3,3,3,3,3,1,3,3,2,2,3,5,2,3,2,3,3,4,4,4,4,3,4,3,4,3,2,4,3,4,2,1,3,3,2,2,3,5,2,4,4,1,4,3,3
3.18,0.7,0.69,0.72,0.92,1.0,1,3,0,300,1,4,2,4,1,1,3,1,3,1,1,3,3,5,2,5,3,5,3,3,3,3,2,2,1,3,5,1,5,5,3,3,1,3,3,1,1,3,3,5,2,3,4,1,5,1,4,3
2.17,0.66,0.9,0.69,1.0,0.66,2,1,1,200,1,2,0,4,2,2,2,2,2,4,2,3,1,4,2,4,1,3,3,3,3,5,5,5,5,5,2,3,1,5,4,2,2,1,3,1,2,3,1,2,1,2,2,2,2,2,2,2
2.9,0.6,1.0,0.9,0.85,0.69,2,1,0,200,2,2,0,3,3,1,2,1,2,1,1,3,4,2,4,2,4,3,1,4,5,3,4,2,4,4,1,2,3,1,3,4,5,2,2,1,1,3,4,2,4,2,4,2,3,2,1,2
3.28,0.9,0.73,0.72,1.0,0.96,1,1,1,300,4,0,0,3,1,1,2,2,2,2,2,2,2,2,3,3,3,3,3,3,3,3,3,4,2,3,2,2,4,2,2,4,2,2,2,2,2,2,2,2,2,2,2,2,2,2,2,2
2.56,0.7,0.64,0.7,0.9,0.96,2,2,1,200,2,1,1,2,2,1,3,4,1,1,3,1,3,2,1,1,1,4,3,3,2,3,3,3,4,2,1,5,3,3,3,1,4,1,1,1,3,1,3,2,1,4,4,3,5,4,4,3
3.05,0.79,0.79,0.8,0.67,0.85,1,2,0,200,0,2,1,1,1,0,5,5,4,4,5,5,5,5,5,5,5,5,4,4,5,5,5,5,5,5,5,5,5,5,5,4,5,5,5,5,5,4,5,5,5,5,5,4,5,5,5,4
2.76,0.79,0.79,0.6,1.0,0.89,1,3,0,300,3,1,4,2,1,2,3,2,3,2,3,3,3,5,2,1,3,2,1,1,4,1,3,4,3,2,3,2,3,3,5,4,2,3,3,2,3,3,3,5,2,3,1,3,4,1,2,3
1.88,0.87,0.79,0.7,0.98,0.9,1,2,1,200,1,4,2,1,1,3,3,2,4,2,3,3,2,4,3,2,1,2,5,1,3,3,3,5,3,3,4,4,1,3,3,4,2,3,4,2,3,3,2,4,3,3,2,1,1,4,2,3
2.37,0.69,0.89,0.69,0.92,0.7,2,0,0,300,3,1,1,2,2,2,3,3,3,3,3,3,4,3,2,2,2,2,3,4,3,2,1,5,1,1,1,4,4,4,1,3,4,3,3,3,3,3,4,3,2,5,2,3,2,1,3,3
2.75,0.89,0.47,0.69,0.62,1.0,2,2,1,200,2,1,0,2,3,2,5,5,5,2,2,4,5,5,2,1,3,2,1,3,5,4,5,2,5,2,1,3,4,4,3,3,4,5,5,2,2,4,5,5,2,4,5,4,3,3,3,5
2.36,0.93,0.35,0.7,0.94,0.69,1,2,0,200,1,4,4,2,5,1,1,1,3,4,3,5,4,3,4,4,3,2,2,2,4,3,5,1,3,1,1,3,1,1,4,2,5,3,3,3,3,2,2,4,4,1,1,1,3,3,4,5
3.38,0.79,1.0,0.6,0.81,0.68,2,1,0,200,2,2,0,1,1,3,2,2,4,2,2,2,1,4,1,3,4,3,4,5,5,5,3,4,2,3,3,5,3,1,3,5,4,2,4,2,2,2,1,4,1,3,1,3,2,3,2,2
2.5,0.89,0.7,1.0,0.94,0.6,1,4,1,300,3,0,1,3,3,2,4,2,2,3,4,3,3,3,4,2,3,3,3,3,1,3,1,2,4,5,3,4,2,1,3,3,4,2,2,3,4,3,3,3,4,1,3,2,4,5,3,4
3.88,1.0,0.89,0.96,0.82,0.67,1,2,0,300,2,1,1,3,3,2,1,2,2,4,1,3,2,4,2,1,4,1,4,5,2,5,1,4,2,4,3,1,2,3,3,2,4,4,2,4,1,3,2,4,2,2,2,4,4,2,2,1
2.69,0.59,1.0,0.75,0.71,1.0,2,1,1,300,1,4,2,3,1,3,2,1,4,3,1,2,4,4,5,3,5,2,5,3,4,4,3,3,4,1,1,5,1,2,2,1,4,2,4,3,1,2,4,4,5,3,2,3,4,5,2,2
2.59,0.85,0.92,0.78,0.9,0.96,1,3,0,300,2,1,4,2,3,1,2,1,1,3,2,1,3,3,2,4,4,3,2,3,3,1,5,1,3,4,4,3,2,2,2,2,2,4,1,3,2,1,3,3,2,4,4,4,5,3,4,2
1.07,0.7,0.75,1.0,0.79,0.9,2,1,0,300,4,0,0,2,3,2,3,3,2,4,3,4,2,4,3,2,2,5,1,2,1,1,5,1,4,4,3,1,4,2,3,1,5,4,2,4,3,4,2,4,3,3,5,2,3,1,4,3
2.34,0.89,1.0,0.7,0.89,0.7,1,3,0,300,3,0,0,2,2,2,3,1,1,1,3,5,5,4,4,2,2,4,2,2,4,3,5,4,5,1,3,5,4,3,3,4,4,1,1,1,3,5,5,4,4,4,3,2,5,1,3,3
2.85,0.63,1.0,0.7,0.82,0.89,1,1,0,300,2,2,0,1,5,1,1,4,3,1,4,3,3,3,2,3,1,3,3,3,2,4,3,2,4,3,1,3,3,5,1,2,4,2,3,1,4,3,3,3,2,4,5,2,4,3,3,1
2.67,0.99,0.8,0.69,0.7,0.79,1,3,1,200,2,1,2,4,2,3,4,4,4,1,1,4,3,3,4,3,2,4,3,3,1,4,1,3,5,3,4,3,3,3,4,5,4,1,4,1,1,4,3,3,4,1,3,1,2,3,1,4
2.65,0.79,0.99,0.79,0.76,0.93,2,3,0,300,2,1,2,2,5,2,5,5,3,5,3,2,2,1,4,4,4,4,4,1,5,4,3,5,1,1,1,4,3,5,4,5,3,5,3,5,3,2,2,1,4,2,3,2,4,2,3,5
3.05,0.64,1.0,0.66,0.88,0.9,0,1,0,200,3,0,0,4,4,2,3,2,2,1,2,2,2,2,3,3,2,4,3,2,4,3,3,2,3,3,2,3,4,3,2,1,3,2,2,2,3,2,3,4,3,3,2,2,3,2,3,3
3.23,1.0,1.0,0.69,1.0,0.7,1,3,1,300,3,0,0,3,0,1,3,3,3,5,5,3,3,2,2,4,3,3,4,3,3,3,4,1,3,1,2,5,3,1,5,3,2,4,3,5,5,3,3,2,2,1,4,2,2,3,3,3
2.81,0.79,0.9,0.9,0.84,1.0,1,4,0,200,1,2,4,1,5,3,2,3,5,4,3,3,3,5,2,4,5,1,5,4,5,3,3,4,2,2,5,3,3,2,1,1,2,1,5,4,3,3,3,5,2,3,4,4,3,3,2,2
3.43,0.87,0.66,0.99,0.93,0.89,1,1,0,300,1,4,0,3,5,0,3,3,3,5,3,4,2,1,4,3,3,2,3,1,3,2,3,2,5,4,4,5,3,3,4,3,2,5,3,5,3,4,2,1,4,4,3,3,4,2,5,3
2.07,0.78,0.7,0.68,1.0,0.57,0,2,1,300,4,0,4,3,2,0,5,3,2,2,1,4,4,3,1,2,4,1,3,5,2,3,1,5,2,1,2,2,2,2,3,5,3,4,2,2,1,4,4,3,1,5,2,3,2,3,5,5
2.67,0.8,0.69,0.69,0.59,0.59,1,1,1,300,2,1,1,2,1,1,3,1,5,1,2,1,5,5,3,3,3,4,1,2,3,1,1,3,4,3,1,4,2,4,3,4,5,2,5,1,2,1,5,5,3,1,1,4,2,5,4,3
1.17,0.5,0.93,0.89,1.0,0.69,1,2,0,200,3,0,2,1,3,2,4,4,4,4,4,4,3,4,4,4,4,4,4,4,2,4,4,4,4,4,2,2,5,1,1,5,4,2,1,2,3,2,2,2,2,2,1,1,2,1,2,2
2.89,0.9,0.91,0.93,1.0,0.79,1,3,1,300,1,4,2,3,0,1,1,2,4,2,5,3,2,3,5,2,1,4,2,3,2,4,3,1,4,3,1,3,3,3,2,5,3,2,4,2,5,3,2,3,5,1,2,3,3,2,2,1
2.65,0.89,0.59,0.94,0.86,0.9,1,3,1,300,4,0,1,4,0,0,2,2,3,1,2,4,2,4,1,3,4,2,4,3,4,4,4,1,3,2,3,1,4,3,1,2,1,4,3,1,2,4,2,4,1,4,2,2,5,1,4,2
2.05,0.8,0.9,0.93,0.95,0.7,1,3,1,300,2,2,4,4,5,1,2,5,1,2,1,4,1,4,3,3,2,2,2,4,3,2,1,4,2,2,3,2,4,4,3,4,4,2,1,2,1,4,1,4,3,2,4,4,3,2,2,2
3.02,0.69,0.66,0.84,0.92,0.89,1,1,0,300,3,0,0,4,3,1,4,3,4,2,3,3,3,5,3,4,2,1,4,4,1,3,3,4,1,5,3,4,3,3,2,2,3,5,4,2,3,3,3,5,3,1,1,2,1,5,3,4
3.27,0.9,0.89,0.79,0.97,0.79,2,0,0,300,2,2,0,3,5,2,4,2,4,2,4,3,2,3,5,3,2,4,2,3,3,2,4,2,3,1,4,2,2,4,3,5,5,4,4,2,4,3,2,3,5,1,4,2,1,3,4,4
3.48,0.45,0.8,0.8,0.89,0.78,1,2,0,200,3,1,2,1,3,1,3,3,3,3,4,2,2,4,2,2,2,3,2,3,2,3,3,3,3,3,2,3,3,3,2,3,3,3,3,2,2,2,2,3,2,3,2,3,3,3,2,3
2.91,0.93,0.79,0.91,0.88,0.7,1,0,0,300,1,3,0,4,5,1,5,1,2,2,4,3,4,2,2,2,4,2,3,3,1,1,3,2,1,2,4,3,2,1,2,5,2,5,2,2,4,3,4,2,2,3,2,3,2,5,2,5
2.21,0.69,0.69,0.79,0.51,0.9,0,1,1,300,2,2,4,2,3,2,4,2,1,3,5,3,3,4,3,1,1,4,2,1,2,2,3,4,3,5,2,5,1,2,2,2,1,2,1,3,5,3,3,4,3,1,2,3,2,5,5,4
2.43,1.0,0.93,0.9,0.91,0.79,2,0,0,300,2,2,1,5,3,1,3,1,5,2,3,2,1,4,1,4,2,3,3,3,4,3,2,5,5,1,4,3,4,4,2,4,2,5,5,2,3,2,1,4,1,3,3,1,5,5,3,3
3.45,0.9,0.7,0.67,0.96,0.6,1,2,0,300,4,0,1,4,1,0,3,4,2,5,5,3,3,2,3,5,2,5,3,3,4,5,1,1,4,5,4,1,4,5,5,5,3,3,2,5,5,3,3,2,3,4,4,1,1,3,3,3
3.32,0.69,0.92,0.73,0.84,0.78,1,4,0,300,2,0,0,3,1,1,2,1,3,5,3,1,1,4,2,1,2,5,1,2,4,3,3,4,4,5,2,1,3,2,1,2,4,2,3,5,3,1,1,4,2,3,4,5,4,4,1,2
2.22,0.79,0.79,1.0,0.85,1.0,1,0,0,300,2,1,0,1,1,3,2,4,3,2,2,2,2,2,2,4,4,1,4,4,3,1,3,5,4,3,5,4,4,3,2,3,2,3,3,2,2,2,2,2,2,4,4,2,4,2,4,2
2.81,0.89,0.73,0.71,0.56,0.89,1,2,1,200,0,2,1,5,0,0,5,5,3,4,5,5,5,4,5,5,5,4,5,5,5,5,4,5,5,5,5,5,5,4,5,5,5,5,4,5,5,5,5,5,5,5,5,5,5,5,5,5
3.41,0.79,0.77,0.87,0.71,0.89,1,1,0,300,1,0,1,4,1,0,2,3,4,4,4,5,3,4,4,4,3,1,3,3,4,3,3,2,1,2,4,1,2,2,4,5,2,3,4,4,4,5,3,4,4,1,1,1,3,3,1,2
3.08,0.6,0.69,0.93,1.0,0.77,1,1,0,200,2,1,1,3,3,1,2,2,2,3,2,1,5,4,3,2,2,2,4,2,5,3,2,3,2,3,4,1,5,5,3,3,1,3,2,3,2,1,5,4,3,1,4,3,3,5,1,2
3.02,0.78,0.8,0.7,0.84,1.0,1,4,1,200,2,1,0,2,1,1,3,2,2,4,3,3,5,1,4,2,5,2,2,4,3,2,1,2,3,3,4,5,3,3,4,5,1,4,2,4,3,3,5,1,4,2,3,1,4,5,4,3
2.35,0.69,1.0,0.7,0.47,0.84,1,3,1,300,3,0,0,4,2,1,4,5,4,3,2,2,2,2,2,3,2,3,4,4,2,1,3,4,5,5,4,2,5,2,5,5,1,3,4,3,2,2,2,2,2,4,3,3,3,4,4,4
2.81,0.9,0.89,0.7,0.8,0.85,1,2,0,300,1,0,2,3,5,2,2,3,4,4,2,3,4,4,1,2,3,3,2,4,2,2,4,2,5,1,4,3,2,1,3,2,4,2,4,4,2,3,4,4,1,2,4,3,4,5,4,2
3.3,0.79,0.93,0.69,0.66,0.78,2,3,1,300,3,1,0,4,2,1,3,2,1,4,3,3,3,2,3,3,1,3,3,5,2,2,3,3,4,4,4,2,4,5,5,5,1,4,1,4,3,3,3,2,3,3,3,4,3,3,1,3
3.15,0.7,0.67,0.85,0.77,0.96,0,1,1,200,1,4,0,3,5,1,3,2,3,5,5,4,3,3,3,3,4,3,3,3,2,3,3,3,2,2,4,1,3,4,2,4,2,4,3,5,5,4,3,3,3,2,2,5,4,2,2,3
2.63,0.73,0.7,0.7,1.0,0.59,2,1,1,300,2,0,1,3,3,1,3,2,4,5,3,3,2,5,3,2,3,2,3,1,2,2,4,2,3,3,3,3,5,4,3,4,1,2,4,5,3,3,2,5,3,3,3,4,3,3,2,3
2.29,0.8,0.89,0.89,0.8,0.79,2,4,1,300,3,1,0,2,5,1,5,3,1,5,5,2,3,3,4,4,1,1,3,1,3,5,1,3,5,3,1,3,4,4,3,2,1,5,1,5,5,2,3,3,4,4,4,1,3,2,1,5
3.22,0.89,0.88,0.79,1.0,0.69,2,0,1,300,2,2,2,2,3,3,1,3,1,2,5,3,3,1,4,3,4,4,3,4,5,4,5,5,2,4,3,4,3,3,1,3,4,2,1,2,5,3,3,1,4,2,2,2,2,3,1,1
2.28,0.9,0.6,0.88,0.73,0.79,0,3,0,300,2,2,1,4,5,3,3,3,1,4,3,5,4,1,3,2,1,2,3,4,2,4,2,5,2,3,3,4,2,2,5,1,4,3,1,4,3,5,4,1,3,3,4,2,3,3,1,3
2.39,0.75,0.78,0.88,0.88,0.93,1,1,0,300,4,0,0,5,1,1,4,4,5,1,3,4,4,1,2,4,1,4,3,4,2,3,3,3,2,5,4,2,3,2,3,4,2,3,5,1,3,4,4,1,2,3,3,2,5,3,2,4
1.98,0.91,1.0,0.87,0.76,0.89,2,3,1,200,2,1,1,3,1,3,4,3,4,5,2,4,2,1,2,2,3,5,1,4,4,3,1,3,3,4,2,2,2,4,2,3,2,1,4,5,2,4,2,1,2,4,4,4,3,2,3,4
2.53,0.8,0.92,0.8,0.86,0.67,1,2,0,300,2,2,0,3,1,1,2,2,2,2,2,4,4,2,4,2,4,4,4,2,1,2,2,3,4,2,1,2,2,3,4,4,4,3,4,2,3,2,2,2,2,1,2,1,2,1,1,2
2.86,0.93,1.0,0.6,1.0,1.0,2,3,1,300,4,0,0,3,2,1,1,1,1,2,3,3,3,5,2,1,3,2,2,2,2,3,1,4,3,3,1,1,3,4,2,1,1,5,1,2,3,3,3,5,2,3,4,1,2,3,2,1
3.14,0.9,0.9,0.63,0.69,0.7,0,2,0,300,4,0,1,4,2,2,3,1,2,2,1,3,4,5,3,3,5,2,2,1,2,1,2,4,2,2,3,4,4,2,2,2,5,5,2,2,1,3,4,5,3,1,1,3,2,4,1,3
2.87,0.8,0.69,0.69,0.82,0.75,1,2,0,300,2,2,0,3,1,3,1,2,5,4,2,4,2,2,2,3,4,5,2,4,2,3,4,1,3,4,2,3,3,2,3,2,5,2,5,4,2,4,2,2,2,4,3,1,2,1,4,1
2.11,0.92,0.9,0.79,0.94,0.69,1,2,1,300,2,2,0,2,1,1,4,3,4,3,1,4,4,5,3,4,2,3,3,4,1,3,4,1,4,3,4,1,5,3,5,4,4,3,4,3,1,4,4,5,3,3,2,3,1,5,4,4
2.88,0.87,0.64,1.0,0.88,0.69,1,2,0,200,3,0,1,4,2,1,2,2,2,1,4,4,3,1,2,2,2,3,2,4,1,5,3,5,3,5,2,2,1,3,4,2,3,4,2,1,4,4,3,1,2,5,5,2,3,2,1,2
2.3,0.87,0.93,0.78,0.94,0.9,1,0,0,200,1,2,0,2,2,1,3,3,5,3,2,2,2,4,1,2,2,5,4,2,4,4,4,4,2,1,2,1,4,4,2,2,2,4,5,3,2,2,2,4,1,3,3,1,4,2,1,3
3.41,1.0,0.9,0.84,0.86,0.89,1,3,1,300,2,2,0,2,2,1,5,3,4,2,4,4,3,5,5,3,4,1,5,4,3,2,3,5,1,1,3,5,3,1,3,1,3,1,4,2,4,4,3,5,5,1,3,3,4,3,2,5
3.41,0.6,0.89,0.87,0.92,0.89,1,2,0,300,3,1,2,2,2,3,1,1,4,3,3,4,3,3,3,1,5,4,2,2,3,3,3,3,3,3,3,3,1,2,2,2,5,3,4,3,3,4,3,3,3,1,2,3,2,3,3,1
3.48,0.77,1.0,1.0,0.62,0.68,2,3,1,200,2,2,1,4,5,0,5,3,4,2,1,2,3,1,4,1,5,4,1,4,4,5,3,3,3,5,1,1,3,5,2,3,2,1,4,2,1,2,3,1,4,1,4,1,2,2,2,5
2.36,0.84,0.69,0.9,0.61,1.0,1,1,1,300,1,3,0,3,5,2,5,2,1,3,3,2,2,3,4,5,2,3,2,1,2,3,2,3,3,3,2,4,3,3,1,3,5,3,1,3,3,2,2,3,4,4,1,1,3,4,1,5
3.22,0.91,1.0,1.0,0.86,0.69,1,0,1,300,2,2,2,3,1,2,1,4,5,2,1,1,3,5,3,1,4,3,2,4,2,3,3,1,2,2,2,4,1,1,1,3,3,1,5,2,1,1,3,5,3,4,3,4,4,3,2,1
2.52,0.79,0.66,0.7,0.94,1.0,1,4,0,300,2,2,0,1,5,3,5,2,4,1,4,4,2,3,2,2,3,3,4,3,3,1,4,4,2,2,4,3,1,2,1,3,5,4,4,1,4,4,2,3,2,4,2,1,3,5,2,5
2.93,1.0,0.99,0.7,0.94,0.69,2,0,0,200,3,0,0,1,1,2,3,3,3,4,3,1,5,4,2,1,4,3,1,5,5,2,2,1,4,3,3,3,2,2,2,2,3,4,3,4,3,1,5,4,2,4,1,5,3,5,3,3
2.4,0.9,0.9,0.79,1.0,0.79,2,1,1,300,1,2,0,2,3,2,1,4,5,2,2,2,4,4,2,1,2,4,1,2,2,1,4,3,4,2,2,2,3,4,1,2,3,2,5,2,2,2,4,4,2,3,2,4,2,5,2,1
3.17,0.6,0.6,0.69,0.9,0.7,1,1,0,300,2,4,0,3,3,2,5,5,2,2,2,4,2,4,4,2,3,1,4,4,1,2,3,2,5,3,3,4,5,1,1,3,2,4,2,2,2,4,2,4,4,3,1,1,2,5,3,5
2.91,1.0,0.89,0.7,0.84,0.92,2,2,1,300,1,3,0,5,1,1,2,3,4,2,2,5,3,2,3,3,3,2,3,4,5,1,4,3,3,2,2,4,2,3,2,4,2,3,4,2,2,5,3,2,3,2,2,1,1,5,3,2
1.88,0.69,1.0,0.69,0.66,0.89,1,1,1,300,1,2,0,1,3,0,3,3,3,5,2,3,4,4,5,1,1,5,3,2,1,1,3,2,3,3,2,2,4,4,4,5,1,2,3,5,2,3,4,4,5,1,3,4,2,3,4,3
2.16,1.0,0.92,0.89,0.9,1.0,2,2,0,300,2,1,0,3,3,0,3,2,3,1,3,2,4,3,3,2,3,5,1,1,4,2,3,3,2,3,3,3,5,2,3,2,1,3,3,1,3,2,4,3,3,2,2,3,5,1,4,3
2.77,0.77,0.7,0.93,0.81,0.92,1,1,0,200,2,1,0,2,5,3,4,5,1,4,2,1,1,4,3,2,2,5,2,1,1,1,2,4,3,4,1,3,1,1,2,1,5,3,1,4,2,1,1,4,3,3,1,3,3,3,1,4
2.9,0.92,0.89,0.89,0.77,1.0,0,3,0,300,2,1,4,3,1,1,1,4,5,3,1,3,3,2,3,3,3,4,3,2,2,2,4,2,5,4,2,2,5,2,1,3,2,5,5,3,1,3,3,2,3,3,5,2,3,1,5,1
1.12,0.6,0.7,1.0,0.93,0.78,2,1,0,200,1,0,0,3,1,1,1,3,5,2,4,2,3,4,4,1,4,2,5,3,2,3,2,3,1,4,4,4,3,3,4,5,3,4,5,2,4,2,3,4,4,4,2,3,3,3,2,1
2.78,0.88,0.69,0.78,0.57,0.78,1,2,0,300,2,1,0,4,3,2,4,5,1,5,2,1,4,3,4,2,3,4,4,3,5,3,5,4,4,2,2,1,1,1,4,2,5,4,1,5,2,1,4,3,4,3,3,1,3,5,3,4
1.69,0.73,0.59,0.68,0.89,0.93,1,1,1,300,2,1,1,3,2,1,3,3,4,1,2,3,2,4,1,3,5,1,4,4,3,2,3,5,2,3,3,2,1,1,1,2,5,3,4,1,2,3,2,4,1,3,3,4,5,1,4,3
1.95,1.0,0.78,0.7,1.0,0.89,1,3,0,300,2,1,0,2,1,2,2,5,1,1,3,4,4,3,4,4,2,4,2,3,5,5,1,3,4,3,3,3,3,3,4,5,2,5,1,1,3,4,4,3,4,3,4,2,3,4,5,2
2.5,0.79,0.78,0.7,0.86,0.69,2,1,0,300,2,2,2,3,1,1,4,2,3,3,3,3,2,3,3,4,2,4,3,2,4,2,3,5,4,2,3,1,3,4,3,4,3,5,3,3,3,3,2,3,3,3,1,4,2,2,3,4
2.79,0.79,0.98,0.6,0.93,0.78,1,1,0,200,2,1,1,4,1,2,2,3,4,2,2,3,4,2,2,3,4,3,4,1,2,3,3,4,4,4,5,3,3,4,3,5,2,2,4,2,2,3,4,2,2,5,3,4,4,3,4,2
3.71,0.93,1.0,0.79,0.82,0.9,1,1,0,300,2,2,0,4,2,3,2,4,3,2,5,4,3,4,3,3,4,2,1,4,2,3,3,3,2,3,1,3,3,2,4,2,2,1,3,2,5,4,3,4,3,2,4,3,1,3,2,2
2.35,0.9,0.79,0.79,1.0,0.79,1,1,0,300,2,0,1,2,2,3,3,4,2,2,1,1,4,4,4,1,4,4,2,2,4,3,5,1,4,3,2,3,4,1,4,2,1,2,2,2,1,1,4,4,4,2,2,4,5,2,3,3
2.64,0.89,0.99,0.79,0.95,0.7,0,2,0,200,2,1,0,3,3,2,2,2,3,4,4,3,1,1,4,2,1,3,3,2,4,2,3,5,1,3,3,3,2,2,3,3,2,3,3,4,4,3,1,1,4,4,3,3,3,3,5,2
3.31,0.8,0.69,0.79,0.74,0.9,1,4,1,300,2,1,0,2,5,1,3,4,4,2,1,1,5,3,3,4,4,1,2,4,4,1,4,2,4,5,1,1,1,3,2,4,5,3,4,2,1,1,5,3,3,2,4,3,4,5,2,3
3.02,0.7,0.79,0.78,0.8,0.7,1,2,0,300,2,2,0,2,2,1,3,5,3,2,3,4,4,2,5,4,2,3,5,3,2,4,4,3,3,5,2,1,5,4,5,2,1,5,3,2,3,4,4,2,5,4,2,3,5,1,2,3
3.19,0.69,0.6,0.79,0.96,0.79,1,3,0,300,2,0,1,2,1,1,3,3,2,1,3,5,1,2,1,1,3,3,2,4,4,4,1,4,3,5,5,2,3,4,5,4,3,5,2,1,3,5,1,2,1,4,2,4,3,1,4,3
2.81,0.84,0.79,0.7,0.89,0.89,1,2,1,300,2,1,2,3,0,2,3,2,3,3,1,3,4,3,4,4,2,2,3,1,3,4,3,3,4,4,3,3,3,4,2,3,4,5,3,3,1,3,4,3,4,3,5,2,2,2,2,3
2.93,0.69,0.78,1.0,0.91,0.89,0,3,1,300,3,0,0,2,5,2,3,4,1,3,4,3,1,3,3,3,3,4,1,2,2,2,4,1,1,3,3,4,4,1,3,3,3,2,1,3,4,3,1,3,3,5,2,5,5,2,2,3
2.9,0.66,0.93,0.9,0.97,0.99,1,1,1,200,4,0,0,2,4,3,4,2,4,1,2,2,3,1,3,2,3,3,2,1,3,4,2,4,4,3,3,1,1,2,3,3,2,2,3,2,4,3,2,1,2,2,3,2,3,1,2,3
3.39,0.66,0.7,0.84,0.87,0.89,2,1,0,300,2,2,4,3,1,1,5,4,4,3,5,3,4,3,1,5,3,3,2,2,3,4,1,3,2,1,3,4,2,2,1,3,4,1,4,3,5,3,4,3,1,1,1,1,3,5,1,5
2.98,0.72,0.9,0.79,0.77,1.0,0,4,1,200,2,2,2,3,3,2,2,3,4,2,4,1,1,2,3,1,2,5,3,4,3,3,2,1,1,3,1,2,3,3,2,5,2,1,4,2,4,1,1,2,3,4,5,3,4,2,4,2
2.76,1.0,0.69,1.0,0.78,0.79,2,2,0,300,2,4,1,2,3,2,2,3,1,2,5,2,3,3,3,2,1,2,2,1,2,3,3,3,2,3,1,1,4,4,3,3,2,2,1,2,5,2,3,3,3,2,1,5,4,4,3,2
2.41,0.66,0.96,1.0,0.8,0.79,0,2,0,300,2,1,0,3,5,2,3,2,2,5,1,2,3,3,3,5,3,1,4,4,2,3,2,4,1,3,1,5,3,2,4,4,1,1,2,5,1,2,3,3,3,2,4,3,2,5,3,3
2.57,0.68,1.0,0.78,0.93,0.89,1,1,1,300,3,0,2,5,1,1,4,4,2,5,5,4,3,1,3,2,3,5,1,4,4,2,4,4,2,4,4,5,1,3,4,1,4,3,2,5,5,4,3,1,3,3,2,1,1,2,1,4
2.26,0.82,0.75,0.6,0.93,0.88,1,2,0,200,2,2,1,4,2,2,4,3,2,2,3,2,2,3,2,3,1,3,2,3,2,3,2,3,4,3,3,4,2,3,4,2,3,2,4,4,4,4,2,4,2,2,3,3,2,3,4,3
1.74,1.0,0.93,0.79,0.85,0.91,2,3,0,200,4,0,1,5,2,1,1,1,1,1,1,1,1,1,1,1,1,1,1,1,4,5,5,5,5,5,1,5,5,2,1,4,5,1,1,1,2,1,2,2,2,1,1,1,1,1,1,1
2.57,0.79,0.88,0.91,0.87,0.92,1,1,0,300,1,4,1,3,3,1,4,4,4,1,1,5,4,5,4,3,4,4,4,1,1,3,1,1,4,5,3,4,2,1,3,4,5,3,4,1,1,5,4,5,4,2,2,3,1,2,2,4
2.74,0.7,0.79,0.9,1.0,0.69,1,3,1,300,2,2,0,4,2,3,2,4,1,2,3,2,2,5,4,1,4,2,1,2,1,3,5,4,2,4,3,3,2,4,4,1,3,5,1,2,3,2,2,5,4,5,2,2,2,4,2,2
2.61,0.9,0.69,1.0,0.92,1.0,1,1,0,300,3,1,1,3,3,2,3,2,2,5,5,2,2,4,3,4,4,4,4,3,5,4,2,3,2,3,3,1,4,5,2,4,1,5,2,5,5,2,2,4,3,3,3,2,2,4,1,3
2.14,0.73,0.91,0.68,0.93,1.0,2,0,1,300,2,2,1,4,1,1,3,1,2,2,3,3,5,2,2,3,1,5,3,3,1,3,2,2,1,1,2,4,1,2,2,1,5,2,2,2,3,3,5,2,2,3,3,3,1,4,1,3
3.09,0.79,0.89,0.89,0.74,0.6,2,4,0,300,3,0,1,2,3,0,3,3,4,2,1,3,4,2,3,5,1,2,1,3,1,3,3,3,3,4,4,1,5,3,4,2,4,2,4,2,1,3,4,2,3,5,3,2,4,2,3,3
1.57,0.5,0.92,0.89,0.47,0.7,2,2,1,200,2,2,0,2,1,2,3,2,3,2,3,3,3,4,2,4,3,2,1,3,3,4,2,2,2,2,3,4,1,5,4,2,2,3,3,3,3,3,3,3,2,4,3,4,3,4,3,4
3.02,0.7,0.89,0.89,0.87,0.6,1,2,0,300,3,1,0,2,1,2,1,1,2,4,2,4,3,5,1,5,3,4,1,1,2,3,4,3,3,1,3,2,3,1,2,4,2,4,2,4,2,4,3,5,1,4,1,2,1,4,1,1
2.19,0.79,0.8,0.88,0.73,0.73,1,4,1,200,1,3,0,2,1,2,3,3,3,1,3,2,3,2,1,2,3,1,3,4,3,4,2,3,4,3,3,2,2,3,1,4,5,4,3,1,3,2,3,2,1,5,3,3,1,3,2,3
2.52,0.99,0.7,0.7,0.78,0.79,1,1,1,200,3,0,0,3,5,1,2,3,2,1,4,2,5,2,2,2,2,1,3,5,2,2,5,3,3,4,4,1,3,1,1,5,5,4,2,1,4,2,5,2,2,3,4,1,4,4,2,2
1.95,0.32,0.68,0.68,0.49,0.73,0,2,1,200,2,0,0,5,2,1,5,5,5,5,5,5,5,5,5,5,5,5,5,5,5,4,5,5,5,4,5,5,5,5,5,5,4,5,5,5,5,5,5,5,5,5,4,5,5,5,5,4
2.11,0.7,1.0,0.7,0.85,0.87,2,1,0,300,2,1,4,5,5,3,1,3,1,3,3,1,2,2,4,2,3,3,3,4,5,2,4,2,1,5,3,4,2,1,3,4,5,3,1,3,3,1,2,2,4,2,2,3,2,4,1,1
3.38,0.69,0.78,0.69,0.78,0.79,1,1,0,200,2,1,1,1,1,1,2,3,3,1,2,1,2,4,2,3,4,3,3,4,2,1,1,5,2,3,4,2,3,1,3,3,3,1,3,1,2,1,2,4,2,2,1,1,4,2,2,2
2.93,0.59,0.79,0.78,0.88,0.79,2,1,0,300,2,1,0,1,1,1,3,4,5,1,3,4,3,3,2,1,4,3,3,4,5,2,2,2,3,4,3,2,2,2,3,2,4,1,5,1,3,4,3,3,2,1,3,3,5,5,1,3
3.06,0.78,0.7,1.0,0.72,0.69,2,1,1,300,4,0,4,2,1,0,5,2,5,3,3,4,1,3,2,3,3,2,2,2,2,3,4,3,3,4,3,1,2,3,4,3,1,4,5,3,3,4,1,3,2,5,2,4,3,5,4,5
2.98,0.89,0.6,0.7,0.91,1.0,1,1,0,300,1,4,0,3,1,1,2,1,3,2,1,2,2,3,5,3,3,3,2,3,2,3,3,5,2,4,3,3,4,2,2,4,1,4,3,2,1,2,2,3,5,3,2,4,2,2,1,2
2.5,0.89,0.79,0.66,0.84,0.79,0,1,0,200,3,1,1,2,2,1,5,4,2,4,4,2,2,1,3,2,4,1,2,4,4,5,1,1,4,4,5,1,5,3,2,4,1,5,2,4,4,2,2,1,3,3,2,5,3,3,2,5
1.52,1.0,0.67,0.79,0.78,0.93,1,2,1,200,3,0,1,1,1,3,2,3,4,1,2,3,5,1,2,2,2,5,4,3,1,5,2,3,4,1,1,5,2,1,1,2,3,1,4,1,2,3,5,1,2,3,1,4,3,5,2,2
2.93,0.69,0.79,0.59,0.72,0.99,1,4,1,300,2,1,4,2,3,2,2,2,4,2,4,1,1,5,3,3,1,2,4,3,3,2,1,3,2,1,5,2,4,5,1,3,2,5,4,2,4,1,1,5,3,4,4,4,5,1,2,2
2.67,0.79,0.96,0.57,0.65,0.89,0,3,1,200,2,2,0,3,4,0,2,2,2,3,2,2,2,2,3,2,2,1,3,1,4,4,3,3,3,2,2,2,3,1,2,2,3,3,2,3,3,2,2,2,3,1,2,1,2,3,2,2
2.3,0.9,0.89,1.0,0.95,0.79,1,3,1,300,3,0,0,3,1,2,4,4,1,4,5,5,2,3,2,4,3,5,3,2,1,2,3,2,3,4,3,4,3,3,1,3,4,2,1,4,5,5,2,3,2,5,4,1,5,1,3,4
3.17,0.8,0.78,0.89,0.8,0.72,0,3,1,300,2,1,0,3,1,1,3,2,3,2,3,4,2,3,2,4,2,1,3,4,2,1,2,1,2,1,2,3,2,3,2,4,2,1,4,3,3,3,3,2,1,1,2,2,1,2,2,1
3.74,0.89,1.0,0.9,0.88,0.93,1,3,0,300,4,0,1,2,3,3,3,4,4,3,3,1,3,4,1,4,2,3,3,4,3,4,1,4,3,2,3,4,1,2,3,5,4,5,4,3,3,1,3,4,1,4,4,2,2,2,4,3
3.54,0.9,0.79,0.79,0.84,0.7,1,1,1,300,1,3,2,2,1,1,3,2,3,2,2,1,3,2,2,5,2,4,5,4,3,3,3,5,5,5,1,3,2,3,3,5,1,5,3,2,2,1,3,2,2,4,2,5,2,1,3,3
2.31,0.89,0.91,0.77,0.7,0.7,2,4,0,300,2,1,0,2,2,3,3,4,2,3,4,3,3,3,4,1,3,3,1,2,5,2,3,4,3,2,2,1,4,5,4,1,2,4,2,3,4,3,3,3,4,4,3,4,2,5,3,3
2.75,1.0,0.7,0.55,0.9,0.69,1,1,1,300,2,0,0,2,3,2,3,4,1,3,4,3,4,1,4,4,1,1,4,4,2,2,4,5,3,2,1,2,4,2,3,2,5,4,1,3,4,3,4,1,4,2,4,2,2,3,3,3
2.16,0.89,0.73,0.83,0.68,0.7,0,2,1,300,2,0,1,3,5,3,2,2,5,4,1,2,4,4,2,3,3,5,2,3,5,3,3,5,3,3,2,3,2,3,5,2,2,3,5,4,1,2,4,4,2,5,3,2,2,4,2,2
2.43,0.64,0.84,0.59,0.93,0.75,2,0,1,200,1,3,2,2,3,2,3,1,2,2,2,2,2,2,2,2,2,1,1,1,3,3,3,2,1,1,2,2,3,1,2,1,2,1,2,2,1,2,1,1,2,2,2,2,1,1,1,2
2.05,0.96,0.7,0.69,0.64,0.79,1,1,1,300,1,4,2,2,3,0,1,3,3,1,1,1,4,2,3,4,1,5,3,1,3,3,4,1,3,3,2,3,2,4,1,3,1,4,3,1,1,1,4,2,3,4,3,2,3,2,5,1
3.26,0.93,0.8,0.69,0.99,0.89,1,1,1,300,1,4,0,5,2,2,1,1,1,4,5,4,4,3,2,1,2,3,5,3,2,3,5,2,3,5,4,1,4,5,5,5,2,3,1,4,5,4,4,3,2,1,1,2,2,5,3,1
2.94,0.78,0.69,0.69,1.0,0.9,2,2,0,300,4,0,1,3,5,1,3,2,3,3,2,3,4,3,3,2,1,2,3,2,3,5,2,4,3,3,4,4,4,2,1,3,5,2,3,3,2,3,4,3,3,1,1,2,1,5,1,3
1.45,1.0,0.78,0.4,0.78,0.9,2,1,0,300,2,1,4,4,2,3,4,2,4,5,2,4,3,1,5,3,5,1,5,2,4,4,4,5,3,2,5,1,3,1,4,2,2,3,4,5,2,4,3,1,5,3,3,2,5,2,2,4
3.43,0.62,0.79,0.79,0.86,0.7,1,4,1,300,2,1,0,2,3,2,3,4,1,3,2,4,2,3,2,5,4,3,2,4,1,1,3,3,3,4,1,3,3,3,4,2,2,3,1,3,2,4,2,3,2,5,3,5,1,2,4,3
3.59,0.7,0.9,0.6,0.95,1.0,1,1,0,300,2,2,0,3,2,1,4,4,2,1,4,4,1,3,1,5,3,3,1,2,5,3,4,2,1,2,4,4,4,1,1,4,2,2,2,1,4,4,1,3,1,4,4,3,1,1,2,4
3.41,0.68,1.0,0.77,0.99,0.78,0,1,1,300,2,1,0,3,5,0,2,3,2,2,3,2,5,3,2,1,3,4,4,1,2,3,3,3,4,5,5,2,3,4,5,4,3,5,2,2,3,2,5,3,2,2,3,2,3,1,3,2
3.35,0.89,0.6,0.79,0.8,0.89,0,1,0,300,4,0,2,4,1,1,3,5,1,4,4,5,5,4,3,2,1,5,5,4,3,3,1,2,4,3,1,2,3,4,4,4,1,2,1,4,4,5,5,4,3,2,3,3,4,4,5,3
3.15,0.93,0.6,0.6,0.8,0.7,2,1,1,300,1,2,0,3,2,1,2,1,3,3,4,1,2,1,3,3,4,2,5,5,5,2,1,4,1,1,1,2,5,3,2,4,2,3,3,3,4,1,2,1,3,3,3,2,5,5,3,2
3.04,0.79,0.89,0.92,0.88,0.7,1,3,1,200,4,0,0,2,1,2,4,4,3,2,4,2,5,4,1,3,2,4,5,3,5,3,5,2,2,2,4,4,2,4,4,3,2,2,3,2,4,2,5,4,1,1,4,4,2,3,1,4
3.76,0.92,0.78,0.89,0.86,0.89,1,4,0,300,2,0,1,2,2,1,5,3,1,3,1,2,3,3,4,1,3,1,4,4,2,1,3,5,1,2,3,3,3,3,1,1,4,4,1,3,1,2,3,3,4,3,2,2,2,5,1,5
3.02,0.93,0.93,0.79,0.77,0.68,0,3,0,200,3,0,0,3,3,3,5,1,2,2,1,3,4,2,4,5,1,1,3,5,4,2,3,1,3,3,1,2,4,1,4,1,2,3,2,2,1,3,4,2,4,5,4,3,2,1,2,5
3.06,0.96,0.89,0.69,0.72,0.93,1,1,0,300,2,0,1,2,3,2,5,3,4,2,2,4,3,3,2,1,3,4,2,1,1,4,5,1,3,2,3,2,3,3,5,4,2,3,4,2,2,4,3,3,2,5,3,4,2,1,4,5
2.81,0.8,0.6,0.8,0.63,0.9,1,1,1,200,3,4,0,4,1,1,2,2,4,2,3,2,2,2,3,3,4,5,4,3,4,4,4,4,4,5,2,3,4,1,4,4,1,3,3,3,3,4,2,2,2,1,2,2,2,3,2,2
1.81,1.0,0.68,1.0,0.86,0.93,0,3,0,200,3,0,0,3,1,1,2,2,2,2,2,2,2,2,4,2,4,2,4,2,2,4,4,4,4,4,2,2,4,2,2,4,2,2,2,2,2,2,2,2,2,2,2,2,2,2,2,2
2.94,0.77,0.87,0.91,0.85,1.0,2,2,0,300,2,1,0,4,1,2,1,1,4,2,1,2,3,4,4,2,3,5,2,4,2,2,5,3,5,1,1,4,2,2,2,2,3,1,4,2,1,2,3,4,4,2,4,2,3,4,3,1
3.24,0.79,0.79,0.6,0.93,1.0,1,2,0,300,1,2,0,2,1,1,3,5,4,2,3,2,2,3,3,2,3,5,4,3,1,1,4,4,4,3,3,2,4,5,4,1,3,3,4,2,3,2,2,3,3,2,1,2,4,2,2,3
2.55,0.96,0.89,1.0,0.91,0.69,1,3,1,300,2,1,0,5,3,2,1,2,3,5,3,5,3,1,4,1,4,2,2,4,1,2,3,2,2,3,3,2,2,1,4,4,3,4,3,5,3,5,3,1,4,4,4,2,3,4,2,1
2.57,0.67,0.66,0.79,0.94,0.69,2,1,1,300,1,4,0,3,1,2,3,2,3,5,2,4,3,3,3,4,3,4,1,3,5,3,3,3,1,2,2,3,2,1,2,2,5,4,3,5,2,4,3,3,3,5,4,5,5,2,2,3
2.53,0.8,0.9,0.93,0.6,0.9,1,3,0,300,2,2,0,2,1,2,2,2,3,3,3,2,2,3,2,3,2,3,3,2,4,4,4,4,4,4,4,4,2,2,2,4,2,2,2,2,2,2,2,2,2,2,2,2,2,2,2,2
2.22,0.7,0.73,0.9,0.88,1.0,1,3,0,300,2,1,0,2,5,3,5,1,1,4,2,4,4,1,3,4,4,4,1,3,4,3,2,2,1,4,4,3,4,3,3,3,2,4,1,4,2,4,4,1,3,1,2,2,2,5,2,5
3.4,0.79,0.69,0.72,0.87,0.79,0,3,1,300,2,2,1,1,3,1,5,1,2,3,4,2,3,3,2,3,3,1,4,5,2,4,2,5,4,3,1,3,4,4,3,4,5,1,2,3,4,2,3,3,2,3,4,2,4,2,4,5
2.35,0.69,0.89,0.59,0.98,0.88,1,2,1,300,1,4,1,5,2,2,3,5,2,2,2,2,2,4,3,3,3,5,2,2,2,4,1,3,1,5,3,3,4,3,4,4,3,2,2,2,2,2,2,4,3,4,2,4,4,5,1,3
3.35,0.89,0.8,0.66,1.0,0.9,1,1,1,200,2,2,0,3,1,1,2,3,5,4,2,1,1,5,4,3,3,4,2,2,5,1,4,3,3,4,3,1,5,2,4,2,2,3,5,4,2,1,1,5,4,2,3,3,3,1,4,2
2.98,0.99,0.7,0.89,0.91,0.91,1,0,0,300,4,0,4,4,3,1,3,4,1,3,1,3,2,2,2,2,4,2,3,3,4,3,5,2,2,4,5,1,5,4,5,3,3,4,1,3,1,3,2,2,2,2,4,4,4,5,2,3
2.74,0.78,0.69,0.91,0.89,0.93,1,0,1,200,2,0,0,5,1,1,2,2,2,2,3,1,4,2,3,3,3,2,4,2,4,4,3,3,4,3,2,3,3,3,3,2,3,1,3,2,3,2,2,3,3,2,2,2,2,2,2,1
2.98,0.79,0.69,0.89,0.91,0.69,1,3,1,300,4,0,4,4,3,1,3,4,1,3,2,2,4,4,3,2,5,2,1,2,3,3,3,3,4,2,3,5,1,2,3,2,3,3,1,3,2,2,4,4,3,1,5,1,5,3,4,3
1.83,0.8,0.72,0.89,0.93,0.7,1,0,0,200,1,4,0,3,2,2,2,3,2,1,3,2,2,1,3,2,3,4,2,2,3,3,2,1,2,3,2,2,2,2,3,3,2,3,2,2,2,3,2,3,1,1,2,2,2,2,1,2
2.81,0.7,0.89,0.69,0.9,0.85,1,1,0,300,4,0,0,2,5,2,4,5,2,3,2,5,5,1,5,1,3,5,5,2,4,2,2,4,4,4,3,4,4,1,2,1,4,1,2,3,2,5,5,1,5,1,1,1,3,4,1,4
2.52,0.88,0.8,0.7,0.73,0.9,1,3,0,200,4,0,2,4,5,3,4,3,5,2,3,4,2,3,5,2,2,5,3,3,2,2,3,4,4,4,4,2,3,1,1,5,3,3,5,2,3,4,2,3,5,1,2,3,2,2,3,4
3.15,0.7,0.79,0.91,0.85,0.7,1,3,1,200,4,0,1,1,3,2,2,4,1,4,3,3,4,5,3,1,4,2,2,2,3,1,2,2,3,5,1,1,2,5,5,4,2,5,1,4,3,3,4,5,3,2,3,3,2,3,4,2
3.81,0.9,0.69,0.69,0.95,0.7,1,3,1,200,1,0,0,4,3,1,1,1,1,1,2,1,3,4,5,5,2,2,2,2,1,1,1,3,3,2,1,1,3,2,2,3,4,2,2,3,3,2,2,3,3,1,1,2,1,1,1,1
2.42,0.79,0.8,0.9,0.75,0.94,1,1,1,200,2,1,1,5,2,2,4,2,1,4,1,4,3,3,3,3,3,5,5,2,2,1,1,3,3,3,1,2,3,4,2,3,2,3,1,4,1,4,3,3,3,5,3,4,4,3,5,4
2.44,1.0,1.0,0.69,0.7,0.79,1,1,0,300,3,1,1,3,3,1,3,3,2,4,2,5,1,3,3,4,5,1,5,5,3,4,2,3,4,1,1,2,3,4,3,3,4,3,2,4,2,5,1,3,3,2,3,2,2,3,2,3
3.19,0.79,1.0,0.79,0.83,0.98,1,0,0,200,2,1,0,4,5,1,2,2,3,3,4,4,5,2,2,1,2,4,5,3,3,4,2,2,4,5,5,1,4,4,3,1,3,4,3,3,4,4,5,2,2,3,2,2,4,1,5,2
3.27,0.99,0.89,0.52,0.7,0.79,1,0,1,300,2,1,1,4,2,2,5,4,2,3,3,3,1,1,5,3,2,3,3,4,3,3,3,1,4,1,1,4,3,3,2,2,4,1,2,3,3,3,1,1,5,4,1,3,2,3,4,5
3.35,1.0,1.0,0.77,1.0,0.7,1,4,1,300,2,1,2,2,1,1,4,2,3,2,4,5,3,5,3,2,2,5,3,2,2,1,5,2,5,1,3,2,2,4,4,1,4,3,3,2,4,5,3,5,3,3,3,2,5,5,3,4
2.85,0.7,0.7,0.89,0.83,1.0,1,1,0,200,2,4,0,2,1,2,4,3,3,1,4,1,2,2,3,2,2,3,1,2,1,3,3,3,5,2,3,1,2,3,3,2,3,4,3,1,4,1,2,2,3,4,1,1,4,4,3,4
2.63,1.0,0.67,0.91,0.99,0.9,0,1,1,200,2,2,0,4,1,3,4,3,1,5,3,2,4,2,3,2,5,3,3,3,4,3,2,4,4,1,1,5,2,2,3,1,5,2,1,5,3,2,4,2,3,2,2,4,3,2,5,4
2.59,0.89,0.88,0.89,0.91,0.6,1,2,0,300,2,0,4,3,1,3,3,4,3,3,2,3,3,1,1,2,2,3,2,3,3,4,3,3,5,1,3,5,4,4,3,1,1,2,3,3,2,3,3,1,1,2,2,1,5,1,4,3
3.33,0.91,0.83,0.7,0.82,0.89,2,3,1,200,1,0,2,2,3,2,4,5,4,4,3,3,2,3,3,3,2,3,3,1,2,3,3,1,4,1,5,4,2,5,3,4,4,3,4,4,3,3,2,3,3,3,5,2,3,2,1,4
1.57,1.0,0.69,0.76,0.97,0.7,1,1,1,300,1,2,2,4,2,2,5,4,3,4,5,4,2,4,3,3,1,4,1,3,3,4,2,1,3,5,2,4,2,4,4,2,2,4,3,4,5,4,2,4,3,1,3,2,3,2,5,5
3.61,0.88,0.69,0.96,0.92,0.77,0,3,1,300,2,1,0,3,2,2,3,2,3,4,5,1,1,2,3,3,2,4,1,1,4,2,4,3,4,3,3,1,2,3,4,2,2,3,3,4,5,1,1,2,3,2,4,2,1,3,1,3
2.79,0.89,0.79,0.89,0.89,0.79,0,2,1,300,3,0,2,5,5,1,4,4,2,4,2,5,2,4,3,2,4,3,3,2,2,4,3,5,5,4,2,2,3,2,2,3,3,3,2,4,2,5,2,4,3,5,2,1,3,2,5,4
3.43,0.7,0.8,0.79,0.77,0.7,1,1,1,300,1,4,1,4,1,2,1,3,3,2,2,5,2,3,2,2,3,1,3,4,2,1,1,5,3,3,1,3,4,2,3,3,2,2,3,2,2,5,2,3,2,1,1,4,3,2,3,1
2.37,1.0,0.7,0.89,0.86,0.7,1,4,1,300,2,2,4,4,1,2,3,5,2,3,1,2,3,3,2,1,2,3,3,4,4,3,3,1,3,2,1,2,4,2,5,2,1,3,2,3,1,2,3,3,2,2,3,2,5,3,1,3
2.48,0.69,0.7,0.77,0.96,0.7,2,3,1,300,3,0,0,3,3,2,2,3,3,1,2,4,1,1,1,2,1,2,3,1,2,4,3,1,1,4,1,4,2,4,4,2,2,3,3,1,2,4,1,1,1,2,1,2,4,3,4,2
2.55,0.78,0.7,0.9,0.95,0.7,1,3,1,300,2,1,0,5,3,2,2,3,3,3,1,1,2,2,4,2,5,4,4,1,3,2,2,2,1,4,3,3,1,1,3,2,5,4,3,3,1,1,2,2,4,4,2,3,1,4,3,2
1.64,0.76,0.57,0.79,0.9,1.0,0,2,1,200,4,0,0,4,2,1,2,1,2,2,1,1,3,3,2,2,4,1,2,2,5,1,4,4,2,5,1,1,4,4,2,4,2,1,1,3,2,3,1,2,1,1,1,1,1,2,2,2
2.33,0.89,0.69,0.89,0.59,0.7,1,1,1,300,1,4,1,1,5,1,2,1,2,5,5,4,5,3,1,3,5,2,2,1,4,4,2,1,1,3,1,2,3,5,3,2,5,5,2,5,5,4,5,3,1,2,2,4,2,4,3,2
2.33,0.89,0.6,0.69,0.87,0.75,1,4,1,300,1,0,0,3,5,3,4,2,1,5,5,5,4,1,3,3,2,4,5,2,3,5,3,2,3,4,5,3,1,3,2,2,4,4,1,5,5,5,4,1,3,5,2,4,2,2,3,4
3.48,0.99,0.77,1.0,0.85,0.89,1,2,0,300,2,1,2,3,5,2,2,1,5,1,2,1,2,5,1,1,2,4,2,2,3,2,3,2,4,2,2,4,3,3,5,1,5,5,5,1,2,1,2,5,1,1,1,2,3,2,2,2
2.43,0.89,0.88,0.8,0.95,0.66,0,1,0,300,1,2,1,4,2,1,3,3,3,3,3,2,4,3,2,1,2,3,4,1,3,1,2,4,3,4,4,3,4,4,4,4,1,4,3,3,3,2,4,3,2,4,1,4,1,2,3,3
2.89,0.6,1.0,0.9,1.0,0.69,1,3,1,300,2,1,0,1,3,1,3,1,2,3,3,4,3,2,3,2,1,3,3,3,1,1,2,5,3,3,3,2,1,3,3,4,3,2,2,3,3,4,3,2,3,4,2,3,2,5,4,3
2.78,0.77,0.81,0.81,0.72,0.7,1,2,0,200,2,1,0,2,2,2,4,5,4,1,3,3,3,4,5,3,4,1,5,2,5,3,4,5,4,5,4,3,2,4,4,4,3,3,4,4,4,5,3,5,1,2,3,3,2,3,3,3
2.41,0.9,0.68,0.7,0.88,0.69,0,0,0,300,1,4,1,3,3,1,3,3,3,3,3,3,5,2,2,2,5,2,4,5,5,3,1,4,4,4,3,3,3,3,2,3,3,4,3,3,3,3,5,2,2,4,2,2,2,5,5,3
3.08,0.6,0.8,0.9,0.98,0.78,2,4,1,200,2,1,2,3,3,1,1,2,4,4,5,1,1,1,3,5,1,3,4,2,4,4,4,3,3,2,5,5,4,4,1,3,2,1,4,4,5,1,1,1,3,2,1,4,2,5,1,1
2.64,0.9,0.9,1.0,0.9,0.88,1,2,1,300,3,1,2,3,3,1,3,4,1,2,4,2,3,4,5,4,1,4,4,2,3,1,3,3,4,3,2,3,4,1,3,2,3,4,1,2,4,2,3,4,5,1,2,3,5,4,5,3
2.43,0.93,0.69,0.77,0.84,0.66,0,3,1,200,2,0,2,5,1,1,4,5,2,4,3,3,3,4,3,2,5,3,4,4,4,2,3,3,2,3,1,2,2,2,4,3,2,5,2,4,3,3,3,4,3,3,4,2,2,4,3,4
1.83,1.0,0.69,0.55,0.63,0.88,1,3,1,300,2,1,4,4,1,2,4,1,3,1,1,1,3,2,2,1,4,4,3,2,2,3,4,1,3,3,5,4,5,5,4,3,2,4,3,1,1,1,3,2,2,1,1,1,2,5,3,4
2.55,0.93,0.67,0.89,1.0,0.69,1,4,1,200,1,2,1,4,3,3,3,4,3,2,2,1,5,4,1,1,2,5,4,3,1,1,2,4,2,1,1,1,1,1,5,4,1,1,1,1,1,1,1,4,4,1,2,3,2,2,3,2
1.33,0.8,0.9,0.59,0.82,1.0,1,4,0,200,2,1,0,3,2,1,2,1,3,1,2,2,2,1,2,2,2,1,3,2,2,1,2,1,2,1,2,3,2,1,2,1,2,2,1,1,2,2,2,2,3,2,2,2,1,1,1,1
2.56,0.69,0.88,0.96,0.95,0.9,2,1,1,300,2,1,1,2,3,2,1,3,2,4,1,2,3,3,3,3,4,1,5,3,1,5,1,3,2,4,1,2,2,3,4,2,2,3,2,4,1,2,3,3,3,4,5,5,5,1,4,1
3.25,1.0,0.65,0.7,0.73,0.7,1,3,0,200,1,4,1,2,2,1,2,2,2,3,3,5,1,1,4,1,3,3,2,5,5,3,5,3,5,3,5,2,5,4,5,2,2,3,2,3,3,5,1,1,4,1,3,3,4,2,3,2
2.31,0.78,0.79,0.89,1.0,0.79,1,1,0,200,2,4,1,3,2,1,5,3,4,5,4,4,3,2,5,4,3,3,4,5,1,3,2,5,5,4,1,2,4,4,1,1,3,3,4,5,4,4,3,2,5,3,2,3,4,4,5,5
2.86,0.69,0.78,0.88,0.85,1.0,1,1,0,200,2,1,0,2,1,1,2,2,2,1,2,3,1,2,5,2,4,2,5,2,4,4,2,4,3,5,1,2,2,4,2,4,2,2,4,4,4,3,1,1,1,1,1,1,1,1,1,1
2.7,0.92,1.0,0.69,0.77,0.73,1,1,0,300,1,4,1,3,1,2,4,4,3,3,5,2,3,1,1,1,1,5,3,3,2,1,4,1,2,2,2,3,1,3,5,1,3,3,3,3,5,2,3,1,1,3,2,4,4,3,3,4
1.6,0.7,0.93,1.0,0.9,0.77,0,1,1,300,4,0,0,4,1,2,5,3,5,1,4,3,3,3,2,3,1,4,2,2,4,3,4,1,2,1,2,3,5,3,4,4,1,1,5,1,4,3,3,3,2,3,2,2,4,2,3,5
2.89,1.0,0.87,0.87,0.99,0.93,2,2,1,300,2,2,0,2,1,2,2,4,3,4,5,1,3,2,2,3,3,3,2,4,1,3,2,1,4,5,3,3,2,4,5,2,3,1,3,4,5,1,3,2,2,2,3,3,2,4,4,2
3.5,0.7,0.89,0.69,0.87,0.98,1,1,0,300,1,2,1,1,3,1,2,1,4,5,1,3,2,1,3,5,2,1,2,3,3,3,5,5,3,3,3,4,1,1,1,3,4,1,4,5,1,3,2,1,3,4,2,1,3,5,1,2
2.94,0.72,1.0,0.7,0.97,0.6,1,2,1,300,1,0,0,2,3,2,3,3,1,4,2,4,3,2,3,4,3,1,2,3,5,3,2,3,4,3,4,3,4,2,4,3,1,4,1,4,2,4,3,2,3,3,5,1,2,4,2,3
2.61,0.6,0.93,0.79,0.98,0.69,1,0,0,300,2,0,1,3,1,3,1,3,2,4,2,2,4,4,1,4,3,2,2,4,3,4,1,5,5,4,3,2,4,4,4,5,3,4,2,4,2,2,4,4,1,1,3,3,3,3,1,1
2.59,1.0,0.7,0.79,0.85,0.7,1,3,0,300,1,4,0,4,2,1,5,5,3,2,4,2,2,1,3,5,2,5,4,2,4,2,2,5,5,3,2,4,3,2,2,1,3,3,3,2,4,2,2,1,3,4,4,4,1,5,1,5
2.45,0.96,0.9,0.93,0.75,0.9,0,1,0,300,3,1,0,3,3,2,3,3,2,3,2,3,2,1,2,4,1,2,1,4,4,4,1,3,3,3,2,1,2,4,3,2,5,3,2,3,2,3,2,1,2,5,1,2,2,4,4,3
3.11,0.59,0.93,0.6,0.87,0.91,1,1,1,300,2,2,0,4,3,2,3,4,1,4,4,3,4,3,4,3,3,2,4,4,5,4,1,5,4,4,3,4,2,3,2,2,2,3,1,4,4,3,4,3,4,3,3,4,2,2,3,3
0.93,0.9,0.96,0.7,0.91,0.87,1,3,1,200,3,1,2,4,0,2,4,3,4,4,2,1,2,5,2,3,1,2,3,2,3,2,3,4,3,2,3,3,1,2,2,2,3,1,2,3,2,3,1,2,1,2,3,1,2,3,4,2
2.48,0.55,0.7,0.59,0.88,0.89,1,0,1,300,1,3,0,4,1,2,3,2,4,4,3,3,1,4,1,3,3,4,1,3,3,3,1,3,3,5,1,2,5,3,1,3,4,3,4,4,3,3,1,4,1,3,3,3,1,4,1,3
2.91,0.78,0.79,0.72,0.94,0.9,1,1,1,300,2,1,1,2,1,0,4,2,3,2,5,2,2,3,5,4,3,1,3,2,2,1,3,3,2,4,2,2,2,4,2,4,3,3,3,2,5,2,2,3,5,3,3,3,5,5,4,4
3.35,0.92,0.69,0.69,0.55,0.87,0,1,0,300,3,1,0,3,2,2,3,2,2,2,3,4,4,2,2,3,3,3,2,1,2,3,5,1,3,1,3,1,4,4,4,1,5,1,2,2,3,4,4,2,2,2,1,3,2,3,2,3
2.17,0.9,0.8,0.9,0.95,0.84,2,1,1,200,2,1,2,3,1,2,2,2,5,4,4,5,3,1,4,4,3,1,2,2,2,4,2,2,3,1,4,1,3,3,5,3,2,1,5,4,4,5,3,1,4,3,2,4,2,2,4,2
2.55,0.68,0.72,0.72,0.83,0.96,2,1,0,200,2,3,0,2,3,2,3,5,3,1,3,3,3,3,5,3,4,2,5,2,4,3,4,4,5,4,3,4,4,4,3,4,4,5,4,4,4,4,2,3,2,1,2,2,2,2,2,2
2.74,0.66,0.89,0.6,0.86,0.69,2,3,0,300,1,4,0,4,1,2,1,1,2,1,2,3,2,3,2,2,1,5,3,3,3,2,1,3,2,5,2,2,1,1,2,1,5,1,2,1,2,3,2,3,2,3,2,1,4,1,2,1
3.24,0.85,1.0,0.92,0.92,0.69,1,0,1,300,2,4,0,4,1,1,1,2,2,3,4,1,3,2,3,3,4,4,2,2,2,2,1,5,1,3,1,3,3,2,5,3,2,3,2,3,4,1,3,2,3,4,4,5,2,2,5,1
3.2,0.91,0.79,1.0,0.99,0.6,1,2,0,300,3,0,0,3,1,2,4,3,2,3,2,3,2,2,2,3,1,3,1,5,5,2,4,4,3,4,1,3,4,1,3,4,3,3,2,3,2,3,2,2,2,3,3,2,2,3,5,4
2.54,0.93,0.69,0.99,1.0,0.77,1,3,0,300,1,4,2,4,5,1,3,1,2,3,4,2,3,3,3,3,5,5,2,1,1,2,2,2,4,1,4,2,2,2,3,1,2,2,2,3,4,2,3,3,3,4,3,1,4,1,4,3
2.52,0.89,0.78,1.0,0.94,1.0,0,1,1,200,2,1,1,5,2,0,4,5,1,3,5,4,3,3,5,3,4,4,3,2,4,5,5,1,5,2,4,5,2,5,5,2,3,3,1,3,5,4,3,3,5,2,3,3,2,3,4,4
2.86,0.66,0.8,0.78,0.99,0.85,2,3,0,200,2,1,1,3,0,2,3,3,4,2,1,2,3,1,3,2,1,2,4,4,1,2,4,4,3,3,5,3,3,2,2,4,5,3,4,2,1,2,3,1,3,4,4,3,4,2,4,3
2.69,0.8,0.5,0.9,0.93,0.7,0,3,1,200,1,3,1,1,3,3,5,4,2,2,3,1,2,1,3,2,2,4,2,3,3,5,3,4,2,3,1,3,5,2,1,2,3,4,3,2,1,2,1,1,1,1,1,1,2,4,1,1
2.87,0.67,0.7,0.85,0.64,0.96,1,3,1,300,1,2,1,2,3,1,2,2,4,2,2,4,1,4,3,2,3,2,3,3,2,3,4,3,4,4,3,3,4,1,4,2,2,3,4,2,2,4,1,4,3,5,4,3,4,2,5,2
3.04,1.0,0.6,0.89,0.64,0.92,1,3,0,300,1,3,0,1,0,2,4,2,1,4,2,4,2,4,3,3,4,5,1,3,2,3,5,3,4,3,1,1,1,2,4,2,2,5,1,4,2,4,2,4,3,2,3,4,2,4,3,4
3.26,0.69,0.89,0.69,0.92,0.89,2,0,0,300,1,4,0,5,2,0,5,1,5,1,4,4,3,3,1,5,4,3,4,3,5,3,2,3,2,2,3,2,2,3,1,3,2,4,5,1,4,4,3,3,1,1,4,4,4,4,4,5
2.83,0.8,0.8,0.89,0.55,0.93,1,4,1,300,2,2,0,2,1,2,2,2,3,3,3,1,1,3,2,3,1,2,2,2,4,4,4,4,4,4,4,2,2,1,1,4,2,1,2,1,2,1,1,2,2,1,1,2,2,1,1,2
1.74,0.79,0.9,0.91,0.74,0.79,2,3,0,300,1,4,0,2,1,2,4,5,2,3,3,3,2,1,4,3,1,1,4,4,2,1,2,5,4,2,1,2,2,3,3,2,4,4,2,3,3,3,2,1,4,2,3,1,3,2,4,4
2.91,0.89,0.9,0.89,1.0,0.72,1,0,0,300,2,0,0,2,3,2,4,1,2,2,3,2,1,5,2,3,3,4,3,3,2,3,1,3,5,3,4,1,5,3,1,3,4,2,2,2,3,2,1,5,2,2,1,3,2,4,2,4
2.36,0.64,0.85,0.79,0.96,0.59,1,1,0,300,1,4,2,1,1,1,3,2,3,4,3,2,3,3,3,3,3,3,3,3,3,2,3,2,3,2,3,3,2,4,3,4,3,3,3,3,3,3,3,3,3,3,4,3,4,3,3,3
3.19,0.69,0.95,0.69,1.0,0.69,2,0,1,200,3,1,1,3,3,2,1,2,2,1,5,1,2,3,3,2,4,1,3,3,2,5,3,3,2,1,1,4,2,3,2,1,4,1,2,1,5,1,2,3,3,4,4,3,3,4,5,1
2.39,0.99,0.7,0.69,0.96,0.92,2,1,0,300,2,1,0,2,1,1,3,1,1,3,5,5,3,4,4,2,2,4,1,2,3,1,5,2,3,3,3,3,1,2,2,2,5,3,1,3,5,5,3,4,4,2,2,5,1,2,1,3
3.31,0.6,0.6,0.92,0.85,0.79,2,3,0,300,1,2,0,2,1,2,1,1,3,4,2,1,3,2,4,3,4,3,2,2,3,2,4,2,3,3,3,5,1,3,3,2,5,2,3,4,2,1,3,2,4,4,4,1,3,4,3,1
2.34,1.0,0.99,0.7,0.66,1.0,1,1,1,300,4,0,1,3,3,2,4,5,3,4,4,5,5,2,3,4,3,4,2,2,3,2,5,1,1,2,2,5,2,5,3,5,1,4,3,4,4,5,5,2,3,4,5,4,1,3,3,4
3.09,0.78,1.0,0.57,0.82,0.9,0,1,0,300,1,2,1,4,1,3,3,2,4,3,2,4,2,2,3,5,2,2,2,2,2,1,2,3,2,4,3,4,2,3,1,4,3,1,4,3,2,4,2,2,3,4,1,3,3,3,2,3
1.95,0.79,0.9,0.89,0.96,0.6,0,0,1,300,3,0,0,4,0,0,2,2,1,3,1,2,3,1,2,1,3,4,2,2,4,3,2,3,3,5,2,4,3,2,4,4,3,3,1,3,1,2,3,1,2,3,2,2,3,3,3,2
2.52,0.88,0.72,0.69,1.0,0.96,1,1,1,200,3,0,0,2,5,1,3,3,2,3,2,1,1,3,2,2,2,1,4,4,3,2,2,3,1,3,2,1,2,1,1,2,2,1,2,3,2,1,1,3,2,3,3,4,3,4,3,3
3.11,0.9,0.89,0.9,0.82,0.88,1,1,0,300,2,2,2,2,5,1,4,2,2,2,4,1,3,4,3,1,3,4,4,2,1,3,5,4,3,2,5,1,4,3,1,4,1,4,2,2,4,1,3,4,3,3,4,5,4,3,5,4
2.76,0.79,1.0,0.8,0.8,0.91,1,1,1,300,1,0,0,5,1,1,4,3,3,4,2,4,4,2,3,2,1,4,2,1,3,1,5,1,3,2,3,3,2,2,1,5,1,4,3,4,2,4,4,2,3,2,4,4,1,3,5,4
3.25,0.69,0.7,0.6,0.9,0.69,1,2,1,300,1,2,4,1,1,0,2,4,2,4,4,2,3,5,2,3,3,3,2,2,2,1,4,1,2,5,2,4,4,3,5,4,3,4,2,4,4,2,3,5,2,4,3,3,4,4,1,2
3.0,0.93,0.92,0.69,0.91,0.9,1,4,1,300,2,4,1,1,1,1,2,4,1,4,5,3,2,1,5,5,3,2,2,2,3,2,1,2,5,4,4,2,4,3,2,3,2,3,1,4,5,3,2,1,5,3,5,2,3,2,2,2
2.5,0.7,0.93,1.0,0.89,0.92,1,3,1,300,1,4,0,4,1,3,3,2,5,4,2,3,4,2,4,5,5,3,4,5,3,2,1,3,3,4,5,1,4,5,2,4,3,3,5,4,2,3,4,2,4,2,4,1,3,1,4,3
2.28,0.96,0.87,0.66,0.97,0.7,1,4,1,300,1,4,0,2,1,2,3,4,4,2,1,2,3,3,3,4,3,2,4,5,3,5,2,4,5,4,4,4,2,1,2,3,2,5,4,2,1,2,3,3,3,4,1,1,4,2,2,3
3.07,0.89,0.9,0.66,1.0,0.7,1,0,0,300,4,0,0,3,3,3,4,4,1,3,3,5,3,4,1,1,1,2,4,3,3,4,3,4,5,1,3,1,4,4,4,1,5,1,1,3,3,5,3,4,1,3,2,1,1,5,1,4
2.43,0.9,0.55,0.95,0.78,1.0,0,3,0,300,1,2,0,4,3,1,2,3,4,4,2,3,4,3,3,4,4,2,3,2,1,1,2,3,3,3,5,4,5,2,3,2,3,5,4,4,2,3,4,3,3,3,3,2,3,3,4,2
3.36,0.63,0.89,0.9,0.99,1.0,2,0,0,300,2,2,0,2,2,2,3,4,3,3,3,2,3,3,4,3,3,3,3,2,3,3,4,4,4,5,2,3,3,4,2,3,3,2,3,3,3,2,3,2,2,2,2,2,3,2,3,1
3.28,0.99,0.72,0.98,0.98,0.84,1,1,0,300,3,0,1,4,1,1,5,4,3,3,3,3,1,3,4,3,5,2,2,1,2,1,4,2,3,4,5,3,5,4,3,4,2,5,3,3,3,3,1,3,4,2,1,4,4,3,1,5
3.11,0.78,0.79,0.79,0.89,0.96,0,3,0,300,2,1,1,5,2,0,3,5,3,3,2,1,4,3,5,3,1,3,2,3,2,1,4,1,3,5,1,3,2,3,3,5,1,5,3,3,2,1,4,3,5,4,1,4,2,1,2,3
3.45,0.79,0.69,0.63,0.72,0.69,2,4,1,300,3,0,0,2,1,1,4,4,2,3,4,2,3,2,3,1,2,3,3,4,2,3,3,2,3,4,4,5,4,4,4,5,2,3,2,3,4,2,3,2,3,3,1,3,3,4,2,4
3.48,0.79,0.7,0.79,0.93,0.99,1,2,0,300,2,2,0,1,5,0,3,3,2,3,2,3,4,3,2,4,4,4,2,2,4,3,1,5,4,5,2,3,2,3,4,2,4,3,2,3,2,3,4,3,2,3,2,3,4,2,3,3
2.11,0.8,0.7,0.93,0.95,0.69,2,3,0,300,1,2,2,3,2,1,2,2,1,1,2,2,2,3,2,2,3,2,3,2,4,4,4,5,4,4,4,3,4,3,2,2,4,2,2,2,2,2,1,2,1,1,1,2,1,1,2,1
3.02,0.79,1.0,0.7,0.77,0.78,0,3,1,300,2,1,1,1,1,1,2,3,4,2,1,3,2,3,4,5,2,2,5,1,4,3,4,4,1,2,4,2,2,4,2,1,3,1,4,2,1,3,2,3,4,3,1,3,2,3,4,2
3.09,0.7,0.78,0.69,0.84,0.77,1,1,0,300,2,4,1,3,2,2,2,3,4,3,2,3,3,3,1,2,4,4,2,1,5,2,3,2,2,4,2,5,1,2,1,1,4,3,4,3,2,3,3,3,1,2,3,3,4,3,1,2
3.09,0.92,0.7,0.93,1.0,1.0,2,3,1,300,1,4,0,2,1,1,2,3,5,2,2,5,3,4,4,3,3,3,3,4,5,3,3,5,3,4,3,5,4,2,1,4,3,3,5,2,2,5,3,4,4,4,2,3,3,1,5,2
3.53,0.82,0.82,0.82,0.91,1.0,1,2,1,200,3,3,0,3,1,1,2,3,3,1,3,2,2,3,5,2,5,1,5,1,4,4,4,4,4,5,2,3,5,2,2,4,2,3,2,3,4,4,2,3,1,1,2,2,2,1,2,1
3.16,0.6,0.88,0.69,0.98,0.7,1,4,1,300,2,2,2,2,2,2,2,3,5,2,2,1,2,4,1,3,1,2,1,2,3,2,2,4,3,2,2,4,2,4,2,2,3,3,5,2,2,1,2,4,1,4,5,1,3,2,5,2
3.13,0.86,0.8,0.8,0.63,1.0,0,1,0,200,4,1,0,2,3,0,3,5,4,1,3,3,2,3,5,3,4,2,5,2,5,3,4,5,5,5,2,3,4,3,3,4,2,4,5,3,2,3,3,3,1,1,2,2,2,2,1,1
2.27,0.78,0.79,0.66,0.88,0.89,2,1,1,300,2,1,4,4,1,1,2,4,2,3,3,3,1,1,3,4,2,1,5,3,2,2,1,3,1,4,4,3,2,2,4,2,1,2,2,3,3,3,1,1,3,4,5,4,1,2,4,2
2.63,1.0,1.0,0.9,0.82,0.79,0,4,1,300,2,4,1,5,2,3,3,1,2,1,2,3,2,2,4,2,1,2,4,5,3,2,1,5,2,3,2,2,2,3,3,4,4,5,2,1,2,3,2,2,4,1,4,4,3,2,2,3
3.58,0.89,0.76,0.76,0.76,0.89,1,1,0,200,2,1,0,2,3,1,3,4,3,1,2,2,2,3,5,5,4,2,5,2,4,3,4,5,5,5,2,3,2,3,3,4,3,4,3,5,5,5,2,3,1,1,2,2,1,2,3,1
3.17,0.89,0.79,0.79,0.69,0.92,2,2,0,200,2,0,0,2,5,1,3,4,3,3,2,5,3,1,4,1,3,1,1,3,4,2,2,4,3,5,1,2,5,5,4,2,4,4,3,3,2,5,3,1,4,3,3,4,5,3,4,3
2.64,0.88,0.78,0.79,0.91,0.66,1,3,1,300,2,2,0,5,1,2,1,1,3,1,5,4,1,2,4,3,3,2,2,3,3,3,2,2,2,4,2,4,4,1,1,3,4,1,3,1,5,4,1,2,4,4,2,3,4,3,1,1
2.96,1.0,0.96,0.79,0.65,0.92,0,2,0,200,2,1,1,3,5,1,3,3,2,3,5,4,5,1,3,3,3,2,4,5,4,4,1,2,4,4,2,3,2,2,5,4,3,2,2,3,5,4,5,1,3,4,5,5,4,3,5,3
3.38,0.69,0.53,0.77,0.66,0.69,1,3,1,200,1,2,1,4,1,2,2,3,2,3,1,5,3,3,2,2,3,4,2,5,5,5,5,1,2,5,4,2,4,4,2,3,4,2,2,3,1,5,3,3,2,2,1,1,2,2,1,2
3.44,0.8,0.9,0.8,0.8,0.79,1,1,1,300,2,1,0,3,1,0,2,2,2,3,3,3,1,1,5,3,5,2,5,1,4,3,2,2,4,4,1,2,2,5,4,2,4,2,3,2,2,4,4,5,1,1,2,1,2,1,1,2
3.19,0.8,0.8,1.0,0.77,0.69,2,3,0,200,3,1,0,2,3,0,2,3,3,3,2,1,2,3,2,4,2,4,4,2,2,2,3,4,4,4,2,3,2,3,3,4,2,2,3,4,4,3,2,2,2,1,1,1,2,1,1,2
3.14,0.78,0.79,0.89,0.74,0.59,1,3,0,300,1,4,0,1,5,1,4,5,2,2,3,5,2,1,4,2,4,3,2,2,5,5,4,2,2,2,5,3,3,2,2,3,1,2,2,2,3,5,2,1,4,1,3,4,3,4,3,4
2.23,0.9,0.78,0.6,0.93,1.0,1,3,1,300,1,4,0,2,3,3,5,5,2,2,2,3,3,4,3,2,3,4,3,1,1,1,5,2,3,2,5,3,3,4,3,4,3,2,2,2,2,3,3,4,3,3,5,3,2,5,5,5
2.69,0.79,0.64,1.0,0.77,0.79,2,1,0,200,3,0,0,2,1,0,3,2,1,2,4,1,2,2,1,2,3,3,3,1,5,3,1,2,5,4,3,4,3,2,3,5,4,3,1,2,4,1,2,2,1,3,2,2,4,5,3,3
2.94,0.78,0.89,0.7,0.95,0.7,1,2,1,300,2,1,0,2,0,1,5,2,3,2,5,4,4,5,2,2,2,1,3,4,3,3,5,1,5,3,3,5,1,1,4,3,4,1,3,2,5,4,4,5,2,4,3,3,3,2,4,5
2.21,0.89,0.89,0.7,0.94,0.69,2,1,0,300,3,0,2,2,3,1,5,1,2,3,5,1,2,3,5,4,3,5,5,1,2,2,1,2,3,1,4,1,5,2,2,4,4,2,2,3,5,1,2,3,5,5,1,2,4,2,5,5
2.0,0.78,0.73,1.0,0.93,1.0,1,4,1,300,3,1,0,2,5,3,3,4,3,3,5,4,2,3,3,4,1,3,4,4,2,4,2,3,2,4,3,4,3,3,2,5,5,3,3,3,5,4,2,3,3,2,5,3,5,1,4,3
1.93,1.0,0.6,0.96,0.84,0.69,2,2,0,300,2,0,1,4,1,2,3,5,3,1,1,3,4,4,2,3,4,5,3,3,1,1,2,3,2,1,3,2,1,4,2,1,3,4,3,1,1,3,4,4,2,2,5,3,4,4,3,3
3.02,1.0,0.77,0.69,0.82,0.6,1,2,0,300,1,2,4,0,3,2,3,4,2,5,4,2,3,2,3,2,4,4,5,2,4,5,4,4,2,4,3,2,1,3,1,1,1,1,2,5,4,2,3,2,3,3,3,1,3,4,2,3
2.7,0.7,0.69,0.79,1.0,0.68,1,1,0,300,2,1,1,3,3,1,2,2,2,5,5,3,4,4,4,3,2,2,5,2,3,5,4,4,3,4,4,3,2,4,3,5,3,2,2,5,5,3,4,4,4,1,1,1,2,3,1,2
1.63,0.89,0.6,0.78,0.66,0.84,1,3,0,200,2,0,0,2,4,1,4,4,4,4,4,4,4,4,4,4,4,4,4,4,4,4,4,4,4,4,4,4,5,5,5,5,4,5,5,4,4,5,4,5,4,3,3,3,3,3,3,3
3.74,0.79,0.91,0.78,0.77,0.89,1,2,1,300,1,4,0,3,5,3,5,4,2,3,2,2,2,4,3,2,4,4,4,2,4,3,4,3,2,2,2,3,2,4,4,4,5,2,2,3,2,2,2,4,3,2,3,3,3,2,1,5
2.407977776559978,0.6698429616639767,0.6515511084319519,0.9626962979200292,0.8681348148960014,0.6130562957279898,1,0,0,200,1,0,0,2,2,1,2,2,2,2,1,3,2,2,2,2,4,3,3,2,1,2,1,3,2,2,1,2,2,2,3,4,3,2,3,1,3,2,2,2,2,2,2,2,2,1,1,2
2.312038757077738,0.879806214611309,0.9075534915067142,0.7708155028310953,0.7106015368042385,0.6955147344289759,1,3,1,300,2,2,0,1,1,3,3,3,2,3,3,2,3,3,3,1,3,3,1,2,4,2,3,3,3,2,2,1,3,4,3,1,2,3,2,3,3,3,3,3,3,3,3,3,2,4,3,3
1.8736144027360089,0.7590892943188242,0.8977232357970605,0.7636428227247033,0.9140875180695308,0.7818214113623516,1,1,0,300,2,2,0,3,2,2,3,3,1,4,1,4,1,3,2,2,2,5,1,3,2,1,4,2,4,3,3,1,4,2,2,2,3,4,1,4,1,4,1,3,2,3,2,3,2,1,3,3
2.715986925394563,0.8419615851316109,0.8322885159868794,0.8577114840131207,0.871025744736913,0.7867756436184229,2,1,0,300,1,2,0,2,2,2,1,3,5,2,1,2,3,4,2,1,2,3,1,2,2,1,3,3,3,1,2,2,2,4,1,2,3,2,5,2,1,2,3,4,2,3,1,3,2,4,2,1
2.7407108158004005,0.995853042768036,0.701492904603507,0.887345947371543,0.9991706085536072,0.9988388519750501,1,3,0,200,2,1,0,3,3,3,2,2,1,3,3,2,2,3,5,2,1,2,3,2,1,2,4,3,2,3,2,1,2,1,3,1,3,3,1,3,3,2,2,3,5,1,1,1,1,3,3,2
2.1941116398217555,0.8156464990122588,0.7768139587448921,0.8436697635870791,0.96,0.6827023189231366,2,1,1,200,1,0,1,1,1,1,3,2,3,3,2,1,2,3,3,3,3,3,3,3,3,1,3,2,2,2,2,2,2,2,2,4,3,3,3,3,2,2,2,3,3,3,4,3,3,2,3,3
3.1144017469024123,0.8139743662796908,0.9149145352717731,0.7203846197678144,0.9205555492242681,0.7452991550395875,1,1,0,300,2,2,0,2,0,2,4,2,3,2,5,4,3,4,2,2,2,1,2,4,2,3,4,1,4,3,2,4,1,1,4,2,3,1,3,2,5,4,3,4,2,3,3,3,2,2,3,4
3.3067830486152765,0.8083897417941734,0.7351620953286615,0.7351620953286615,0.6854862859859845,0.89,1,1,0,200,2,1,0,2,3,1,3,3,3,1,2,2,2,3,4,3,4,1,5,2,3,3,3,4,5,4,2,3,3,3,3,4,2,4,3,4,5,5,2,3,1,1,2,2,1,2,3,1
2.4567660998179033,0.8,0.8651267141990018,0.93,0.6610282501517469,0.8633830499089518,1,1,0,200,1,2,0,2,1,1,2,2,2,2,2,2,2,3,2,2,2,2,3,2,4,4,4,4,4,4,4,3,2,2,2,3,2,2,2,2,2,2,1,2,1,1,1,2,1,1,2,1
2.911828208335863,0.8009062261897534,0.9350969250015179,0.7858093011882356,0.8330906226189753,0.8350969250015179,1,1,1,300,1,1,0,1,3,3,3,2,3,3,4,3,1,1,2,2,3,4,1,3,5,4,1,3,3,3,2,1,3,2,3,3,3,1,3,3,4,3,1,1,2,3,2,2,2,1,2,3
2.246847388947371,0.8945305861479785,0.9187855772768871,0.9202755950190699,0.790938827704043,0.8126529307398925,1,1,0,300,1,4,0,2,1,3,3,2,2,5,2,3,1,1,2,2,3,5,1,3,4,2,1,3,3,4,2,2,2,3,2,3,2,1,2,5,2,3,1,1,2,3,4,4,2,1,3,3
1.5008791037168776,0.9531635005631632,0.8767132976347143,0.7845521025905511,0.9911421984231428,0.8925308004505307,1,3,0,200,1,2,0,3,1,2,1,1,1,1,1,1,1,1,3,2,4,1,3,1,2,2,2,4,3,4,1,1,4,2,3,3,3,1,3,2,2,2,2,2,1,1,1,1,2,1,2,2
2.5086080352417457,0.9051273038560592,0.5161289793877387,1.0,0.9289983244683205,0.7316298171535784,2,1,0,300,1,2,0,3,2,1,1,2,2,2,2,3,2,2,4,2,4,1,1,1,1,1,2,4,2,3,3,4,4,2,2,4,4,1,1,1,1,2,2,2,4,1,2,1,1,1,2,2
2.6041066351050257,0.7448026066995491,0.9283760662794457,0.8550345972310569,0.8993040284054767,0.8217867297899483,0,4,1,300,2,0,1,3,1,3,3,3,1,5,4,3,2,1,3,2,3,5,1,3,4,2,2,4,2,4,4,3,1,3,4,1,3,2,1,5,4,3,2,1,3,3,3,2,1,1,1,3
2.307376946406023,0.9141137070263176,0.7226947042481178,0.6085809972218003,0.8552484422387234,0.9761705605394763,2,1,0,300,1,1,0,1,1,3,4,4,2,1,2,3,2,2,4,3,1,1,3,3,4,1,3,3,2,3,2,1,3,1,2,2,4,3,2,1,2,3,2,2,4,3,2,2,1,4,4,4
1.409071700807509,0.8112959572582157,0.8917162980106419,0.6020490210754299,0.82,0.9917162980106419,1,3,0,200,1,2,0,3,2,1,2,1,2,1,1,1,1,1,2,1,2,1,3,1,2,1,2,1,2,1,2,3,2,1,2,1,2,1,1,1,2,2,2,1,2,1,1,1,1,1,1,1
2.341600903007147,0.646133032330951,0.830374296540957,0.79,0.9048027090214414,0.6280248004518958,1,3,0,300,2,2,2,1,1,2,3,2,2,3,3,2,3,3,3,2,2,3,2,2,2,2,3,2,3,2,2,3,1,3,2,3,2,2,2,3,3,3,3,3,3,2,3,3,3,3,3,3
2.782299846576847,0.8,0.7493265743744858,0.718373579048667,0.8303176651086062,0.7293646697827876,1,1,0,300,1,2,0,3,1,3,1,2,4,3,2,4,2,2,2,2,4,4,2,3,1,2,3,1,3,3,1,2,2,2,3,2,4,2,4,3,2,3,2,2,2,3,2,1,2,1,3,1
2.4265998404603417,0.7965998404603418,0.9319968092068358,0.7020047861897463,0.9149960115085447,0.781603828951797,1,1,1,300,2,1,0,4,2,1,3,3,1,4,1,4,1,3,2,2,3,5,3,3,3,1,2,3,3,3,2,2,4,3,2,3,2,3,1,4,1,4,1,3,2,4,1,4,2,2,3,3
2.75560553815896,0.6182777799798784,1.0,0.8634444400402432,0.85,0.7229000039637811,1,1,1,200,2,2,0,3,3,2,1,1,1,1,1,2,3,2,4,2,3,3,1,4,5,2,4,2,3,4,1,2,2,1,3,4,5,2,1,1,1,2,3,2,4,2,3,2,2,2,1,1
2.5012636510122315,0.8054881542038979,0.8566240973919355,0.82782389449207,0.8334397565201612,0.6955520081159946,1,1,0,300,2,1,0,2,2,3,2,4,1,2,3,2,2,3,4,1,3,2,1,2,3,2,3,4,2,2,2,1,3,4,4,1,2,4,1,2,3,2,2,3,4,4,2,3,2,4,2,2
2.4217384363808394,0.6429650578356007,0.6830462544766429,0.6947034942164398,0.8400405983205211,0.6529650578356007,2,1,0,300,3,0,0,2,2,2,3,3,3,2,2,2,4,3,2,2,1,1,3,3,2,2,1,4,1,1,2,3,3,2,1,3,3,2,3,2,2,2,4,3,2,4,2,2,1,1,3,3
2.886277843635068,0.6469296603630316,0.9443739730928962,0.6758147709099548,0.829674091636018,0.8416295418199097,1,1,0,300,1,1,0,1,4,2,1,3,3,1,3,2,2,3,2,2,1,3,3,3,2,3,2,2,3,3,1,3,3,4,1,2,3,2,3,1,3,2,2,3,2,3,4,1,4,3,2,1
2.7134486160970503,0.693034387492826,0.831620750897469,0.9264830035898762,0.8483792491025309,0.7076895258831208,1,3,0,200,2,2,1,4,1,2,4,3,2,2,3,2,2,1,1,1,1,2,2,3,4,3,2,3,2,3,2,2,2,3,2,2,3,2,2,2,3,3,2,1,1,2,3,3,2,2,4,3
2.3214129820333964,0.6770023271368024,0.5992505817842005,1.0,0.8689721575795333,0.6339187998754021,1,3,0,200,1,2,0,2,2,2,2,2,2,2,1,2,2,2,2,2,4,2,3,2,2,2,1,3,2,3,2,2,3,2,2,4,2,2,2,1,2,2,2,2,2,2,2,2,2,2,1,2
1.8508285965630344,0.9790877920042994,0.6909540137120337,1.0,0.8590041805716333,0.936970735998567,0,3,0,300,1,2,0,2,1,1,2,2,2,2,2,2,2,2,3,2,4,1,4,2,2,3,3,4,4,3,2,2,4,2,2,3,2,2,2,2,2,2,2,2,2,2,2,2,2,2,2,2
2.2479165246183763,0.7720834753816236,0.6303588396999404,0.9633101457273268,0.9030208688454059,0.6660417376908118,2,1,1,200,1,4,0,2,2,1,3,2,3,2,1,2,1,2,2,2,4,3,3,2,2,1,1,2,1,3,2,2,2,1,2,4,3,2,3,1,2,2,1,3,2,3,2,3,2,1,2,3
2.712420088959188,0.700170893731461,0.8221940417902599,0.7950992352250972,0.8115104668644157,0.727122383283896,2,1,0,300,1,2,0,2,1,1,2,2,3,3,2,3,3,3,2,2,2,2,3,4,2,1,1,5,1,1,1,3,2,4,1,2,4,3,3,3,2,3,3,3,2,4,1,2,2,1,2,2
2.956187670086985,0.7109525744767596,0.8515869467926073,0.7563498191764055,0.9060316170154936,0.9039683829845064,1,1,0,300,2,2,0,5,1,2,4,2,5,1,3,4,3,2,1,4,2,3,3,3,3,3,2,3,2,3,3,2,2,2,1,3,2,3,5,1,3,4,3,2,1,1,3,3,4,3,3,4
2.194913573075403,0.79,0.8424506925627503,0.8579315789853454,0.7756257617468689,0.79,1,0,0,300,1,1,0,1,1,2,4,3,2,3,3,2,2,1,3,3,1,1,4,4,2,1,2,5,4,2,1,2,2,3,3,2,4,3,2,3,3,2,2,1,3,2,3,1,3,2,4,4
3.717434210725072,0.9588441039810308,0.894115589601897,0.93324866758767,0.8210288974004741,0.6720577948009485,1,1,0,300,2,0,1,3,3,2,1,1,2,3,1,2,2,3,2,1,3,1,3,5,1,4,1,4,1,3,3,1,2,3,3,2,3,4,2,3,1,2,2,3,2,2,2,3,3,2,2,1
2.43,0.8988708642426512,0.5872614799925113,0.9330629636397676,0.7991953078749301,0.9616093842501399,2,1,0,300,1,2,0,4,2,2,2,3,3,3,2,2,4,3,2,3,3,2,3,1,1,1,2,3,3,3,4,3,4,2,3,2,2,4,3,3,2,2,4,3,2,3,2,2,2,2,3,2
2.8569191048074556,0.6977987554585762,0.7964149344970851,0.5977987554585762,0.8864149344970851,0.7318236462870514,1,2,0,200,1,2,0,1,2,2,3,3,3,2,2,2,2,4,3,2,3,5,3,2,2,3,1,2,1,3,2,3,3,3,4,3,3,2,3,2,2,2,2,4,3,3,3,1,4,4,1,3
2.4550577847692,0.7187986712310299,0.7114781012307427,0.7628406329230858,0.8221015823077144,0.6707390506153714,1,2,1,200,2,0,2,4,0,1,4,5,2,4,3,3,3,4,3,3,4,3,4,4,4,3,3,3,2,3,2,3,3,2,4,3,2,5,3,4,3,3,3,4,3,3,4,3,3,3,3,4
3.1203276581082187,0.6908413996499504,0.893365598599802,0.716083389148465,0.918317200700099,0.8799032042005942,1,1,0,300,4,0,0,4,1,2,5,1,5,1,4,3,3,3,1,4,3,3,3,2,4,3,2,2,2,1,2,2,2,3,1,3,1,3,5,1,4,3,3,3,1,1,3,3,4,3,3,5
1.8838495555442063,0.8239420299598689,0.9161628714094614,0.9083837128590538,0.7529302971275691,0.79,1,1,0,300,2,1,0,2,1,3,3,4,2,2,2,3,2,1,4,2,1,1,4,4,2,1,1,5,3,2,1,2,2,3,3,2,4,4,2,2,2,3,2,1,4,1,3,1,3,2,3,3
2.250869876967437,0.8037686701643326,0.7652168717209381,0.6091301230325629,0.9371012068031045,0.8576819214759575,1,3,0,200,3,2,0,4,2,2,3,2,2,2,2,2,1,3,2,3,1,3,2,3,2,3,2,3,4,3,2,3,1,3,4,2,2,1,3,3,3,3,1,3,1,2,2,2,2,2,3,2
2.2329713504544655,0.6959427009089312,0.7385143247727672,0.7929713504544657,0.6263857435795754,0.6939357094034041,1,1,0,300,2,3,0,1,3,3,3,2,2,5,4,3,3,2,2,2,4,2,2,1,3,3,2,2,3,4,2,2,2,4,4,2,5,4,3,3,4,2,3,2,1,2,2,3,2,2,2,2
2.370343095802539,0.9486204422575055,0.7910116756778293,0.7485284717413393,0.82,0.8910116756778292,2,0,0,200,1,1,0,4,2,1,2,1,2,1,1,1,1,1,2,1,3,1,3,1,2,2,2,2,2,2,2,3,2,1,2,1,2,1,1,1,2,2,2,1,1,1,1,1,1,1,1,1
1.9010300800062225,0.8,0.7382648777158858,0.8940588617146413,0.8965143908542095,0.7202943085732064,1,3,0,200,2,2,0,2,1,1,2,2,2,1,3,2,2,1,2,2,2,3,2,2,3,3,2,1,2,3,2,2,2,2,2,3,2,2,2,2,2,2,2,2,1,1,2,2,2,2,1,2
2.245590601496739,0.7611393631210999,0.7995252653662084,0.8270148053981139,0.96,0.6539346638694694,1,1,1,200,1,0,1,1,1,1,3,2,3,3,2,1,2,3,3,3,3,3,3,3,3,1,3,2,2,2,2,2,2,2,2,4,3,3,3,3,2,2,2,3,3,3,4,3,3,2,3,3
2.2820752493769496,0.8894432257769159,0.9586839881999831,0.9994938416153781,0.9396963049692268,0.7905061583846219,1,1,0,300,2,1,0,2,3,2,3,1,1,3,2,4,4,3,2,1,2,4,4,3,2,4,2,2,2,1,2,3,4,3,2,1,3,1,1,3,2,4,4,3,2,4,3,4,4,3,4,3
1.3401575263813978,0.7482424154252496,0.7419595974291251,0.9823111143440751,0.8237696907976747,0.9160808051417498,1,1,0,300,2,2,0,2,3,2,2,2,2,3,3,3,2,3,3,2,1,4,1,2,1,1,5,1,3,3,2,1,3,1,3,1,4,4,2,3,3,3,2,3,3,2,4,1,2,1,3,2
2.4381964158483775,0.7274366894683293,0.79,0.8067152558076803,0.9725633105316707,0.8216961094479807,1,1,0,300,2,1,0,3,2,3,2,3,1,2,3,2,2,3,4,1,3,2,2,2,2,3,4,4,2,4,3,3,2,2,4,2,3,3,1,2,3,2,2,3,4,3,3,3,1,4,2,2
2.867347946376526,0.7447020084845345,0.7323241920922923,0.7323241920922923,0.8084326638384886,0.9384326638384886,1,3,0,200,2,3,0,2,3,2,3,4,3,1,2,2,2,3,5,3,4,2,5,2,4,3,4,4,5,4,2,3,3,3,3,4,3,4,3,4,4,4,2,3,1,1,2,2,1,2,2,1
2.2493133168277635,0.5183820820835177,0.69740193702487,0.690441162214922,0.514362711834818,0.7856861984795839,1,3,0,200,2,0,0,5,1,1,5,5,4,4,5,5,5,4,5,5,5,4,5,5,5,4,4,5,5,4,5,5,5,4,5,5,4,5,4,5,5,5,5,5,5,5,4,5,5,5,5,4
2.0088627340140968,0.8520584552431553,0.6448538618921119,0.9077573069053945,0.9284180588240712,0.8236403964190839,1,4,0,300,2,1,0,5,2,3,2,3,1,3,1,3,3,2,4,2,3,1,4,1,2,1,2,4,3,2,1,2,4,4,2,3,2,2,1,3,1,3,3,2,4,5,2,2,4,3,2,2
2.127269246719148,0.759705090988655,0.7575641557304928,0.8609230131234087,0.9643910389326231,0.6813653766404261,1,3,0,200,2,2,1,3,2,2,2,2,1,1,2,2,1,3,2,2,2,2,3,2,3,4,4,5,4,4,3,3,3,3,2,2,3,1,2,1,2,2,1,2,1,1,1,2,1,1,2,1
2.632504105746864,0.857295164250576,0.850177691625672,0.839822308374328,0.90510036500128,0.787627509125032,2,1,1,300,2,2,0,2,2,1,1,3,5,2,1,2,3,4,2,1,2,3,1,2,2,1,3,3,3,1,2,2,2,4,1,2,3,2,5,2,1,2,3,4,2,3,1,3,2,4,2,1
2.934600301840732,0.7323019607607048,0.8444440422577025,0.6607140271656659,0.9232539969815927,0.8867460030184073,1,1,0,300,4,2,0,4,2,2,4,1,4,1,3,3,2,3,1,4,3,3,3,3,4,3,2,3,2,2,3,2,2,3,1,2,2,3,4,1,4,4,2,3,1,1,3,3,3,3,4,4
2.4030964611299357,0.6805613751811161,0.8677456016417383,0.7925350859488198,0.9346491405118024,0.6102806875905581,1,1,0,200,1,0,1,1,1,2,2,2,2,3,2,2,3,2,3,2,3,3,3,2,2,2,2,2,3,2,2,2,2,3,3,4,3,3,3,2,3,2,2,2,2,2,3,2,3,2,2,2
1.5157650553902173,0.8250367100952786,0.9,0.8959853159618886,0.7855477231238621,0.79,0,1,0,300,2,4,1,2,1,1,3,4,2,3,3,3,2,1,4,2,1,1,4,4,2,1,1,4,4,2,2,2,2,3,3,2,4,4,2,3,3,3,2,1,4,2,3,1,3,2,3,3
3.0019068092593013,0.7534145751543596,0.9894456387345925,0.7216630837962226,0.851108722530815,0.913569893055524,1,3,0,200,1,2,0,1,3,2,3,2,4,2,4,2,2,1,2,2,3,3,2,3,4,4,1,3,3,3,2,1,3,2,3,3,2,1,3,2,4,3,2,1,2,2,2,2,3,1,2,3
2.4316219575533067,0.8345103240009554,0.8589135470760412,0.903152257846007,0.7810864529239587,0.8242387107699657,2,1,0,300,1,4,0,2,1,1,4,4,1,3,2,2,2,1,4,2,1,1,4,4,2,1,2,5,2,2,1,2,2,3,2,1,4,4,1,3,2,2,2,1,4,2,2,1,2,3,2,4
2.748141246932649,0.8093448067004491,0.7331691396664528,0.8230065273675433,0.8336617206670943,0.9956830860333548,1,1,0,300,3,1,2,2,3,1,2,2,2,3,4,1,1,4,3,3,2,3,4,3,4,3,1,3,2,2,3,1,4,5,1,3,1,5,2,3,4,1,1,4,3,3,3,2,3,2,1,2
2.33,0.89,0.6084307291045283,0.7087349535656184,0.8437710650081341,0.7453162616085953,1,1,1,300,2,1,0,2,5,1,3,1,1,5,5,4,4,1,2,3,2,3,4,1,3,4,2,1,2,3,4,2,1,3,2,2,4,4,1,5,5,4,4,1,2,4,2,4,2,2,3,3
2.4105359896748304,0.8608974766730754,0.6632284196940567,0.922062948183566,0.8652913678776226,0.8164568393881133,1,0,0,300,2,2,0,3,3,1,3,4,1,2,1,3,4,3,2,2,3,5,3,2,1,2,2,2,2,2,2,2,2,4,3,1,2,3,1,2,1,3,4,3,2,3,5,3,4,3,3,3
2.931824284121807,0.7185641657377208,0.7722127339813348,0.807567621170924,0.8961317869086447,0.9220439289695482,1,1,0,300,4,0,1,1,4,3,2,2,4,4,4,3,2,1,1,1,3,4,1,3,3,5,2,2,3,1,3,1,2,1,2,4,2,1,4,4,4,3,2,1,1,2,4,4,3,1,4,2
2.0019948216895416,0.8290025891552291,0.5975601035662091,0.7429564787488885,0.9456010356620916,0.6680409320958824,1,1,0,300,1,2,0,2,3,2,2,3,4,1,1,3,2,4,2,4,3,3,2,2,2,2,1,1,2,3,2,2,3,2,2,4,2,2,4,1,2,3,2,4,2,1,2,2,1,4,1,2
1.615612162468367,0.5051279945970353,0.9191903166425734,0.8846021109504891,0.4821452503613995,0.7051279945970352,1,1,0,300,2,0,0,2,1,2,3,1,3,1,3,3,3,3,1,4,3,2,1,3,3,3,2,2,2,2,3,3,1,4,3,2,2,3,3,2,3,3,3,3,1,3,3,4,3,4,3,4
2.5237962514332817,0.719654886233338,0.79,0.8331733868066508,0.980345113766662,0.7843434539200225,1,1,0,300,2,1,0,3,2,3,2,3,1,2,3,2,2,4,4,1,3,2,1,2,2,3,4,4,2,4,3,3,2,3,4,1,3,3,1,2,3,2,2,4,4,3,2,2,1,4,2,2
2.041989329761581,0.816193016723433,0.7205111545163485,0.9127274488283381,0.9553976722411442,0.7115906889645773,2,1,0,200,2,2,1,3,1,1,1,1,1,1,1,1,1,2,2,2,3,1,3,1,3,3,3,5,3,4,3,2,4,3,2,2,4,1,2,2,2,2,1,2,1,1,1,1,1,1,2,1
3.352204467217345,0.8451618839793704,0.9225391114594252,0.8305747511403011,0.8863950473204927,0.8225391114594252,1,1,0,300,2,1,0,4,2,3,2,4,2,2,4,3,2,4,3,2,4,2,1,3,1,3,3,3,2,3,1,3,2,2,4,1,2,2,2,2,4,3,2,4,3,3,3,2,1,3,2,2
2.2327830081958218,0.6707783044687528,0.8602594348229176,0.8146226435750022,0.9148584867791626,0.6310377392916703,1,1,0,300,2,1,1,1,1,2,3,2,2,3,3,2,2,2,3,3,2,2,3,3,2,1,2,2,3,2,2,2,2,3,3,3,3,3,2,3,3,3,2,2,3,2,3,2,3,2,3,3
2.872336535963756,0.7049208872068442,0.7905274186210384,0.8441825011373905,0.7608438697936615,0.7397890325515846,2,1,0,300,1,2,0,2,1,2,2,2,3,3,2,3,3,3,2,2,2,2,3,4,2,1,1,5,1,1,1,3,2,4,1,2,4,3,3,3,2,3,3,3,2,4,1,2,2,1,2,2
2.367307116538791,0.661154805768682,0.7169288346120922,0.8265305926968072,0.9165405726911005,0.7184669123046195,1,1,0,200,3,1,1,3,2,2,3,3,2,2,1,2,2,2,2,2,3,3,2,2,2,2,1,3,1,3,2,2,3,2,3,4,3,2,2,1,2,2,2,3,2,3,2,3,2,3,1,3
2.707156723651168,0.7979180994106431,0.8477553081456591,0.7985035387637728,0.8144762385673204,0.7407482306181136,1,1,0,300,3,0,0,3,4,1,2,2,2,1,2,2,4,2,2,2,2,1,2,4,3,2,4,2,3,4,2,1,3,1,1,4,5,3,2,1,2,2,4,2,2,2,4,1,3,3,1,2
2.751100277431986,0.7210010274375894,0.7278097195119217,0.7278097195119217,0.8163329908541369,0.9463329908541369,1,3,0,200,2,1,0,2,3,2,3,4,3,1,2,2,2,3,5,3,4,2,5,2,4,3,4,4,5,4,2,3,3,3,3,4,3,4,3,4,4,4,2,3,1,1,2,2,1,2,2,1
2.196487350096026,0.8461639865101462,0.9555923384418409,0.8949793096264645,0.7822038307790796,0.834490423052301,1,3,0,200,2,2,1,3,1,2,4,3,3,4,2,3,2,1,1,1,2,4,1,4,4,3,1,3,2,4,2,2,2,3,2,2,2,1,3,4,2,3,2,1,1,3,4,4,2,2,3,4
2.8403056880378523,0.7334995928826887,0.8848833313992491,0.7770394323566653,0.8412308944976342,0.8157682912677433,2,1,1,200,2,2,0,1,3,3,3,2,3,2,3,3,2,1,2,2,3,3,2,3,4,4,1,3,2,3,2,1,3,2,3,4,3,1,3,2,4,3,2,1,2,3,2,2,2,1,1,3
2.677842016784273,0.5938905546290326,0.9948936470493946,0.7495136806713709,0.7158358319435489,0.9982978823497982,1,1,1,300,2,1,1,3,1,3,2,1,3,3,1,2,3,3,5,2,4,2,4,3,4,4,3,3,3,1,1,4,1,2,2,1,4,2,3,3,1,2,3,3,5,2,2,3,3,4,2,2
1.9478423224337482,0.7645472295907167,0.911368073976792,0.7418110816371328,0.9255491821405053,0.7709055408185664,1,1,0,300,2,2,0,3,2,2,3,3,1,4,1,4,1,3,2,2,2,5,1,3,2,1,4,2,4,3,3,1,4,2,2,2,3,4,1,4,1,4,1,3,2,3,2,3,2,1,3,3
1.9375196891730753,0.9645778641185903,0.7189643494695508,0.9876022524415066,0.8139512233541673,0.9246866796177886,1,0,0,200,1,2,0,2,1,2,2,2,2,2,2,2,2,2,3,2,3,2,3,2,2,4,4,4,4,4,2,2,3,2,2,4,2,2,2,2,2,2,2,2,2,2,2,2,2,2,2,2
2.0151294352317803,0.8957100602446995,0.9797559186799909,0.8652366867482332,0.7707174548164755,0.8780917168705829,2,1,0,300,2,1,0,3,1,3,3,2,3,5,2,4,2,1,2,2,3,4,1,3,4,3,1,3,2,3,2,2,2,3,2,2,2,1,3,5,2,4,2,1,2,4,4,4,3,2,2,3
2.3795392857700257,0.6423035711498707,0.6038214268992237,0.9857178588708021,0.8723035711498707,0.6046071422997412,1,1,0,300,1,2,1,2,2,1,3,2,3,2,1,3,2,2,2,2,3,2,3,2,2,2,1,3,1,2,1,2,3,2,2,3,3,2,3,1,3,3,2,3,2,3,2,3,2,1,1,3
1.755513209741087,0.9574321951102243,0.7012839024448879,0.9906350829242494,0.8719189853691371,0.9095674536529077,1,1,0,200,2,2,0,2,1,2,2,2,2,2,2,2,2,2,4,2,4,2,4,2,2,4,4,4,4,4,2,2,4,1,1,4,2,2,1,2,2,2,2,2,2,2,1,1,2,1,2,2
2.270888909821189,0.8,0.8459682599489111,0.83331428302299,0.8859111090178812,0.6811047610076634,1,1,0,200,1,4,0,3,1,1,2,2,2,1,2,3,3,1,3,2,3,4,3,2,1,2,2,2,3,2,1,2,2,2,3,3,3,3,3,2,2,2,2,2,1,1,2,1,2,1,1,2
2.1812833300660732,0.571391095487598,0.7724730586446188,0.7326276248099074,0.6549461172892376,0.6946369849586602,1,1,0,200,2,3,0,2,3,2,4,3,3,4,3,2,3,1,3,2,3,2,2,1,3,3,2,3,4,4,3,2,1,3,4,2,4,3,4,2,4,2,2,1,1,2,2,2,3,1,2,3
2.1547698919548304,0.7978849581153502,0.7656283112798267,0.9928318562587726,0.8564513293671047,0.9885309700140361,1,3,1,300,2,2,0,1,1,2,2,3,2,2,2,2,1,2,1,3,4,1,3,3,3,1,3,5,3,2,5,3,3,3,1,2,2,3,2,2,2,2,1,2,1,3,4,2,4,2,3,2
2.1274797909639362,0.575501281574523,0.6857723777524029,0.7628455244495195,0.7343360607187491,0.7542276222475971,1,2,1,200,2,0,2,2,1,1,4,4,4,4,4,4,4,4,4,4,4,4,4,4,4,4,4,4,4,4,4,4,5,3,5,4,4,5,5,4,3,5,4,5,4,4,3,4,4,3,4,4
2.5209968011417905,0.8006669036191266,0.8949982228565505,0.918996090284411,0.611003909715589,0.8993330963808734,1,3,0,300,2,2,0,2,1,2,2,2,2,2,3,2,2,3,2,3,1,3,2,2,3,3,3,3,4,3,3,4,2,2,2,3,2,2,2,2,2,2,2,2,2,2,2,2,2,2,2,2
2.7765393915230234,0.8863619977089253,0.7903638002291075,0.8903638002291074,0.8849067967924954,0.7954570034366121,1,1,1,300,2,1,1,5,4,1,4,3,1,4,1,4,2,3,3,2,3,3,3,2,2,3,2,4,4,3,1,2,3,2,2,3,2,3,1,4,1,4,2,3,3,5,2,1,3,2,5,4
2.4214699054453264,0.7914699054453265,0.829398108906528,0.855902836640208,0.78674763613316,0.9047222693121664,2,1,1,300,2,1,0,4,2,2,3,2,1,4,1,4,2,3,2,2,3,5,4,2,2,1,1,3,3,3,1,2,3,3,2,3,2,3,1,4,1,4,2,3,2,4,2,4,3,2,4,3
2.9637248463210555,0.6917779556827834,0.8804987991412119,0.8447787562553088,0.846942887775645,0.7941110221586083,2,1,1,300,1,1,0,2,2,2,1,1,5,1,2,1,3,4,2,3,4,3,3,1,4,1,1,3,2,1,1,2,2,3,2,1,4,1,5,1,2,1,3,4,2,3,1,1,4,3,2,1
2.0055293185805776,0.823788272567769,0.6731685684343658,0.8406824088516535,0.9684470681419423,0.8439136820042695,1,1,0,300,2,1,0,4,3,1,2,3,1,3,2,2,2,2,5,2,3,1,3,1,3,2,3,4,3,2,2,3,4,3,2,3,3,2,1,3,2,2,2,2,5,3,2,2,2,4,2,2
2.4553067658421344,0.6444658998544943,0.80873870101854,0.6033976995634829,0.8853410014550571,0.73957956700618,2,1,0,300,1,2,2,2,3,2,2,1,2,2,1,1,1,1,2,2,2,1,1,1,3,3,3,2,1,1,2,2,2,1,2,1,2,1,2,2,1,2,1,1,2,2,2,2,1,1,1,1
2.407815459639061,0.8380926185046795,0.7407075208250044,0.7763384401031256,0.8780306406187532,0.6378154596390606,1,1,0,300,3,1,2,3,1,3,3,4,2,4,3,2,3,3,3,2,4,3,3,3,3,2,3,2,2,2,1,2,2,2,3,3,2,4,2,3,3,3,3,3,3,3,4,2,2,3,3,3
2.8123724661267286,0.8,0.7289833317378013,0.7086442021354702,0.8267797098674436,0.7364405802651126,1,1,0,300,1,2,0,3,1,3,1,2,4,3,2,4,2,2,2,2,4,4,2,3,1,2,3,1,3,3,1,2,2,2,3,2,4,2,4,3,2,3,2,2,2,3,2,1,2,1,3,1
3.0228475076412438,0.7275037222591629,0.9069282651162536,0.7132959621262495,0.899775772757497,0.7481764039866721,2,1,1,200,2,2,0,2,4,2,1,3,3,1,3,2,2,3,2,3,1,3,2,3,2,4,3,2,4,3,1,3,2,5,2,1,3,2,3,1,3,2,2,3,2,3,5,3,3,3,3,1
2.4357605826143955,0.6963845225839218,0.8772309548321562,0.6919153567751766,0.9168077387080391,0.7057460703255297,1,0,0,300,1,1,1,1,2,2,3,2,2,3,3,2,3,3,2,2,2,1,3,4,2,2,1,5,1,1,1,3,4,4,1,3,4,2,2,3,3,2,3,3,2,4,2,2,2,1,3,3
2.8088089390024917,0.6630397020332504,0.838808939002492,0.8331265552684941,0.8666501308694908,0.8957692369692416,2,3,0,300,1,2,1,2,4,2,3,2,3,1,1,1,2,1,2,2,2,2,2,1,3,4,2,3,3,3,3,1,1,2,2,2,2,2,3,2,3,3,2,1,2,2,3,2,3,1,1,2
2.8658920478883827,0.7798085638125111,0.8329938829910635,0.8289816489731905,0.9200957180937445,0.7954134574196603,1,1,0,300,1,1,1,3,0,2,2,1,3,3,1,2,4,2,3,4,2,2,3,1,3,2,3,3,3,3,2,3,2,4,1,3,3,4,3,3,1,2,4,2,3,3,5,3,3,2,2,2
2.738496458301493,0.8831976454360462,0.7861129402491693,0.8618188168064771,0.8938870597508307,0.7987458844393692,1,3,1,200,2,1,1,4,4,2,4,3,2,3,2,4,2,3,2,2,3,3,2,2,2,3,2,4,4,3,2,2,2,2,2,2,3,2,2,4,2,4,2,4,2,4,2,1,2,2,4,3
1.882447326121307,0.923001445339834,0.841451662140809,0.8438989882621163,0.888499277330083,0.8253015898738174,0,3,0,200,2,0,1,4,2,1,1,1,1,1,1,1,1,1,1,1,1,1,1,1,4,4,4,5,4,4,2,4,4,2,1,3,4,1,1,1,2,1,1,2,1,1,1,1,1,1,1,1
2.3129838449687212,0.8900994614989574,0.9078118470229379,0.7722876144760195,0.702188152977062,0.7029838449687209,2,4,0,300,2,1,0,2,2,1,3,3,2,3,4,2,2,3,3,1,3,3,1,2,5,2,2,3,2,2,2,1,4,5,3,1,1,4,2,3,4,2,2,3,3,3,3,3,2,4,2,3
2.4159495908580855,0.89,0.8138142825902092,0.6515949590858086,0.8498058810665566,0.7773924386287129,1,1,0,300,1,0,0,2,2,2,4,3,2,3,4,2,2,1,2,1,3,1,2,4,3,4,1,1,3,3,5,1,4,2,2,4,1,5,2,3,4,2,2,1,2,2,1,5,3,3,2,4
2.659684400814516,0.8366496687127363,0.8067006625745274,0.7911507730036152,0.9229327443781978,0.9792668139054506,1,1,1,300,3,0,1,1,5,2,2,3,3,3,2,1,1,3,2,2,3,1,4,4,3,2,2,3,1,2,3,1,2,1,1,1,2,1,3,3,2,1,1,3,2,3,3,4,3,3,2,2
3.5321909542955354,0.9165110379120751,0.9693432679819889,0.7667008836663116,0.8334889620879249,0.8975474614385591,1,1,0,300,2,2,0,4,2,2,2,3,2,2,4,3,2,3,2,3,3,2,1,3,2,3,2,3,2,3,1,3,2,2,4,2,2,1,3,2,4,4,2,4,2,2,3,3,1,3,2,2
2.327400159383907,0.8355538829347477,0.7629615691122897,0.6259231382245796,0.878153723550841,0.8851846276449159,1,1,0,200,1,2,1,4,2,2,4,3,2,2,3,2,2,3,2,2,1,3,2,3,2,2,2,3,4,3,3,3,2,2,3,2,3,2,4,3,3,4,2,3,2,1,2,3,2,2,3,3
2.2412544817156466,0.8709104722298581,0.710910472229858,0.7021193703601892,0.9757612592796214,0.9721193703601892,1,1,1,300,3,1,0,2,5,2,2,3,2,3,2,1,1,3,2,1,2,1,4,4,3,2,2,2,1,2,2,1,2,1,1,2,2,1,2,3,2,1,1,3,2,3,2,3,3,4,3,2
2.4229751591601287,0.792975159160129,0.8595031832025781,0.8107452251961328,0.8243789790032227,0.8685961801569062,0,1,1,300,2,1,0,4,2,2,3,2,1,4,1,4,2,3,2,2,3,5,4,2,2,1,1,3,3,3,1,2,3,3,2,3,2,3,1,4,1,4,2,3,2,4,2,4,3,2,4,3
1.811718142634472,0.6970626108293339,0.8796712388292344,0.9295440266341731,0.8720254424390123,0.7412407079024196,1,1,0,300,2,2,0,2,3,3,3,2,2,4,4,4,1,2,3,2,3,3,2,3,3,2,2,4,3,2,3,2,1,1,3,2,3,1,2,4,4,4,1,2,3,2,5,4,1,2,2,3
2.2185244856545285,0.905961223360326,0.7694485709014854,0.7911028581970291,0.8522951028690943,0.8342175495897463,2,0,0,200,1,2,0,4,2,1,2,1,2,1,1,1,1,1,2,1,3,1,3,1,2,3,2,2,2,3,2,2,2,1,2,1,2,1,1,1,2,2,2,1,1,1,1,1,1,1,1,1
2.9228766613425785,0.6809702728973636,0.9433447191165041,0.8599658426504879,0.9433105617669919,0.9728425039930663,2,1,1,200,1,2,0,1,3,3,3,2,4,1,2,2,2,1,2,2,3,3,2,1,3,4,1,3,3,3,2,1,1,2,3,3,2,1,3,2,4,3,2,1,2,2,2,2,3,1,2,3
2.819618143148669,0.6584829907981229,0.9430340184037542,0.7379773210641638,0.8313931963192491,0.89,1,1,0,300,2,1,0,1,5,2,1,4,2,1,3,3,3,3,2,2,1,3,3,2,1,4,2,2,3,3,1,3,3,5,1,1,3,2,2,1,3,3,3,3,2,4,5,2,4,3,3,1
1.8393049376993929,0.8119634913277907,0.7519026435407751,0.8514509723882301,0.9273414463716021,0.7,2,3,0,200,1,4,0,2,2,2,2,3,2,1,3,2,2,1,2,1,2,3,2,2,3,3,2,1,2,2,2,1,2,2,2,3,1,3,2,1,2,3,2,3,1,1,1,2,2,2,1,2
2.33,0.89,0.6078083502699175,0.7073518894887056,0.8457073547158119,0.7456620276278235,1,1,0,300,2,0,0,2,5,3,3,1,1,5,5,4,4,1,2,3,2,3,4,1,3,4,2,1,2,3,4,2,1,3,2,2,4,4,1,5,5,4,4,1,2,4,2,4,2,2,3,3
2.231238319373516,0.3302268479772188,0.7157939679202656,0.7157939679202656,0.6434027196582813,0.7095463040455624,1,2,0,200,2,0,2,3,0,0,5,5,4,4,5,5,5,5,5,5,4,4,5,5,5,4,5,4,4,4,5,5,5,3,5,4,4,5,5,5,3,5,4,5,4,5,4,5,5,3,5,4
2.58568233260924,0.7403032589374399,0.819909022318768,0.744863533478152,0.924893859371896,0.7404548884061599,1,2,0,200,2,1,2,2,0,2,3,2,3,3,1,2,3,3,3,3,2,2,3,1,3,3,3,2,3,3,3,3,2,4,2,3,3,4,3,3,1,3,3,3,3,3,4,2,2,2,2,3
3.4816473469741496,0.9220170482103323,0.7638636143173421,0.8254544572693681,0.8620170482103322,0.9121875303136547,2,4,0,300,1,1,0,1,2,3,5,3,1,2,1,2,2,3,4,1,2,1,3,3,2,1,3,4,1,2,3,2,3,2,1,1,4,3,1,2,1,2,2,3,4,3,2,2,1,5,1,5
1.8780317409155667,0.6610165918422279,0.9129992786155553,0.9040014427688894,0.5680100993822257,0.7700072138444469,2,2,0,300,2,2,0,2,1,2,3,2,2,2,2,3,2,2,2,4,2,2,1,3,3,4,1,2,2,2,2,2,1,4,3,2,3,3,2,3,2,3,2,2,2,4,2,3,2,4,3,3
1.9783053781569464,0.5834492743678431,0.9110590063177312,0.8333737066789636,0.6130558989163024,0.7,1,2,0,300,2,2,0,2,0,2,3,2,3,2,3,3,3,4,2,3,2,1,1,3,3,3,2,1,2,2,3,4,1,3,4,2,2,2,3,2,3,3,3,3,2,4,3,3,3,3,3,4
2.1004823250327003,0.8609902406646643,0.9305695076082743,0.8536634135548881,0.7967573195015019,0.8491585338872202,2,1,0,300,1,2,0,3,1,3,3,2,3,5,2,4,2,1,2,2,3,4,1,3,4,3,1,3,2,3,2,2,2,3,2,2,2,1,3,5,2,4,2,1,2,4,4,4,3,2,2,3
2.4145056089084447,0.8164991987273651,0.916700160254527,0.7967001602545271,0.8753992521455407,0.6941988248001354,2,3,0,200,1,2,0,3,1,1,1,1,1,1,1,3,3,1,3,2,4,3,3,1,1,2,2,3,3,2,1,1,2,3,4,3,4,2,4,2,3,2,2,2,1,1,1,1,2,1,1,2
1.6716548178311434,0.8121212592186007,0.497319321959215,0.9337995156851536,0.9163403390203925,0.7588811623556314,1,3,1,300,1,2,0,2,3,2,2,2,2,2,1,3,1,2,1,1,4,3,1,2,2,2,2,4,2,2,3,2,3,3,1,2,4,2,2,1,2,3,1,2,1,3,3,3,3,2,1,2
2.33,0.89,0.656197534262405,0.8148834094720112,0.6951632267391843,0.7187791476319971,1,1,0,300,2,4,0,1,5,3,2,1,1,5,5,4,4,2,1,3,3,2,3,1,3,4,2,1,1,3,2,2,2,4,2,2,4,4,1,5,5,4,4,2,1,3,2,4,2,3,3,2
1.6395466354822432,0.5366529565379389,0.9190601806015913,0.8787221672190957,0.4916158461633998,0.7,2,1,0,300,2,2,0,2,1,2,3,2,2,2,3,3,3,3,2,3,3,2,1,2,3,3,2,2,2,2,2,3,1,5,4,1,2,3,2,3,3,3,3,3,2,4,3,4,2,4,3,3
2.5059095746206888,0.9173484042298853,0.69,0.86699556757088,0.873737588720306,0.8033847520613009,2,4,0,300,2,1,1,4,1,1,3,3,2,4,3,2,2,4,3,2,4,3,4,3,4,2,2,3,2,3,1,1,2,3,3,3,1,5,2,4,3,2,2,4,3,3,3,2,2,4,2,3
2.8805911721497592,0.6978434635721954,0.6957507638074787,0.8478434635721954,0.9214376909518697,0.9177796269091077,1,1,0,300,2,0,2,1,4,3,2,2,4,4,3,2,3,1,1,1,3,3,1,3,3,4,3,2,3,1,3,2,2,1,2,4,2,2,4,4,3,3,3,1,1,2,4,4,4,2,4,2
2.029679405439738,0.8141282378241048,0.6884636234451674,0.8261923567361572,0.9660320594560262,0.8551837225385445,1,1,0,300,2,1,0,4,3,3,2,3,1,3,2,2,2,2,5,2,3,1,3,1,3,2,3,4,3,2,2,3,4,3,2,3,3,2,1,3,2,2,2,2,5,3,2,2,2,4,2,2
1.7059818276318346,0.7589123949760301,0.9003090901821665,0.7488380171236819,0.9371322317353789,0.7180595022818785,1,3,0,300,2,2,2,2,0,2,3,2,3,4,2,1,2,3,2,3,2,2,3,2,3,2,3,2,3,2,3,3,1,3,2,3,3,2,2,3,2,3,2,2,2,2,3,2,3,3,3,2
2.50982633705306,0.6614037624361515,0.714442837904374,0.79,0.9457308250425657,0.6613458747871716,2,1,0,300,1,1,0,2,1,3,3,2,3,4,2,3,3,3,3,3,3,3,1,3,4,2,3,2,1,2,2,3,2,1,2,2,4,3,3,4,2,3,3,3,3,4,4,4,4,2,2,3
2.3009166739430986,0.7463499869024219,0.790916673943099,0.677741680491888,0.9422750021829297,0.761341645565013,1,2,0,200,2,1,1,2,1,2,3,2,2,2,3,2,2,3,2,3,1,3,2,3,2,2,2,2,3,2,3,3,2,3,3,2,3,2,3,3,3,3,2,3,2,2,3,3,2,3,3,3
2.180980089978058,0.664270034991467,0.9,0.6973200599853718,0.9877999000243802,0.6673200599853719,1,3,0,200,3,2,0,3,1,2,2,2,2,3,2,2,1,3,2,3,1,3,3,2,3,4,4,4,4,4,2,3,1,4,3,2,2,1,2,1,2,2,1,2,1,2,2,2,2,2,2,2
3.226386630125707,0.6881325905625393,0.8885060724500314,0.6937348188749214,0.9214939275499686,0.8787955433752357,1,1,0,300,2,0,0,4,1,2,4,1,4,1,3,3,3,3,1,4,3,3,3,3,4,2,2,2,2,2,3,2,2,3,1,3,2,3,4,1,3,3,3,3,1,1,4,3,4,3,3,4
2.2237058934746647,0.7819318990812615,0.7740340504593692,0.7016160897055452,0.9358080448527726,0.942417960753824,2,4,0,300,1,1,0,2,2,3,3,3,1,2,2,2,2,3,5,2,2,2,3,3,4,3,4,3,2,4,3,3,3,1,3,3,4,2,1,2,2,2,2,3,5,2,3,3,1,4,3,3
2.082133448987884,0.8,0.7848343154540273,0.9044076256564505,0.8111370883342832,0.7720381282822526,1,3,0,200,2,2,0,2,1,1,2,2,2,1,3,2,2,1,2,2,2,3,2,2,3,3,2,2,2,3,2,2,2,2,2,3,2,2,2,2,2,2,2,2,1,1,2,2,2,2,1,2
2.0198832819585366,0.3225412102530377,0.688894235885632,0.688894235885632,0.5281181537955655,0.7249175794939245,1,3,0,200,2,2,0,4,1,1,5,5,4,4,5,5,5,5,5,5,4,4,5,5,5,4,5,4,4,4,5,5,5,4,5,4,4,5,5,5,4,5,4,5,4,5,4,5,5,4,5,4
2.08046379925042,0.8656672978016441,0.7056672978016441,0.7091102695978078,0.9617794608043844,0.9791102695978078,1,0,1,300,2,1,0,2,5,2,2,3,2,3,2,1,1,3,2,1,2,1,4,4,3,2,2,2,1,2,2,1,2,1,1,2,2,1,2,3,2,1,1,3,2,3,2,3,3,4,3,2
2.507204126016889,0.6538003868140834,0.8315994842478889,0.7462987750887361,0.936999355309861,0.6130006446901388,1,1,0,200,1,4,1,1,1,2,3,2,3,3,3,2,2,3,3,2,3,3,3,3,3,2,2,2,2,2,2,3,2,4,3,3,3,2,3,2,3,2,2,3,3,3,4,2,4,3,2,3
2.814823804051831,0.7027343178002525,0.9676268458754735,0.7194238924747158,0.9678417897250315,0.5978417897250315,1,1,0,300,2,1,0,1,2,2,3,2,1,4,2,3,3,2,3,3,3,1,2,3,4,2,2,2,3,2,3,3,3,2,3,3,1,3,1,3,2,3,3,2,3,3,4,1,2,3,2,3
2.70292728556941,0.65262657145086,0.95474685709828,0.6434335713728501,0.82754219048362,0.8485179523400901,1,1,0,300,4,0,0,2,5,1,1,4,3,1,4,3,2,2,2,3,1,3,3,2,2,4,3,1,4,3,1,2,3,4,1,2,3,3,3,1,4,3,2,2,2,4,4,2,4,3,2,1
2.445362543698878,0.927439576050187,0.69,0.7896299169485667,0.8468277971995014,0.6890181380978811,1,1,0,300,3,1,1,4,1,2,3,4,2,4,3,2,2,4,3,2,4,3,4,3,4,2,2,3,2,3,1,1,2,2,3,3,1,5,2,4,3,2,2,4,3,3,3,2,2,4,2,3
2.7848318278831394,0.6753486450948254,0.9620672688467443,0.7784495483649418,0.9375963869195341,0.8103363442337216,2,1,1,300,1,1,0,2,2,2,1,1,4,1,2,1,3,4,2,3,5,3,3,1,4,2,1,3,3,1,1,2,2,2,2,1,4,1,4,1,2,1,3,4,2,3,1,1,4,3,2,1
1.9787123326354668,0.8406605747331704,0.7831019810550075,0.8547199357861258,0.9256103515804592,0.8034657505234,1,3,0,200,3,2,0,3,1,2,2,2,2,2,2,2,1,2,3,2,2,2,3,2,2,4,4,4,4,4,2,2,2,3,2,3,2,1,2,1,2,2,1,2,1,2,2,2,2,2,2,2
2.3875268977076542,0.8143110829745851,0.6521905364830319,0.8540285171652713,0.9454063512161011,0.8243460779703246,2,1,0,300,1,2,1,3,3,1,2,3,1,2,3,2,2,3,5,2,3,1,2,2,2,2,3,4,2,3,3,4,3,2,3,3,4,1,1,2,2,2,2,3,5,1,3,2,1,2,3,3
2.733039255161004,0.7927485980299642,0.9362570098501793,0.7994747645393544,0.6797654216703946,0.9,1,3,0,200,2,2,0,2,1,2,2,2,3,3,2,2,2,2,2,3,2,2,2,2,3,2,3,3,3,4,3,4,2,2,1,4,2,1,2,2,2,2,2,2,2,2,1,2,2,2,2,2
2.717001006756212,0.7453482200350395,0.7853482200350396,0.7853482200350396,0.7501299532905072,0.771216253232108,1,3,0,200,2,1,0,2,2,1,3,5,3,1,3,3,3,3,5,3,4,1,5,2,4,3,4,4,4,4,3,3,2,4,3,4,3,3,4,4,4,4,2,4,1,1,2,2,2,2,2,2
2.7991334357581406,0.8351704158925068,0.7914488752322479,0.7021733128483718,0.8916903544376226,0.8827556238387604,1,2,0,200,2,1,2,2,0,2,3,2,3,3,1,2,3,3,3,3,2,2,3,1,3,3,3,2,3,3,3,3,2,4,2,3,3,4,3,3,1,3,3,3,3,3,4,2,2,2,2,3
2.0218424667236015,0.7394010940413227,0.8577179512378327,0.9467930383131314,0.8641849825849403,0.7286959721359043,1,1,0,300,2,2,0,2,3,3,3,2,1,4,4,3,1,2,3,2,3,4,1,3,3,2,2,4,3,3,3,2,2,2,3,2,3,1,1,4,4,3,1,2,3,2,5,4,1,1,2,3
1.851518315035217,0.89,0.8932295647294125,0.7549026004000118,0.9173930468941127,0.7222956472941245,1,1,1,300,2,2,2,2,2,1,4,1,2,3,5,1,2,3,5,3,2,4,5,2,2,1,1,2,3,1,4,1,4,2,2,4,4,2,2,3,5,1,2,3,5,4,1,2,4,2,4,4
3.3690417806117647,0.8469891009014278,0.7518074477907482,0.7518074477907482,0.7743369663661908,0.9043369663661908,1,3,0,200,2,1,0,2,3,1,3,4,3,1,2,2,2,3,5,4,4,2,5,2,4,3,4,4,5,4,2,3,2,3,3,4,3,4,3,4,4,4,2,3,1,1,2,2,1,2,2,1
2.4839585172854473,0.7566668397980681,0.9010417424116548,0.7972916774873793,0.8870832251262074,0.648333419899034,1,1,0,200,1,0,0,2,1,1,2,2,2,2,2,3,3,2,3,2,3,3,3,2,1,2,2,2,3,2,1,2,2,3,3,4,3,3,3,2,3,2,2,2,2,1,2,1,2,1,1,2
2.282890280286889,0.8924411431717746,0.9078160016518164,0.9270662846917327,0.7951177136564509,0.8022057158588728,1,1,0,300,1,4,0,2,1,3,3,2,2,5,2,3,1,1,2,2,3,5,1,3,4,2,1,3,3,4,2,2,2,3,2,3,2,1,2,5,2,3,1,1,2,3,4,4,2,1,3,3
2.348829531522144,0.8735241599181242,0.6313825525369063,0.6970610743208039,0.874707382880536,0.7609838933879173,1,1,1,300,2,1,0,3,4,1,4,2,1,5,5,4,3,1,3,2,2,4,4,2,3,4,3,2,2,4,4,3,1,3,2,1,4,3,1,5,5,4,3,1,3,4,2,3,1,2,2,4
2.4114078345369556,0.8931552992778264,0.9025350743415458,0.7877184330926088,0.9954368661852177,0.7925350743415458,2,1,1,300,2,2,0,1,3,1,1,4,4,1,2,2,3,3,2,1,1,3,1,2,2,1,3,2,4,2,1,2,3,4,1,2,3,2,4,1,2,2,3,3,2,3,2,3,2,4,2,1
2.321833775560724,0.8862648414677925,0.9499150719630397,0.9895415561098191,0.9373853890274547,0.79,1,0,0,300,1,1,0,1,3,2,4,1,2,3,2,3,3,3,2,1,2,3,4,4,2,4,2,3,3,1,2,3,4,3,2,2,4,1,2,3,2,3,3,3,2,3,3,4,4,2,4,4
2.369101710871229,0.8750794036153662,0.7150794036153661,0.6965607951795117,0.9868784096409765,0.9665607951795118,1,1,1,300,3,1,0,2,5,2,2,3,2,3,2,1,1,3,2,1,2,1,4,4,3,2,2,2,1,2,2,1,2,1,1,2,2,1,2,3,2,1,1,3,2,3,2,3,3,4,3,2
2.451281805573441,0.7506247815952819,0.7082415476343781,0.7639194841218739,0.8247987103046849,0.669120773817189,1,2,1,200,2,0,2,4,0,1,4,5,2,4,3,3,3,4,3,2,4,3,4,4,4,2,3,3,2,3,2,2,2,2,4,3,2,5,2,4,3,3,3,4,3,3,4,2,2,3,3,4
2.5245675288937166,0.9354628233351437,0.6918512933405753,0.9145371766648562,0.7563581177765708,0.7990440011008517,1,2,0,300,1,2,0,3,3,1,2,4,2,4,2,4,4,3,2,4,2,2,3,2,1,2,3,3,4,2,4,4,2,3,3,2,2,3,2,4,2,4,4,3,2,1,3,1,1,2,4,2
1.69494347678158,0.9913352839964577,0.9230682271971662,0.7865341135985832,0.8759941480106268,0.9065341135985832,0,3,0,200,2,2,0,4,1,1,1,1,1,1,1,1,1,1,1,1,1,1,1,1,3,4,4,5,4,5,1,4,4,2,1,3,4,1,1,1,2,1,2,2,1,1,1,1,1,1,1,1
2.2756437042671083,0.7918413323192045,0.7656437042671086,0.6297230381075063,0.9346931112801327,0.8346332576253851,1,1,0,300,2,2,1,3,1,2,3,2,2,2,3,2,2,3,2,3,1,3,2,3,2,2,2,2,3,2,3,3,2,3,3,2,3,2,3,3,3,3,2,3,2,2,3,3,2,3,3,3
2.6249757101835405,0.7624732812018945,0.9224344174955592,0.7724829971284783,0.7775170028715217,0.9375072869449379,2,1,0,300,3,1,1,2,4,2,4,5,3,3,3,2,2,1,4,3,4,3,4,1,4,3,3,4,2,1,1,4,3,4,3,4,3,5,3,4,3,2,2,1,3,1,2,2,3,2,2,4
2.2616106644120384,0.8240928002352655,0.7153375995882854,0.7964767999411837,0.6929535998823673,0.7631082669411431,1,2,0,200,2,2,0,2,2,0,4,4,4,2,3,3,3,4,4,3,4,2,4,2,4,3,4,4,4,4,4,3,3,4,4,4,3,3,4,4,4,5,3,5,2,2,3,3,2,3,3,3
2.499891427054978,0.8971459592270007,0.7772762467610268,0.7614595922700063,0.8915464506260237,0.8499348562329869,2,2,1,300,2,1,0,2,3,2,2,4,5,2,2,2,4,4,2,1,2,3,1,2,2,1,4,2,4,2,1,2,3,4,1,2,3,2,5,2,2,2,4,4,2,3,2,4,2,4,2,2
2.297177613824055,0.6461151280113755,0.9471842098625816,0.8560197376717732,0.5889309181487941,0.7679605246564537,2,2,1,300,2,1,0,2,1,3,2,2,3,2,3,3,3,4,2,3,3,2,1,3,2,3,2,2,2,2,2,3,1,3,4,2,2,2,3,2,3,3,3,3,2,3,3,3,2,3,2,3
2.011552405801079,0.9440132206108114,0.7415854573281074,0.980404627213784,0.7872171867940548,0.9216019830916218,1,3,0,200,1,2,0,2,1,2,2,2,2,2,2,2,2,2,3,2,3,2,3,2,2,4,4,4,4,4,2,2,3,2,2,4,2,2,2,2,2,2,2,2,2,2,2,2,2,2,2,2
2.1863892224530557,0.7477432640331597,0.7994782910607292,0.7286459584198958,0.9454865280663194,0.9272919168397917,1,1,1,200,2,2,1,3,3,2,2,3,1,3,3,1,2,2,4,2,3,2,3,3,4,3,4,3,2,4,3,4,2,1,3,3,4,2,1,3,3,1,2,2,4,2,3,3,1,4,2,2
1.939281638298993,0.89,0.6340734008295501,0.7616527841687039,0.6337896916695769,0.8531051541652116,1,3,0,200,2,0,0,2,2,1,4,4,3,4,4,4,4,4,4,4,4,4,4,4,4,4,4,4,4,4,4,4,5,4,5,5,4,5,4,4,4,5,4,5,4,3,3,3,3,3,3,3
2.501303351598176,0.926738756849316,0.6569550273972639,0.923261243150684,0.7621741621004561,0.8484803778538763,1,2,0,300,1,0,0,3,3,1,2,3,2,4,2,3,4,3,2,4,3,2,3,2,1,1,2,3,3,2,4,4,3,2,3,2,2,3,2,4,2,3,4,3,2,2,3,1,2,2,4,2
2.077142182062795,0.721538643290786,0.6288279253765647,0.895164601483275,0.8894139626882824,0.7553117015062591,1,0,1,300,3,1,1,2,3,2,2,2,2,2,1,3,2,2,2,1,3,2,3,3,2,2,1,2,1,2,2,2,3,1,2,3,3,2,2,1,2,3,2,3,2,3,2,3,3,2,1,2
2.0496959225895406,0.6464319950057769,0.9706279956300548,0.8261560068670569,0.9132159975028884,0.8396479925086652,1,3,1,300,2,0,1,3,1,1,3,3,2,4,5,4,2,1,3,2,3,4,1,4,3,2,4,4,2,3,3,3,1,2,3,1,4,2,2,4,5,4,2,1,3,2,3,2,1,2,1,3
3.0904538020997685,0.7651361406299305,0.842023507795243,0.8429311119947801,0.7969781275852662,0.5924773098950116,1,1,1,200,1,0,0,1,4,3,3,4,1,2,2,4,2,1,3,2,3,2,2,2,5,4,3,2,2,2,4,3,3,2,2,3,1,2,1,2,2,4,2,1,3,1,3,3,2,4,2,3
3.0333481409892005,0.7544027321348739,0.7611945357302523,0.7093208196404621,0.8877986339325631,0.7579624589213865,1,0,0,300,2,1,1,1,2,2,4,1,2,3,3,2,3,3,2,2,2,1,3,4,2,3,1,5,2,2,1,3,4,4,2,3,4,1,2,3,3,2,3,3,2,3,3,2,3,1,3,4
2.183541505057564,0.7287446223257009,0.8415692220928739,0.6996861555814252,0.92,0.7726461668606892,1,0,1,300,2,1,1,2,2,2,2,3,2,3,2,3,3,3,2,1,2,1,3,4,3,2,1,4,1,1,1,3,4,3,1,3,3,2,2,3,2,3,3,3,2,4,2,3,2,1,3,2
2.7742426045480975,0.9948183440932878,0.9251062138658831,0.6846059163615219,0.9389924557959171,0.9942426045480977,2,1,1,300,1,2,1,2,1,2,3,3,4,2,1,3,1,1,4,2,2,2,3,3,2,1,2,3,1,4,4,1,4,3,3,4,3,2,4,1,1,3,1,1,4,3,2,4,1,1,2,3
2.7482138494175103,0.8795534623543776,0.8143752545064524,0.8563389342529943,0.9027679904557608,0.7795534623543776,1,1,1,200,2,0,1,4,4,2,3,4,1,4,1,4,1,3,2,2,3,3,2,2,2,3,3,4,4,3,2,2,3,2,2,3,3,3,1,4,1,4,1,3,2,4,1,1,2,2,4,3
2.4023984147869486,0.6473604227234805,0.8344796829573896,0.6038007926065257,0.93,0.7476998678989124,1,1,0,200,1,2,1,2,2,2,2,1,2,1,2,2,2,1,2,2,2,1,1,1,3,3,2,1,1,1,2,2,2,1,2,1,2,1,2,2,1,2,1,1,1,1,2,2,1,1,1,2
3.2233440779129268,0.6879635598840514,0.8883708479072412,0.694072880231897,0.9216291520927589,0.877781359304309,1,1,0,300,4,0,0,4,1,2,4,1,4,1,3,3,3,3,1,4,3,3,3,3,4,2,2,2,2,2,3,2,2,3,1,3,2,3,4,1,3,3,3,3,1,1,4,3,4,3,3,4
2.7926552700813208,0.8038651460027517,0.8203532773576885,0.7072269707994496,0.8639829051219813,0.9058993357587892,1,1,1,300,2,1,2,3,0,1,2,1,3,3,1,2,4,3,4,3,2,2,3,1,3,4,3,3,4,3,2,3,2,3,2,2,4,4,3,3,1,2,4,3,4,3,4,2,2,2,2,2
2.512951043438806,0.9392560501566016,0.7336949932822046,0.8307315718760047,0.7785244782805969,0.6866707926557979,1,1,1,300,2,1,0,3,3,1,3,4,1,5,3,5,4,2,2,4,2,3,4,2,1,3,3,2,4,2,4,4,1,3,3,2,2,2,1,5,3,5,4,2,2,2,2,1,1,2,4,3
2.53610525349245,0.7900930275265918,0.8469008594904791,0.8383574022186477,0.8577478512738024,0.6947417382908732,1,1,0,300,2,1,0,3,2,3,2,4,1,2,3,2,2,4,4,1,3,2,1,2,2,2,4,4,2,3,2,2,2,4,4,1,2,4,1,2,3,2,2,4,4,4,2,2,2,4,2,2
2.7409783416065103,0.7293502481953004,0.7811949255414099,0.89902165839349,1.0,0.7203285898018104,1,1,0,300,2,1,0,3,2,3,2,3,1,2,3,2,2,4,4,1,3,2,1,2,1,2,5,3,2,3,2,2,2,3,3,1,3,4,1,2,3,2,2,4,4,4,1,1,2,3,2,2
2.583353649953267,0.8230182849579404,0.762850602460277,0.8373170800373864,0.9055868887418217,0.8033536499532671,2,1,1,300,1,2,1,2,1,2,3,3,4,2,1,3,1,1,3,2,2,2,3,3,2,1,2,3,1,4,3,1,4,3,3,4,3,2,4,1,1,3,1,1,3,3,2,4,1,1,2,3
2.291343674030625,0.6474279041814416,0.904204153123417,0.7899596364483075,0.7227335500253285,0.7,1,2,0,300,2,2,0,2,0,2,4,2,3,2,4,3,3,4,2,2,2,1,2,3,3,3,3,1,3,2,3,4,1,2,4,2,3,1,3,2,4,3,3,4,2,4,3,3,3,2,3,4
2.0166009349550076,0.987875869106299,0.6155881682919013,0.927091644717097,0.84,0.6848039439026995,2,1,1,300,2,2,1,4,1,1,3,5,2,1,1,3,3,4,2,2,4,4,3,3,1,1,2,3,2,1,2,2,1,3,2,1,2,4,2,1,1,3,3,4,2,2,4,2,3,4,3,3
2.0969258246189866,0.7815370876905068,0.5956614835076203,0.8075095607409108,0.9266148350762027,0.6509533515685824,1,1,0,300,1,2,0,2,3,2,2,3,4,1,1,3,2,3,2,3,3,3,2,2,2,2,1,1,2,3,2,2,3,2,2,4,2,2,4,1,2,3,2,4,2,1,2,2,1,3,1,2
2.6205981062410504,0.8565382956169456,0.7945083903048931,0.8075215150071595,0.9121046685921839,0.8405981062410506,2,1,1,300,1,2,1,2,1,3,3,3,4,2,1,3,1,1,3,2,2,2,3,3,2,1,2,3,1,4,3,1,4,3,3,4,3,2,4,1,1,3,1,1,3,3,2,4,1,1,2,3
1.8679855617728962,0.8576224852921676,0.7729884813700788,0.8685360156883547,0.9692074950973891,0.7668299803895566,1,3,0,200,1,2,1,3,1,1,1,1,1,1,1,1,1,2,2,2,3,1,3,1,3,3,3,5,3,4,2,2,4,3,2,2,4,1,2,2,2,2,1,2,1,1,1,1,1,1,2,1
2.2308857937580835,0.7602793968091184,0.697686523838381,0.9381056190520586,0.8764906349132355,0.7447359523698533,1,1,1,300,1,1,0,4,1,2,3,3,2,2,2,3,1,1,1,1,2,2,1,3,4,2,3,3,2,3,3,2,2,3,1,1,3,2,2,2,2,3,1,1,1,2,4,4,2,2,3,3
1.7680884860586676,0.7832043985341933,0.8977347995113978,0.9045635188273546,0.7499668821498497,0.7809391980455911,1,1,0,300,2,1,0,1,1,2,3,4,2,3,3,2,2,1,3,3,1,1,3,3,2,1,2,4,3,2,1,2,2,3,3,2,3,3,2,3,3,3,2,1,3,2,3,1,3,2,3,3
2.5300619816597645,0.9375232431224118,0.700092972489647,0.9124767568775882,0.7549845045850588,0.7873682889730003,1,2,0,300,1,0,0,3,3,1,2,4,2,4,2,4,4,3,2,4,2,2,3,2,1,2,3,3,4,2,4,4,2,3,3,2,2,3,2,4,2,4,4,3,2,1,3,1,1,2,4,2
1.5772764219142985,0.9687070042142881,0.9049656033714306,0.7774828016857153,0.9438789873571355,0.8974828016857153,0,3,0,200,2,2,0,4,1,1,1,1,1,1,1,1,1,1,2,1,2,1,2,1,3,3,3,5,3,5,1,2,4,2,2,3,4,1,2,1,2,2,2,2,1,1,1,1,1,1,1,2
2.0571146421063196,0.9195609237987877,0.6949686374141991,0.7150940877574026,0.8504390762012123,0.8956586143018185,1,1,0,300,2,0,0,2,5,1,2,3,2,2,2,2,3,3,2,1,2,1,3,5,2,2,3,2,1,2,2,1,3,1,1,3,3,2,2,2,2,2,3,3,2,3,2,2,4,4,2,2
2.3235558699284953,0.6872669301742188,0.8842138825307155,0.695740406352467,1.0,0.6470840857069491,2,1,1,200,2,2,0,4,2,2,2,2,2,3,2,2,1,4,2,3,1,3,2,3,3,4,4,4,4,4,2,3,1,5,4,1,2,1,3,1,2,2,1,2,1,2,2,2,2,2,2,2
2.65084635108183,0.629282426845705,0.8753909810590312,0.8419779173752207,0.8607819621180623,0.8876080894856835,1,1,0,200,2,3,0,2,3,2,4,2,3,2,2,2,3,1,3,2,3,2,2,1,3,3,2,3,4,3,3,1,1,2,3,2,3,2,3,2,4,2,2,1,1,2,2,2,3,1,2,3
2.517922786978957,0.8916293442708143,0.773706557291857,0.7153977052076861,0.8530347541665143,0.8242162296871003,1,1,0,300,1,0,1,2,2,2,4,3,2,4,4,2,2,1,3,2,4,1,2,3,4,4,1,1,3,3,4,1,4,3,2,4,1,5,2,4,4,2,2,1,3,3,2,4,2,3,1,4
2.8633042513517766,0.6028227498960171,0.9710668135658238,0.907056874740043,0.8514113749480086,0.6836488127339613,1,1,0,200,1,2,0,2,3,1,2,1,2,1,1,3,3,2,3,2,4,3,1,3,4,2,3,2,3,3,1,2,3,1,3,4,4,2,2,1,1,3,3,2,3,2,3,2,2,2,1,2
2.5862402896287158,0.7679403371408,0.8329096866152421,0.853514506166821,0.8927257834618947,0.6935758072179368,1,3,1,300,2,2,0,3,2,1,2,4,1,2,3,2,2,4,4,1,3,2,1,2,2,2,4,4,2,3,2,2,2,4,4,1,2,4,1,2,3,2,2,4,4,4,2,2,2,4,2,2
2.9924282370367132,0.773711583475827,1.0,0.6947720358974919,0.8281442082620865,0.8997348868945838,2,1,1,200,2,2,0,1,2,3,3,3,4,3,4,3,2,1,2,2,3,4,1,4,4,4,1,3,3,3,2,1,3,2,2,3,2,1,4,3,4,3,2,1,2,3,2,2,3,1,2,3
2.4799570931085757,0.8079914186217152,0.8355646860599191,0.7548534651235922,0.9085775581273463,0.8347283836928966,1,1,0,300,2,2,0,2,2,3,3,2,2,3,3,1,2,3,4,2,3,1,2,3,3,4,4,4,3,4,3,4,3,2,3,2,4,2,2,3,3,1,2,3,4,1,2,4,1,4,2,3
2.781793092757251,0.7634253265567453,0.8028276289709949,0.8028276289709949,0.7098391410422428,0.711356254129258,0,1,0,200,2,1,0,2,2,1,4,4,4,1,3,3,3,3,4,2,4,1,5,2,4,3,3,4,4,4,3,3,2,3,3,4,2,3,3,3,4,5,3,4,1,1,2,2,2,3,3,2
2.70990647869904,0.7828292959646835,0.8726422533627637,0.7,0.8030189671150352,0.8475474177875879,2,1,0,300,2,0,0,1,5,1,1,3,2,1,4,2,3,2,2,2,1,2,3,3,2,3,3,2,3,3,2,2,3,3,1,3,4,2,2,1,4,2,3,2,2,3,4,1,4,3,2,1
2.1903326771240215,0.725656210331087,0.6573013081172826,0.8042143763860871,0.9495379095931522,0.5816450977861957,0,4,1,300,3,0,2,2,2,1,4,2,2,2,1,3,3,2,1,2,4,1,3,3,2,2,1,4,2,1,2,2,2,2,3,4,3,3,2,1,1,3,3,3,1,4,2,3,2,2,3,4
2.7470738850492236,0.726493232766353,0.807013534467294,0.8286576436884706,0.8585972931065412,0.89,1,1,0,300,1,1,0,2,5,2,2,4,1,2,2,3,4,3,2,2,2,4,3,2,1,4,2,2,2,3,1,3,3,5,2,1,2,2,1,2,2,3,4,3,2,4,5,3,4,3,3,2
3.030019306282036,0.7250096531410181,0.8541554046688123,0.8945825289049152,0.8453981648130489,0.7733011561966067,1,1,1,200,1,0,0,1,4,1,4,3,2,1,2,3,2,1,3,2,3,3,2,1,4,4,3,2,2,2,4,2,2,2,2,3,1,2,2,2,3,4,2,1,3,1,3,3,3,2,2,3
2.6964041973289836,0.8718068247478845,0.8490698173889285,0.7,0.8854561678931594,0.8945438321068406,1,2,1,200,2,2,2,3,0,2,3,2,2,3,1,3,3,3,3,3,2,1,3,1,2,3,2,2,4,3,3,2,2,4,3,3,3,4,2,3,1,3,3,3,3,2,4,2,3,2,2,3
2.43,0.8994146480877653,0.5693166131037468,0.9412197213164788,0.7899509825079908,0.9800980349840185,2,1,0,300,1,2,0,4,2,2,2,3,3,3,2,2,4,3,2,3,3,2,3,1,1,1,2,3,3,3,4,3,4,2,3,2,2,4,3,3,2,2,4,3,2,3,2,2,2,2,3,2
2.38648349172497,0.8069486810996129,0.9629728153539459,0.914555894487969,0.5498066570858994,0.8289184460618374,1,1,0,200,1,2,0,3,1,2,1,2,3,2,3,2,2,3,1,4,1,2,1,2,1,4,2,1,1,1,1,3,1,3,2,3,3,2,3,3,3,2,2,3,1,2,3,3,3,3,2,2
2.2268689643672817,0.7511642830852826,0.79,0.7362095097881737,0.941850018403022,0.916804791700131,1,1,1,200,1,0,0,2,3,3,3,3,1,2,3,2,2,2,4,2,3,2,2,2,4,4,4,3,2,3,3,3,3,2,3,3,3,2,1,2,3,2,2,2,4,1,3,4,1,4,3,3
2.9113579229652724,0.670411429384833,0.9366254550630756,0.8801236348107734,0.9567490898738489,0.9814815577760457,2,1,1,200,2,2,0,1,3,3,3,2,4,1,2,2,2,1,2,2,3,3,2,1,3,4,1,3,3,3,2,1,1,2,3,3,2,1,3,2,4,3,2,1,2,2,2,2,3,1,2,3
2.6142088652107036,0.7265689858283608,0.688042088652107,0.7506952517846819,0.610695251784682,0.8978316453915719,0,1,0,200,2,1,1,3,2,1,4,2,3,2,2,2,2,2,4,2,4,1,4,2,2,3,3,4,4,4,2,3,4,2,2,4,2,4,2,2,4,4,2,2,1,1,2,2,2,2,2,1
2.461851284518659,0.33861277398249673,0.7451447089387384,0.7451447089387384,0.7691916097374504,0.6927744520350065,1,2,1,200,2,0,3,3,0,1,5,5,4,4,5,5,5,5,5,5,4,4,5,5,5,4,5,4,4,4,5,5,5,3,5,4,4,5,5,5,3,5,4,5,4,5,4,5,5,3,5,4
