GPA_S1,CA_AVG,EXAM_AVG,CLIN_AVG,LAB_AVG,ATT_RATE,ASSIGN_LATE,Age_group,Gender,Year_study,SES,Financial_diff,Employment_hrs,Study_hrs_day,Sleep_hrs,Self_risk_percep,Reviews notes within 24h,Understands content pre-exam,Seeks help when stuck,Uses library regularly,Completes readings,Takes organised notes,Concentration in self-study,Participates in class,Clinical takes study time,Prepared for clinical assess,Rotations affect performance,Adequate supervision,Schedule conflicts,Confident in clinical skills,Anxious about assessments,Sleep difficulty,Burnt out,Hopeless/unmotivated,Physical health affected,Considered break,Emotionally supported,Lecturers approachable,Sleep affects concentration,Regular exercise,Balanced diet,Health interferes studies,Takes rest breaks,Sense of belonging,Participates in clubs,Adequate advisory support,Concerns taken seriously,Early intervention provided,Peer study groups effective,Knows where to get help,Programme prepares for career,Confident to complete prog,Can improve performance,Sets academic goals,Persists when difficult,Manages time effectively,Self-motivates,Feels prepared
1.48,0.95,0.89,0.77,1.0,0.89,0,0,0,200,2,1,0,4,1,1,1,1,1,1,1,1,1,1,3,2,4,1,3,1,3,2,2,5,3,5,1,1,4,3,4,3,4,1,4,2,3,3,2,3,1,1,1,1,2,1,2,3
2.69,0.66,1.0,0.69,0.9,0.9,0,1,1,300,1,2,0,4,3,1,5,2,1,5,5,3,2,1,4,2,1,3,3,5,4,1,2,4,5,3,2,4,5,2,5,5,2,2,1,5,5,3,2,1,4,4,4,2,2,1,4,5
2.05,0.68,0.85,0.89,0.89,0.9,1,3,0,300,1,2,2,3,2,2,2,1,3,2,2,2,3,4,1,2,1,2,2,3,2,1,3,4,3,5,5,4,2,1,4,4,3,1,3,2,2,2,3,4,1,2,3,1,2,5,3,2
1.89,0.87,0.6,0.91,0.98,0.79,2,1,0,300,1,2,0,5,3,1,2,4,1,3,2,3,3,2,5,2,3,1,4,1,3,1,3,5,3,2,2,3,5,5,2,3,3,2,1,3,2,3,3,2,5,5,2,2,4,4,2,2
2.95,0.79,1.0,0.7,0.94,0.9,1,4,1,200,2,2,0,3,5,2,4,2,2,2,3,5,2,1,3,3,1,2,5,1,3,3,1,3,3,2,5,3,2,1,1,2,4,1,2,2,3,5,2,1,3,2,3,3,2,2,1,4
2.18,0.77,0.79,0.81,0.91,0.7,0,1,1,300,2,2,2,1,3,1,3,4,4,3,5,2,3,1,2,4,4,2,2,2,5,5,2,3,3,4,1,1,4,3,3,2,2,5,4,3,5,2,3,1,2,2,3,4,3,3,4,3
2.63,0.93,0.9,0.69,0.83,0.7,2,3,0,300,2,1,0,2,1,3,2,1,2,3,2,1,1,3,2,2,3,1,3,2,4,1,1,3,5,2,5,2,1,2,3,2,2,4,2,3,2,1,1,3,2,1,4,3,1,3,2,2
2.52,0.55,0.7,0.9,0.89,0.79,1,1,0,200,2,1,1,5,1,2,3,5,3,2,5,2,4,3,2,2,4,4,1,4,4,3,3,1,3,5,2,3,3,4,1,5,4,1,3,2,5,2,4,3,2,3,1,4,1,3,5,3
2.93,0.79,0.69,0.93,0.7,0.78,2,1,0,300,2,2,1,2,0,3,1,3,4,3,3,4,1,2,2,3,5,3,3,2,3,2,4,4,1,1,2,3,2,2,1,1,5,3,4,3,3,4,1,2,2,3,3,1,3,3,3,1
3.06,0.79,0.82,0.7,1.0,0.78,0,2,0,200,1,4,0,2,2,1,3,4,3,1,4,4,4,4,5,3,3,1,1,3,4,5,1,3,1,5,3,2,3,2,2,4,2,3,3,1,4,4,4,4,5,2,2,3,1,5,2,3
2.7,0.66,0.7,0.79,0.92,0.7,1,1,0,300,2,1,0,2,3,1,2,2,5,3,1,4,1,4,2,3,4,5,1,2,3,2,3,3,2,2,2,4,4,2,3,5,1,2,5,3,1,4,1,4,2,3,2,4,2,1,3,2
1.6,0.69,0.55,0.84,0.82,0.8,1,2,0,300,3,1,0,3,1,1,4,2,3,5,1,5,3,2,3,4,4,1,4,3,3,5,2,5,3,2,4,2,5,3,1,2,1,4,3,5,1,5,3,2,3,3,3,4,5,4,1,4
2.54,0.79,1.0,0.7,0.99,0.7,1,1,0,300,1,2,2,5,3,3,3,1,2,2,4,5,3,5,5,3,1,2,3,5,3,5,1,2,2,5,5,2,4,3,3,3,4,4,2,2,4,5,3,5,5,3,3,5,4,2,3,3
3.39,0.57,0.99,1.0,0.86,0.9,1,1,0,300,1,2,0,1,2,1,2,3,4,4,4,2,1,1,2,3,4,5,4,3,1,2,2,2,4,4,5,4,2,2,3,4,3,3,4,4,4,2,1,1,2,2,1,1,3,2,3,2
3.02,0.79,0.69,1.0,0.98,0.7,2,1,1,200,2,2,0,2,2,3,2,3,3,3,3,2,4,4,3,3,2,3,2,4,4,2,3,1,3,3,1,3,3,2,3,3,2,4,3,3,3,2,4,4,3,2,1,3,3,3,3,2
2.55,0.99,0.87,1.0,0.9,0.91,1,2,1,300,3,1,1,4,3,1,3,3,4,4,4,3,1,3,2,1,2,3,4,1,3,1,1,1,3,3,2,4,2,3,1,2,5,3,4,4,4,3,1,3,2,3,4,5,2,5,2,3
2.32,0.6,0.9,0.87,0.86,0.7,1,0,1,300,4,0,0,2,5,1,3,5,2,2,4,2,1,3,2,5,2,2,5,2,3,4,1,5,4,1,2,2,3,3,4,3,3,2,2,2,4,2,1,3,2,1,2,3,3,5,4,3
2.5,0.59,0.7,0.96,0.95,1.0,1,0,0,300,1,2,0,0,3,2,4,2,3,2,3,1,2,2,2,4,3,3,3,2,4,2,4,4,2,4,1,1,4,3,2,5,1,3,3,2,3,1,2,2,2,5,3,1,2,1,4,4
2.89,0.69,0.79,0.7,0.8,0.84,0,4,0,300,3,1,0,5,1,1,2,3,3,1,3,2,3,1,2,1,4,4,1,2,5,2,4,2,4,2,3,2,4,4,2,2,1,4,3,1,3,2,3,1,2,3,2,4,4,1,1,2
2.02,1.0,0.7,0.9,0.96,0.78,2,1,1,300,1,2,0,2,1,0,5,2,3,3,1,1,1,3,4,3,4,3,4,3,3,1,3,2,1,4,2,2,2,1,2,4,3,4,3,3,1,1,1,3,4,4,4,3,2,1,5,5
2.81,0.91,0.91,0.9,0.97,0.6,0,0,0,300,3,0,1,3,1,1,3,4,4,1,1,5,3,2,2,2,2,4,4,4,5,4,5,3,5,3,2,3,4,1,4,2,1,2,4,1,1,5,3,2,2,1,1,4,5,4,2,3
2.09,0.7,0.79,0.69,0.94,0.89,1,4,0,300,1,4,0,2,3,2,4,3,1,5,3,3,4,3,4,2,1,3,1,2,2,4,3,1,4,2,3,1,1,3,2,3,2,5,1,5,3,3,4,3,4,4,5,5,5,3,3,4
3.44,0.79,0.7,0.7,0.88,0.7,2,3,0,300,1,4,1,3,1,2,5,1,4,5,3,2,3,3,2,5,3,5,4,1,3,2,2,1,2,4,3,1,3,3,2,4,4,3,4,5,3,2,3,3,2,2,1,2,3,2,5,5
2.4,0.75,0.59,0.93,0.92,0.78,1,1,1,200,2,2,1,4,1,2,3,2,1,5,4,2,3,1,3,2,3,2,3,4,3,2,5,4,3,2,3,3,2,3,2,3,2,3,5,4,4,2,3,2,1,4,3,2,3,4,3,2
1.33,0.6,0.93,0.89,0.89,0.77,0,3,1,300,2,4,0,2,3,1,3,3,3,4,5,5,1,2,4,2,3,3,3,4,2,2,4,4,4,2,3,2,1,1,3,2,4,1,3,4,5,5,1,2,4,2,5,4,1,3,2,3
2.69,0.78,0.7,0.9,0.88,0.89,1,1,0,300,2,1,0,3,5,2,3,4,1,3,2,4,5,3,2,2,3,5,4,2,1,4,2,2,2,4,2,3,4,5,4,1,2,3,1,3,2,4,5,3,2,5,5,4,4,3,4,3
2.46,0.69,0.88,0.55,0.84,0.78,2,1,1,300,2,0,0,4,5,2,3,4,4,2,4,5,1,1,3,3,3,4,3,2,3,4,3,1,5,5,2,1,4,4,3,3,3,5,4,2,4,5,1,1,3,5,4,3,5,3,2,3
2.17,0.63,0.69,0.69,0.88,0.59,1,0,1,300,2,2,0,2,2,1,2,1,2,2,3,4,3,1,2,3,2,2,4,2,5,5,4,5,4,5,4,1,2,3,1,5,2,3,2,2,2,3,1,4,2,2,2,2,1,1,1,1
3.0,0.8,0.79,0.6,0.89,1.0,1,4,1,200,2,0,2,4,1,0,2,2,2,2,2,2,2,2,3,2,2,2,2,2,4,4,4,4,4,4,1,2,5,1,3,3,3,1,3,3,2,3,2,1,1,2,2,2,2,2,2,2
3.0,0.78,0.7,0.88,0.67,0.6,1,2,1,300,2,1,4,3,2,1,1,4,3,3,4,4,4,2,5,4,5,1,5,5,3,3,2,4,4,1,3,5,3,4,1,5,1,4,3,3,4,4,4,2,5,1,3,2,4,5,2,1
2.43,0.8,1.0,0.6,1.0,0.7,1,1,1,300,2,1,0,4,2,0,3,4,1,4,1,4,1,3,2,2,3,5,2,4,4,2,4,3,4,3,3,2,5,3,2,3,3,4,1,4,1,4,1,3,2,4,1,4,2,2,3,3
2.36,0.69,0.78,0.99,0.98,0.92,0,1,0,300,2,1,0,2,1,2,1,1,5,1,2,1,1,5,1,4,3,4,3,1,1,1,5,2,3,3,1,4,3,2,3,2,3,3,5,1,2,1,1,5,1,3,2,4,4,3,3,1
3.33,0.6,0.64,0.64,0.77,0.79,2,3,0,200,1,0,1,2,2,3,5,5,5,3,4,3,3,4,5,4,5,2,3,2,2,5,4,2,2,1,2,2,2,5,3,4,5,5,5,5,4,4,2,4,1,2,4,3,2,3,3,2
3.13,0.76,0.92,0.92,0.65,0.8,0,1,1,200,2,3,0,3,2,2,5,4,4,1,2,2,2,2,5,4,5,2,4,2,4,5,4,4,5,4,3,4,5,3,3,2,2,4,4,3,5,5,4,4,1,2,2,2,2,1,2,2
3.6,0.77,0.65,0.79,0.88,0.78,2,2,0,200,4,0,1,2,5,1,2,3,3,3,2,4,4,4,4,3,5,4,2,2,3,2,1,2,4,1,3,4,3,2,2,3,3,1,3,3,2,4,4,4,4,3,5,5,2,4,3,2
2.09,0.77,0.87,0.7,0.79,0.9,0,1,0,300,1,0,0,3,1,2,3,3,2,1,1,4,3,3,4,5,3,2,3,1,3,2,1,2,4,4,4,3,5,3,2,2,4,2,2,1,1,4,3,3,4,4,4,3,4,5,1,3
2.96,0.5,0.9,0.78,0.92,1.0,2,4,0,300,4,0,0,2,2,1,2,3,2,5,5,3,2,3,4,4,3,4,3,3,3,5,2,3,1,2,5,4,5,4,5,5,2,2,2,5,5,3,2,3,4,1,2,3,4,3,3,2
3.55,0.7,0.99,0.77,0.93,0.6,1,4,0,300,2,1,4,4,5,2,1,1,3,3,1,1,2,4,3,2,3,3,3,2,3,3,4,5,3,5,2,2,4,3,2,3,2,5,3,3,1,1,2,4,3,4,1,3,4,3,3,1
2.74,0.69,0.79,0.77,0.88,0.78,1,1,0,300,3,1,4,1,5,3,2,4,3,1,2,4,3,3,1,2,5,2,2,3,3,1,2,2,2,5,4,3,1,3,2,4,2,4,3,1,2,4,3,3,1,5,1,3,3,5,3,2
1.69,0.69,0.99,0.93,0.94,0.9,1,3,1,200,4,0,0,3,3,2,3,3,3,3,4,2,2,4,2,2,4,4,2,4,3,5,2,3,2,2,4,2,1,2,2,2,3,2,3,3,4,2,2,4,2,1,3,4,4,2,3,3
3.63,1.0,0.99,0.69,0.93,0.85,2,0,0,300,1,0,0,2,1,2,3,5,4,1,1,5,1,4,1,5,4,3,5,2,5,2,1,3,2,5,3,4,2,1,3,3,4,2,4,1,1,5,1,4,1,2,2,2,2,1,5,3
2.85,0.9,0.69,1.0,0.85,1.0,2,2,0,300,3,1,0,4,3,1,4,2,2,3,4,1,2,1,3,1,3,3,4,2,3,3,4,2,1,3,4,2,3,3,2,5,5,3,2,3,4,1,2,1,3,2,3,4,2,2,3,4
2.91,0.6,0.91,1.0,0.83,0.9,1,2,0,300,4,0,0,5,5,1,4,3,2,2,1,1,4,3,1,1,3,1,2,3,3,3,4,2,1,2,4,2,3,4,2,3,3,1,2,2,1,1,4,3,1,5,1,1,3,2,4,4
1.98,0.96,0.87,1.0,0.87,0.79,1,1,0,300,1,4,2,4,1,2,1,3,4,5,1,1,5,4,1,4,5,1,2,2,1,4,4,2,3,1,3,4,3,3,2,5,5,4,4,5,1,1,5,4,1,3,5,4,5,1,3,1
3.69,0.6,0.79,1.0,1.0,0.69,2,1,0,300,3,0,0,3,5,3,3,1,2,3,1,4,3,3,1,1,1,4,1,2,1,3,4,2,2,3,4,4,3,2,4,5,5,1,2,3,1,4,3,3,1,1,2,1,3,5,4,3
3.07,0.7,0.55,0.79,0.97,0.79,2,2,1,200,2,1,0,4,0,2,2,2,2,2,2,2,2,2,3,2,3,2,2,2,3,3,3,2,2,3,2,2,2,2,2,3,3,3,3,2,3,2,3,4,3,1,1,2,2,2,2,1
2.8,1.0,0.7,0.9,0.89,0.89,1,1,1,300,1,4,1,0,0,3,1,3,3,3,2,1,1,4,3,3,2,5,2,3,5,5,2,4,3,3,1,2,5,1,4,5,3,4,3,3,2,1,1,4,3,3,3,5,1,5,5,1
1.9,0.89,0.96,0.6,0.91,0.7,1,2,0,200,2,0,0,2,3,1,3,3,2,1,4,5,2,3,2,1,2,1,2,4,3,3,2,3,2,2,5,1,3,2,2,4,1,5,2,1,4,5,2,3,2,1,1,5,4,5,2,3
3.35,0.91,0.8,0.79,0.84,0.67,2,3,1,200,1,3,4,2,3,2,5,4,3,3,4,2,5,5,4,1,3,4,2,3,3,2,2,3,3,2,1,2,3,2,4,2,2,4,3,3,4,2,5,5,4,3,3,3,3,3,3,5
2.17,0.57,0.77,0.73,0.65,0.69,2,1,0,200,2,3,0,2,3,3,5,4,3,5,4,3,3,2,3,2,4,2,2,1,3,3,2,3,5,5,3,3,2,4,5,2,5,4,5,3,4,2,3,2,1,2,2,3,3,2,2,3
2.3,0.6,0.93,0.7,0.83,0.69,1,2,1,300,2,2,2,5,5,2,2,1,4,3,2,2,2,3,5,2,3,1,2,5,1,2,1,4,1,3,3,1,4,4,5,2,2,5,4,3,2,2,2,3,5,2,2,2,2,2,4,2
3.0,0.89,0.79,0.7,0.96,0.7,1,1,1,300,3,0,0,3,3,3,3,2,3,4,3,2,4,2,3,3,1,1,3,5,4,2,1,4,2,1,2,5,1,2,1,1,3,1,3,4,3,2,4,2,3,5,2,4,2,3,3,3
2.78,0.88,0.79,0.89,0.97,0.79,2,1,0,300,1,4,0,2,2,1,2,3,1,4,3,1,5,2,3,4,3,2,1,3,4,4,2,3,1,4,4,4,2,1,2,3,2,5,1,4,3,1,5,2,3,1,2,3,2,2,4,2
3.56,0.6,0.66,1.0,1.0,0.92,1,1,0,200,3,1,0,2,3,1,5,4,3,4,4,5,3,1,3,3,4,3,1,4,2,4,2,4,4,3,2,2,4,2,3,1,4,3,3,4,4,5,3,1,3,2,3,3,4,2,1,5
3.04,0.92,0.7,0.7,1.0,0.9,1,1,0,300,3,0,0,4,1,3,3,3,3,1,5,3,3,3,2,2,3,1,3,1,4,3,5,5,3,5,2,5,1,2,2,2,1,2,3,1,5,3,3,3,2,2,1,3,3,4,2,3
2.6,0.67,0.63,0.68,0.63,0.68,2,3,1,200,2,2,4,2,5,3,2,2,2,2,1,1,1,1,2,2,2,2,2,2,5,5,4,3,3,5,3,3,2,2,2,2,2,3,3,3,3,3,3,3,3,2,3,3,3,2,1,1
2.88,0.69,0.7,0.79,1.0,0.7,1,4,1,300,2,0,0,2,0,1,3,2,1,2,2,4,5,4,1,2,3,2,4,5,3,2,1,5,3,2,3,2,2,3,5,3,2,3,1,2,2,4,5,4,1,1,3,2,2,4,4,3
2.75,1.0,0.7,0.89,1.0,1.0,1,1,0,200,2,0,0,3,3,2,2,2,2,3,3,2,2,3,5,2,1,2,3,2,1,2,5,3,2,3,2,1,2,1,3,1,3,4,2,3,3,2,2,3,5,1,1,1,2,3,3,2
3.43,0.78,0.7,0.83,0.84,0.69,1,0,0,300,2,1,0,2,1,2,4,2,5,4,1,5,3,4,5,1,1,4,1,3,3,3,3,2,1,3,1,3,1,2,2,2,5,2,5,4,1,5,3,4,5,5,3,4,5,2,3,4
2.45,0.93,0.99,0.89,0.81,0.68,1,0,0,200,1,4,4,3,1,0,1,1,1,3,3,4,1,1,4,2,3,3,1,5,5,1,3,2,5,3,3,2,1,2,3,2,2,3,1,3,3,4,1,1,4,5,2,3,4,2,5,1
2.19,0.67,0.7,0.69,1.0,0.9,1,1,1,200,1,4,0,4,5,2,3,3,4,2,4,2,4,4,5,3,2,3,3,4,5,2,1,5,1,1,1,5,3,1,2,3,5,1,4,2,4,2,4,4,5,1,5,3,1,4,2,3
2.05,0.69,0.99,0.79,0.93,1.0,2,2,0,300,1,4,0,2,1,2,3,1,1,4,4,4,4,2,5,3,1,4,2,2,3,4,3,2,4,2,1,2,3,4,3,3,3,2,1,4,4,4,4,2,5,1,5,2,2,4,3,3
2.78,0.87,1.0,0.77,0.85,0.79,1,3,0,300,2,1,0,3,3,3,1,4,5,2,3,2,3,4,4,3,1,5,1,2,2,2,3,3,2,1,1,2,5,3,2,4,2,3,5,2,3,2,3,4,4,3,4,2,3,3,4,1
3.02,0.55,0.9,0.79,0.73,0.66,0,2,0,300,3,0,2,3,1,1,5,5,3,5,2,2,5,3,5,4,2,3,3,2,2,2,5,3,5,4,2,3,1,1,4,5,4,2,3,5,2,2,5,3,5,2,3,4,2,2,3,5
2.82,0.69,0.89,1.0,0.86,0.89,2,3,1,300,2,1,0,2,1,2,3,2,2,3,2,3,3,3,2,2,1,4,3,2,4,2,4,1,5,2,3,3,3,4,2,3,2,2,2,3,2,3,3,3,2,2,2,4,2,1,2,3
2.26,0.67,0.7,0.69,0.82,0.87,2,3,0,300,2,1,1,2,1,1,3,4,4,5,3,4,1,4,3,4,2,2,3,2,1,5,5,1,2,1,5,5,3,5,4,4,3,2,4,5,3,4,1,4,3,4,1,4,3,2,2,3
2.4,0.89,0.78,1.0,0.86,0.79,2,1,0,200,1,4,4,3,3,1,1,1,3,5,3,1,1,4,1,1,1,4,4,3,1,3,3,2,1,2,1,1,5,4,3,5,5,1,1,1,1,1,1,4,1,1,1,1,3,5,5,4
3.1,0.69,0.68,0.77,1.0,0.7,2,3,1,200,3,0,0,2,1,1,4,4,2,2,1,4,2,3,4,2,3,1,2,3,1,2,1,3,5,3,3,3,2,3,3,2,3,1,2,2,1,4,2,3,4,4,1,4,4,5,1,4
3.22,0.88,0.93,0.6,0.69,1.0,2,2,0,300,2,1,2,2,3,1,2,1,3,5,1,3,4,1,4,3,1,2,1,3,3,3,2,1,1,2,2,3,2,4,4,4,5,2,3,5,1,3,4,1,4,2,1,3,4,5,3,2
1.88,0.89,0.6,0.66,0.97,0.69,2,1,0,300,2,0,0,2,3,2,2,4,5,1,2,4,2,5,3,5,3,3,2,2,2,2,1,1,3,3,3,2,3,3,2,5,2,2,5,1,2,4,2,5,3,1,2,2,1,5,2,2
2.39,0.9,0.9,0.79,0.75,0.89,1,3,0,300,1,2,2,2,1,1,2,3,5,1,2,2,1,4,3,3,3,1,2,4,1,3,4,2,5,4,4,5,3,3,4,3,2,5,5,1,2,2,1,4,3,1,3,2,4,2,4,2
3.35,0.78,0.69,0.69,0.91,1.0,1,3,1,200,2,2,0,3,2,0,5,4,3,1,2,2,3,3,2,2,2,3,4,5,4,2,2,3,1,1,2,5,1,2,4,3,3,4,3,1,2,2,3,3,2,3,4,3,3,2,5,5
2.62,0.89,0.49,1.0,0.94,0.7,1,2,0,200,2,1,1,4,3,1,1,3,2,2,3,4,2,3,5,3,4,1,1,1,1,1,2,5,2,3,4,5,4,3,3,4,5,1,1,1,1,3,3,3,5,1,2,1,1,1,3,3
3.19,0.66,0.92,0.69,0.86,0.85,1,3,0,200,2,2,0,3,1,2,3,3,5,2,3,4,3,4,4,4,4,4,4,2,5,4,4,5,2,4,1,3,1,1,2,1,3,2,5,2,3,4,3,4,4,4,4,3,1,3,4,3
3.35,0.92,0.9,0.7,0.97,1.0,1,0,1,200,2,0,0,3,1,0,1,3,4,4,2,3,3,3,2,4,3,4,5,2,5,2,3,5,3,3,3,3,2,4,3,1,3,2,4,4,2,3,3,3,2,2,1,1,1,4,1,1
3.3,0.69,0.93,0.69,0.88,0.88,1,3,0,300,4,0,0,2,3,1,2,3,3,1,1,4,4,5,2,4,3,3,3,4,2,4,4,2,3,1,5,3,1,3,5,4,1,1,3,1,1,4,4,5,2,2,2,3,4,3,3,2
2.0,0.65,1.0,1.0,0.77,0.77,2,0,0,200,1,4,0,5,1,1,2,3,2,1,1,2,3,3,3,2,2,2,2,2,2,4,4,4,4,4,4,1,5,3,3,4,4,2,2,2,2,2,2,3,1,2,2,2,2,2,2,2
3.27,0.7,0.7,0.63,0.73,0.89,1,1,0,300,1,4,0,4,1,3,1,2,2,1,1,3,2,5,3,4,5,3,3,4,5,2,3,4,1,1,1,4,4,2,1,3,5,1,2,1,1,3,2,5,3,3,3,4,3,3,2,1
3.17,1.0,1.0,0.85,0.7,0.68,2,2,1,300,4,0,2,2,1,1,3,3,4,1,4,3,3,4,2,4,5,3,1,3,1,2,3,2,2,3,5,3,1,3,3,4,5,2,4,1,4,3,3,4,2,4,2,3,2,3,3,3
2.87,0.7,0.7,0.6,0.64,1.0,1,2,1,300,1,2,0,2,3,3,3,5,3,5,3,1,4,1,1,4,1,2,5,4,5,1,4,3,3,3,4,3,3,4,2,3,3,4,3,5,3,1,4,1,1,3,2,2,1,3,3,3
3.35,0.7,1.0,0.7,0.93,0.69,0,4,1,200,2,0,1,3,3,2,1,3,3,3,1,4,3,1,3,2,3,5,2,5,3,5,2,2,4,2,4,1,2,3,3,2,3,4,3,3,1,4,3,1,3,3,3,2,5,2,1,1
1.1,0.89,0.9,0.87,0.87,0.79,1,3,1,300,2,2,4,2,1,1,3,3,2,3,5,3,2,3,5,2,2,2,5,5,2,1,1,4,5,3,5,2,2,4,3,4,5,4,2,3,5,3,2,3,5,3,4,3,4,3,2,3
2.25,0.79,1.0,0.77,0.91,0.7,2,3,0,300,1,2,0,5,3,0,3,3,2,3,3,5,5,4,3,5,3,5,1,3,1,5,1,5,3,5,3,4,3,3,2,1,4,4,2,3,3,5,5,4,3,4,1,2,3,4,3,3
3.31,0.9,0.79,0.7,0.94,0.89,2,1,0,200,4,0,2,2,2,2,3,3,3,2,3,1,2,3,2,1,4,4,4,4,2,3,3,2,2,3,4,4,3,1,3,2,3,2,3,2,3,1,2,3,2,3,2,2,3,4,3,3
2.26,0.84,0.59,0.7,0.82,0.89,0,1,0,300,4,0,4,3,1,2,5,1,3,4,1,3,2,3,3,2,4,1,3,5,2,3,4,2,2,4,1,5,5,1,2,2,4,4,3,4,1,3,2,3,3,3,4,3,5,1,2,5
1.83,1.0,0.89,0.92,1.0,0.59,2,1,0,300,1,2,4,2,2,2,1,2,4,3,2,2,2,4,2,1,3,3,5,2,3,2,1,4,4,5,1,4,5,1,2,4,2,5,4,3,2,2,2,4,2,2,3,2,1,4,1,1
2.93,1.0,1.0,0.99,0.94,0.69,1,1,1,200,1,2,1,2,3,1,2,4,5,2,3,3,3,2,1,1,4,3,4,3,4,1,1,1,2,3,3,2,5,5,2,3,2,1,5,2,3,3,3,2,1,5,5,5,3,1,3,2
3.05,0.83,0.89,0.87,0.86,0.89,2,1,0,200,2,2,0,3,1,2,3,2,4,4,2,3,2,3,3,3,2,3,3,3,4,2,3,4,2,4,2,4,2,3,5,4,3,3,4,2,2,2,2,4,2,2,1,2,2,2,2,2
2.81,1.0,0.7,0.77,0.87,0.79,0,2,0,300,2,2,0,4,1,1,1,3,3,1,2,1,1,2,4,2,3,2,2,3,2,3,5,4,2,2,3,3,3,1,1,4,5,4,3,1,2,1,1,2,4,4,2,5,5,2,4,1
3.1,0.89,0.8,0.6,0.92,0.95,0,2,1,200,1,2,0,4,1,2,2,2,1,4,5,5,1,1,4,3,3,4,4,4,5,3,1,2,2,2,4,2,5,4,3,2,1,2,1,4,5,5,1,1,4,5,3,2,4,1,5,2
2.38,0.93,0.7,0.57,0.87,1.0,2,2,1,300,1,4,0,1,2,2,5,4,2,1,2,4,2,3,5,3,2,2,3,3,5,1,4,3,2,4,3,1,4,1,2,3,4,3,2,1,2,4,2,3,5,4,2,3,1,5,4,5
2.38,0.64,0.59,1.0,0.87,0.6,2,1,1,200,1,2,1,2,3,2,3,2,3,2,1,3,2,2,2,2,4,3,3,2,2,2,1,3,2,3,2,2,3,2,3,4,3,2,3,1,3,3,2,3,2,3,2,3,2,2,1,3
3.26,0.86,0.83,0.83,0.83,0.93,1,2,0,200,1,0,0,4,1,0,2,3,2,1,2,2,2,2,5,2,5,1,5,2,5,2,2,4,5,5,2,5,5,3,2,4,2,4,4,4,4,4,2,4,1,1,2,2,2,2,2,1
2.92,0.7,0.94,0.79,0.71,0.7,1,3,1,200,2,2,1,2,1,1,5,5,3,5,3,3,3,1,5,2,3,3,1,4,5,2,2,3,4,2,2,5,3,4,2,3,2,1,3,5,3,3,3,1,5,3,4,1,3,1,3,5
3.11,0.9,0.69,0.65,1.0,0.89,2,3,1,300,2,4,0,3,5,2,3,1,4,3,1,4,3,3,3,4,3,1,3,3,4,5,2,4,5,5,2,5,5,2,4,3,5,4,4,3,1,4,3,3,3,3,1,1,1,2,5,3
3.13,0.79,0.79,0.93,0.94,0.79,0,2,1,300,2,1,0,3,3,1,4,4,5,3,3,4,1,3,3,4,2,2,4,4,4,1,2,4,2,2,4,2,3,4,2,3,3,1,5,3,3,4,1,3,3,2,3,1,4,3,1,4
3.38,0.72,0.69,1.0,0.6,0.78,2,1,1,300,2,1,0,3,0,1,1,2,5,3,1,3,3,4,2,2,3,3,3,4,2,1,2,5,2,1,2,3,1,5,2,2,4,3,5,3,1,3,3,4,2,4,1,1,3,3,2,1
3.74,0.78,0.8,0.7,0.68,0.79,1,3,1,200,2,1,0,3,5,3,3,3,3,3,3,3,3,3,3,2,3,2,3,2,5,4,4,5,4,4,2,2,5,1,3,5,5,3,4,3,3,4,3,5,3,3,3,3,3,3,3,2
3.19,0.79,0.69,0.69,0.95,0.73,1,2,0,200,2,2,0,2,3,2,3,5,2,2,2,2,4,4,3,4,4,4,4,4,4,3,2,3,2,5,4,4,3,2,2,2,5,1,2,2,2,2,4,4,3,5,5,3,3,1,3,3
2.64,0.9,0.96,0.7,0.88,0.9,0,1,1,300,2,1,1,3,1,3,4,3,1,4,2,5,2,4,3,2,4,4,1,3,1,3,5,1,3,3,2,4,3,1,3,2,3,4,1,4,2,5,2,4,3,3,4,3,5,3,3,4
3.33,0.87,0.8,0.8,0.81,0.9,1,0,0,200,2,3,0,2,4,1,3,2,2,2,2,2,3,3,3,3,3,3,3,2,3,4,3,4,4,4,2,1,3,3,4,2,2,3,4,4,3,4,4,4,5,5,5,3,4,4,3,3
3.31,0.96,0.79,0.89,0.73,0.7,1,3,0,300,2,2,0,2,1,0,2,3,3,5,5,3,1,1,5,4,4,1,5,3,5,1,1,5,2,3,3,2,2,3,3,3,2,1,3,5,5,3,1,1,5,5,3,1,3,4,2,2
2.56,0.8,0.69,0.89,0.9,0.55,2,2,1,300,3,0,0,3,1,0,3,4,1,5,3,4,4,1,5,4,4,5,3,3,4,2,1,3,1,3,4,3,1,4,3,1,3,2,1,5,3,4,4,1,5,3,3,2,2,1,5,3
3.17,0.89,0.64,0.79,1.0,0.79,2,2,0,200,2,1,1,2,1,1,5,4,3,5,3,4,4,2,3,4,4,1,5,3,4,2,4,2,3,3,3,3,1,4,4,4,4,4,3,5,3,4,4,2,3,2,3,3,2,3,1,5
2.78,1.0,0.93,0.68,0.94,1.0,2,4,1,300,1,0,2,2,1,0,3,4,5,2,1,3,1,1,5,3,2,2,3,4,3,1,3,4,1,5,5,1,5,4,3,5,3,2,5,2,1,3,1,1,5,3,3,5,1,1,3,3
2.43,0.93,1.0,0.8,0.86,1.0,2,2,0,300,2,1,0,3,5,0,4,2,3,2,2,3,1,4,2,1,5,3,4,2,1,5,3,2,1,5,5,3,5,3,3,4,1,4,3,2,2,3,1,4,2,3,3,5,3,2,1,4
2.0,0.7,0.79,0.6,1.0,0.9,1,2,0,300,2,2,1,2,1,0,2,4,2,1,3,2,5,3,1,2,1,5,4,3,5,3,2,3,3,2,4,2,1,1,4,3,2,3,2,1,3,2,5,3,1,2,3,2,1,1,5,2
2.46,0.7,0.79,0.89,0.8,0.9,2,2,0,300,2,2,0,5,3,2,2,4,1,3,1,1,3,5,5,2,4,2,3,3,1,4,5,2,3,5,5,4,2,2,2,2,1,5,1,3,1,1,3,5,5,3,5,1,5,1,2,2
3.31,0.78,0.7,0.88,0.89,0.7,0,4,0,300,1,0,0,3,5,1,2,4,3,3,3,4,2,4,3,4,1,1,3,1,1,3,4,2,2,3,1,1,1,2,4,2,2,5,3,3,3,4,2,4,3,3,1,1,4,5,4,2
2.45,0.7,0.69,1.0,1.0,0.7,1,3,1,300,1,4,0,4,5,2,2,2,4,1,2,2,1,5,1,2,4,1,2,2,1,3,5,2,4,3,3,2,4,2,2,5,1,4,4,1,2,2,1,5,1,5,5,2,4,1,2,2
2.61,1.0,0.7,0.89,1.0,1.0,1,3,1,300,2,2,0,4,3,0,4,5,4,4,4,3,1,3,3,4,1,2,3,1,3,4,3,2,1,2,1,3,2,3,3,4,3,1,4,4,4,3,1,3,3,2,3,2,4,1,2,4
3.0,0.99,0.91,0.89,0.85,0.9,1,1,0,300,1,2,0,5,3,0,4,5,5,3,1,4,2,2,2,1,3,5,2,4,1,2,3,1,4,1,4,4,4,1,1,2,4,4,5,3,1,4,2,2,2,4,5,2,4,1,5,4
2.75,0.9,0.69,0.66,0.74,0.9,1,2,0,300,1,0,1,2,0,3,3,5,3,2,3,5,4,1,2,2,5,4,1,3,1,1,5,3,4,4,5,2,3,4,5,4,4,1,3,2,3,5,4,1,2,3,2,3,2,3,4,3
2.89,0.7,0.88,0.9,0.81,0.66,0,4,1,300,2,2,1,3,1,2,4,5,4,4,5,1,3,4,1,3,3,5,1,3,2,2,1,3,1,1,2,4,2,1,1,4,4,1,4,4,5,1,3,4,1,5,3,4,4,1,1,4
2.48,0.69,0.7,0.7,0.95,0.78,1,0,1,200,2,1,1,5,5,1,3,3,3,1,5,5,2,3,4,2,2,3,4,1,1,5,3,3,2,2,4,3,1,2,4,2,2,3,3,1,5,5,2,3,4,2,1,1,2,3,1,3
3.26,0.78,0.83,0.83,0.4,0.92,2,0,0,200,4,1,0,3,2,0,5,3,5,5,3,1,2,1,4,3,3,3,3,2,3,4,3,5,5,5,1,3,4,3,3,5,1,3,2,2,3,5,1,5,1,1,1,1,1,1,3,3
2.92,0.7,0.5,0.7,0.89,0.85,1,4,1,200,3,0,2,0,3,2,4,4,4,3,2,3,1,1,5,2,4,3,2,3,1,4,3,5,2,1,3,5,3,1,1,1,3,3,4,3,2,3,1,1,5,3,1,1,5,5,4,4
2.67,0.79,0.98,0.79,0.91,0.69,2,3,0,200,1,2,2,5,3,2,2,1,3,3,2,4,3,4,3,3,2,4,2,4,5,2,2,1,3,3,3,2,4,4,3,5,4,4,3,3,2,4,3,4,3,2,2,2,2,3,4,2
2.81,0.66,0.69,0.69,0.55,0.89,2,3,0,300,2,3,2,3,3,2,5,3,4,2,3,3,3,3,4,2,5,1,5,2,3,3,3,4,5,4,3,4,5,3,3,4,2,5,3,3,5,5,3,3,1,1,2,2,2,3,3,1
2.41,0.7,0.7,0.79,0.66,0.88,1,2,0,300,1,2,1,1,3,1,3,2,3,4,4,3,4,4,3,3,2,2,1,2,1,2,3,2,4,3,1,1,4,4,3,3,2,2,3,4,4,3,4,4,3,3,1,1,1,4,5,3
3.41,0.89,0.7,0.7,1.0,0.89,1,3,0,300,2,1,1,2,0,2,4,2,1,3,3,4,3,2,3,2,2,3,4,3,2,4,3,5,5,2,2,3,1,3,5,1,3,3,1,3,3,4,3,2,3,2,1,2,5,2,5,4
3.24,0.85,0.79,0.73,1.0,0.57,0,3,1,300,2,2,0,4,3,3,2,2,4,1,2,1,2,5,2,3,1,4,2,3,3,4,4,2,4,3,2,4,2,5,4,1,3,2,4,1,2,1,2,5,2,2,5,5,2,3,3,2
2.89,0.6,0.88,0.79,0.86,0.69,1,1,0,300,2,1,0,3,1,2,1,2,5,2,2,2,4,3,4,3,1,4,4,1,4,4,2,2,3,3,2,4,1,1,3,3,5,3,5,2,2,2,4,3,4,3,3,2,4,4,3,1
3.06,0.89,0.79,0.73,0.94,0.96,0,1,0,300,1,4,0,5,1,3,3,3,1,2,1,5,5,1,4,5,3,4,1,1,5,2,1,4,1,1,3,1,3,1,3,5,3,4,1,2,1,5,5,1,4,5,3,2,2,2,2,3
3.24,0.79,0.7,0.91,0.91,1.0,2,3,1,300,2,2,0,2,0,2,2,3,4,3,3,3,3,3,4,3,5,2,3,1,2,2,2,2,4,1,3,1,3,2,1,4,1,2,4,3,3,3,3,3,4,4,4,3,3,3,5,2
2.38,0.95,0.79,0.75,0.82,0.89,1,1,1,200,2,2,0,5,2,0,2,1,2,1,1,1,1,1,2,1,4,1,4,1,2,3,3,3,3,3,2,3,2,1,2,1,2,1,1,1,2,2,2,1,1,1,1,1,1,1,1,1
2.94,0.7,0.89,1.0,0.96,0.67,1,3,1,300,1,2,1,3,1,3,2,1,4,3,3,2,5,1,2,4,2,4,3,2,4,1,3,3,2,3,1,4,1,5,1,5,3,4,4,3,3,2,5,1,2,4,5,5,5,2,3,2
2.88,0.79,0.64,0.99,1.0,1.0,1,2,0,200,1,4,0,4,3,3,3,5,2,5,5,3,3,1,4,2,1,2,5,3,4,1,1,3,1,5,4,4,3,3,1,4,2,1,2,5,5,3,3,1,4,1,2,2,2,3,2,3
2.96,0.78,0.89,0.7,0.65,0.69,1,1,1,300,2,2,0,3,2,1,2,2,4,1,2,3,3,4,5,3,5,4,5,5,3,4,1,2,3,2,3,5,2,1,3,2,3,2,4,1,2,3,3,4,5,3,2,1,4,3,2,2
3.04,0.89,0.89,0.7,0.94,0.9,1,3,0,300,2,0,1,5,2,0,2,4,1,1,1,3,3,3,3,2,3,3,4,1,2,4,3,3,4,3,4,3,3,4,2,3,3,4,1,1,1,3,3,3,3,2,3,2,2,2,3,2
2.86,0.84,0.89,0.99,0.6,1.0,1,1,0,200,2,1,1,4,3,0,5,1,1,3,5,1,1,3,1,1,2,2,2,2,4,5,5,5,5,5,2,4,5,3,2,5,1,3,1,2,4,5,1,1,1,1,1,1,1,1,1,1
2.9,1.0,0.99,0.93,0.6,0.91,1,1,0,300,3,0,0,4,1,2,1,2,3,3,4,2,2,3,1,4,1,2,2,2,1,4,2,1,1,1,1,3,1,3,2,4,5,2,3,3,4,2,2,3,1,2,3,3,4,3,2,1
2.9,0.79,0.67,0.79,0.84,0.79,1,3,1,200,2,4,2,5,1,2,2,2,2,2,2,2,2,1,2,2,2,2,4,2,4,2,4,4,4,4,2,1,2,3,2,4,2,2,2,4,4,4,2,2,2,2,2,1,2,2,2,2
3.5,0.69,0.9,0.89,0.77,0.7,1,2,0,200,1,4,0,5,0,3,2,1,3,5,5,4,1,3,1,3,3,4,2,4,1,4,4,3,4,2,3,3,2,3,3,3,1,4,3,5,5,4,1,3,1,3,1,2,3,5,1,2
2.85,1.0,0.84,0.79,0.74,0.69,1,1,0,200,1,4,0,3,0,2,2,5,4,2,2,2,3,4,1,3,3,3,4,2,4,3,4,3,4,2,5,3,3,5,4,5,1,3,4,2,2,2,3,4,1,1,2,4,2,2,3,2
1.91,0.99,0.69,1.0,0.94,0.79,0,3,1,300,2,1,4,3,1,3,3,4,5,5,2,5,2,2,3,3,1,2,5,3,2,4,2,3,4,3,3,4,2,3,4,3,3,4,5,5,2,5,2,2,3,4,4,4,4,1,4,3
3.06,1.0,0.66,0.8,0.88,0.89,1,3,0,300,1,4,2,2,3,2,2,3,5,4,5,3,5,1,1,5,3,3,3,4,3,2,3,3,1,1,1,4,2,1,1,3,2,3,5,4,5,3,5,1,1,5,4,1,4,1,3,2
2.61,0.9,0.7,1.0,0.87,0.69,1,1,1,300,2,2,4,4,5,2,1,3,4,4,3,3,1,3,4,5,3,5,5,5,4,5,3,3,2,5,3,4,1,2,3,3,2,2,4,4,3,3,1,3,4,3,2,1,2,4,2,1
2.34,0.89,0.88,0.93,0.81,0.79,1,1,1,300,2,2,1,5,1,2,5,1,1,1,4,2,5,4,3,1,1,2,3,5,1,5,3,4,1,4,3,3,5,5,2,4,1,2,1,1,4,2,5,4,3,2,3,5,3,2,3,5
2.76,0.7,0.69,0.7,0.93,0.76,2,3,1,300,1,2,1,2,5,2,4,1,1,3,5,4,3,3,4,1,4,2,4,2,2,2,2,2,3,3,5,1,5,4,2,4,2,5,1,3,5,4,3,3,4,2,4,4,2,2,3,4
2.83,1.0,0.95,0.69,0.92,0.9,0,1,0,200,1,2,0,1,5,0,1,4,2,3,2,2,4,4,2,2,3,1,3,2,5,5,3,3,3,2,4,3,3,4,3,5,1,2,2,3,2,2,4,4,2,3,4,1,1,5,3,1
1.95,0.79,1.0,0.78,0.73,0.93,1,1,0,300,2,2,1,2,5,0,4,3,3,3,2,1,3,1,3,2,4,3,1,4,1,1,5,2,4,1,4,5,3,2,3,2,3,4,3,3,2,1,3,1,3,3,3,2,5,5,4,4
3.17,0.92,0.69,0.7,0.81,0.69,1,1,0,300,4,0,0,4,3,1,1,2,2,4,1,1,2,2,1,4,4,5,2,4,3,5,4,3,2,1,2,3,4,3,3,4,2,5,2,4,1,1,2,2,1,3,2,5,3,2,3,1
3.08,0.9,0.63,0.89,0.9,0.7,0,4,0,200,1,4,0,4,1,2,4,1,3,2,3,4,2,5,1,2,2,2,5,1,5,3,1,4,2,2,3,3,2,2,5,4,2,2,3,2,3,4,2,5,1,2,2,3,3,2,3,4
2.79,0.68,0.96,0.78,0.95,0.8,1,2,1,300,2,2,0,2,3,1,1,1,5,1,3,1,3,4,2,4,5,4,3,1,5,2,1,3,3,1,1,2,3,3,3,1,4,1,5,1,3,1,3,4,2,3,1,1,5,3,3,1
2.57,0.89,0.89,0.93,1.0,0.69,0,2,0,300,1,3,2,4,1,2,3,3,3,4,2,4,5,5,3,2,1,1,3,5,2,4,4,3,4,3,5,4,2,3,2,3,1,3,3,4,2,4,5,5,3,1,2,2,2,1,2,3
2.89,0.79,0.78,0.66,0.96,1.0,1,1,0,300,2,1,0,4,0,2,4,1,2,2,2,4,3,1,3,3,3,1,3,2,1,5,3,2,2,2,4,2,3,2,4,4,3,3,2,2,2,4,3,1,3,4,2,1,2,3,3,4
3.44,0.79,0.89,0.84,0.95,0.95,0,2,0,300,2,0,0,3,2,2,3,1,1,4,2,4,2,2,5,4,2,5,2,4,3,3,3,1,3,3,3,1,3,4,5,5,2,5,1,4,2,4,2,2,5,4,3,3,2,2,5,3
2.76,0.68,0.84,0.96,0.84,0.69,1,3,1,300,4,0,1,5,1,2,4,4,2,2,3,3,2,1,1,1,1,2,2,4,5,3,3,3,2,4,2,2,2,3,2,2,3,2,2,2,3,3,2,1,1,2,4,4,2,2,4,4
3.07,0.89,0.69,0.77,0.73,0.99,1,1,0,300,3,0,1,2,5,1,1,2,3,5,4,3,3,5,3,2,4,3,5,3,3,2,1,2,2,3,4,3,4,2,1,2,3,3,3,5,4,3,3,5,3,5,4,3,1,4,2,1
3.37,0.92,0.78,0.7,0.9,0.89,0,3,1,300,1,4,1,2,3,2,4,3,3,4,2,2,3,1,3,2,3,1,4,3,1,4,1,3,2,3,1,2,5,3,4,2,1,4,3,4,2,2,3,1,3,3,4,4,4,1,2,4
2.28,0.89,0.96,1.0,0.94,0.79,1,0,1,300,2,1,0,2,3,3,4,1,2,3,2,4,4,4,3,1,2,4,5,4,3,5,3,3,3,1,3,4,4,3,2,2,4,1,2,3,2,4,4,4,3,4,3,5,4,3,4,4
3.0,0.7,0.77,0.6,0.86,0.69,1,2,0,200,3,1,0,1,3,0,3,3,4,2,3,2,2,4,3,2,4,5,4,3,3,3,2,2,1,3,2,3,3,4,4,3,3,2,4,2,3,2,2,4,3,3,4,1,5,4,1,3
2.57,0.78,0.6,0.7,0.63,0.78,2,4,0,300,2,2,0,3,1,1,1,2,1,5,4,3,4,2,2,1,1,4,1,1,4,3,4,1,1,2,2,4,1,1,1,3,3,1,1,5,4,3,4,2,2,1,5,1,3,3,4,1
1.8,1.0,0.84,0.69,0.92,0.7,2,0,1,300,1,0,0,3,2,2,2,3,4,3,1,2,2,5,2,3,2,4,5,5,4,2,4,2,5,3,5,5,4,3,2,1,2,3,4,3,1,2,2,5,2,2,4,5,2,3,1,2
2.91,0.69,0.89,0.69,0.8,0.92,1,4,1,300,1,2,0,4,2,1,3,2,3,2,1,1,2,5,4,3,4,2,3,2,2,3,3,2,4,4,3,3,5,3,5,1,2,4,3,2,1,1,2,5,4,1,2,1,1,3,1,3
2.52,0.89,0.89,0.89,0.91,0.87,2,3,1,300,1,4,0,2,5,0,5,2,4,2,2,2,4,3,5,4,5,3,1,1,3,4,5,1,5,1,2,3,3,5,1,5,1,2,4,2,2,2,4,3,5,4,2,1,4,3,3,5
2.48,0.85,0.99,0.59,0.87,0.87,2,1,1,300,1,2,0,5,5,1,4,1,1,2,2,3,2,4,1,2,1,4,2,3,2,1,4,2,3,3,5,1,2,2,3,2,1,3,1,2,2,3,2,4,1,4,2,1,1,2,3,4
2.96,0.78,0.66,1.0,0.86,0.89,1,0,0,300,2,1,0,2,1,1,2,1,3,1,3,3,3,1,4,4,4,2,1,1,3,3,3,3,4,2,2,5,2,1,1,1,2,4,3,1,3,3,3,1,4,1,2,2,2,5,3,2
2.89,0.89,0.9,0.79,0.85,0.7,1,0,1,300,3,0,0,1,1,3,3,2,5,4,5,1,2,4,3,3,4,1,2,3,2,4,4,5,4,5,3,5,5,4,3,1,4,2,5,4,5,1,2,4,3,1,1,4,3,4,1,3
2.96,0.7,0.88,0.88,0.88,0.7,1,2,1,200,1,0,0,2,1,2,2,4,3,3,1,2,3,5,2,3,4,4,4,2,2,1,3,3,3,2,1,4,2,1,1,1,4,1,3,3,1,2,3,5,2,2,3,1,2,4,4,2
3.23,0.9,0.5,0.69,0.89,0.78,2,3,1,200,2,4,0,3,3,1,4,4,3,2,2,4,1,2,3,2,2,1,3,3,3,4,1,2,3,3,4,4,3,5,2,3,1,4,3,2,2,4,1,2,3,3,2,3,3,2,4,4
3.3,0.69,0.85,0.78,1.0,0.67,2,4,1,300,3,0,4,2,5,2,3,5,2,2,2,3,4,3,1,4,2,1,3,4,4,4,1,5,3,1,3,2,3,4,1,2,5,4,2,2,2,3,4,3,1,4,4,4,5,2,3,3
3.04,0.89,0.76,0.69,0.76,0.7,2,4,1,200,1,4,0,2,1,1,4,4,5,3,2,2,1,3,3,4,2,1,3,4,4,4,3,4,4,5,2,1,3,2,4,2,5,2,5,3,2,2,1,3,3,1,4,4,1,1,1,4
1.52,0.79,0.79,0.92,0.96,0.6,1,2,1,300,2,4,0,4,3,3,2,2,5,3,3,4,2,2,5,1,2,5,3,3,3,3,4,3,3,3,2,3,1,2,3,3,5,4,5,3,3,4,2,2,5,1,1,2,1,3,2,2
2.82,0.87,1.0,0.99,1.0,0.9,1,1,1,300,2,1,0,3,3,1,1,2,1,4,4,2,3,3,2,5,2,2,5,2,2,4,4,1,2,4,5,1,2,3,2,4,1,2,1,4,4,2,3,3,2,3,3,1,1,4,4,1
2.5,0.34,0.75,0.75,0.79,0.69,1,0,0,200,2,2,4,3,0,0,5,5,4,4,5,5,5,5,5,5,4,4,5,5,5,5,5,4,4,5,5,5,5,3,5,4,4,5,5,5,3,5,4,5,4,5,4,5,5,3,5,5
2.58,0.69,0.75,1.0,0.86,0.89,1,1,0,200,1,3,4,2,5,0,2,3,3,2,2,1,2,3,4,1,4,3,3,1,2,3,3,3,2,2,2,3,3,5,2,2,2,2,3,2,2,1,2,3,4,3,4,2,3,2,1,2
2.21,0.53,0.8,0.89,0.72,0.6,1,2,0,200,3,0,0,2,0,2,5,3,3,5,3,3,4,3,3,3,2,3,4,3,2,3,2,1,3,1,3,3,1,5,5,1,1,5,4,5,4,5,3,3,5,5,5,5,4,3,3,3
2.45,0.91,0.79,0.9,0.69,0.69,1,1,0,300,2,1,0,5,5,1,3,1,5,3,3,3,4,2,1,3,4,1,4,4,5,5,4,1,1,1,2,4,1,1,1,2,3,1,5,3,3,3,4,2,1,5,3,1,3,4,3,3
3.15,0.99,0.69,1.0,0.86,0.77,2,1,0,300,2,2,1,3,3,1,1,5,2,3,4,4,2,2,4,2,1,3,5,3,3,5,1,4,4,2,1,4,2,1,5,4,4,3,2,3,4,4,2,2,4,3,2,5,2,4,2,1
3.0,1.0,0.68,0.79,0.76,0.7,1,2,0,300,2,2,1,2,2,1,2,3,4,4,1,3,3,5,4,2,2,5,1,4,2,3,5,1,1,4,4,2,3,2,5,5,1,4,4,4,1,3,3,5,4,4,2,4,1,2,2,2
2.48,0.59,0.45,0.7,0.75,0.6,1,0,1,200,2,1,0,2,3,3,4,5,5,2,1,2,4,5,2,2,1,1,4,3,1,2,3,3,2,1,5,3,2,1,1,4,2,2,5,2,1,2,4,5,2,4,3,2,1,2,3,4
2.57,0.7,1.0,1.0,0.88,0.69,1,3,1,200,3,1,4,3,3,1,4,3,5,1,2,1,1,3,3,1,4,4,5,2,4,2,2,2,4,3,3,4,1,3,1,2,3,1,5,1,2,1,1,3,3,4,4,2,3,2,5,4
2.56,0.91,0.92,0.7,0.88,0.9,1,1,0,300,2,1,2,3,1,0,3,3,2,3,2,4,2,4,3,3,3,1,4,1,2,2,2,1,5,2,3,2,1,4,5,4,2,3,2,3,2,4,2,4,3,2,4,3,5,3,2,3
3.02,0.77,1.0,0.69,0.83,0.9,1,1,0,300,4,0,0,1,3,0,3,3,4,3,5,3,2,1,2,2,3,4,2,4,5,5,1,3,3,3,2,1,4,2,3,4,3,1,4,3,5,3,2,1,2,3,2,2,3,1,2,3
3.91,0.84,1.0,0.75,1.0,0.89,1,4,0,300,3,0,1,5,3,2,4,1,2,5,2,3,3,1,4,3,5,4,2,5,3,2,2,2,3,4,2,1,2,2,5,1,2,3,2,5,2,3,3,1,4,4,3,1,3,5,2,4
2.26,0.57,0.72,0.69,0.99,0.79,2,1,1,200,1,4,0,2,1,1,3,1,4,3,2,2,1,2,3,2,4,3,4,2,3,4,3,5,3,1,2,2,1,4,1,2,2,2,4,3,2,2,1,2,3,5,5,3,5,3,5,3
2.9,0.7,0.69,0.85,0.92,0.93,1,1,1,300,1,4,2,2,5,1,2,2,5,5,4,3,3,1,1,1,4,4,1,3,3,5,3,2,3,1,4,2,2,1,2,4,2,2,5,5,4,3,3,1,1,2,5,5,4,2,5,2
2.67,0.87,0.79,1.0,0.84,0.69,2,4,0,300,2,2,0,2,3,3,3,2,1,5,4,3,1,2,3,3,4,5,1,3,5,2,1,4,3,4,4,2,3,3,4,3,3,2,1,5,4,3,1,2,3,3,5,4,2,1,3,3
2.97,0.93,0.66,0.66,0.52,0.92,1,1,0,200,3,1,0,3,3,1,4,5,3,1,2,2,2,3,5,2,4,1,5,2,4,4,4,4,4,4,1,3,4,4,2,4,3,4,4,3,4,4,2,3,2,1,2,2,2,2,2,2
1.31,0.9,0.45,0.9,0.94,0.84,0,0,1,200,1,4,0,3,3,1,2,2,2,2,2,3,1,2,1,1,4,3,1,3,3,2,4,5,3,2,5,2,3,4,1,1,5,3,2,2,2,3,1,2,1,3,5,4,4,3,2,2
2.59,0.96,0.79,0.89,0.74,0.66,0,4,1,300,2,2,0,3,3,0,3,5,1,5,3,5,4,3,2,5,2,3,4,3,1,3,4,3,5,2,4,5,1,4,4,3,2,2,1,5,3,5,4,3,2,1,3,1,1,2,5,3
2.52,0.81,0.95,0.95,0.77,0.78,2,0,1,200,0,3,1,1,2,0,5,4,4,4,5,5,5,5,5,5,4,4,4,4,5,5,4,4,4,4,4,3,4,5,5,5,5,5,5,4,4,4,4,4,5,5,5,5,3,4,4,4
2.54,0.77,0.69,0.69,0.49,1.0,1,3,1,300,2,1,0,2,2,2,5,5,2,3,1,1,4,1,3,1,2,3,4,5,3,3,3,2,1,4,3,1,3,3,2,4,4,3,2,3,1,1,4,1,3,2,4,2,4,3,3,5
3.26,0.89,0.79,0.79,0.98,0.79,1,2,0,300,2,1,4,4,1,1,2,3,3,1,1,1,5,2,3,3,3,3,2,3,5,4,3,3,1,1,3,1,3,2,1,4,1,2,3,1,1,1,5,2,3,1,3,5,1,3,3,2
2.83,0.66,0.66,1.0,0.89,0.79,2,0,0,300,1,2,0,2,2,1,2,2,3,3,1,2,4,4,2,1,5,4,5,4,4,2,3,2,1,3,3,2,2,2,5,1,2,1,3,3,1,2,4,4,2,4,4,4,3,3,5,2
1.6,0.85,0.69,0.73,0.92,1.0,2,3,1,300,3,0,1,2,5,3,2,4,2,3,2,3,3,4,3,1,3,1,4,5,3,2,2,2,1,1,2,2,4,1,1,3,3,2,2,3,2,3,3,4,3,3,2,3,5,4,3,2
2.19,0.75,0.79,0.73,0.95,0.93,1,1,1,300,3,1,1,3,3,3,3,3,1,3,3,2,2,3,5,2,3,2,3,3,4,4,4,4,3,4,3,4,3,2,4,3,4,2,1,3,3,2,2,3,5,2,4,4,1,4,3,3
3.18,0.7,0.69,0.72,0.92,1.0,1,3,0,300,1,4,2,4,1,1,3,1,3,1,1,3,3,5,2,5,3,5,3,3,3,3,2,2,1,3,5,1,5,5,3,3,1,3,3,1,1,3,3,5,2,3,4,1,5,1,4,3
2.17,0.66,0.9,0.69,1.0,0.66,2,1,1,200,1,2,0,4,2,2,2,2,2,4,2,3,1,4,2,4,1,3,3,3,3,5,5,5,5,5,2,3,1,5,4,2,2,1,3,1,2,3,1,2,1,2,2,2,2,2,2,2
2.9,0.6,1.0,0.9,0.85,0.69,2,1,0,200,2,2,0,3,3,1,2,1,2,1,1,3,4,2,4,2,4,3,1,4,5,3,4,2,4,4,1,2,3,1,3,4,5,2,2,1,1,3,4,2,4,2,4,2,3,2,1,2
3.28,0.9,0.73,0.72,1.0,0.96,1,1,1,300,4,0,0,3,1,1,2,2,2,2,2,2,2,2,3,3,3,3,3,3,3,3,3,4,2,3,2,2,4,2,2,4,2,2,2,2,2,2,2,2,2,2,2,2,2,2,2,2
2.56,0.7,0.64,0.7,0.9,0.96,2,2,1,200,2,1,1,2,2,1,3,4,1,1,3,1,3,2,1,1,1,4,3,3,2,3,3,3,4,2,1,5,3,3,3,1,4,1,1,1,3,1,3,2,1,4,4,3,5,4,4,3
3.05,0.79,0.79,0.8,0.67,0.85,1,2,0,200,0,2,1,1,1,0,5,5,4,4,5,5,5,5,5,5,5,5,4,4,5,5,5,5,5,5,5,5,5,5,5,4,5,5,5,5,5,4,5,5,5,5,5,4,5,5,5,4
2.76,0.79,0.79,0.6,1.0,0.89,1,3,0,300,3,1,4,2,1,2,3,2,3,2,3,3,3,5,2,1,3,2,1,1,4,1,3,4,3,2,3,2,3,3,5,4,2,3,3,2,3,3,3,5,2,3,1,3,4,1,2,3
1.88,0.87,0.79,0.7,0.98,0.9,1,2,1,200,1,4,2,1,1,3,3,2,4,2,3,3,2,4,3,2,1,2,5,1,3,3,3,5,3,3,4,4,1,3,3,4,2,3,4,2,3,3,2,4,3,3,2,1,1,4,2,3
2.37,0.69,0.89,0.69,0.92,0.7,2,0,0,300,3,1,1,2,2,2,3,3,3,3,3,3,4,3,2,2,2,2,3,4,3,2,1,5,1,1,1,4,4,4,1,3,4,3,3,3,3,3,4,3,2,5,2,3,2,1,3,3
2.75,0.89,0.47,0.69,0.62,1.0,2,2,1,200,2,1,0,2,3,2,5,5,5,2,2,4,5,5,2,1,3,2,1,3,5,4,5,2,5,2,1,3,4,4,3,3,4,5,5,2,2,4,5,5,2,4,5,4,3,3,3,5
2.36,0.93,0.35,0.7,0.94,0.69,1,2,0,200,1,4,4,2,5,1,1,1,3,4,3,5,4,3,4,4,3,2,2,2,4,3,5,1,3,1,1,3,1,1,4,2,5,3,3,3,3,2,2,4,4,1,1,1,3,3,4,5
3.38,0.79,1.0,0.6,0.81,0.68,2,1,0,200,2,2,0,1,1,3,2,2,4,2,2,2,1,4,1,3,4,3,4,5,5,5,3,4,2,3,3,5,3,1,3,5,4,2,4,2,2,2,1,4,1,3,1,3,2,3,2,2
2.5,0.89,0.7,1.0,0.94,0.6,1,4,1,300,3,0,1,3,3,2,4,2,2,3,4,3,3,3,4,2,3,3,3,3,1,3,1,2,4,5,3,4,2,1,3,3,4,2,2,3,4,3,3,3,4,1,3,2,4,5,3,4
3.88,1.0,0.89,0.96,0.82,0.67,1,2,0,300,2,1,1,3,3,2,1,2,2,4,1,3,2,4,2,1,4,1,4,5,2,5,1,4,2,4,3,1,2,3,3,2,4,4,2,4,1,3,2,4,2,2,2,4,4,2,2,1
2.69,0.59,1.0,0.75,0.71,1.0,2,1,1,300,1,4,2,3,1,3,2,1,4,3,1,2,4,4,5,3,5,2,5,3,4,4,3,3,4,1,1,5,1,2,2,1,4,2,4,3,1,2,4,4,5,3,2,3,4,5,2,2
2.59,0.85,0.92,0.78,0.9,0.96,1,3,0,300,2,1,4,2,3,1,2,1,1,3,2,1,3,3,2,4,4,3,2,3,3,1,5,1,3,4,4,3,2,2,2,2,2,4,1,3,2,1,3,3,2,4,4,4,5,3,4,2
1.07,0.7,0.75,1.0,0.79,0.9,2,1,0,300,4,0,0,2,3,2,3,3,2,4,3,4,2,4,3,2,2,5,1,2,1,1,5,1,4,4,3,1,4,2,3,1,5,4,2,4,3,4,2,4,3,3,5,2,3,1,4,3
2.34,0.89,1.0,0.7,0.89,0.7,1,3,0,300,3,0,0,2,2,2,3,1,1,1,3,5,5,4,4,2,2,4,2,2,4,3,5,4,5,1,3,5,4,3,3,4,4,1,1,1,3,5,5,4,4,4,3,2,5,1,3,3
2.85,0.63,1.0,0.7,0.82,0.89,1,1,0,300,2,2,0,1,5,1,1,4,3,1,4,3,3,3,2,3,1,3,3,3,2,4,3,2,4,3,1,3,3,5,1,2,4,2,3,1,4,3,3,3,2,4,5,2,4,3,3,1
2.67,0.99,0.8,0.69,0.7,0.79,1,3,1,200,2,1,2,4,2,3,4,4,4,1,1,4,3,3,4,3,2,4,3,3,1,4,1,3,5,3,4,3,3,3,4,5,4,1,4,1,1,4,3,3,4,1,3,1,2,3,1,4
2.65,0.79,0.99,0.79,0.76,0.93,2,3,0,300,2,1,2,2,5,2,5,5,3,5,3,2,2,1,4,4,4,4,4,1,5,4,3,5,1,1,1,4,3,5,4,5,3,5,3,5,3,2,2,1,4,2,3,2,4,2,3,5
3.05,0.64,1.0,0.66,0.88,0.9,0,1,0,200,3,0,0,4,4,2,3,2,2,1,2,2,2,2,3,3,2,4,3,2,4,3,3,2,3,3,2,3,4,3,2,1,3,2,2,2,3,2,3,4,3,3,2,2,3,2,3,3
3.23,1.0,1.0,0.69,1.0,0.7,1,3,1,300,3,0,0,3,0,1,3,3,3,5,5,3,3,2,2,4,3,3,4,3,3,3,4,1,3,1,2,5,3,1,5,3,2,4,3,5,5,3,3,2,2,1,4,2,2,3,3,3
2.81,0.79,0.9,0.9,0.84,1.0,1,4,0,200,1,2,4,1,5,3,2,3,5,4,3,3,3,5,2,4,5,1,5,4,5,3,3,4,2,2,5,3,3,2,1,1,2,1,5,4,3,3,3,5,2,3,4,4,3,3,2,2
3.43,0.87,0.66,0.99,0.93,0.89,1,1,0,300,1,4,0,3,5,0,3,3,3,5,3,4,2,1,4,3,3,2,3,1,3,2,3,2,5,4,4,5,3,3,4,3,2,5,3,5,3,4,2,1,4,4,3,3,4,2,5,3
2.07,0.78,0.7,0.68,1.0,0.57,0,2,1,300,4,0,4,3,2,0,5,3,2,2,1,4,4,3,1,2,4,1,3,5,2,3,1,5,2,1,2,2,2,2,3,5,3,4,2,2,1,4,4,3,1,5,2,3,2,3,5,5
2.67,0.8,0.69,0.69,0.59,0.59,1,1,1,300,2,1,1,2,1,1,3,1,5,1,2,1,5,5,3,3,3,4,1,2,3,1,1,3,4,3,1,4,2,4,3,4,5,2,5,1,2,1,5,5,3,1,1,4,2,5,4,3
1.17,0.5,0.93,0.89,1.0,0.69,1,2,0,200,3,0,2,1,3,2,4,4,4,4,4,4,3,4,4,4,4,4,4,4,2,4,4,4,4,4,2,2,5,1,1,5,4,2,1,2,3,2,2,2,2,2,1,1,2,1,2,2
2.89,0.9,0.91,0.93,1.0,0.79,1,3,1,300,1,4,2,3,0,1,1,2,4,2,5,3,2,3,5,2,1,4,2,3,2,4,3,1,4,3,1,3,3,3,2,5,3,2,4,2,5,3,2,3,5,1,2,3,3,2,2,1
2.65,0.89,0.59,0.94,0.86,0.9,1,3,1,300,4,0,1,4,0,0,2,2,3,1,2,4,2,4,1,3,4,2,4,3,4,4,4,1,3,2,3,1,4,3,1,2,1,4,3,1,2,4,2,4,1,4,2,2,5,1,4,2
2.05,0.8,0.9,0.93,0.95,0.7,1,3,1,300,2,2,4,4,5,1,2,5,1,2,1,4,1,4,3,3,2,2,2,4,3,2,1,4,2,2,3,2,4,4,3,4,4,2,1,2,1,4,1,4,3,2,4,4,3,2,2,2
3.02,0.69,0.66,0.84,0.92,0.89,1,1,0,300,3,0,0,4,3,1,4,3,4,2,3,3,3,5,3,4,2,1,4,4,1,3,3,4,1,5,3,4,3,3,2,2,3,5,4,2,3,3,3,5,3,1,1,2,1,5,3,4
3.27,0.9,0.89,0.79,0.97,0.79,2,0,0,300,2,2,0,3,5,2,4,2,4,2,4,3,2,3,5,3,2,4,2,3,3,2,4,2,3,1,4,2,2,4,3,5,5,4,4,2,4,3,2,3,5,1,4,2,1,3,4,4
3.48,0.45,0.8,0.8,0.89,0.78,1,2,0,200,3,1,2,1,3,1,3,3,3,3,4,2,2,4,2,2,2,3,2,3,2,3,3,3,3,3,2,3,3,3,2,3,3,3,3,2,2,2,2,3,2,3,2,3,3,3,2,3
2.91,0.93,0.79,0.91,0.88,0.7,1,0,0,300,1,3,0,4,5,1,5,1,2,2,4,3,4,2,2,2,4,2,3,3,1,1,3,2,1,2,4,3,2,1,2,5,2,5,2,2,4,3,4,2,2,3,2,3,2,5,2,5
2.21,0.69,0.69,0.79,0.51,0.9,0,1,1,300,2,2,4,2,3,2,4,2,1,3,5,3,3,4,3,1,1,4,2,1,2,2,3,4,3,5,2,5,1,2,2,2,1,2,1,3,5,3,3,4,3,1,2,3,2,5,5,4
2.43,1.0,0.93,0.9,0.91,0.79,2,0,0,300,2,2,1,5,3,1,3,1,5,2,3,2,1,4,1,4,2,3,3,3,4,3,2,5,5,1,4,3,4,4,2,4,2,5,5,2,3,2,1,4,1,3,3,1,5,5,3,3
3.45,0.9,0.7,0.67,0.96,0.6,1,2,0,300,4,0,1,4,1,0,3,4,2,5,5,3,3,2,3,5,2,5,3,3,4,5,1,1,4,5,4,1,4,5,5,5,3,3,2,5,5,3,3,2,3,4,4,1,1,3,3,3
3.32,0.69,0.92,0.73,0.84,0.78,1,4,0,300,2,0,0,3,1,1,2,1,3,5,3,1,1,4,2,1,2,5,1,2,4,3,3,4,4,5,2,1,3,2,1,2,4,2,3,5,3,1,1,4,2,3,4,5,4,4,1,2
2.22,0.79,0.79,1.0,0.85,1.0,1,0,0,300,2,1,0,1,1,3,2,4,3,2,2,2,2,2,2,4,4,1,4,4,3,1,3,5,4,3,5,4,4,3,2,3,2,3,3,2,2,2,2,2,2,4,4,2,4,2,4,2
2.81,0.89,0.73,0.71,0.56,0.89,1,2,1,200,0,2,1,5,0,0,5,5,3,4,5,5,5,4,5,5,5,4,5,5,5,5,4,5,5,5,5,5,5,4,5,5,5,5,4,5,5,5,5,5,5,5,5,5,5,5,5,5
3.41,0.79,0.77,0.87,0.71,0.89,1,1,0,300,1,0,1,4,1,0,2,3,4,4,4,5,3,4,4,4,3,1,3,3,4,3,3,2,1,2,4,1,2,2,4,5,2,3,4,4,4,5,3,4,4,1,1,1,3,3,1,2
3.08,0.6,0.69,0.93,1.0,0.77,1,1,0,200,2,1,1,3,3,1,2,2,2,3,2,1,5,4,3,2,2,2,4,2,5,3,2,3,2,3,4,1,5,5,3,3,1,3,2,3,2,1,5,4,3,1,4,3,3,5,1,2
3.02,0.78,0.8,0.7,0.84,1.0,1,4,1,200,2,1,0,2,1,1,3,2,2,4,3,3,5,1,4,2,5,2,2,4,3,2,1,2,3,3,4,5,3,3,4,5,1,4,2,4,3,3,5,1,4,2,3,1,4,5,4,3
2.35,0.69,1.0,0.7,0.47,0.84,1,3,1,300,3,0,0,4,2,1,4,5,4,3,2,2,2,2,2,3,2,3,4,4,2,1,3,4,5,5,4,2,5,2,5,5,1,3,4,3,2,2,2,2,2,4,3,3,3,4,4,4
2.81,0.9,0.89,0.7,0.8,0.85,1,2,0,300,1,0,2,3,5,2,2,3,4,4,2,3,4,4,1,2,3,3,2,4,2,2,4,2,5,1,4,3,2,1,3,2,4,2,4,4,2,3,4,4,1,2,4,3,4,5,4,2
3.3,0.79,0.93,0.69,0.66,0.78,2,3,1,300,3,1,0,4,2,1,3,2,1,4,3,3,3,2,3,3,1,3,3,5,2,2,3,3,4,4,4,2,4,5,5,5,1,4,1,4,3,3,3,2,3,3,3,4,3,3,1,3
3.15,0.7,0.67,0.85,0.77,0.96,0,1,1,200,1,4,0,3,5,1,3,2,3,5,5,4,3,3,3,3,4,3,3,3,2,3,3,3,2,2,4,1,3,4,2,4,2,4,3,5,5,4,3,3,3,2,2,5,4,2,2,3
2.63,0.73,0.7,0.7,1.0,0.59,2,1,1,300,2,0,1,3,3,1,3,2,4,5,3,3,2,5,3,2,3,2,3,1,2,2,4,2,3,3,3,3,5,4,3,4,1,2,4,5,3,3,2,5,3,3,3,4,3,3,2,3
2.29,0.8,0.89,0.89,0.8,0.79,2,4,1,300,3,1,0,2,5,1,5,3,1,5,5,2,3,3,4,4,1,1,3,1,3,5,1,3,5,3,1,3,4,4,3,2,1,5,1,5,5,2,3,3,4,4,4,1,3,2,1,5
3.22,0.89,0.88,0.79,1.0,0.69,2,0,1,300,2,2,2,2,3,3,1,3,1,2,5,3,3,1,4,3,4,4,3,4,5,4,5,5,2,4,3,4,3,3,1,3,4,2,1,2,5,3,3,1,4,2,2,2,2,3,1,1
2.28,0.9,0.6,0.88,0.73,0.79,0,3,0,300,2,2,1,4,5,3,3,3,1,4,3,5,4,1,3,2,1,2,3,4,2,4,2,5,2,3,3,4,2,2,5,1,4,3,1,4,3,5,4,1,3,3,4,2,3,3,1,3
2.39,0.75,0.78,0.88,0.88,0.93,1,1,0,300,4,0,0,5,1,1,4,4,5,1,3,4,4,1,2,4,1,4,3,4,2,3,3,3,2,5,4,2,3,2,3,4,2,3,5,1,3,4,4,1,2,3,3,2,5,3,2,4
1.98,0.91,1.0,0.87,0.76,0.89,2,3,1,200,2,1,1,3,1,3,4,3,4,5,2,4,2,1,2,2,3,5,1,4,4,3,1,3,3,4,2,2,2,4,2,3,2,1,4,5,2,4,2,1,2,4,4,4,3,2,3,4
2.53,0.8,0.92,0.8,0.86,0.67,1,2,0,300,2,2,0,3,1,1,2,2,2,2,2,4,4,2,4,2,4,4,4,2,1,2,2,3,4,2,1,2,2,3,4,4,4,3,4,2,3,2,2,2,2,1,2,1,2,1,1,2
2.86,0.93,1.0,0.6,1.0,1.0,2,3,1,300,4,0,0,3,2,1,1,1,1,2,3,3,3,5,2,1,3,2,2,2,2,3,1,4,3,3,1,1,3,4,2,1,1,5,1,2,3,3,3,5,2,3,4,1,2,3,2,1
3.14,0.9,0.9,0.63,0.69,0.7,0,2,0,300,4,0,1,4,2,2,3,1,2,2,1,3,4,5,3,3,5,2,2,1,2,1,2,4,2,2,3,4,4,2,2,2,5,5,2,2,1,3,4,5,3,1,1,3,2,4,1,3
2.87,0.8,0.69,0.69,0.82,0.75,1,2,0,300,2,2,0,3,1,3,1,2,5,4,2,4,2,2,2,3,4,5,2,4,2,3,4,1,3,4,2,3,3,2,3,2,5,2,5,4,2,4,2,2,2,4,3,1,2,1,4,1
2.11,0.92,0.9,0.79,0.94,0.69,1,2,1,300,2,2,0,2,1,1,4,3,4,3,1,4,4,5,3,4,2,3,3,4,1,3,4,1,4,3,4,1,5,3,5,4,4,3,4,3,1,4,4,5,3,3,2,3,1,5,4,4
2.88,0.87,0.64,1.0,0.88,0.69,1,2,0,200,3,0,1,4,2,1,2,2,2,1,4,4,3,1,2,2,2,3,2,4,1,5,3,5,3,5,2,2,1,3,4,2,3,4,2,1,4,4,3,1,2,5,5,2,3,2,1,2
2.3,0.87,0.93,0.78,0.94,0.9,1,0,0,200,1,2,0,2,2,1,3,3,5,3,2,2,2,4,1,2,2,5,4,2,4,4,4,4,2,1,2,1,4,4,2,2,2,4,5,3,2,2,2,4,1,3,3,1,4,2,1,3
3.41,1.0,0.9,0.84,0.86,0.89,1,3,1,300,2,2,0,2,2,1,5,3,4,2,4,4,3,5,5,3,4,1,5,4,3,2,3,5,1,1,3,5,3,1,3,1,3,1,4,2,4,4,3,5,5,1,3,3,4,3,2,5
3.41,0.6,0.89,0.87,0.92,0.89,1,2,0,300,3,1,2,2,2,3,1,1,4,3,3,4,3,3,3,1,5,4,2,2,3,3,3,3,3,3,3,3,1,2,2,2,5,3,4,3,3,4,3,3,3,1,2,3,2,3,3,1
3.48,0.77,1.0,1.0,0.62,0.68,2,3,1,200,2,2,1,4,5,0,5,3,4,2,1,2,3,1,4,1,5,4,1,4,4,5,3,3,3,5,1,1,3,5,2,3,2,1,4,2,1,2,3,1,4,1,4,1,2,2,2,5
2.36,0.84,0.69,0.9,0.61,1.0,1,1,1,300,1,3,0,3,5,2,5,2,1,3,3,2,2,3,4,5,2,3,2,1,2,3,2,3,3,3,2,4,3,3,1,3,5,3,1,3,3,2,2,3,4,4,1,1,3,4,1,5
3.22,0.91,1.0,1.0,0.86,0.69,1,0,1,300,2,2,2,3,1,2,1,4,5,2,1,1,3,5,3,1,4,3,2,4,2,3,3,1,2,2,2,4,1,1,1,3,3,1,5,2,1,1,3,5,3,4,3,4,4,3,2,1
2.52,0.79,0.66,0.7,0.94,1.0,1,4,0,300,2,2,0,1,5,3,5,2,4,1,4,4,2,3,2,2,3,3,4,3,3,1,4,4,2,2,4,3,1,2,1,3,5,4,4,1,4,4,2,3,2,4,2,1,3,5,2,5
2.93,1.0,0.99,0.7,0.94,0.69,2,0,0,200,3,0,0,1,1,2,3,3,3,4,3,1,5,4,2,1,4,3,1,5,5,2,2,1,4,3,3,3,2,2,2,2,3,4,3,4,3,1,5,4,2,4,1,5,3,5,3,3
2.4,0.9,0.9,0.79,1.0,0.79,2,1,1,300,1,2,0,2,3,2,1,4,5,2,2,2,4,4,2,1,2,4,1,2,2,1,4,3,4,2,2,2,3,4,1,2,3,2,5,2,2,2,4,4,2,3,2,4,2,5,2,1
3.17,0.6,0.6,0.69,0.9,0.7,1,1,0,300,2,4,0,3,3,2,5,5,2,2,2,4,2,4,4,2,3,1,4,4,1,2,3,2,5,3,3,4,5,1,1,3,2,4,2,2,2,4,2,4,4,3,1,1,2,5,3,5
2.91,1.0,0.89,0.7,0.84,0.92,2,2,1,300,1,3,0,5,1,1,2,3,4,2,2,5,3,2,3,3,3,2,3,4,5,1,4,3,3,2,2,4,2,3,2,4,2,3,4,2,2,5,3,2,3,2,2,1,1,5,3,2
1.88,0.69,1.0,0.69,0.66,0.89,1,1,1,300,1,2,0,1,3,0,3,3,3,5,2,3,4,4,5,1,1,5,3,2,1,1,3,2,3,3,2,2,4,4,4,5,1,2,3,5,2,3,4,4,5,1,3,4,2,3,4,3
2.16,1.0,0.92,0.89,0.9,1.0,2,2,0,300,2,1,0,3,3,0,3,2,3,1,3,2,4,3,3,2,3,5,1,1,4,2,3,3,2,3,3,3,5,2,3,2,1,3,3,1,3,2,4,3,3,2,2,3,5,1,4,3
2.77,0.77,0.7,0.93,0.81,0.92,1,1,0,200,2,1,0,2,5,3,4,5,1,4,2,1,1,4,3,2,2,5,2,1,1,1,2,4,3,4,1,3,1,1,2,1,5,3,1,4,2,1,1,4,3,3,1,3,3,3,1,4
2.9,0.92,0.89,0.89,0.77,1.0,0,3,0,300,2,1,4,3,1,1,1,4,5,3,1,3,3,2,3,3,3,4,3,2,2,2,4,2,5,4,2,2,5,2,1,3,2,5,5,3,1,3,3,2,3,3,5,2,3,1,5,1
1.12,0.6,0.7,1.0,0.93,0.78,2,1,0,200,1,0,0,3,1,1,1,3,5,2,4,2,3,4,4,1,4,2,5,3,2,3,2,3,1,4,4,4,3,3,4,5,3,4,5,2,4,2,3,4,4,4,2,3,3,3,2,1
2.78,0.88,0.69,0.78,0.57,0.78,1,2,0,300,2,1,0,4,3,2,4,5,1,5,2,1,4,3,4,2,3,4,4,3,5,3,5,4,4,2,2,1,1,1,4,2,5,4,1,5,2,1,4,3,4,3,3,1,3,5,3,4
1.69,0.73,0.59,0.68,0.89,0.93,1,1,1,300,2,1,1,3,2,1,3,3,4,1,2,3,2,4,1,3,5,1,4,4,3,2,3,5,2,3,3,2,1,1,1,2,5,3,4,1,2,3,2,4,1,3,3,4,5,1,4,3
1.95,1.0,0.78,0.7,1.0,0.89,1,3,0,300,2,1,0,2,1,2,2,5,1,1,3,4,4,3,4,4,2,4,2,3,5,5,1,3,4,3,3,3,3,3,4,5,2,5,1,1,3,4,4,3,4,3,4,2,3,4,5,2
2.5,0.79,0.78,0.7,0.86,0.69,2,1,0,300,2,2,2,3,1,1,4,2,3,3,3,3,2,3,3,4,2,4,3,2,4,2,3,5,4,2,3,1,3,4,3,4,3,5,3,3,3,3,2,3,3,3,1,4,2,2,3,4
2.79,0.79,0.98,0.6,0.93,0.78,1,1,0,200,2,1,1,4,1,2,2,3,4,2,2,3,4,2,2,3,4,3,4,1,2,3,3,4,4,4,5,3,3,4,3,5,2,2,4,2,2,3,4,2,2,5,3,4,4,3,4,2
3.71,0.93,1.0,0.79,0.82,0.9,1,1,0,300,2,2,0,4,2,3,2,4,3,2,5,4,3,4,3,3,4,2,1,4,2,3,3,3,2,3,1,3,3,2,4,2,2,1,3,2,5,4,3,4,3,2,4,3,1,3,2,2
2.35,0.9,0.79,0.79,1.0,0.79,1,1,0,300,2,0,1,2,2,3,3,4,2,2,1,1,4,4,4,1,4,4,2,2,4,3,5,1,4,3,2,3,4,1,4,2,1,2,2,2,1,1,4,4,4,2,2,4,5,2,3,3
2.64,0.89,0.99,0.79,0.95,0.7,0,2,0,200,2,1,0,3,3,2,2,2,3,4,4,3,1,1,4,2,1,3,3,2,4,2,3,5,1,3,3,3,2,2,3,3,2,3,3,4,4,3,1,1,4,4,3,3,3,3,5,2
3.31,0.8,0.69,0.79,0.74,0.9,1,4,1,300,2,1,0,2,5,1,3,4,4,2,1,1,5,3,3,4,4,1,2,4,4,1,4,2,4,5,1,1,1,3,2,4,5,3,4,2,1,1,5,3,3,2,4,3,4,5,2,3
3.02,0.7,0.79,0.78,0.8,0.7,1,2,0,300,2,2,0,2,2,1,3,5,3,2,3,4,4,2,5,4,2,3,5,3,2,4,4,3,3,5,2,1,5,4,5,2,1,5,3,2,3,4,4,2,5,4,2,3,5,1,2,3
3.19,0.69,0.6,0.79,0.96,0.79,1,3,0,300,2,0,1,2,1,1,3,3,2,1,3,5,1,2,1,1,3,3,2,4,4,4,1,4,3,5,5,2,3,4,5,4,3,5,2,1,3,5,1,2,1,4,2,4,3,1,4,3
2.81,0.84,0.79,0.7,0.89,0.89,1,2,1,300,2,1,2,3,0,2,3,2,3,3,1,3,4,3,4,4,2,2,3,1,3,4,3,3,4,4,3,3,3,4,2,3,4,5,3,3,1,3,4,3,4,3,5,2,2,2,2,3
2.93,0.69,0.78,1.0,0.91,0.89,0,3,1,300,3,0,0,2,5,2,3,4,1,3,4,3,1,3,3,3,3,4,1,2,2,2,4,1,1,3,3,4,4,1,3,3,3,2,1,3,4,3,1,3,3,5,2,5,5,2,2,3
2.9,0.66,0.93,0.9,0.97,0.99,1,1,1,200,4,0,0,2,4,3,4,2,4,1,2,2,3,1,3,2,3,3,2,1,3,4,2,4,4,3,3,1,1,2,3,3,2,2,3,2,4,3,2,1,2,2,3,2,3,1,2,3
3.39,0.66,0.7,0.84,0.87,0.89,2,1,0,300,2,2,4,3,1,1,5,4,4,3,5,3,4,3,1,5,3,3,2,2,3,4,1,3,2,1,3,4,2,2,1,3,4,1,4,3,5,3,4,3,1,1,1,1,3,5,1,5
2.98,0.72,0.9,0.79,0.77,1.0,0,4,1,200,2,2,2,3,3,2,2,3,4,2,4,1,1,2,3,1,2,5,3,4,3,3,2,1,1,3,1,2,3,3,2,5,2,1,4,2,4,1,1,2,3,4,5,3,4,2,4,2
2.76,1.0,0.69,1.0,0.78,0.79,2,2,0,300,2,4,1,2,3,2,2,3,1,2,5,2,3,3,3,2,1,2,2,1,2,3,3,3,2,3,1,1,4,4,3,3,2,2,1,2,5,2,3,3,3,2,1,5,4,4,3,2
2.41,0.66,0.96,1.0,0.8,0.79,0,2,0,300,2,1,0,3,5,2,3,2,2,5,1,2,3,3,3,5,3,1,4,4,2,3,2,4,1,3,1,5,3,2,4,4,1,1,2,5,1,2,3,3,3,2,4,3,2,5,3,3
2.57,0.68,1.0,0.78,0.93,0.89,1,1,1,300,3,0,2,5,1,1,4,4,2,5,5,4,3,1,3,2,3,5,1,4,4,2,4,4,2,4,4,5,1,3,4,1,4,3,2,5,5,4,3,1,3,3,2,1,1,2,1,4
2.26,0.82,0.75,0.6,0.93,0.88,1,2,0,200,2,2,1,4,2,2,4,3,2,2,3,2,2,3,2,3,1,3,2,3,2,3,2,3,4,3,3,4,2,3,4,2,3,2,4,4,4,4,2,4,2,2,3,3,2,3,4,3
1.74,1.0,0.93,0.79,0.85,0.91,2,3,0,200,4,0,1,5,2,1,1,1,1,1,1,1,1,1,1,1,1,1,1,1,4,5,5,5,5,5,1,5,5,2,1,4,5,1,1,1,2,1,2,2,2,1,1,1,1,1,1,1
2.57,0.79,0.88,0.91,0.87,0.92,1,1,0,300,1,4,1,3,3,1,4,4,4,1,1,5,4,5,4,3,4,4,4,1,1,3,1,1,4,5,3,4,2,1,3,4,5,3,4,1,1,5,4,5,4,2,2,3,1,2,2,4
2.74,0.7,0.79,0.9,1.0,0.69,1,3,1,300,2,2,0,4,2,3,2,4,1,2,3,2,2,5,4,1,4,2,1,2,1,3,5,4,2,4,3,3,2,4,4,1,3,5,1,2,3,2,2,5,4,5,2,2,2,4,2,2
2.61,0.9,0.69,1.0,0.92,1.0,1,1,0,300,3,1,1,3,3,2,3,2,2,5,5,2,2,4,3,4,4,4,4,3,5,4,2,3,2,3,3,1,4,5,2,4,1,5,2,5,5,2,2,4,3,3,3,2,2,4,1,3
2.14,0.73,0.91,0.68,0.93,1.0,2,0,1,300,2,2,1,4,1,1,3,1,2,2,3,3,5,2,2,3,1,5,3,3,1,3,2,2,1,1,2,4,1,2,2,1,5,2,2,2,3,3,5,2,2,3,3,3,1,4,1,3
3.09,0.79,0.89,0.89,0.74,0.6,2,4,0,300,3,0,1,2,3,0,3,3,4,2,1,3,4,2,3,5,1,2,1,3,1,3,3,3,3,4,4,1,5,3,4,2,4,2,4,2,1,3,4,2,3,5,3,2,4,2,3,3
1.57,0.5,0.92,0.89,0.47,0.7,2,2,1,200,2,2,0,2,1,2,3,2,3,2,3,3,3,4,2,4,3,2,1,3,3,4,2,2,2,2,3,4,1,5,4,2,2,3,3,3,3,3,3,3,2,4,3,4,3,4,3,4
3.02,0.7,0.89,0.89,0.87,0.6,1,2,0,300,3,1,0,2,1,2,1,1,2,4,2,4,3,5,1,5,3,4,1,1,2,3,4,3,3,1,3,2,3,1,2,4,2,4,2,4,2,4,3,5,1,4,1,2,1,4,1,1
2.19,0.79,0.8,0.88,0.73,0.73,1,4,1,200,1,3,0,2,1,2,3,3,3,1,3,2,3,2,1,2,3,1,3,4,3,4,2,3,4,3,3,2,2,3,1,4,5,4,3,1,3,2,3,2,1,5,3,3,1,3,2,3
2.52,0.99,0.7,0.7,0.78,0.79,1,1,1,200,3,0,0,3,5,1,2,3,2,1,4,2,5,2,2,2,2,1,3,5,2,2,5,3,3,4,4,1,3,1,1,5,5,4,2,1,4,2,5,2,2,3,4,1,4,4,2,2
1.95,0.32,0.68,0.68,0.49,0.73,0,2,1,200,2,0,0,5,2,1,5,5,5,5,5,5,5,5,5,5,5,5,5,5,5,4,5,5,5,4,5,5,5,5,5,5,4,5,5,5,5,5,5,5,5,5,4,5,5,5,5,4
2.11,0.7,1.0,0.7,0.85,0.87,2,1,0,300,2,1,4,5,5,3,1,3,1,3,3,1,2,2,4,2,3,3,3,4,5,2,4,2,1,5,3,4,2,1,3,4,5,3,1,3,3,1,2,2,4,2,2,3,2,4,1,1
3.38,0.69,0.78,0.69,0.78,0.79,1,1,0,200,2,1,1,1,1,1,2,3,3,1,2,1,2,4,2,3,4,3,3,4,2,1,1,5,2,3,4,2,3,1,3,3,3,1,3,1,2,1,2,4,2,2,1,1,4,2,2,2
2.93,0.59,0.79,0.78,0.88,0.79,2,1,0,300,2,1,0,1,1,1,3,4,5,1,3,4,3,3,2,1,4,3,3,4,5,2,2,2,3,4,3,2,2,2,3,2,4,1,5,1,3,4,3,3,2,1,3,3,5,5,1,3
3.06,0.78,0.7,1.0,0.72,0.69,2,1,1,300,4,0,4,2,1,0,5,2,5,3,3,4,1,3,2,3,3,2,2,2,2,3,4,3,3,4,3,1,2,3,4,3,1,4,5,3,3,4,1,3,2,5,2,4,3,5,4,5
2.98,0.89,0.6,0.7,0.91,1.0,1,1,0,300,1,4,0,3,1,1,2,1,3,2,1,2,2,3,5,3,3,3,2,3,2,3,3,5,2,4,3,3,4,2,2,4,1,4,3,2,1,2,2,3,5,3,2,4,2,2,1,2
2.5,0.89,0.79,0.66,0.84,0.79,0,1,0,200,3,1,1,2,2,1,5,4,2,4,4,2,2,1,3,2,4,1,2,4,4,5,1,1,4,4,5,1,5,3,2,4,1,5,2,4,4,2,2,1,3,3,2,5,3,3,2,5
1.52,1.0,0.67,0.79,0.78,0.93,1,2,1,200,3,0,1,1,1,3,2,3,4,1,2,3,5,1,2,2,2,5,4,3,1,5,2,3,4,1,1,5,2,1,1,2,3,1,4,1,2,3,5,1,2,3,1,4,3,5,2,2
2.93,0.69,0.79,0.59,0.72,0.99,1,4,1,300,2,1,4,2,3,2,2,2,4,2,4,1,1,5,3,3,1,2,4,3,3,2,1,3,2,1,5,2,4,5,1,3,2,5,4,2,4,1,1,5,3,4,4,4,5,1,2,2
2.67,0.79,0.96,0.57,0.65,0.89,0,3,1,200,2,2,0,3,4,0,2,2,2,3,2,2,2,2,3,2,2,1,3,1,4,4,3,3,3,2,2,2,3,1,2,2,3,3,2,3,3,2,2,2,3,1,2,1,2,3,2,2
2.3,0.9,0.89,1.0,0.95,0.79,1,3,1,300,3,0,0,3,1,2,4,4,1,4,5,5,2,3,2,4,3,5,3,2,1,2,3,2,3,4,3,4,3,3,1,3,4,2,1,4,5,5,2,3,2,5,4,1,5,1,3,4
3.17,0.8,0.78,0.89,0.8,0.72,0,3,1,300,2,1,0,3,1,1,3,2,3,2,3,4,2,3,2,4,2,1,3,4,2,1,2,1,2,1,2,3,2,3,2,4,2,1,4,3,3,3,3,2,1,1,2,2,1,2,2,1
3.74,0.89,1.0,0.9,0.88,0.93,1,3,0,300,4,0,1,2,3,3,3,4,4,3,3,1,3,4,1,4,2,3,3,4,3,4,1,4,3,2,3,4,1,2,3,5,4,5,4,3,3,1,3,4,1,4,4,2,2,2,4,3
3.54,0.9,0.79,0.79,0.84,0.7,1,1,1,300,1,3,2,2,1,1,3,2,3,2,2,1,3,2,2,5,2,4,5,4,3,3,3,5,5,5,1,3,2,3,3,5,1,5,3,2,2,1,3,2,2,4,2,5,2,1,3,3
2.31,0.89,0.91,0.77,0.7,0.7,2,4,0,300,2,1,0,2,2,3,3,4,2,3,4,3,3,3,4,1,3,3,1,2,5,2,3,4,3,2,2,1,4,5,4,1,2,4,2,3,4,3,3,3,4,4,3,4,2,5,3,3
2.75,1.0,0.7,0.55,0.9,0.69,1,1,1,300,2,0,0,2,3,2,3,4,1,3,4,3,4,1,4,4,1,1,4,4,2,2,4,5,3,2,1,2,4,2,3,2,5,4,1,3,4,3,4,1,4,2,4,2,2,3,3,3
2.16,0.89,0.73,0.83,0.68,0.7,0,2,1,300,2,0,1,3,5,3,2,2,5,4,1,2,4,4,2,3,3,5,2,3,5,3,3,5,3,3,2,3,2,3,5,2,2,3,5,4,1,2,4,4,2,5,3,2,2,4,2,2
2.43,0.64,0.84,0.59,0.93,0.75,2,0,1,200,1,3,2,2,3,2,3,1,2,2,2,2,2,2,2,2,2,1,1,1,3,3,3,2,1,1,2,2,3,1,2,1,2,1,2,2,1,2,1,1,2,2,2,2,1,1,1,2
2.05,0.96,0.7,0.69,0.64,0.79,1,1,1,300,1,4,2,2,3,0,1,3,3,1,1,1,4,2,3,4,1,5,3,1,3,3,4,1,3,3,2,3,2,4,1,3,1,4,3,1,1,1,4,2,3,4,3,2,3,2,5,1
3.26,0.93,0.8,0.69,0.99,0.89,1,1,1,300,1,4,0,5,2,2,1,1,1,4,5,4,4,3,2,1,2,3,5,3,2,3,5,2,3,5,4,1,4,5,5,5,2,3,1,4,5,4,4,3,2,1,1,2,2,5,3,1
2.94,0.78,0.69,0.69,1.0,0.9,2,2,0,300,4,0,1,3,5,1,3,2,3,3,2,3,4,3,3,2,1,2,3,2,3,5,2,4,3,3,4,4,4,2,1,3,5,2,3,3,2,3,4,3,3,1,1,2,1,5,1,3
1.45,1.0,0.78,0.4,0.78,0.9,2,1,0,300,2,1,4,4,2,3,4,2,4,5,2,4,3,1,5,3,5,1,5,2,4,4,4,5,3,2,5,1,3,1,4,2,2,3,4,5,2,4,3,1,5,3,3,2,5,2,2,4
3.43,0.62,0.79,0.79,0.86,0.7,1,4,1,300,2,1,0,2,3,2,3,4,1,3,2,4,2,3,2,5,4,3,2,4,1,1,3,3,3,4,1,3,3,3,4,2,2,3,1,3,2,4,2,3,2,5,3,5,1,2,4,3
3.59,0.7,0.9,0.6,0.95,1.0,1,1,0,300,2,2,0,3,2,1,4,4,2,1,4,4,1,3,1,5,3,3,1,2,5,3,4,2,1,2,4,4,4,1,1,4,2,2,2,1,4,4,1,3,1,4,4,3,1,1,2,4
3.41,0.68,1.0,0.77,0.99,0.78,0,1,1,300,2,1,0,3,5,0,2,3,2,2,3,2,5,3,2,1,3,4,4,1,2,3,3,3,4,5,5,2,3,4,5,4,3,5,2,2,3,2,5,3,2,2,3,2,3,1,3,2
3.35,0.89,0.6,0.79,0.8,0.89,0,1,0,300,4,0,2,4,1,1,3,5,1,4,4,5,5,4,3,2,1,5,5,4,3,3,1,2,4,3,1,2,3,4,4,4,1,2,1,4,4,5,5,4,3,2,3,3,4,4,5,3
3.15,0.93,0.6,0.6,0.8,0.7,2,1,1,300,1,2,0,3,2,1,2,1,3,3,4,1,2,1,3,3,4,2,5,5,5,2,1,4,1,1,1,2,5,3,2,4,2,3,3,3,4,1,2,1,3,3,3,2,5,5,3,2
3.04,0.79,0.89,0.92,0.88,0.7,1,3,1,200,4,0,0,2,1,2,4,4,3,2,4,2,5,4,1,3,2,4,5,3,5,3,5,2,2,2,4,4,2,4,4,3,2,2,3,2,4,2,5,4,1,1,4,4,2,3,1,4
3.76,0.92,0.78,0.89,0.86,0.89,1,4,0,300,2,0,1,2,2,1,5,3,1,3,1,2,3,3,4,1,3,1,4,4,2,1,3,5,1,2,3,3,3,3,1,1,4,4,1,3,1,2,3,3,4,3,2,2,2,5,1,5
3.02,0.93,0.93,0.79,0.77,0.68,0,3,0,200,3,0,0,3,3,3,5,1,2,2,1,3,4,2,4,5,1,1,3,5,4,2,3,1,3,3,1,2,4,1,4,1,2,3,2,2,1,3,4,2,4,5,4,3,2,1,2,5
3.06,0.96,0.89,0.69,0.72,0.93,1,1,0,300,2,0,1,2,3,2,5,3,4,2,2,4,3,3,2,1,3,4,2,1,1,4,5,1,3,2,3,2,3,3,5,4,2,3,4,2,2,4,3,3,2,5,3,4,2,1,4,5
2.81,0.8,0.6,0.8,0.63,0.9,1,1,1,200,3,4,0,4,1,1,2,2,4,2,3,2,2,2,3,3,4,5,4,3,4,4,4,4,4,5,2,3,4,1,4,4,1,3,3,3,3,4,2,2,2,1,2,2,2,3,2,2
1.81,1.0,0.68,1.0,0.86,0.93,0,3,0,200,3,0,0,3,1,1,2,2,2,2,2,2,2,2,4,2,4,2,4,2,2,4,4,4,4,4,2,2,4,2,2,4,2,2,2,2,2,2,2,2,2,2,2,2,2,2,2,2
2.94,0.77,0.87,0.91,0.85,1.0,2,2,0,300,2,1,0,4,1,2,1,1,4,2,1,2,3,4,4,2,3,5,2,4,2,2,5,3,5,1,1,4,2,2,2,2,3,1,4,2,1,2,3,4,4,2,4,2,3,4,3,1
3.24,0.79,0.79,0.6,0.93,1.0,1,2,0,300,1,2,0,2,1,1,3,5,4,2,3,2,2,3,3,2,3,5,4,3,1,1,4,4,4,3,3,2,4,5,4,1,3,3,4,2,3,2,2,3,3,2,1,2,4,2,2,3
2.55,0.96,0.89,1.0,0.91,0.69,1,3,1,300,2,1,0,5,3,2,1,2,3,5,3,5,3,1,4,1,4,2,2,4,1,2,3,2,2,3,3,2,2,1,4,4,3,4,3,5,3,5,3,1,4,4,4,2,3,4,2,1
2.57,0.67,0.66,0.79,0.94,0.69,2,1,1,300,1,4,0,3,1,2,3,2,3,5,2,4,3,3,3,4,3,4,1,3,5,3,3,3,1,2,2,3,2,1,2,2,5,4,3,5,2,4,3,3,3,5,4,5,5,2,2,3
2.53,0.8,0.9,0.93,0.6,0.9,1,3,0,300,2,2,0,2,1,2,2,2,3,3,3,2,2,3,2,3,2,3,3,2,4,4,4,4,4,4,4,4,2,2,2,4,2,2,2,2,2,2,2,2,2,2,2,2,2,2,2,2
2.22,0.7,0.73,0.9,0.88,1.0,1,3,0,300,2,1,0,2,5,3,5,1,1,4,2,4,4,1,3,4,4,4,1,3,4,3,2,2,1,4,4,3,4,3,3,3,2,4,1,4,2,4,4,1,3,1,2,2,2,5,2,5
3.4,0.79,0.69,0.72,0.87,0.79,0,3,1,300,2,2,1,1,3,1,5,1,2,3,4,2,3,3,2,3,3,1,4,5,2,4,2,5,4,3,1,3,4,4,3,4,5,1,2,3,4,2,3,3,2,3,4,2,4,2,4,5
2.35,0.69,0.89,0.59,0.98,0.88,1,2,1,300,1,4,1,5,2,2,3,5,2,2,2,2,2,4,3,3,3,5,2,2,2,4,1,3,1,5,3,3,4,3,4,4,3,2,2,2,2,2,2,4,3,4,2,4,4,5,1,3
3.35,0.89,0.8,0.66,1.0,0.9,1,1,1,200,2,2,0,3,1,1,2,3,5,4,2,1,1,5,4,3,3,4,2,2,5,1,4,3,3,4,3,1,5,2,4,2,2,3,5,4,2,1,1,5,4,2,3,3,3,1,4,2
2.98,0.99,0.7,0.89,0.91,0.91,1,0,0,300,4,0,4,4,3,1,3,4,1,3,1,3,2,2,2,2,4,2,3,3,4,3,5,2,2,4,5,1,5,4,5,3,3,4,1,3,1,3,2,2,2,2,4,4,4,5,2,3
2.74,0.78,0.69,0.91,0.89,0.93,1,0,1,200,2,0,0,5,1,1,2,2,2,2,3,1,4,2,3,3,3,2,4,2,4,4,3,3,4,3,2,3,3,3,3,2,3,1,3,2,3,2,2,3,3,2,2,2,2,2,2,1
2.98,0.79,0.69,0.89,0.91,0.69,1,3,1,300,4,0,4,4,3,1,3,4,1,3,2,2,4,4,3,2,5,2,1,2,3,3,3,3,4,2,3,5,1,2,3,2,3,3,1,3,2,2,4,4,3,1,5,1,5,3,4,3
1.83,0.8,0.72,0.89,0.93,0.7,1,0,0,200,1,4,0,3,2,2,2,3,2,1,3,2,2,1,3,2,3,4,2,2,3,3,2,1,2,3,2,2,2,2,3,3,2,3,2,2,2,3,2,3,1,1,2,2,2,2,1,2
2.81,0.7,0.89,0.69,0.9,0.85,1,1,0,300,4,0,0,2,5,2,4,5,2,3,2,5,5,1,5,1,3,5,5,2,4,2,2,4,4,4,3,4,4,1,2,1,4,1,2,3,2,5,5,1,5,1,1,1,3,4,1,4
2.52,0.88,0.8,0.7,0.73,0.9,1,3,0,200,4,0,2,4,5,3,4,3,5,2,3,4,2,3,5,2,2,5,3,3,2,2,3,4,4,4,4,2,3,1,1,5,3,3,5,2,3,4,2,3,5,1,2,3,2,2,3,4
3.15,0.7,0.79,0.91,0.85,0.7,1,3,1,200,4,0,1,1,3,2,2,4,1,4,3,3,4,5,3,1,4,2,2,2,3,1,2,2,3,5,1,1,2,5,5,4,2,5,1,4,3,3,4,5,3,2,3,3,2,3,4,2
3.81,0.9,0.69,0.69,0.95,0.7,1,3,1,200,1,0,0,4,3,1,1,1,1,1,2,1,3,4,5,5,2,2,2,2,1,1,1,3,3,2,1,1,3,2,2,3,4,2,2,3,3,2,2,3,3,1,1,2,1,1,1,1
2.42,0.79,0.8,0.9,0.75,0.94,1,1,1,200,2,1,1,5,2,2,4,2,1,4,1,4,3,3,3,3,3,5,5,2,2,1,1,3,3,3,1,2,3,4,2,3,2,3,1,4,1,4,3,3,3,5,3,4,4,3,5,4
2.44,1.0,1.0,0.69,0.7,0.79,1,1,0,300,3,1,1,3,3,1,3,3,2,4,2,5,1,3,3,4,5,1,5,5,3,4,2,3,4,1,1,2,3,4,3,3,4,3,2,4,2,5,1,3,3,2,3,2,2,3,2,3
3.19,0.79,1.0,0.79,0.83,0.98,1,0,0,200,2,1,0,4,5,1,2,2,3,3,4,4,5,2,2,1,2,4,5,3,3,4,2,2,4,5,5,1,4,4,3,1,3,4,3,3,4,4,5,2,2,3,2,2,4,1,5,2
3.27,0.99,0.89,0.52,0.7,0.79,1,0,1,300,2,1,1,4,2,2,5,4,2,3,3,3,1,1,5,3,2,3,3,4,3,3,3,1,4,1,1,4,3,3,2,2,4,1,2,3,3,3,1,1,5,4,1,3,2,3,4,5
3.35,1.0,1.0,0.77,1.0,0.7,1,4,1,300,2,1,2,2,1,1,4,2,3,2,4,5,3,5,3,2,2,5,3,2,2,1,5,2,5,1,3,2,2,4,4,1,4,3,3,2,4,5,3,5,3,3,3,2,5,5,3,4
2.85,0.7,0.7,0.89,0.83,1.0,1,1,0,200,2,4,0,2,1,2,4,3,3,1,4,1,2,2,3,2,2,3,1,2,1,3,3,3,5,2,3,1,2,3,3,2,3,4,3,1,4,1,2,2,3,4,1,1,4,4,3,4
2.63,1.0,0.67,0.91,0.99,0.9,0,1,1,200,2,2,0,4,1,3,4,3,1,5,3,2,4,2,3,2,5,3,3,3,4,3,2,4,4,1,1,5,2,2,3,1,5,2,1,5,3,2,4,2,3,2,2,4,3,2,5,4
2.59,0.89,0.88,0.89,0.91,0.6,1,2,0,300,2,0,4,3,1,3,3,4,3,3,2,3,3,1,1,2,2,3,2,3,3,4,3,3,5,1,3,5,4,4,3,1,1,2,3,3,2,3,3,1,1,2,2,1,5,1,4,3
3.33,0.91,0.83,0.7,0.82,0.89,2,3,1,200,1,0,2,2,3,2,4,5,4,4,3,3,2,3,3,3,2,3,3,1,2,3,3,1,4,1,5,4,2,5,3,4,4,3,4,4,3,3,2,3,3,3,5,2,3,2,1,4
1.57,1.0,0.69,0.76,0.97,0.7,1,1,1,300,1,2,2,4,2,2,5,4,3,4,5,4,2,4,3,3,1,4,1,3,3,4,2,1,3,5,2,4,2,4,4,2,2,4,3,4,5,4,2,4,3,1,3,2,3,2,5,5
3.61,0.88,0.69,0.96,0.92,0.77,0,3,1,300,2,1,0,3,2,2,3,2,3,4,5,1,1,2,3,3,2,4,1,1,4,2,4,3,4,3,3,1,2,3,4,2,2,3,3,4,5,1,1,2,3,2,4,2,1,3,1,3
2.79,0.89,0.79,0.89,0.89,0.79,0,2,1,300,3,0,2,5,5,1,4,4,2,4,2,5,2,4,3,2,4,3,3,2,2,4,3,5,5,4,2,2,3,2,2,3,3,3,2,4,2,5,2,4,3,5,2,1,3,2,5,4
3.43,0.7,0.8,0.79,0.77,0.7,1,1,1,300,1,4,1,4,1,2,1,3,3,2,2,5,2,3,2,2,3,1,3,4,2,1,1,5,3,3,1,3,4,2,3,3,2,2,3,2,2,5,2,3,2,1,1,4,3,2,3,1
2.37,1.0,0.7,0.89,0.86,0.7,1,4,1,300,2,2,4,4,1,2,3,5,2,3,1,2,3,3,2,1,2,3,3,4,4,3,3,1,3,2,1,2,4,2,5,2,1,3,2,3,1,2,3,3,2,2,3,2,5,3,1,3
2.48,0.69,0.7,0.77,0.96,0.7,2,3,1,300,3,0,0,3,3,2,2,3,3,1,2,4,1,1,1,2,1,2,3,1,2,4,3,1,1,4,1,4,2,4,4,2,2,3,3,1,2,4,1,1,1,2,1,2,4,3,4,2
2.55,0.78,0.7,0.9,0.95,0.7,1,3,1,300,2,1,0,5,3,2,2,3,3,3,1,1,2,2,4,2,5,4,4,1,3,2,2,2,1,4,3,3,1,1,3,2,5,4,3,3,1,1,2,2,4,4,2,3,1,4,3,2
1.64,0.76,0.57,0.79,0.9,1.0,0,2,1,200,4,0,0,4,2,1,2,1,2,2,1,1,3,3,2,2,4,1,2,2,5,1,4,4,2,5,1,1,4,4,2,4,2,1,1,3,2,3,1,2,1,1,1,1,1,2,2,2
2.33,0.89,0.69,0.89,0.59,0.7,1,1,1,300,1,4,1,1,5,1,2,1,2,5,5,4,5,3,1,3,5,2,2,1,4,4,2,1,1,3,1,2,3,5,3,2,5,5,2,5,5,4,5,3,1,2,2,4,2,4,3,2
2.33,0.89,0.6,0.69,0.87,0.75,1,4,1,300,1,0,0,3,5,3,4,2,1,5,5,5,4,1,3,3,2,4,5,2,3,5,3,2,3,4,5,3,1,3,2,2,4,4,1,5,5,5,4,1,3,5,2,4,2,2,3,4
3.48,0.99,0.77,1.0,0.85,0.89,1,2,0,300,2,1,2,3,5,2,2,1,5,1,2,1,2,5,1,1,2,4,2,2,3,2,3,2,4,2,2,4,3,3,5,1,5,5,5,1,2,1,2,5,1,1,1,2,3,2,2,2
2.43,0.89,0.88,0.8,0.95,0.66,0,1,0,300,1,2,1,4,2,1,3,3,3,3,3,2,4,3,2,1,2,3,4,1,3,1,2,4,3,4,4,3,4,4,4,4,1,4,3,3,3,2,4,3,2,4,1,4,1,2,3,3
2.89,0.6,1.0,0.9,1.0,0.69,1,3,1,300,2,1,0,1,3,1,3,1,2,3,3,4,3,2,3,2,1,3,3,3,1,1,2,5,3,3,3,2,1,3,3,4,3,2,2,3,3,4,3,2,3,4,2,3,2,5,4,3
2.78,0.77,0.81,0.81,0.72,0.7,1,2,0,200,2,1,0,2,2,2,4,5,4,1,3,3,3,4,5,3,4,1,5,2,5,3,4,5,4,5,4,3,2,4,4,4,3,3,4,4,4,5,3,5,1,2,3,3,2,3,3,3
2.41,0.9,0.68,0.7,0.88,0.69,0,0,0,300,1,4,1,3,3,1,3,3,3,3,3,3,5,2,2,2,5,2,4,5,5,3,1,4,4,4,3,3,3,3,2,3,3,4,3,3,3,3,5,2,2,4,2,2,2,5,5,3
3.08,0.6,0.8,0.9,0.98,0.78,2,4,1,200,2,1,2,3,3,1,1,2,4,4,5,1,1,1,3,5,1,3,4,2,4,4,4,3,3,2,5,5,4,4,1,3,2,1,4,4,5,1,1,1,3,2,1,4,2,5,1,1
2.64,0.9,0.9,1.0,0.9,0.88,1,2,1,300,3,1,2,3,3,1,3,4,1,2,4,2,3,4,5,4,1,4,4,2,3,1,3,3,4,3,2,3,4,1,3,2,3,4,1,2,4,2,3,4,5,1,2,3,5,4,5,3
2.43,0.93,0.69,0.77,0.84,0.66,0,3,1,200,2,0,2,5,1,1,4,5,2,4,3,3,3,4,3,2,5,3,4,4,4,2,3,3,2,3,1,2,2,2,4,3,2,5,2,4,3,3,3,4,3,3,4,2,2,4,3,4
1.83,1.0,0.69,0.55,0.63,0.88,1,3,1,300,2,1,4,4,1,2,4,1,3,1,1,1,3,2,2,1,4,4,3,2,2,3,4,1,3,3,5,4,5,5,4,3,2,4,3,1,1,1,3,2,2,1,1,1,2,5,3,4
2.55,0.93,0.67,0.89,1.0,0.69,1,4,1,200,1,2,1,4,3,3,3,4,3,2,2,1,5,4,1,1,2,5,4,3,1,1,2,4,2,1,1,1,1,1,5,4,1,1,1,1,1,1,1,4,4,1,2,3,2,2,3,2
1.33,0.8,0.9,0.59,0.82,1.0,1,4,0,200,2,1,0,3,2,1,2,1,3,1,2,2,2,1,2,2,2,1,3,2,2,1,2,1,2,1,2,3,2,1,2,1,2,2,1,1,2,2,2,2,3,2,2,2,1,1,1,1
2.56,0.69,0.88,0.96,0.95,0.9,2,1,1,300,2,1,1,2,3,2,1,3,2,4,1,2,3,3,3,3,4,1,5,3,1,5,1,3,2,4,1,2,2,3,4,2,2,3,2,4,1,2,3,3,3,4,5,5,5,1,4,1
3.25,1.0,0.65,0.7,0.73,0.7,1,3,0,200,1,4,1,2,2,1,2,2,2,3,3,5,1,1,4,1,3,3,2,5,5,3,5,3,5,3,5,2,5,4,5,2,2,3,2,3,3,5,1,1,4,1,3,3,4,2,3,2
2.31,0.78,0.79,0.89,1.0,0.79,1,1,0,200,2,4,1,3,2,1,5,3,4,5,4,4,3,2,5,4,3,3,4,5,1,3,2,5,5,4,1,2,4,4,1,1,3,3,4,5,4,4,3,2,5,3,2,3,4,4,5,5
2.86,0.69,0.78,0.88,0.85,1.0,1,1,0,200,2,1,0,2,1,1,2,2,2,1,2,3,1,2,5,2,4,2,5,2,4,4,2,4,3,5,1,2,2,4,2,4,2,2,4,4,4,3,1,1,1,1,1,1,1,1,1,1
2.7,0.92,1.0,0.69,0.77,0.73,1,1,0,300,1,4,1,3,1,2,4,4,3,3,5,2,3,1,1,1,1,5,3,3,2,1,4,1,2,2,2,3,1,3,5,1,3,3,3,3,5,2,3,1,1,3,2,4,4,3,3,4
1.6,0.7,0.93,1.0,0.9,0.77,0,1,1,300,4,0,0,4,1,2,5,3,5,1,4,3,3,3,2,3,1,4,2,2,4,3,4,1,2,1,2,3,5,3,4,4,1,1,5,1,4,3,3,3,2,3,2,2,4,2,3,5
2.89,1.0,0.87,0.87,0.99,0.93,2,2,1,300,2,2,0,2,1,2,2,4,3,4,5,1,3,2,2,3,3,3,2,4,1,3,2,1,4,5,3,3,2,4,5,2,3,1,3,4,5,1,3,2,2,2,3,3,2,4,4,2
3.5,0.7,0.89,0.69,0.87,0.98,1,1,0,300,1,2,1,1,3,1,2,1,4,5,1,3,2,1,3,5,2,1,2,3,3,3,5,5,3,3,3,4,1,1,1,3,4,1,4,5,1,3,2,1,3,4,2,1,3,5,1,2
2.94,0.72,1.0,0.7,0.97,0.6,1,2,1,300,1,0,0,2,3,2,3,3,1,4,2,4,3,2,3,4,3,1,2,3,5,3,2,3,4,3,4,3,4,2,4,3,1,4,1,4,2,4,3,2,3,3,5,1,2,4,2,3
2.61,0.6,0.93,0.79,0.98,0.69,1,0,0,300,2,0,1,3,1,3,1,3,2,4,2,2,4,4,1,4,3,2,2,4,3,4,1,5,5,4,3,2,4,4,4,5,3,4,2,4,2,2,4,4,1,1,3,3,3,3,1,1
2.59,1.0,0.7,0.79,0.85,0.7,1,3,0,300,1,4,0,4,2,1,5,5,3,2,4,2,2,1,3,5,2,5,4,2,4,2,2,5,5,3,2,4,3,2,2,1,3,3,3,2,4,2,2,1,3,4,4,4,1,5,1,5
2.45,0.96,0.9,0.93,0.75,0.9,0,1,0,300,3,1,0,3,3,2,3,3,2,3,2,3,2,1,2,4,1,2,1,4,4,4,1,3,3,3,2,1,2,4,3,2,5,3,2,3,2,3,2,1,2,5,1,2,2,4,4,3
3.11,0.59,0.93,0.6,0.87,0.91,1,1,1,300,2,2,0,4,3,2,3,4,1,4,4,3,4,3,4,3,3,2,4,4,5,4,1,5,4,4,3,4,2,3,2,2,2,3,1,4,4,3,4,3,4,3,3,4,2,2,3,3
0.93,0.9,0.96,0.7,0.91,0.87,1,3,1,200,3,1,2,4,0,2,4,3,4,4,2,1,2,5,2,3,1,2,3,2,3,2,3,4,3,2,3,3,1,2,2,2,3,1,2,3,2,3,1,2,1,2,3,1,2,3,4,2
2.48,0.55,0.7,0.59,0.88,0.89,1,0,1,300,1,3,0,4,1,2,3,2,4,4,3,3,1,4,1,3,3,4,1,3,3,3,1,3,3,5,1,2,5,3,1,3,4,3,4,4,3,3,1,4,1,3,3,3,1,4,1,3
2.91,0.78,0.79,0.72,0.94,0.9,1,1,1,300,2,1,1,2,1,0,4,2,3,2,5,2,2,3,5,4,3,1,3,2,2,1,3,3,2,4,2,2,2,4,2,4,3,3,3,2,5,2,2,3,5,3,3,3,5,5,4,4
3.35,0.92,0.69,0.69,0.55,0.87,0,1,0,300,3,1,0,3,2,2,3,2,2,2,3,4,4,2,2,3,3,3,2,1,2,3,5,1,3,1,3,1,4,4,4,1,5,1,2,2,3,4,4,2,2,2,1,3,2,3,2,3
2.17,0.9,0.8,0.9,0.95,0.84,2,1,1,200,2,1,2,3,1,2,2,2,5,4,4,5,3,1,4,4,3,1,2,2,2,4,2,2,3,1,4,1,3,3,5,3,2,1,5,4,4,5,3,1,4,3,2,4,2,2,4,2
2.55,0.68,0.72,0.72,0.83,0.96,2,1,0,200,2,3,0,2,3,2,3,5,3,1,3,3,3,3,5,3,4,2,5,2,4,3,4,4,5,4,3,4,4,4,3,4,4,5,4,4,4,4,2,3,2,1,2,2,2,2,2,2
2.74,0.66,0.89,0.6,0.86,0.69,2,3,0,300,1,4,0,4,1,2,1,1,2,1,2,3,2,3,2,2,1,5,3,3,3,2,1,3,2,5,2,2,1,1,2,1,5,1,2,1,2,3,2,3,2,3,2,1,4,1,2,1
3.24,0.85,1.0,0.92,0.92,0.69,1,0,1,300,2,4,0,4,1,1,1,2,2,3,4,1,3,2,3,3,4,4,2,2,2,2,1,5,1,3,1,3,3,2,5,3,2,3,2,3,4,1,3,2,3,4,4,5,2,2,5,1
3.2,0.91,0.79,1.0,0.99,0.6,1,2,0,300,3,0,0,3,1,2,4,3,2,3,2,3,2,2,2,3,1,3,1,5,5,2,4,4,3,4,1,3,4,1,3,4,3,3,2,3,2,3,2,2,2,3,3,2,2,3,5,4
2.54,0.93,0.69,0.99,1.0,0.77,1,3,0,300,1,4,2,4,5,1,3,1,2,3,4,2,3,3,3,3,5,5,2,1,1,2,2,2,4,1,4,2,2,2,3,1,2,2,2,3,4,2,3,3,3,4,3,1,4,1,4,3
2.52,0.89,0.78,1.0,0.94,1.0,0,1,1,200,2,1,1,5,2,0,4,5,1,3,5,4,3,3,5,3,4,4,3,2,4,5,5,1,5,2,4,5,2,5,5,2,3,3,1,3,5,4,3,3,5,2,3,3,2,3,4,4
2.86,0.66,0.8,0.78,0.99,0.85,2,3,0,200,2,1,1,3,0,2,3,3,4,2,1,2,3,1,3,2,1,2,4,4,1,2,4,4,3,3,5,3,3,2,2,4,5,3,4,2,1,2,3,1,3,4,4,3,4,2,4,3
2.69,0.8,0.5,0.9,0.93,0.7,0,3,1,200,1,3,1,1,3,3,5,4,2,2,3,1,2,1,3,2,2,4,2,3,3,5,3,4,2,3,1,3,5,2,1,2,3,4,3,2,1,2,1,1,1,1,1,1,2,4,1,1
2.87,0.67,0.7,0.85,0.64,0.96,1,3,1,300,1,2,1,2,3,1,2,2,4,2,2,4,1,4,3,2,3,2,3,3,2,3,4,3,4,4,3,3,4,1,4,2,2,3,4,2,2,4,1,4,3,5,4,3,4,2,5,2
3.04,1.0,0.6,0.89,0.64,0.92,1,3,0,300,1,3,0,1,0,2,4,2,1,4,2,4,2,4,3,3,4,5,1,3,2,3,5,3,4,3,1,1,1,2,4,2,2,5,1,4,2,4,2,4,3,2,3,4,2,4,3,4
3.26,0.69,0.89,0.69,0.92,0.89,2,0,0,300,1,4,0,5,2,0,5,1,5,1,4,4,3,3,1,5,4,3,4,3,5,3,2,3,2,2,3,2,2,3,1,3,2,4,5,1,4,4,3,3,1,1,4,4,4,4,4,5
2.83,0.8,0.8,0.89,0.55,0.93,1,4,1,300,2,2,0,2,1,2,2,2,3,3,3,1,1,3,2,3,1,2,2,2,4,4,4,4,4,4,4,2,2,1,1,4,2,1,2,1,2,1,1,2,2,1,1,2,2,1,1,2
1.74,0.79,0.9,0.91,0.74,0.79,2,3,0,300,1,4,0,2,1,2,4,5,2,3,3,3,2,1,4,3,1,1,4,4,2,1,2,5,4,2,1,2,2,3,3,2,4,4,2,3,3,3,2,1,4,2,3,1,3,2,4,4
2.91,0.89,0.9,0.89,1.0,0.72,1,0,0,300,2,0,0,2,3,2,4,1,2,2,3,2,1,5,2,3,3,4,3,3,2,3,1,3,5,3,4,1,5,3,1,3,4,2,2,2,3,2,1,5,2,2,1,3,2,4,2,4
2.36,0.64,0.85,0.79,0.96,0.59,1,1,0,300,1,4,2,1,1,1,3,2,3,4,3,2,3,3,3,3,3,3,3,3,3,2,3,2,3,2,3,3,2,4,3,4,3,3,3,3,3,3,3,3,3,3,4,3,4,3,3,3
3.19,0.69,0.95,0.69,1.0,0.69,2,0,1,200,3,1,1,3,3,2,1,2,2,1,5,1,2,3,3,2,4,1,3,3,2,5,3,3,2,1,1,4,2,3,2,1,4,1,2,1,5,1,2,3,3,4,4,3,3,4,5,1
2.39,0.99,0.7,0.69,0.96,0.92,2,1,0,300,2,1,0,2,1,1,3,1,1,3,5,5,3,4,4,2,2,4,1,2,3,1,5,2,3,3,3,3,1,2,2,2,5,3,1,3,5,5,3,4,4,2,2,5,1,2,1,3
3.31,0.6,0.6,0.92,0.85,0.79,2,3,0,300,1,2,0,2,1,2,1,1,3,4,2,1,3,2,4,3,4,3,2,2,3,2,4,2,3,3,3,5,1,3,3,2,5,2,3,4,2,1,3,2,4,4,4,1,3,4,3,1
2.34,1.0,0.99,0.7,0.66,1.0,1,1,1,300,4,0,1,3,3,2,4,5,3,4,4,5,5,2,3,4,3,4,2,2,3,2,5,1,1,2,2,5,2,5,3,5,1,4,3,4,4,5,5,2,3,4,5,4,1,3,3,4
3.09,0.78,1.0,0.57,0.82,0.9,0,1,0,300,1,2,1,4,1,3,3,2,4,3,2,4,2,2,3,5,2,2,2,2,2,1,2,3,2,4,3,4,2,3,1,4,3,1,4,3,2,4,2,2,3,4,1,3,3,3,2,3
1.95,0.79,0.9,0.89,0.96,0.6,0,0,1,300,3,0,0,4,0,0,2,2,1,3,1,2,3,1,2,1,3,4,2,2,4,3,2,3,3,5,2,4,3,2,4,4,3,3,1,3,1,2,3,1,2,3,2,2,3,3,3,2
2.52,0.88,0.72,0.69,1.0,0.96,1,1,1,200,3,0,0,2,5,1,3,3,2,3,2,1,1,3,2,2,2,1,4,4,3,2,2,3,1,3,2,1,2,1,1,2,2,1,2,3,2,1,1,3,2,3,3,4,3,4,3,3
3.11,0.9,0.89,0.9,0.82,0.88,1,1,0,300,2,2,2,2,5,1,4,2,2,2,4,1,3,4,3,1,3,4,4,2,1,3,5,4,3,2,5,1,4,3,1,4,1,4,2,2,4,1,3,4,3,3,4,5,4,3,5,4
2.76,0.79,1.0,0.8,0.8,0.91,1,1,1,300,1,0,0,5,1,1,4,3,3,4,2,4,4,2,3,2,1,4,2,1,3,1,5,1,3,2,3,3,2,2,1,5,1,4,3,4,2,4,4,2,3,2,4,4,1,3,5,4
3.25,0.69,0.7,0.6,0.9,0.69,1,2,1,300,1,2,4,1,1,0,2,4,2,4,4,2,3,5,2,3,3,3,2,2,2,1,4,1,2,5,2,4,4,3,5,4,3,4,2,4,4,2,3,5,2,4,3,3,4,4,1,2
3.0,0.93,0.92,0.69,0.91,0.9,1,4,1,300,2,4,1,1,1,1,2,4,1,4,5,3,2,1,5,5,3,2,2,2,3,2,1,2,5,4,4,2,4,3,2,3,2,3,1,4,5,3,2,1,5,3,5,2,3,2,2,2
2.5,0.7,0.93,1.0,0.89,0.92,1,3,1,300,1,4,0,4,1,3,3,2,5,4,2,3,4,2,4,5,5,3,4,5,3,2,1,3,3,4,5,1,4,5,2,4,3,3,5,4,2,3,4,2,4,2,4,1,3,1,4,3
2.28,0.96,0.87,0.66,0.97,0.7,1,4,1,300,1,4,0,2,1,2,3,4,4,2,1,2,3,3,3,4,3,2,4,5,3,5,2,4,5,4,4,4,2,1,2,3,2,5,4,2,1,2,3,3,3,4,1,1,4,2,2,3
3.07,0.89,0.9,0.66,1.0,0.7,1,0,0,300,4,0,0,3,3,3,4,4,1,3,3,5,3,4,1,1,1,2,4,3,3,4,3,4,5,1,3,1,4,4,4,1,5,1,1,3,3,5,3,4,1,3,2,1,1,5,1,4
2.43,0.9,0.55,0.95,0.78,1.0,0,3,0,300,1,2,0,4,3,1,2,3,4,4,2,3,4,3,3,4,4,2,3,2,1,1,2,3,3,3,5,4,5,2,3,2,3,5,4,4,2,3,4,3,3,3,3,2,3,3,4,2
3.36,0.63,0.89,0.9,0.99,1.0,2,0,0,300,2,2,0,2,2,2,3,4,3,3,3,2,3,3,4,3,3,3,3,2,3,3,4,4,4,5,2,3,3,4,2,3,3,2,3,3,3,2,3,2,2,2,2,2,3,2,3,1
3.28,0.99,0.72,0.98,0.98,0.84,1,1,0,300,3,0,1,4,1,1,5,4,3,3,3,3,1,3,4,3,5,2,2,1,2,1,4,2,3,4,5,3,5,4,3,4,2,5,3,3,3,3,1,3,4,2,1,4,4,3,1,5
3.11,0.78,0.79,0.79,0.89,0.96,0,3,0,300,2,1,1,5,2,0,3,5,3,3,2,1,4,3,5,3,1,3,2,3,2,1,4,1,3,5,1,3,2,3,3,5,1,5,3,3,2,1,4,3,5,4,1,4,2,1,2,3
3.45,0.79,0.69,0.63,0.72,0.69,2,4,1,300,3,0,0,2,1,1,4,4,2,3,4,2,3,2,3,1,2,3,3,4,2,3,3,2,3,4,4,5,4,4,4,5,2,3,2,3,4,2,3,2,3,3,1,3,3,4,2,4
3.48,0.79,0.7,0.79,0.93,0.99,1,2,0,300,2,2,0,1,5,0,3,3,2,3,2,3,4,3,2,4,4,4,2,2,4,3,1,5,4,5,2,3,2,3,4,2,4,3,2,3,2,3,4,3,2,3,2,3,4,2,3,3
2.11,0.8,0.7,0.93,0.95,0.69,2,3,0,300,1,2,2,3,2,1,2,2,1,1,2,2,2,3,2,2,3,2,3,2,4,4,4,5,4,4,4,3,4,3,2,2,4,2,2,2,2,2,1,2,1,1,1,2,1,1,2,1
3.02,0.79,1.0,0.7,0.77,0.78,0,3,1,300,2,1,1,1,1,1,2,3,4,2,1,3,2,3,4,5,2,2,5,1,4,3,4,4,1,2,4,2,2,4,2,1,3,1,4,2,1,3,2,3,4,3,1,3,2,3,4,2
3.09,0.7,0.78,0.69,0.84,0.77,1,1,0,300,2,4,1,3,2,2,2,3,4,3,2,3,3,3,1,2,4,4,2,1,5,2,3,2,2,4,2,5,1,2,1,1,4,3,4,3,2,3,3,3,1,2,3,3,4,3,1,2
3.09,0.92,0.7,0.93,1.0,1.0,2,3,1,300,1,4,0,2,1,1,2,3,5,2,2,5,3,4,4,3,3,3,3,4,5,3,3,5,3,4,3,5,4,2,1,4,3,3,5,2,2,5,3,4,4,4,2,3,3,1,5,2
3.53,0.82,0.82,0.82,0.91,1.0,1,2,1,200,3,3,0,3,1,1,2,3,3,1,3,2,2,3,5,2,5,1,5,1,4,4,4,4,4,5,2,3,5,2,2,4,2,3,2,3,4,4,2,3,1,1,2,2,2,1,2,1
3.16,0.6,0.88,0.69,0.98,0.7,1,4,1,300,2,2,2,2,2,2,2,3,5,2,2,1,2,4,1,3,1,2,1,2,3,2,2,4,3,2,2,4,2,4,2,2,3,3,5,2,2,1,2,4,1,4,5,1,3,2,5,2
3.13,0.86,0.8,0.8,0.63,1.0,0,1,0,200,4,1,0,2,3,0,3,5,4,1,3,3,2,3,5,3,4,2,5,2,5,3,4,5,5,5,2,3,4,3,3,4,2,4,5,3,2,3,3,3,1,1,2,2,2,2,1,1
2.27,0.78,0.79,0.66,0.88,0.89,2,1,1,300,2,1,4,4,1,1,2,4,2,3,3,3,1,1,3,4,2,1,5,3,2,2,1,3,1,4,4,3,2,2,4,2,1,2,2,3,3,3,1,1,3,4,5,4,1,2,4,2
2.63,1.0,1.0,0.9,0.82,0.79,0,4,1,300,2,4,1,5,2,3,3,1,2,1,2,3,2,2,4,2,1,2,4,5,3,2,1,5,2,3,2,2,2,3,3,4,4,5,2,1,2,3,2,2,4,1,4,4,3,2,2,3
3.58,0.89,0.76,0.76,0.76,0.89,1,1,0,200,2,1,0,2,3,1,3,4,3,1,2,2,2,3,5,5,4,2,5,2,4,3,4,5,5,5,2,3,2,3,3,4,3,4,3,5,5,5,2,3,1,1,2,2,1,2,3,1
3.17,0.89,0.79,0.79,0.69,0.92,2,2,0,200,2,0,0,2,5,1,3,4,3,3,2,5,3,1,4,1,3,1,1,3,4,2,2,4,3,5,1,2,5,5,4,2,4,4,3,3,2,5,3,1,4,3,3,4,5,3,4,3
2.64,0.88,0.78,0.79,0.91,0.66,1,3,1,300,2,2,0,5,1,2,1,1,3,1,5,4,1,2,4,3,3,2,2,3,3,3,2,2,2,4,2,4,4,1,1,3,4,1,3,1,5,4,1,2,4,4,2,3,4,3,1,1
2.96,1.0,0.96,0.79,0.65,0.92,0,2,0,200,2,1,1,3,5,1,3,3,2,3,5,4,5,1,3,3,3,2,4,5,4,4,1,2,4,4,2,3,2,2,5,4,3,2,2,3,5,4,5,1,3,4,5,5,4,3,5,3
3.38,0.69,0.53,0.77,0.66,0.69,1,3,1,200,1,2,1,4,1,2,2,3,2,3,1,5,3,3,2,2,3,4,2,5,5,5,5,1,2,5,4,2,4,4,2,3,4,2,2,3,1,5,3,3,2,2,1,1,2,2,1,2
3.44,0.8,0.9,0.8,0.8,0.79,1,1,1,300,2,1,0,3,1,0,2,2,2,3,3,3,1,1,5,3,5,2,5,1,4,3,2,2,4,4,1,2,2,5,4,2,4,2,3,2,2,4,4,5,1,1,2,1,2,1,1,2
3.19,0.8,0.8,1.0,0.77,0.69,2,3,0,200,3,1,0,2,3,0,2,3,3,3,2,1,2,3,2,4,2,4,4,2,2,2,3,4,4,4,2,3,2,3,3,4,2,2,3,4,4,3,2,2,2,1,1,1,2,1,1,2
3.14,0.78,0.79,0.89,0.74,0.59,1,3,0,300,1,4,0,1,5,1,4,5,2,2,3,5,2,1,4,2,4,3,2,2,5,5,4,2,2,2,5,3,3,2,2,3,1,2,2,2,3,5,2,1,4,1,3,4,3,4,3,4
2.23,0.9,0.78,0.6,0.93,1.0,1,3,1,300,1,4,0,2,3,3,5,5,2,2,2,3,3,4,3,2,3,4,3,1,1,1,5,2,3,2,5,3,3,4,3,4,3,2,2,2,2,3,3,4,3,3,5,3,2,5,5,5
2.69,0.79,0.64,1.0,0.77,0.79,2,1,0,200,3,0,0,2,1,0,3,2,1,2,4,1,2,2,1,2,3,3,3,1,5,3,1,2,5,4,3,4,3,2,3,5,4,3,1,2,4,1,2,2,1,3,2,2,4,5,3,3
2.94,0.78,0.89,0.7,0.95,0.7,1,2,1,300,2,1,0,2,0,1,5,2,3,2,5,4,4,5,2,2,2,1,3,4,3,3,5,1,5,3,3,5,1,1,4,3,4,1,3,2,5,4,4,5,2,4,3,3,3,2,4,5
2.21,0.89,0.89,0.7,0.94,0.69,2,1,0,300,3,0,2,2,3,1,5,1,2,3,5,1,2,3,5,4,3,5,5,1,2,2,1,2,3,1,4,1,5,2,2,4,4,2,2,3,5,1,2,3,5,5,1,2,4,2,5,5
2.0,0.78,0.73,1.0,0.93,1.0,1,4,1,300,3,1,0,2,5,3,3,4,3,3,5,4,2,3,3,4,1,3,4,4,2,4,2,3,2,4,3,4,3,3,2,5,5,3,3,3,5,4,2,3,3,2,5,3,5,1,4,3
1.93,1.0,0.6,0.96,0.84,0.69,2,2,0,300,2,0,1,4,1,2,3,5,3,1,1,3,4,4,2,3,4,5,3,3,1,1,2,3,2,1,3,2,1,4,2,1,3,4,3,1,1,3,4,4,2,2,5,3,4,4,3,3
3.02,1.0,0.77,0.69,0.82,0.6,1,2,0,300,1,2,4,0,3,2,3,4,2,5,4,2,3,2,3,2,4,4,5,2,4,5,4,4,2,4,3,2,1,3,1,1,1,1,2,5,4,2,3,2,3,3,3,1,3,4,2,3
2.7,0.7,0.69,0.79,1.0,0.68,1,1,0,300,2,1,1,3,3,1,2,2,2,5,5,3,4,4,4,3,2,2,5,2,3,5,4,4,3,4,4,3,2,4,3,5,3,2,2,5,5,3,4,4,4,1,1,1,2,3,1,2
1.63,0.89,0.6,0.78,0.66,0.84,1,3,0,200,2,0,0,2,4,1,4,4,4,4,4,4,4,4,4,4,4,4,4,4,4,4,4,4,4,4,4,4,5,5,5,5,4,5,5,4,4,5,4,5,4,3,3,3,3,3,3,3
3.74,0.79,0.91,0.78,0.77,0.89,1,2,1,300,1,4,0,3,5,3,5,4,2,3,2,2,2,4,3,2,4,4,4,2,4,3,4,3,2,2,2,3,2,4,4,4,5,2,2,3,2,2,2,4,3,2,3,3,3,2,1,5
2.4340903680159576,0.6828992573919664,0.6273037020799708,1.0,0.8644044446880044,0.6167866659359869,2,1,0,300,2,4,0,2,1,2,3,2,3,5,3,3,1,3,3,3,3,5,3,3,5,2,3,3,1,2,3,3,2,4,3,3,3,2,3,5,3,3,1,3,3,3,2,3,2,1,3,3
2.314893016986572,0.89,0.9087767457533571,0.771223254246643,0.7101937853886909,0.6983689943378094,2,4,0,300,3,1,0,2,2,1,3,3,3,3,3,3,4,3,2,4,2,2,1,4,3,2,1,3,3,4,4,3,4,4,4,3,1,3,3,3,3,3,4,3,2,5,1,4,2,2,3,3
1.0877267882956474,0.8122696592057659,0.8386339414782363,0.9231839173855285,0.8372714354550593,0.8350017762492934,1,3,0,200,2,0,0,2,1,1,3,3,3,4,5,2,2,4,4,2,2,2,3,4,2,1,2,4,4,4,2,2,2,1,3,5,4,2,1,2,5,2,2,2,4,2,2,3,1,3,2,1
3.2173845531578524,0.760653861710537,0.7577564361842283,0.9254679201973489,0.6948590106579196,0.6512627712499663,1,1,0,300,2,0,0,1,3,1,4,3,2,3,3,2,3,3,4,4,4,1,4,2,2,3,3,5,1,5,3,3,3,3,2,4,3,4,2,2,3,5,3,3,4,1,2,2,1,2,3,5
2.746184799346593,0.9980094605286572,0.7003317565785571,0.8866824342144288,1.0,0.9993364868428858,1,1,0,300,3,1,0,3,5,2,3,3,2,3,2,2,5,3,2,2,2,1,4,4,1,4,2,3,2,3,2,1,2,1,1,2,5,3,2,3,2,2,5,3,2,3,3,4,4,4,4,3
1.9739116247530646,1.0,0.6487906941700718,0.9307255834979569,0.8985488330040863,0.7339116247530647,2,1,0,300,3,0,0,3,3,1,2,5,2,3,1,3,2,3,5,2,4,1,3,1,2,1,1,5,2,1,2,2,5,2,2,4,3,2,2,2,1,3,2,2,5,5,2,2,4,2,2,5
2.928675211240103,0.8049145352717731,0.8922649577519794,0.7203846197678144,0.9273504224802062,0.7,1,2,1,300,2,0,0,3,1,3,3,2,5,4,2,4,2,4,3,4,3,2,2,3,2,4,4,3,4,4,3,3,3,4,3,3,4,2,5,4,2,4,2,2,3,3,3,1,2,4,2,3
2.7906448162877164,0.7309690069450395,0.767420734849134,0.767420734849134,0.6596793743696064,0.7674171698222045,1,1,0,200,2,1,0,2,3,2,4,5,3,2,3,3,3,3,5,4,2,2,5,2,5,3,4,3,4,5,3,3,3,4,2,4,4,5,4,3,4,3,3,3,3,2,3,2,2,2,3,3
2.4759464070084527,0.7982563357099501,0.8808196928094509,0.9422056500303494,0.6435916072512479,0.9174366429004992,2,1,0,300,2,1,0,3,1,2,2,5,3,2,2,2,2,2,4,4,4,2,4,2,4,4,3,3,4,3,1,4,4,3,4,4,4,3,3,2,3,2,2,1,2,1,2,2,2,2,4,2
2.5732687166656545,0.8216343583328274,0.8798219059533207,0.8618124523795069,0.8538187547620493,0.6761812452379506,1,2,0,300,2,2,0,2,2,2,3,5,2,2,3,3,4,3,4,5,4,3,4,2,1,3,3,3,4,2,4,4,1,4,4,3,2,2,4,4,3,5,3,3,2,1,3,1,2,2,3,3
1.887183516887871,0.8635917584439355,0.9613264653699463,0.8854694138520215,0.7522652930739893,0.8513264653699463,1,0,0,300,2,1,0,2,3,3,4,3,2,3,2,2,2,1,2,4,1,2,4,4,3,4,3,3,3,3,3,4,4,3,2,2,4,3,2,3,2,3,2,1,2,2,3,2,4,2,4,3
2.1940592953820612,0.8032867023652858,0.7830402987610409,1.0,0.8506327001126326,0.9955710992115714,2,3,0,300,1,2,0,3,1,2,2,4,2,1,2,2,2,2,2,2,3,1,4,2,3,1,2,5,4,2,2,2,4,3,2,3,2,3,2,2,2,3,2,2,1,1,2,2,4,2,2,2
2.6268760472072996,0.8872495811170802,0.5312562832437979,1.0,0.9262479055854006,0.69862479055854,1,1,0,300,2,2,0,3,3,2,3,2,1,3,3,3,1,3,2,2,4,5,3,2,1,2,1,3,2,4,2,2,3,2,3,3,3,2,1,3,3,3,2,3,2,3,5,1,2,3,3,3
2.645034597231057,0.7516239337205544,0.9283760662794457,0.8175172986155285,0.9163573459579897,0.8558933648949741,1,2,0,300,2,0,2,5,1,1,4,4,2,2,2,4,2,4,3,2,4,4,3,4,2,2,3,3,2,4,2,2,2,3,2,4,2,3,2,2,3,4,2,4,2,2,2,1,5,2,2,4
2.3992904986109,0.9016316196898528,0.7022694704248117,0.5870210281860884,0.8654610591503764,0.9954610591503764,1,1,0,200,2,4,1,4,3,2,3,3,2,2,3,2,2,3,5,3,3,5,2,3,2,3,4,4,4,4,3,4,3,3,4,4,3,2,4,2,3,4,2,3,2,2,2,4,2,2,3,3
2.509457106558999,0.8852714467205006,0.7252714467205006,0.6945183829032862,0.9864448512901413,0.9547285532794993,1,1,1,200,3,0,0,2,5,1,4,3,2,2,2,2,2,3,2,2,2,1,3,1,2,1,5,3,3,3,2,1,3,1,1,2,2,3,2,2,1,2,1,3,2,3,3,1,4,4,3,4
2.315280722405718,0.8654678706761962,0.6110394581957117,0.7022660646619019,0.8258421672171532,0.7683990969928529,1,1,0,300,2,1,0,2,2,3,4,4,1,5,4,3,3,3,3,3,3,2,2,2,2,1,3,3,3,5,5,3,2,4,2,2,2,4,1,3,4,2,3,3,3,2,3,4,2,5,3,4
2.823570507011272,0.7948411674456969,0.6925794162771515,0.7441677418201826,0.8354764976629093,0.7861118278801218,1,2,1,300,3,1,0,1,5,1,3,2,1,4,2,4,2,4,3,2,4,1,4,2,2,4,2,5,5,3,2,5,3,4,4,3,3,3,4,4,2,4,2,4,3,5,4,1,3,2,1,3
2.4002004786189746,0.7636006381586329,0.7868003190793165,0.8868003190793164,0.8357979259844432,0.9334001595396583,1,1,1,300,2,1,0,5,5,1,4,4,1,1,3,4,3,1,2,2,1,1,4,4,2,3,3,3,2,3,2,3,2,2,4,1,2,3,1,1,3,2,3,1,2,3,4,1,2,3,1,4
2.1917222200201216,0.8552722180382311,0.9101055579778663,0.7,0.9235499980181093,0.7229000039637811,2,1,0,300,3,1,2,2,3,2,3,3,3,3,3,3,2,3,5,2,3,2,3,1,3,2,1,4,1,1,3,4,4,4,5,3,4,2,4,3,3,2,2,3,5,2,2,3,2,2,3,3
2.7511040162319893,0.6888959837680108,0.8177600405799731,0.9333120486959677,0.911167870144086,0.69,1,3,1,300,2,0,0,3,1,2,2,2,2,2,2,4,5,1,2,2,3,2,4,2,1,2,2,3,2,4,1,2,2,3,4,2,2,3,4,2,3,2,5,1,2,1,5,4,2,2,4,3
2.4535174710821996,0.6164825289178003,0.6565637255588426,0.6417384363808393,0.8453371041040811,0.679447586753401,2,3,1,200,1,2,2,2,3,3,4,2,2,2,1,3,2,2,2,2,2,3,5,2,3,2,3,3,3,3,2,2,3,2,2,2,2,1,2,1,3,3,3,3,3,2,2,2,2,2,1,4
2.840325908363982,0.6807889810890948,0.9492110189109052,0.7,0.8369296603630316,0.89,1,2,1,200,2,2,0,2,3,1,2,2,5,1,1,3,3,4,4,4,5,3,3,1,5,4,3,3,4,4,3,3,3,2,3,1,2,1,3,1,3,3,3,5,2,3,4,2,3,3,2,2
2.758137944643882,0.681862055356118,0.835344861609705,0.954413833931646,0.8548964428489438,0.69,1,3,1,300,1,2,1,5,2,3,2,4,2,2,3,5,2,1,4,2,4,2,3,2,5,2,3,5,2,4,2,2,3,2,2,3,3,5,2,2,3,5,2,1,4,5,2,4,3,2,3,4
1.7471948969432671,0.8115846908298014,0.8773874667497319,0.9192505817842006,0.7523341090456008,0.8043897938865343,2,0,0,300,1,4,0,3,2,2,2,4,1,3,2,2,2,1,2,2,3,1,4,2,3,1,2,5,4,3,2,3,2,3,2,3,2,3,2,2,2,3,2,2,1,1,2,2,4,2,4,2
2.373071069717766,0.7539832777134667,0.7809958194283667,0.8919498331404003,0.8770125417149,0.936970735998567,1,3,0,300,2,2,0,2,1,1,2,2,3,2,2,2,2,4,2,2,2,4,3,4,2,4,3,4,4,5,4,4,2,2,2,4,2,2,2,2,2,2,2,2,2,2,3,2,2,2,2,2
1.9376968105544752,0.9176968105544752,0.6366898542726732,0.9063310145727327,0.9726620291454653,0.7863310145727327,2,2,0,300,3,0,0,3,1,1,2,1,2,2,2,3,2,2,5,2,4,5,3,1,2,1,1,5,2,1,2,2,5,2,2,4,3,2,2,3,2,3,2,3,5,5,2,2,4,4,2,2
2.308974637611234,0.710341787462922,0.85609702089513,0.703561191641948,0.930170893731461,0.7779768519412011,1,1,1,300,1,2,2,2,3,1,3,1,3,3,3,2,2,3,5,2,3,3,3,1,3,2,3,4,3,4,3,3,3,4,4,4,2,4,3,3,3,2,2,3,5,2,4,4,1,2,3,3
3.308889340445772,0.7249209574612661,0.8201580850774678,0.7004762872383797,0.902539521269367,0.8550790425387339,1,1,1,300,2,2,1,1,5,1,3,2,2,3,4,3,3,3,2,3,3,2,4,5,2,4,2,2,3,3,3,2,2,3,1,4,2,2,2,3,4,3,3,3,1,4,5,2,4,2,4,3
3.283847091380762,0.8335573407322143,0.762595567887024,0.7272595567887024,0.9643742382531311,0.6302897506485473,1,3,0,300,2,4,0,2,2,1,2,2,5,1,2,2,2,3,4,5,3,3,4,3,5,3,4,3,5,2,3,3,2,3,1,1,3,4,4,3,1,5,3,3,1,1,2,2,4,2,3,5
2.1295490506090102,0.6897110259952577,0.9927977181966804,0.7,0.8479422051990515,0.8514798467914639,2,1,1,300,1,1,1,5,2,2,3,3,2,2,2,3,2,2,2,2,3,3,3,4,3,2,1,2,1,5,3,4,4,1,4,4,2,1,2,3,3,3,2,2,2,2,2,2,2,1,1,2
2.3767748145440932,0.7125827151469765,0.8888708642426512,0.7024204933308371,0.9233874072720465,0.6954834569706047,2,4,0,300,1,1,0,2,3,2,3,4,3,3,3,2,4,3,2,1,2,3,3,3,3,2,4,3,3,2,2,4,4,4,1,3,3,3,3,3,3,3,4,3,2,3,2,3,2,5,3,3
2.2798112008728135,0.7913838209614911,0.7808174235799327,0.5977987554585762,0.9410062227071189,0.88,2,2,1,300,2,2,2,4,3,2,3,4,4,2,2,2,2,3,2,2,2,1,2,2,2,3,3,3,1,3,2,2,3,4,2,2,3,5,4,2,2,2,2,4,2,2,2,2,2,3,2,2
2.6797688609232004,0.6160736078463438,0.7885218987692573,0.7885218987692573,0.7450577847691998,0.6964203164615428,1,2,1,200,2,2,0,5,2,2,5,5,5,2,5,5,5,5,5,2,5,1,5,5,5,2,4,5,5,5,5,3,2,4,5,4,2,5,4,5,5,5,5,5,5,2,3,5,5,2,3,4
3.2297096126017824,0.6908413996499504,0.8731720070009903,0.7034623943992078,0.92,0.893365598599802,1,1,1,300,2,2,0,2,5,1,3,2,2,3,4,3,3,3,1,3,3,2,4,5,2,4,2,5,4,3,1,3,2,3,1,4,2,1,5,3,4,3,3,3,1,4,5,2,4,3,4,3
1.7787908913827073,0.8093954456913537,0.9161628714094614,0.9035348514362155,0.7432325742818923,0.8061628714094614,0,3,0,200,3,0,0,3,1,2,4,3,2,5,2,2,2,2,2,2,4,4,4,2,3,3,4,1,3,4,2,2,2,3,2,3,2,1,2,2,2,3,2,2,2,3,2,2,2,2,3,2
2.0621734973767505,0.6779710837705416,0.855072290573646,0.8697108377054159,0.9011590392620212,0.875653005246499,2,0,0,300,1,2,2,3,2,2,2,1,3,2,2,2,2,3,2,2,3,2,2,5,3,2,3,4,1,1,4,4,4,4,2,2,4,1,2,2,2,2,1,3,1,2,2,2,2,1,3,2
2.445221521335322,0.950642905965959,0.6960642905965958,0.7747784786646779,0.7052215213353221,0.7545786153693631,1,4,1,200,3,0,0,5,5,1,4,3,1,4,5,2,3,3,3,3,2,1,3,2,3,2,1,3,3,3,1,2,3,4,2,2,2,5,1,5,5,2,3,3,3,3,4,1,4,4,3,4
2.381287587226328,0.9493562063868359,0.789356206386836,0.7494481769030022,0.8216554692909933,0.890643793613164,1,1,1,200,1,0,0,5,5,1,3,3,2,2,2,2,2,3,2,2,2,1,3,3,2,2,5,3,3,3,2,1,3,1,1,2,2,1,2,2,1,2,1,3,2,3,3,4,1,4,3,2
1.836088292571962,0.8071030080006223,0.7078234148560761,0.8920294308573207,0.9350735771433016,0.7091324388579429,2,3,0,300,1,2,0,2,1,1,2,4,2,3,2,2,2,2,4,2,3,1,4,2,2,4,4,5,4,2,2,2,4,3,2,2,4,2,2,2,2,3,2,2,4,2,2,2,1,2,2,2
1.9602848407802749,1.0,0.6336498230891944,0.9398101061464833,0.8803797877070333,0.720284840780275,2,1,0,300,3,0,0,3,3,1,5,5,2,2,1,3,4,3,5,2,4,5,3,1,2,1,1,5,2,1,2,2,5,2,2,4,3,2,2,3,2,3,4,3,2,5,2,2,4,2,2,5
2.280607390061546,0.8900506158384622,0.9596963049692269,0.998937067392294,0.940303695030773,0.79,2,1,0,300,2,1,0,3,3,2,4,2,3,2,2,2,2,4,2,4,3,1,4,2,2,1,3,3,3,3,5,2,3,4,3,2,2,3,3,2,2,3,2,4,2,3,3,4,4,2,4,4
1.0860808051417499,0.6678383897165002,0.7789454492551497,0.9823111143440751,0.8237696907976747,0.8662303092023252,1,3,0,200,2,0,0,3,3,1,3,3,3,4,5,2,3,4,4,2,2,2,3,4,2,1,4,4,4,4,2,2,2,1,3,5,4,4,1,2,5,2,2,2,4,2,2,3,1,3,2,1
2.8168227305113223,0.6945126621063341,0.7406139589570072,0.8396392831696755,1.0,0.6954873378936658,1,3,1,300,2,2,0,3,1,2,3,4,2,2,2,4,5,1,2,2,3,2,4,2,1,2,3,3,2,4,1,2,2,3,4,2,2,3,4,2,3,4,5,1,2,1,5,4,2,2,4,3
3.7045411355846847,0.9107568559307808,0.7738379039538539,0.8499463757000502,0.8291895197692694,0.89,1,3,0,300,2,0,1,2,3,1,5,4,2,3,1,2,3,4,2,1,4,1,4,4,2,4,3,5,2,2,3,3,3,2,3,2,4,4,2,3,1,2,3,4,2,2,4,2,4,2,4,5
2.790441162214922,0.8117646488596879,0.782156900760208,0.7751961259502601,0.6643138015204161,0.7661273606945058,2,2,0,200,2,1,0,3,3,2,5,5,4,2,3,3,5,5,2,5,4,1,5,3,5,3,4,4,5,5,4,3,5,4,3,4,4,5,5,5,3,5,3,5,2,1,3,5,2,3,3,3
1.8720584552431552,0.8991550102298728,0.6179415447568448,0.9301842378514504,0.9530876828647328,0.8213977033244784,2,3,0,300,3,0,0,2,1,1,2,2,2,3,2,2,2,3,4,2,3,3,4,2,3,2,4,2,1,4,2,2,4,3,2,4,2,2,2,3,2,2,2,2,3,1,2,2,2,1,2,2
2.2625832987751795,0.6172692467191478,0.9213653766404262,0.6971217922134754,0.8789295323709189,0.6813653766404261,2,0,0,300,1,2,2,3,2,2,2,1,3,2,2,2,2,3,2,2,2,2,2,2,3,2,1,4,1,1,2,4,4,1,2,2,4,1,2,2,2,2,1,3,2,2,2,2,2,1,3,2
2.38813754562516,0.850177691625672,0.897627509125032,0.74255018250064,0.995255018250064,0.811352417874712,1,1,0,300,1,2,0,5,2,1,4,1,2,2,2,2,4,4,2,2,1,4,2,2,2,1,2,3,3,5,4,3,4,3,4,4,1,3,5,2,3,2,2,4,2,4,2,4,1,2,1,3
3.1363481146994783,0.69,0.8281740573497391,0.7225399698159267,0.9460319758527415,0.8281740573497391,1,1,1,300,2,2,0,2,5,1,3,2,1,3,4,4,3,3,1,3,3,2,4,5,2,4,3,5,3,3,3,3,2,3,1,4,2,1,1,3,4,3,3,3,2,4,5,2,4,3,4,3
2.6046491405118024,0.9492982810236048,0.979719312409442,0.8746491405118024,0.830140343795279,0.759578968614163,1,1,1,300,2,2,0,2,2,2,3,4,2,2,2,2,2,4,4,3,2,2,1,2,2,2,4,4,4,2,2,2,2,4,4,4,2,5,2,2,2,2,2,2,2,2,2,4,2,2,2,2
1.2494155667808595,0.7016064592763077,0.9194889869714165,0.8829926579809443,0.8829926579809443,0.7770073420190557,0,1,1,200,1,4,0,2,3,1,3,3,2,4,2,5,2,4,4,1,4,3,3,2,3,2,4,4,4,2,3,2,3,2,3,1,3,1,2,2,2,3,1,2,1,2,5,4,3,3,2,2
2.857538829475291,0.6345232976851747,0.9894456387345925,0.7301553179011644,0.8426164884258733,0.9050776589505822,1,1,0,300,2,0,0,1,5,1,2,3,5,1,4,3,3,1,2,2,3,4,3,4,3,5,3,2,3,2,4,2,3,2,1,4,2,2,5,4,4,3,3,1,2,3,5,2,4,3,2,2
3.727119355384983,0.9265761289230035,0.9246748363060755,0.8242387107699657,0.8336954843079862,0.8965761289230034,1,3,0,300,2,2,1,2,3,3,3,4,2,3,4,2,3,4,2,3,4,1,4,5,2,4,1,4,2,3,1,3,2,2,3,4,4,1,2,3,5,3,3,4,1,2,4,2,4,2,4,1
2.912950741899936,0.6956830860333547,0.7331691396664528,0.7377602368672226,0.8336617206670943,0.9559014837998717,1,1,0,300,1,1,2,1,5,1,3,2,3,3,4,3,2,3,3,5,2,2,3,3,3,4,3,2,4,4,3,3,3,4,1,4,4,2,4,3,4,3,3,3,3,4,5,2,4,3,2,3
2.3262530092868765,0.8815692708954717,0.6271656826701468,0.7087349535656184,0.8634427662520335,0.7537469907131237,2,1,1,300,1,1,0,2,5,1,3,1,2,5,5,4,3,3,3,3,3,4,3,1,3,4,3,3,5,3,1,3,4,4,3,2,5,5,2,5,2,4,3,3,3,4,4,5,5,2,2,3
2.712062948183566,0.8608974766730754,0.7,0.8963228419694057,0.924125896367132,0.9304487383365377,1,1,1,200,2,0,0,3,3,2,3,2,2,3,2,4,2,3,3,2,3,2,4,2,2,2,2,3,3,3,3,2,2,4,5,3,2,3,2,3,2,4,2,3,3,1,3,4,2,3,3,3
2.881435834262279,0.689391905292731,0.6820439289695482,0.8897803551522588,0.9120439289695482,0.8928716685245585,1,1,1,300,4,0,0,2,1,2,3,2,3,2,2,4,3,1,3,1,3,2,2,4,5,3,3,3,1,3,3,2,2,2,2,3,2,2,3,2,2,3,2,4,1,2,4,4,3,2,4,3
1.8678005178310457,0.8680409320958825,0.62927875720549,0.7161176179771892,0.9602404142648366,0.6924398964337908,2,3,0,200,1,0,0,3,3,1,2,3,2,1,2,2,2,2,2,2,3,2,4,2,3,3,4,5,2,2,2,3,4,2,2,3,2,2,2,2,2,3,2,2,2,1,2,2,2,2,2,2
3.094588205692084,0.7775709499277201,0.997031161022769,0.5732387334297064,0.8226989445247554,0.8997301055475245,1,1,1,300,2,2,1,2,5,1,3,2,1,3,4,4,3,3,1,3,3,2,4,5,2,4,2,5,4,3,3,3,2,3,1,4,2,2,3,3,4,4,3,3,1,4,5,2,4,3,4,3
2.7950336814533467,0.6960690227533324,0.7546212047799916,0.8567592502866563,1.0,0.6939309772466675,1,3,1,300,2,2,0,3,1,1,2,4,1,2,2,4,5,1,2,2,3,2,4,2,1,2,2,3,2,2,1,2,2,3,4,3,2,3,1,2,3,2,5,1,2,1,5,4,2,2,4,3
1.346193016723433,0.816193016723433,0.8989204655517712,0.6094316200681196,0.8394316200681196,0.9881251210694825,1,3,0,200,1,4,0,3,2,1,2,1,2,1,3,3,2,1,2,2,2,1,4,2,2,1,2,5,4,1,1,2,2,2,3,2,2,1,1,1,2,3,2,1,2,1,1,1,3,1,1,2
2.708443068700137,0.750491090079781,0.7331975236602464,0.9,0.9242633648803285,0.8162277251994525,1,3,1,300,2,2,0,3,1,1,2,2,1,2,2,4,5,1,1,2,3,2,4,2,1,2,2,3,2,4,1,2,2,3,4,3,2,3,1,2,3,4,5,1,2,1,5,4,2,2,4,3
1.8115330173187485,0.7979481130354166,0.7569339653625032,0.8941037739291671,0.8910141476729132,0.7184669826812516,0,3,0,200,3,0,0,3,1,2,4,3,2,1,2,2,2,1,2,2,3,4,2,2,3,3,2,1,2,4,2,2,5,2,2,4,2,1,2,5,2,3,2,3,2,3,2,2,2,2,1,4
3.3900527418621036,0.7551845965173635,0.69,0.8592616139305462,0.7357120151384019,0.785026370931052,1,3,0,300,2,0,0,1,3,1,5,3,2,3,3,2,3,3,4,2,3,1,4,2,2,3,4,5,1,5,3,3,3,3,2,4,3,4,2,3,3,5,3,3,4,1,2,2,1,2,3,5
2.378845194231318,0.8111498157715354,0.8957690388462636,0.7053807769252718,0.9915380776925272,0.8280786503836277,2,2,1,300,2,2,0,2,5,2,3,1,2,2,2,2,2,3,2,2,2,4,1,2,3,3,3,3,4,3,2,2,4,4,2,2,3,2,4,2,4,2,1,4,2,2,2,2,2,3,4,3
2.510149646123623,0.9407482306181136,0.7443265924436977,0.6802992922472454,0.8095510616291318,0.79,1,1,0,200,2,0,0,2,2,1,2,3,2,3,3,2,2,3,5,2,2,1,4,4,2,2,3,3,4,3,2,1,2,1,2,1,3,1,2,3,3,2,2,3,5,1,2,1,3,3,3,3
2.6007631768274915,0.6760951402440392,0.7141427103660586,0.7141427103660586,0.7753319634165475,0.9463329908541369,1,3,0,300,2,1,0,3,1,2,3,2,4,2,3,3,3,3,4,3,2,1,3,2,3,4,3,4,4,4,3,3,2,4,2,4,2,5,4,2,4,5,3,3,1,2,2,2,2,3,2,3
2.7816735634578453,0.8317149442049161,0.8038773942369247,0.9094283519316946,0.8761226057630753,0.7622452115261505,1,3,1,300,1,2,1,5,5,3,4,4,2,2,3,5,2,1,4,2,4,3,3,2,2,3,3,5,2,3,2,3,2,2,2,3,3,5,2,2,3,5,2,1,4,1,2,4,3,2,2,2
3.03965406537086,0.7728077236244085,1.0,0.6563073165070973,0.8271922763755915,0.9,1,1,0,200,1,2,0,2,3,3,3,2,4,3,2,2,3,4,3,2,3,1,2,2,3,3,2,3,4,3,4,3,3,4,3,3,1,2,4,2,2,2,2,2,3,3,4,1,3,4,2,3
2.689027361342742,0.5948631932862908,0.9997568403356855,0.7509726386572582,0.7112157983215727,0.9982978823497982,1,3,0,300,2,1,2,2,5,2,2,2,3,5,3,3,2,3,4,3,2,3,3,1,4,4,3,4,4,4,4,3,3,5,2,1,4,5,3,5,3,3,3,3,2,2,2,2,4,2,2,4
1.089364168877215,0.8226397362223619,0.8468208443860752,0.9160886015320682,0.8416377836725735,0.8289980474502116,1,3,0,200,2,0,0,2,1,1,3,3,3,4,4,2,2,4,4,2,2,2,5,4,2,1,2,4,4,4,2,2,2,1,3,5,4,4,1,2,5,2,2,2,4,2,2,3,1,3,2,1
1.813542213588141,0.9645778641185903,0.687084427176282,0.9805178252652246,0.8723977475584934,0.8892645437363788,2,0,0,300,1,4,0,3,1,1,2,4,1,1,2,2,2,2,2,2,3,1,4,2,3,1,3,5,4,2,2,2,2,3,2,3,2,3,2,2,2,3,2,2,1,1,2,2,4,2,4,2
2.6828550301223495,0.7734504442788206,0.6976183433741165,0.8934504442788206,0.8835724849388251,0.8780917168705829,1,1,1,300,2,0,0,3,5,2,3,2,3,3,4,5,4,3,3,3,3,4,3,2,3,4,3,2,3,4,3,3,4,4,2,3,4,5,3,3,3,3,4,3,3,5,4,4,2,3,3,3
2.360460714229974,0.6423035711498707,0.8518428569198965,0.7853928577002588,0.9581571430801035,0.5950678565297154,1,1,1,300,1,2,2,1,3,2,3,1,3,3,3,2,2,3,2,2,3,1,3,3,3,2,3,4,3,4,3,3,4,4,4,4,2,2,3,3,3,2,2,3,2,2,2,4,1,2,3,3
1.3163783024352718,0.5914864390220448,0.93,0.89,0.8993649170757507,0.7631891512176359,1,3,1,300,2,0,0,2,1,1,3,3,2,4,5,3,2,4,4,2,2,2,5,2,2,2,3,4,4,2,3,2,1,2,3,2,5,4,2,4,5,3,1,2,4,3,5,3,3,3,2,3
2.53,0.8,0.9125968259948911,0.8481206310332078,0.7637587379335844,0.7551365010587523,1,1,1,300,2,2,0,2,1,3,2,4,2,2,2,2,2,4,2,1,2,2,1,2,2,2,4,4,2,4,2,2,2,4,1,4,2,5,2,2,2,2,2,4,2,2,2,2,2,2,2,3
2.1766463451074127,0.5715456616528867,0.7678360736859586,0.7292271691735566,0.6496908676694226,0.6898454338347113,2,1,1,300,2,2,4,2,5,3,2,3,1,3,5,1,3,3,4,2,3,1,2,1,5,2,4,4,3,5,3,3,4,2,2,2,2,5,1,3,3,3,3,3,3,2,2,3,2,2,1,1
1.5049468981434224,0.9928318562587726,0.6542300837692996,0.7978849581153502,0.7914690299859639,0.9235486706328954,1,2,0,200,3,0,0,3,1,1,2,3,5,1,2,3,3,1,3,1,4,1,4,3,3,2,2,5,1,1,1,2,4,3,1,3,3,4,4,2,2,3,3,4,3,3,2,4,5,4,2,2
2.4914363170336538,0.44704603707932855,0.6215447555048057,0.7285907925841343,0.7728726340673074,0.6514634266514416,1,2,1,200,2,1,0,5,2,2,4,5,4,3,5,5,5,4,5,2,5,1,5,5,5,2,4,5,5,5,5,3,5,4,5,5,2,5,4,5,5,5,5,5,5,2,3,2,2,2,3,4
2.424331319237424,0.8006669036191266,0.9916637047609174,0.6,0.9976658373330569,0.7060021325721394,1,2,1,300,1,1,0,4,2,2,3,3,1,2,2,4,2,3,5,2,3,5,3,3,2,4,4,3,4,4,3,2,3,3,4,3,3,3,1,2,2,4,2,3,5,4,2,4,2,5,3,3
2.3814552009164296,0.9441791963342804,0.7903638002291075,0.755457003436612,0.8174533983962476,0.8918190011455374,1,1,1,300,2,1,0,5,5,1,4,4,1,1,3,4,3,3,2,2,1,1,4,1,2,3,3,3,2,3,1,3,4,2,4,1,2,5,1,1,3,2,3,3,2,3,4,1,3,3,1,4
2.3788194326719587,0.7061689598985903,0.9061689598985904,0.6767708509920624,0.9317592435626112,0.7,1,2,0,300,2,2,1,4,2,2,3,3,2,2,3,2,4,3,2,3,2,3,2,2,3,4,2,3,1,5,3,3,4,4,4,3,3,2,3,3,3,2,4,3,2,5,2,3,2,3,3,3
2.7958889778413916,0.7123893781276545,0.9423330664758248,0.8153338670483503,0.9176106218723455,0.8588897784139171,1,1,0,300,1,2,0,1,5,1,2,4,2,3,2,3,3,2,2,4,3,1,3,2,5,4,3,3,2,2,1,3,3,5,1,5,4,2,4,3,3,2,3,4,2,3,4,1,1,3,3,2
1.9400627047182502,0.9200627047182502,0.6385097728601925,0.9061490227139808,0.9722980454279615,0.7861490227139808,2,3,0,300,3,0,0,2,1,1,2,2,2,3,2,2,2,3,4,2,3,3,4,2,3,2,4,2,1,4,2,2,4,1,2,4,2,2,2,3,2,2,1,2,3,1,2,2,2,1,2,2
2.2340112312477514,0.5848863328483143,0.74915913401236,0.7225568335758429,0.6470227334303371,0.6885113667151685,2,1,1,200,2,1,0,2,3,2,3,2,3,2,1,3,3,2,2,2,4,1,3,3,5,3,3,3,2,5,2,3,2,1,2,4,5,2,5,5,4,2,3,3,2,2,3,3,2,2,2,3
2.48704596092813,0.9204923398453118,0.6931692200515627,0.8428920611859438,0.8495076601546883,0.6695076601546883,1,1,1,300,2,1,2,5,5,1,4,2,2,4,3,2,2,3,3,3,3,5,3,2,2,5,3,3,3,4,3,2,3,4,2,3,2,3,2,4,3,3,2,3,3,3,2,1,4,3,2,4
2.8394913055965034,0.7966101450662781,0.6916949274668609,0.7255934768040794,0.8301695648011655,0.773728984536053,1,2,1,300,3,1,0,1,5,1,3,2,4,4,5,4,2,4,3,2,4,5,3,2,3,4,2,2,5,3,2,5,3,4,4,3,3,2,1,2,5,4,2,4,3,5,2,1,3,4,4,3
3.106367697009996,0.7664798106312475,0.778863974750833,0.6576158358804145,0.922047823255831,0.6368161514950019,1,3,1,300,2,2,0,1,1,3,3,2,4,3,3,2,2,4,2,3,4,1,2,3,2,4,4,5,4,3,1,3,3,4,3,4,3,2,5,4,3,2,2,4,2,4,4,1,5,2,1,3
3.2689383316174903,0.6963845225839218,0.8772309548321562,0.6919153567751766,0.9168077387080391,0.8836154774160782,1,3,0,300,2,4,0,2,2,1,5,2,5,1,2,2,2,3,4,1,4,3,4,3,5,3,4,5,5,3,3,3,2,3,1,1,2,4,3,3,5,5,2,3,4,1,2,2,4,2,3,5
2.5791191060997507,0.67,0.6508808939002492,0.756563277634247,0.8457692369692416,0.6869602979667497,2,1,1,200,2,1,0,2,3,2,4,2,3,5,1,3,3,2,3,2,4,1,2,2,5,3,3,3,2,5,2,3,2,1,1,4,5,2,3,5,4,2,3,3,1,2,3,3,2,2,2,3
2.854490824486595,0.6885987765982127,0.9299042819062555,0.8745865425803397,0.9542993882991063,0.7441079521116175,1,3,1,300,2,2,0,4,3,3,2,2,3,1,3,2,2,4,2,1,1,4,2,4,5,3,3,2,2,4,2,2,2,3,4,1,3,1,4,2,3,1,2,4,2,2,4,4,2,3,3,2
2.7744517609966772,0.9006894143147846,0.8104070636918614,0.8909717649377077,0.8831976454360462,0.79,1,3,1,300,2,0,0,5,1,3,4,2,2,4,2,3,2,4,3,3,1,2,2,4,2,3,4,5,2,4,2,2,2,3,3,2,4,2,2,4,3,3,2,4,3,1,4,4,2,4,4,4
1.9377979765242324,0.8,0.7123001445339834,0.9053997109320332,0.9376998554660166,0.6961500722669917,1,1,0,300,1,2,0,3,3,1,2,3,1,3,2,2,2,2,5,2,3,2,4,3,2,4,4,4,3,4,2,2,2,2,4,3,2,2,2,2,2,2,2,3,5,2,2,2,2,2,3,2
2.7486075390145968,0.9990053850104263,0.6999005385010426,0.891094076488531,0.999204308008341,1.0,1,1,0,300,2,1,0,3,3,2,3,3,2,3,2,2,2,1,2,2,1,2,4,2,1,4,2,3,2,3,2,1,2,5,3,1,3,3,2,3,2,4,2,3,2,5,1,2,2,3,4,3
2.540624364418592,0.89,0.79,0.6922193235044005,0.8470042007618261,0.79,1,1,1,300,3,0,2,5,1,1,4,3,2,4,2,4,2,4,3,2,3,1,4,4,2,2,3,3,5,4,4,2,1,2,4,3,2,3,2,4,2,4,3,4,3,3,4,1,4,4,2,4
2.9188492269963846,0.7381670347636263,0.7756008834327032,0.8689002208581758,0.881466372189099,0.9429837382399889,1,1,0,300,1,2,0,2,5,1,1,4,3,1,3,2,3,4,2,4,5,4,3,4,5,2,3,2,3,3,3,2,3,3,3,1,4,1,3,1,3,2,3,4,2,4,4,1,1,3,3,1
2.4881169987012686,0.8726423843156773,0.7938686535963978,0.6877373071927955,0.754525385614409,0.8975474614385591,1,2,1,300,1,4,0,4,2,2,3,4,1,2,2,4,2,3,5,2,3,5,3,3,4,4,4,3,4,4,3,2,3,1,2,3,3,2,2,2,2,4,2,3,5,4,2,4,1,5,3,3
2.327400159383907,0.8355538829347477,0.7629615691122897,0.6259231382245796,0.878153723550841,0.8851846276449159,1,2,0,300,2,2,0,5,1,2,4,3,2,1,3,2,2,3,2,3,2,3,3,3,2,3,4,3,2,4,4,1,3,1,2,4,2,3,2,1,4,4,2,2,2,2,3,3,2,3,2,2
1.5442387407203786,0.9545523611492902,0.6760596851800946,0.771820944459716,0.8224177962606625,0.9512088981303313,1,1,0,300,3,0,0,3,1,1,2,2,4,1,2,3,3,2,3,2,3,1,4,2,2,5,2,5,3,2,2,2,5,3,2,2,3,2,2,1,2,3,2,2,2,3,2,2,2,5,2,2
2.3878509549607734,0.7227267507614179,0.922726750761418,0.6632235675588398,0.9438012732810312,0.7,2,2,0,300,2,2,1,4,2,2,3,3,3,2,3,2,2,3,2,3,2,3,3,2,3,4,1,3,1,5,3,4,4,4,4,3,3,2,4,3,4,2,2,4,2,4,2,3,2,3,3,3
1.2365323006828637,0.6359491151219755,0.8652915927804441,0.9295440266341731,0.8540508848780245,0.8167338496585682,2,1,0,300,1,0,0,2,1,2,4,3,2,3,4,3,2,4,4,2,4,2,5,4,2,1,2,4,4,4,3,2,2,3,3,5,4,4,2,2,3,3,2,4,4,3,2,1,3,1,2,3
2.4093591844264495,0.9206408155735506,0.8487183688528988,0.703025304917681,0.8346795922132246,0.8841281631147101,1,1,1,200,3,0,0,5,5,1,3,1,2,2,2,2,2,2,2,2,2,1,2,5,2,1,2,3,3,3,2,1,3,1,2,2,2,1,2,2,2,2,1,3,2,3,2,1,4,4,3,2
2.9228766613425785,0.6809702728973636,0.9433447191165041,0.8599658426504879,0.9433105617669919,0.9728425039930663,1,1,0,200,1,0,0,2,3,3,3,2,4,3,2,2,2,4,3,2,3,1,2,3,3,3,2,3,4,3,3,3,3,2,3,3,1,2,4,3,2,2,2,4,3,3,4,1,3,4,2,3
2.5846852586917066,0.8853147413082936,0.8782249468294198,0.7379773210641638,0.88,0.8981011339467918,1,1,1,200,2,0,0,3,1,2,3,2,2,3,2,4,2,3,3,2,3,1,4,2,2,2,2,3,3,3,2,2,2,4,5,3,2,3,2,3,2,4,2,3,3,1,3,4,2,3,3,3
1.8826585536283977,0.89,0.6478539653111626,0.6520243391148063,0.9620243391148062,0.6913292768141989,2,1,0,200,2,0,1,2,2,2,2,1,2,1,3,2,2,1,3,5,3,3,2,2,2,2,2,1,3,3,3,2,2,2,2,4,2,2,2,1,2,1,2,3,2,1,1,2,2,2,1,2
2.33,0.89,0.6078083502699175,0.7073518894887056,0.8457073547158119,0.7456620276278235,1,1,1,200,2,0,0,3,5,1,4,2,1,4,5,2,3,3,3,3,2,1,5,2,2,5,1,3,3,3,1,2,3,4,2,3,2,4,1,4,5,2,3,3,3,3,4,1,4,2,3,4
2.0624953277494065,0.44783559971523446,0.7260208158974845,0.7055671199430469,0.5718147838177501,0.7095463040455624,1,1,0,200,2,2,0,2,3,2,5,2,4,4,4,3,3,4,3,4,4,4,2,1,3,4,2,4,4,5,3,5,1,5,5,2,4,5,5,3,4,5,3,5,4,5,2,3,3,3,3,4
2.370030325893744,0.64,0.7196057633813281,0.895318421884312,0.914863533478152,0.595015162946872,2,1,1,300,1,2,1,2,2,2,3,2,3,3,3,3,4,3,2,2,2,3,3,4,3,2,3,3,2,3,1,2,4,4,4,3,2,4,3,3,3,3,4,3,2,5,2,3,2,2,3,3
2.2283239159963126,0.7863068677859805,0.7718465661070097,0.6977272286346841,0.933863614317342,0.9441193374723258,1,1,0,200,2,3,1,4,3,2,3,3,2,2,3,2,2,3,5,3,3,5,2,3,2,4,4,4,4,4,3,4,3,3,4,4,3,2,4,4,3,4,2,3,5,2,2,4,2,2,3,3
2.5539942289244424,0.9210021641533341,0.7635075745366693,0.9754974751544436,0.8604938682322201,0.9649963930777765,1,1,0,300,2,1,0,2,1,2,3,3,2,3,2,2,2,4,3,2,2,1,4,3,3,2,2,3,2,3,2,1,2,3,2,4,2,5,2,3,2,2,2,2,3,3,4,2,2,4,2,3
2.8908623185919606,0.7940393375451541,0.7496066245484593,0.6929803312274229,0.8587443059564985,0.7350983438628852,1,2,1,300,2,0,0,2,1,3,3,2,5,4,2,4,2,2,3,3,4,2,2,3,3,3,4,5,4,4,3,3,3,2,3,3,4,2,1,4,2,4,2,2,3,3,3,2,2,4,4,3
2.665495120332332,0.7575371936379711,0.691831706777444,0.8775371936379711,0.892252439833834,0.8491585338872202,1,1,1,300,2,0,0,3,5,2,3,2,1,3,1,5,4,3,3,3,3,4,3,2,3,4,3,2,3,4,2,3,4,4,2,3,4,5,3,3,4,5,4,3,3,5,4,3,2,3,3,3
1.7114013888725672,0.8075991453091894,0.8989000534181757,0.8946007478544593,0.7685986111274328,0.8009994658182434,1,3,0,200,1,0,0,3,2,2,2,1,2,1,2,2,2,1,2,2,2,1,4,2,2,5,2,5,4,1,1,2,2,1,3,2,2,1,2,1,2,3,2,2,2,2,2,1,1,1,1,2
1.4080185954869455,0.8831002421574232,0.5311188376443686,0.8425408233352389,0.9332400968629693,0.8940792250962457,1,2,0,200,3,0,0,3,1,1,1,3,1,1,2,3,3,4,3,1,4,1,4,3,3,2,2,5,1,1,4,2,4,3,1,2,3,4,4,2,2,3,3,4,3,3,2,4,5,4,2,2
2.33,0.89,0.656197534262405,0.8148834094720112,0.6951632267391843,0.7187791476319971,1,4,1,200,2,0,0,5,5,1,4,3,1,5,5,2,3,3,3,3,2,1,3,2,2,5,1,3,3,3,1,3,3,4,2,2,2,5,1,4,5,2,3,3,3,3,4,4,4,2,3,4
1.5728194581952262,0.5187963879681738,0.9209398193984087,0.9003380133824956,0.5104122341315737,0.7065787357888608,1,3,0,300,2,4,0,2,1,1,4,3,3,4,4,3,3,2,4,4,1,1,4,4,2,5,4,4,4,2,4,2,5,3,3,2,4,4,5,4,4,5,3,2,4,3,3,4,3,3,3,4
2.6562624112796938,0.8306063830804591,0.6957828014099617,0.9421719859003826,0.8968687943601531,0.9363891844904209,1,1,0,300,2,1,0,3,5,2,3,3,2,3,2,4,2,3,2,2,1,2,4,1,1,4,2,3,2,3,2,1,2,5,4,1,2,3,2,3,2,4,2,3,2,2,1,2,2,3,3,3
2.894968081668456,0.6992811545240651,0.6953913410695113,0.8539536501176416,0.9171246180962607,0.9213738542887819,1,1,1,300,4,0,0,2,1,2,4,2,3,2,2,2,3,4,3,1,3,2,2,4,5,3,3,3,1,2,3,2,2,3,2,3,2,2,3,2,2,3,2,4,2,2,4,2,3,2,2,3
1.9505277423572198,0.9305277423572198,0.646559801813246,0.9053440198186754,0.9706880396373507,0.7853440198186754,2,3,0,300,3,0,0,2,1,1,2,2,2,3,2,2,2,3,4,2,3,3,4,2,2,4,4,2,1,4,2,2,4,1,2,4,2,2,2,2,2,2,2,2,3,1,2,2,2,1,2,2
1.0602347123298184,0.6829421461169694,0.9437206609587727,0.8031024805944396,0.9588380171236819,0.7723239657526362,1,3,0,300,2,0,0,2,3,1,3,3,3,4,5,4,2,4,4,2,2,3,3,2,2,1,4,4,4,4,3,2,2,1,3,1,5,4,1,4,3,2,2,2,3,2,5,2,1,1,2,3
2.50982633705306,0.6614037624361515,0.714442837904374,0.79,0.9457308250425657,0.6613458747871716,1,1,1,300,2,1,0,3,5,2,3,2,3,3,1,5,4,3,3,3,3,4,3,2,3,4,3,2,3,4,3,3,4,4,2,3,3,3,1,3,1,5,4,3,3,5,4,4,2,3,2,3
2.401358328239831,0.8113416455650131,0.7554666783089582,0.7781833347886198,0.8891000087317187,0.6313583282398307,2,1,1,300,1,2,1,2,1,2,3,3,3,3,3,3,3,3,2,2,2,3,4,4,3,2,3,3,2,3,2,2,4,4,4,4,1,4,3,3,3,3,3,3,2,3,2,3,2,2,3,3
2.1779300649841526,0.6593899950012191,0.8981699850036571,0.686949975006095,0.9978649825042666,0.6627450224945145,2,0,0,300,1,2,2,3,2,2,2,1,3,3,2,2,2,3,2,2,2,2,3,5,3,2,1,5,1,1,5,4,4,4,2,2,4,1,2,2,2,2,1,3,1,2,2,2,2,1,3,2
3.2446872426128217,0.6877591086750471,0.8941083007624135,0.6903734818874921,0.9162651811250786,0.89,1,1,1,300,2,2,1,2,5,1,3,2,2,3,4,4,3,3,2,3,3,2,4,3,2,4,2,5,3,3,3,3,2,3,1,4,2,2,5,3,4,4,3,3,1,4,5,2,4,3,4,3
2.35532198318021,0.732575865441682,0.8562941065253351,0.5864520112131931,0.9604860616725623,0.901287932720841,1,1,0,200,2,2,1,4,2,2,3,3,2,2,3,2,2,3,5,3,3,5,2,3,2,3,4,4,4,4,3,4,3,3,4,4,3,2,4,4,4,4,2,3,2,2,2,4,2,2,3,3
1.8516114384846758,0.8252133448987884,0.6767771230306484,0.8972038128282253,0.9480095320705632,0.7324171577270137,2,3,0,300,1,2,0,2,1,1,2,2,1,1,2,2,2,2,4,2,3,2,4,2,2,1,4,5,4,2,2,2,4,3,2,2,2,2,2,3,2,3,2,2,5,2,2,2,1,2,2,2
1.9779533127834146,0.3517651281629712,0.6914354461386697,0.6863530256325943,0.5103296820243015,0.7249175794939245,2,1,0,200,2,2,0,2,3,2,4,4,4,4,4,3,3,4,3,4,4,4,2,1,3,4,2,4,4,5,3,5,5,5,5,2,4,5,5,3,3,3,3,5,4,3,2,3,3,3,3,4
1.5582205391956157,0.9283364890082206,0.679555134798904,0.7613345956032883,0.8468859435923274,0.9634429717961637,1,2,0,300,3,0,0,3,1,1,2,2,4,1,2,3,3,2,3,2,3,1,4,3,3,5,2,5,3,2,2,2,5,3,2,2,2,2,3,1,2,3,2,2,2,3,2,2,3,4,2,2
2.953800386814083,0.7153998710619722,0.9470985172126805,0.676999355309861,0.9446992908408471,0.620700580221125,1,1,0,300,3,0,0,1,3,3,3,3,5,4,2,3,2,2,3,4,4,1,2,4,2,3,4,3,4,5,3,3,4,2,3,2,3,2,4,4,5,4,2,2,3,1,1,2,3,1,2,3
2.9529492616498105,0.7156835794500631,0.9503611636757261,0.6784178972503156,0.9462596869753472,0.6194238924747159,1,2,1,300,2,0,0,1,3,0,3,2,4,2,5,4,2,4,3,2,4,1,4,3,3,3,1,5,3,3,3,5,3,4,3,3,4,2,4,2,5,4,2,4,2,3,3,2,3,4,1,3
2.39148204765991,0.69,0.88622890475819,0.57491561903276,0.9272046666146601,0.8422890475819,1,1,0,300,2,1,0,2,2,2,3,5,2,3,2,4,1,4,3,3,3,2,2,2,2,2,4,1,5,2,3,2,4,3,4,4,3,2,4,4,2,4,2,4,3,4,2,4,2,2,2,3
2.4291465253500624,0.9180513549008725,0.6993882211493144,0.7810951704491899,0.8323187281505608,0.6838972901982551,1,1,1,300,2,1,2,5,5,1,4,2,2,4,3,2,3,3,3,3,3,5,5,2,2,5,3,3,3,4,3,2,3,4,2,3,2,3,2,4,3,3,3,3,3,3,2,1,3,3,2,4
2.7920672688467443,0.6965381507739545,0.9594831827883139,0.7753486450948254,0.9484495483649418,0.8051681721168608,1,1,0,300,1,2,0,1,5,1,2,4,2,3,3,3,3,5,2,4,4,4,3,2,5,5,3,3,4,2,1,3,3,5,1,5,4,2,4,3,3,2,3,1,2,3,5,1,2,3,3,2
2.138118722105911,0.7343896484195408,0.7937290736863704,0.8175251115763555,0.9734322684215926,0.6759406389470444,2,3,0,300,1,2,2,3,2,2,2,1,3,3,2,2,2,3,2,2,3,2,3,3,3,2,3,5,1,1,2,4,4,4,2,2,2,1,2,2,2,2,1,3,1,2,2,2,2,1,3,2
2.6145936487838988,0.8954063512161011,0.6035333755381224,1.0,0.9021555414872925,0.6945936487838988,1,1,0,300,2,2,0,2,3,2,3,2,1,3,3,3,2,3,2,2,4,5,3,2,1,2,1,3,2,4,2,2,3,2,3,3,3,2,1,3,3,3,2,3,2,3,2,1,2,3,3,3
2.949765421670395,0.7927485980299642,0.8023967305355559,0.6464915881797847,0.82,0.804385514775269,1,2,0,300,1,0,0,2,3,0,3,2,5,4,4,4,3,2,3,3,3,1,2,3,5,3,2,3,3,3,2,2,4,2,1,3,2,4,5,4,4,4,3,2,3,4,4,1,2,1,2,3
2.5354781733255467,0.7671309600467194,0.850696440070079,0.872479180081759,0.6629989932437879,0.9164345199766403,1,2,0,300,2,1,0,2,5,2,3,2,4,2,3,3,3,3,4,3,2,1,3,2,3,4,3,4,4,4,4,4,2,4,3,4,2,5,4,3,4,5,3,3,1,2,2,2,2,3,2,3
2.3795170415892506,0.64,0.596278459339741,0.9949289366871323,0.8721733128483719,0.5997585207946253,2,1,1,300,1,2,1,2,1,2,3,2,3,3,3,3,3,3,2,2,2,3,3,4,3,2,1,3,2,3,2,3,4,2,4,3,3,4,3,3,3,3,3,3,2,3,4,3,2,2,3,3
1.1957619094416894,0.6516300348301195,0.8370659373057848,0.9467930383131314,0.8383699651698805,0.8371190452791554,2,3,0,300,1,0,0,2,1,2,3,3,2,3,3,4,2,4,4,2,2,2,5,4,2,1,2,4,4,4,3,2,2,3,3,5,5,4,2,3,3,3,2,4,4,3,1,1,3,1,2,3
2.2358365178352995,0.8609339174352879,0.89,0.7613617298588367,0.8947860937882255,0.7222956472941245,1,2,1,300,2,2,1,2,3,1,3,3,1,3,3,2,2,3,5,2,3,1,3,1,3,3,1,4,3,3,3,1,4,4,4,4,1,5,1,3,3,2,2,3,2,4,1,4,1,2,3,3
2.756748410639863,0.664096276104626,0.6961444141569388,0.6961444141569388,0.607347865464763,0.9043369663661908,1,3,0,300,2,1,0,3,0,2,3,2,4,3,3,3,3,3,4,3,2,1,3,2,3,4,3,4,4,4,4,4,2,4,2,4,2,5,3,3,4,5,3,3,1,2,2,2,2,3,2,3
2.5570832251262074,0.8541664502524149,0.9416665801009659,0.8270832251262075,0.849166709949517,0.702499870151449,1,1,1,300,2,2,0,2,2,2,3,4,2,2,2,2,2,4,4,1,2,2,1,2,2,2,4,4,2,2,2,2,2,4,5,4,3,5,2,2,2,2,2,4,2,2,2,2,2,2,2,2
1.8746468590306473,0.8573234295153237,0.9561028579294364,0.8875588568282254,0.7512205715858873,0.8461028579294364,1,1,0,300,3,1,0,2,3,3,4,3,2,3,2,3,2,1,2,4,1,1,4,4,4,1,3,5,3,3,3,4,4,3,3,2,4,3,2,3,2,3,2,1,2,4,3,2,4,4,4,3
2.348829531522144,0.8727395961047015,0.6047073828805359,0.6978456381342265,0.8754919466939586,0.745292617119464,2,1,1,300,2,4,0,2,5,1,3,1,2,5,5,4,3,3,3,4,3,4,3,1,3,5,3,3,1,3,1,3,4,4,3,2,5,5,2,5,5,4,3,3,3,4,4,5,5,3,2,3
2.4007605223024635,0.8997464925658455,0.8994929851316908,0.7902535074341546,0.9987324628292271,0.7867044033559906,1,1,0,300,1,2,0,5,1,1,4,5,2,2,2,2,4,4,2,2,1,4,4,2,2,1,2,3,3,5,4,2,4,3,4,4,1,3,2,2,3,2,2,4,2,4,2,4,1,2,1,4
3.5732767146420263,0.8862648414677925,0.7573853890274548,0.758505936587117,0.7641086743854283,0.8862648414677925,1,3,0,300,2,4,0,2,2,1,5,2,2,1,2,2,3,3,4,5,3,3,4,3,5,3,4,5,5,3,3,2,2,3,1,1,2,4,2,1,3,5,2,3,4,1,2,2,4,2,3,2
1.5331215903590236,0.9753970180768309,0.6732803975897559,0.7801588072307324,0.8029627831282912,0.9414813915641457,2,2,0,300,3,0,0,3,1,1,2,4,1,1,2,3,3,2,3,2,4,1,4,3,3,5,2,5,3,2,2,2,5,3,2,2,2,2,2,1,2,3,3,2,2,3,2,2,3,4,2,2
2.694872777706235,0.6392689086202902,0.7917584523656219,0.7917584523656219,0.7412818055734411,0.6969597420609369,1,2,1,200,2,2,0,5,2,2,5,5,4,4,5,2,5,5,5,5,5,1,5,5,5,2,4,5,5,5,5,5,2,4,5,5,2,5,4,5,5,5,5,5,5,2,3,2,2,2,3,4
2.630895294441427,0.8863884700054314,0.7531942350027158,0.8940895294441427,0.7972534122179977,0.754059177215282,1,1,0,300,2,2,0,3,5,2,3,3,1,3,2,3,1,3,4,2,3,5,4,2,1,2,2,4,3,4,4,2,4,3,4,4,2,3,1,3,3,2,1,3,2,3,5,4,2,1,3,3
1.74,0.9636081927851224,0.9248011703978747,0.8107953184085015,0.8309376247922069,0.8892046815914986,1,3,0,200,2,1,0,2,1,1,4,3,2,1,2,3,2,1,2,2,2,1,4,4,3,3,2,3,3,2,1,2,2,3,2,2,4,1,4,1,2,3,2,1,2,1,1,1,3,5,2,4
2.2490494070130236,0.809049407013024,0.7562574817068435,0.6203368155472412,0.9331287408534218,0.8878218521335544,1,1,1,300,1,1,1,4,2,2,3,3,1,2,3,4,2,3,5,2,3,5,3,3,2,4,4,3,4,4,3,2,3,3,2,3,3,2,1,2,3,4,2,3,5,4,2,4,2,5,3,3
2.6174684232386025,0.8125218608348136,0.9424538493487269,0.7674781391651865,0.7524927130550622,0.9224927130550622,1,3,0,300,2,2,0,3,5,2,3,2,3,3,3,3,2,3,2,3,2,3,3,3,2,4,3,4,4,4,4,3,3,5,2,4,4,2,3,2,5,2,2,3,2,3,5,2,2,2,3,3
1.6904149331176732,0.835077333529388,0.7647679994118362,0.8513994664117956,0.7039381331764897,0.812538666764694,1,3,0,300,3,0,0,2,1,3,2,2,2,3,2,3,2,2,4,2,4,1,4,3,2,5,2,5,4,1,1,2,2,1,1,2,3,4,2,3,2,3,3,1,3,3,3,4,5,2,2,2
2.8786272660860113,0.7470808154599875,0.6986706952640199,0.6185404077299937,0.6914595922700062,0.9928540407729993,1,2,0,300,2,1,0,3,3,2,3,5,3,4,2,4,5,3,5,3,4,2,5,2,4,3,4,2,5,4,5,3,4,5,3,4,5,5,4,4,4,4,2,5,2,4,5,4,2,1,2,2
3.8222335540420143,0.9762138163702412,0.9273782885610495,0.9022335540420143,0.82,0.7481546033549218,1,3,0,300,2,0,1,2,3,1,3,4,2,3,1,2,3,3,2,1,3,1,4,5,2,4,1,5,2,2,3,3,2,3,3,4,4,4,2,3,1,2,3,3,1,3,2,2,4,2,4,1
1.8155986779389188,0.9440132206108114,0.6911973558778377,0.9692072713359463,0.879595372786216,0.8656152037024332,2,3,0,300,1,2,0,3,1,1,2,4,2,1,2,2,2,2,2,2,3,1,4,4,3,1,2,5,4,3,2,2,4,3,2,3,4,2,2,2,2,3,2,2,1,1,2,2,4,2,4,2
2.1863892224530557,0.7477432640331597,0.7994782910607292,0.7286459584198958,0.9454865280663194,0.9272919168397917,2,1,0,300,3,1,2,2,3,2,5,1,3,3,3,3,2,3,5,2,3,2,2,1,3,2,1,4,3,1,3,1,4,4,5,2,4,2,3,3,3,2,2,3,5,2,2,2,2,2,3,3
2.81,0.7202837091599733,0.7004841233321693,0.6952420616660846,0.5526210308330424,0.89,1,2,0,200,2,1,0,3,3,2,5,5,4,2,3,3,3,3,2,5,4,1,5,3,5,3,5,4,5,5,4,5,5,4,4,4,4,5,5,5,3,5,3,5,1,1,3,3,2,3,3,3
2.64543540525114,0.8602162705479479,0.7401081352739739,0.895543540525114,0.8176095673515961,0.7875014320776221,1,1,0,300,2,2,0,4,5,1,3,3,1,3,2,3,1,3,4,2,4,5,4,2,1,2,2,3,3,4,4,3,4,3,4,4,2,2,4,3,3,3,1,3,2,3,5,4,2,1,3,3
1.728461356709214,0.9417581119351528,0.6838827925376565,0.895164601483275,0.8832967552259389,0.9571795477635954,2,2,0,300,3,0,0,3,1,1,2,2,3,1,2,3,3,2,3,2,4,1,4,2,2,5,2,5,3,2,2,2,5,3,2,2,3,2,2,1,2,3,3,2,3,3,2,2,4,4,2,2
2.553215997502888,0.7303520074913349,0.9664319950057768,0.7883920012485558,0.9006279956300547,0.7976879862658862,1,2,0,300,4,0,0,5,1,1,4,4,2,2,2,4,2,4,3,2,1,4,4,2,2,2,3,3,5,2,2,2,3,2,2,4,3,3,2,2,3,4,2,1,3,2,2,1,2,2,2,4
3.105317661469838,0.7601815208399074,0.7850453802099768,0.8181580130446644,0.7697277187401389,0.6147730989501157,1,2,0,200,3,0,1,5,3,1,2,4,2,2,3,5,2,1,4,2,4,3,2,4,5,3,3,3,5,4,2,2,3,4,2,3,3,2,2,2,3,3,2,1,3,2,4,1,3,2,1,4
3.3501638249888233,0.7544027321348739,0.7611945357302523,0.7093208196404621,0.8877986339325631,0.8255972678651262,1,3,0,300,2,4,0,2,2,1,2,2,1,1,2,2,3,3,4,1,4,3,4,3,5,3,4,5,5,3,2,3,2,3,1,1,3,4,4,1,5,5,3,3,1,1,2,2,2,2,3,2
1.6,0.7287446223257009,0.5839015445349883,0.8133630721510806,0.8442153889535631,0.8484307779071262,1,1,0,300,3,0,0,3,1,1,2,2,4,1,2,3,3,2,3,2,3,1,4,2,3,5,2,5,3,2,2,2,5,3,2,2,2,2,4,1,2,3,3,2,3,3,2,2,1,4,2,2
2.774962278979585,0.9989924557959171,0.9310075442040829,0.6817272186355707,0.9388485209096195,1.0,1,1,0,300,2,0,0,3,5,0,3,2,3,3,2,3,4,4,2,2,2,1,4,4,5,5,3,3,1,3,2,3,3,4,3,4,1,1,2,3,2,3,4,4,2,3,3,2,3,2,2,3
2.7865178207847925,0.8656247454935476,0.7958036320253459,0.8981250848354841,0.8841963679746542,0.7783927359493084,1,3,1,300,2,0,0,5,1,3,3,2,2,4,3,3,2,2,3,3,4,2,2,4,2,2,4,5,2,4,2,2,2,3,3,2,4,2,2,4,3,3,2,2,3,1,4,4,2,4,4,3
2.424019656537172,0.6381598943191299,0.8441402377819577,0.5950602906223927,0.9253997357978248,0.7472398414786948,2,2,1,300,1,2,1,2,2,2,3,2,2,3,2,2,2,4,2,2,3,2,3,2,3,2,1,5,1,5,2,3,4,4,1,2,2,2,3,3,2,2,2,3,2,2,2,4,2,2,2,3
3.243301191049222,0.6875562718608618,0.8944801682550867,0.6904072880231896,0.915927119768103,0.89,1,1,1,300,2,2,0,1,5,1,3,2,1,3,4,4,3,3,2,3,3,2,4,3,2,4,2,2,3,3,1,3,2,3,1,4,2,1,4,3,4,4,3,3,2,4,5,2,4,3,4,3
2.8268736934417613,0.6242184233604403,1.0,0.7072269707994496,0.8041006642412107,0.9058993357587892,1,3,0,300,2,1,2,2,1,2,2,2,3,5,3,3,2,3,4,4,2,3,3,1,4,4,3,4,4,4,1,4,3,5,2,4,4,5,3,5,1,3,3,3,2,3,2,2,2,2,2,5
2.33,0.89,0.6633292073442021,0.8307315718760047,0.6729757993735933,0.7148171070309988,2,1,1,300,2,1,0,2,5,2,3,1,2,5,2,4,3,3,3,4,3,4,3,1,3,5,3,3,5,3,1,3,4,4,3,2,5,5,2,5,5,4,3,3,3,4,4,5,5,2,2,3
2.7494834765817466,0.6905165234182535,0.8137086914543663,0.9284504297452395,0.924132187346028,0.69,1,3,1,300,2,2,0,3,1,1,3,4,1,2,2,4,5,1,1,2,3,4,4,2,1,2,3,3,2,4,1,2,2,3,4,2,2,3,1,2,3,2,5,1,2,1,5,4,2,2,4,2
2.71945482626329,0.7097834160651001,0.8027184408846302,0.8902165839348999,0.9863032175088597,0.6880433167869799,1,3,1,300,2,0,0,3,1,2,2,4,2,2,2,4,5,1,2,2,3,4,4,2,1,2,2,3,2,2,2,2,2,3,4,1,2,3,1,2,3,2,5,1,2,1,5,4,2,2,4,3
2.6079344437091088,0.9655868887418217,0.9644131112581783,0.73899390501402,0.9006707299906533,1.0,1,1,0,300,2,1,0,3,5,0,3,3,2,3,2,3,4,4,2,2,2,1,4,2,3,5,3,3,1,3,2,3,3,4,3,4,1,1,2,3,2,3,1,3,2,3,3,2,3,2,2,3
2.9068569760453604,0.7894694354156113,0.7953056458438869,0.6952652822921943,0.8884486697985264,0.7236735885390283,1,2,1,300,2,0,0,3,0,2,3,2,1,4,2,4,2,2,3,3,3,2,2,3,2,3,4,3,4,4,3,3,3,4,3,3,4,2,1,4,2,4,2,2,3,3,5,1,2,4,4,3
1.9092157756107981,1.0,0.6138561495928012,0.9669280747964005,0.8434640373982003,0.7315684487784037,2,1,0,300,1,0,0,2,1,0,2,2,2,3,2,4,2,3,4,2,4,3,4,2,2,1,1,5,3,4,2,2,2,2,2,4,3,2,2,3,2,4,2,2,1,5,2,2,2,3,2,2
1.8583074175381014,0.8509533515685824,0.6520621979085568,0.7597858793247338,0.952645934030481,0.6943385164923797,1,3,0,200,1,0,0,3,3,1,2,3,2,1,2,2,2,2,2,2,3,2,2,2,3,3,2,5,4,2,2,2,4,2,2,4,2,2,2,2,2,3,2,2,1,1,2,2,4,2,2,2
2.640523342960919,0.9721046685921839,0.9578953314078161,0.7278205681276848,0.9081196212482101,1.0,1,1,0,300,2,1,0,1,5,0,3,3,2,3,2,3,1,4,2,2,2,1,4,4,5,5,3,3,1,3,2,3,3,4,3,4,1,1,2,3,2,3,4,4,2,3,3,2,3,2,3,3
1.3876224852921675,0.8576224852921676,0.8961585009805222,0.659146982350601,0.889146982350601,0.9577435107857438,1,3,0,200,1,0,0,3,2,2,2,3,2,1,2,2,2,1,2,2,1,1,4,2,2,1,2,1,2,1,1,2,2,1,3,2,2,1,1,1,2,3,2,1,2,2,2,1,3,2,1,2
1.4179659206474995,0.9317546825433822,0.7294412063817632,0.8174378253872063,0.9781056190520586,0.8717546825433822,2,2,0,200,3,0,0,3,1,1,2,3,3,1,2,3,3,1,3,1,4,1,4,3,3,5,2,5,3,1,1,2,4,3,1,2,3,1,4,2,2,3,3,4,3,3,1,3,3,4,2,2
1.744077360879484,0.7904530400977204,0.891845278241032,0.9090939198045591,0.7486077618566884,0.7859226391205161,1,3,0,200,3,1,0,3,1,1,4,3,2,5,2,2,2,1,2,2,4,4,2,2,3,3,4,1,2,4,2,2,2,2,2,4,2,1,2,2,2,3,2,2,2,3,2,2,2,2,3,4
2.627461261462647,0.8925697293672352,0.7562848646836176,0.8937461261462647,0.792445766047706,0.7461609013640884,1,1,0,300,2,2,0,4,5,1,3,2,1,3,2,3,1,3,2,2,4,5,4,2,1,2,2,3,2,4,4,2,4,3,4,4,2,2,4,3,3,2,1,3,2,3,5,4,2,1,3,3
1.74,0.8685694177000104,0.911224202528573,0.8651031898857084,0.781155409271434,0.8348968101142916,2,3,0,200,2,0,0,2,1,3,4,3,2,1,2,3,2,1,2,2,2,1,4,4,3,3,2,3,4,2,1,2,2,3,2,2,4,1,4,1,2,3,2,1,2,1,1,4,3,5,2,4
2.4495609237987876,0.9698745496567964,0.7452822632722079,0.7251568129290044,0.8001254503432035,0.8403136258580088,1,1,0,200,3,0,0,2,2,1,2,3,2,3,3,2,2,3,2,2,2,1,4,4,2,2,3,3,4,3,2,1,2,1,1,1,2,1,2,3,3,2,2,3,5,1,1,1,3,3,3,2
2.9230987587603208,0.8071755079405839,0.7043510158811678,0.695740406352467,0.845831828586102,0.724168171413898,1,3,1,300,3,2,0,1,1,3,3,2,5,3,3,2,2,4,2,3,4,1,2,3,2,4,2,5,4,3,2,3,3,4,3,3,5,2,5,4,3,2,2,4,2,3,4,1,5,2,4,3
2.4532382615961463,0.6358693631618945,0.6777828915733477,0.6970653184190527,0.6368261273676211,0.6834130636838106,2,1,1,300,2,2,4,2,5,2,2,3,1,3,5,2,2,3,4,2,1,1,2,1,5,2,4,3,3,5,3,3,2,2,3,2,2,3,1,3,5,2,3,3,4,2,2,3,2,2,1,1
2.503258688541629,0.9062934427081429,0.7753359015626714,0.6665173770832572,0.8302239343751142,0.79,1,1,1,300,3,0,2,5,1,1,4,3,2,4,2,4,2,4,3,2,3,3,4,4,2,2,3,3,5,4,4,2,1,2,4,3,2,3,2,4,2,4,2,4,3,3,4,1,4,2,2,4
2.8901203753639395,0.6056454997920344,0.9887090004159312,0.9042341248440258,0.8492943125259956,0.69,1,2,0,300,2,2,0,2,1,1,1,4,2,1,3,3,4,4,2,1,5,4,3,4,5,2,3,3,4,3,1,2,2,3,2,2,4,2,3,1,3,3,3,4,2,4,4,1,2,3,3,1
2.2971516144358737,0.8321822649614317,0.8971516144358737,0.8470903133847579,0.7642419278206316,0.7578177350385684,2,1,0,300,3,1,0,2,3,1,3,3,1,3,3,3,4,3,2,4,1,2,3,1,3,2,1,3,3,4,4,3,4,4,3,2,1,3,3,3,3,3,4,3,2,4,1,4,2,1,3,3
3.0194697737891674,0.7681442082620865,0.993902398575427,0.687613982051254,0.8307953393162486,0.8944326247862594,1,1,0,200,1,0,0,1,3,3,3,2,4,3,2,2,3,4,3,2,3,1,2,3,5,3,2,3,4,3,3,3,3,4,4,3,1,2,4,2,2,2,2,2,3,3,4,1,3,4,2,3
2.919288779063673,0.7904181511835112,0.9585775581273464,0.7372801976853883,0.9202930697528156,0.6414224418726536,1,2,1,300,3,1,0,2,3,1,3,2,1,4,2,4,2,2,3,2,4,1,2,3,2,3,2,1,5,3,2,3,3,2,4,3,3,2,1,4,2,4,2,2,3,4,3,1,2,2,4,3
3.0074483506992413,0.6882069072427487,0.6617930927572513,0.8310345362137436,0.8978851893272344,0.89,1,1,0,200,2,1,0,2,3,2,3,2,3,1,3,3,3,3,5,3,2,2,5,2,5,3,4,3,4,5,3,3,3,4,2,4,3,5,4,4,3,3,3,3,3,1,3,2,2,2,3,3
2.52,0.9266978404336533,0.7115094835575175,0.6942452582212412,0.9066043191326933,0.8878306102388994,1,1,0,200,3,0,0,2,2,1,2,3,2,3,3,2,2,3,2,2,4,1,3,4,2,2,3,3,4,3,2,1,2,1,1,1,3,1,2,3,3,2,2,3,5,1,1,1,3,3,3,2
2.1864509778619565,0.745064706641413,0.7737522859792392,0.6838816992620652,0.9689464059034782,0.6204620904068479,2,0,0,300,3,2,0,2,2,2,5,3,2,3,3,1,2,3,2,2,3,3,2,3,3,3,2,2,1,3,2,2,2,2,2,3,3,2,3,3,1,3,2,3,2,5,2,3,2,1,5,3
2.8821644109221176,0.6492986465532706,0.9549698247090354,0.8286576436884706,0.916493232766353,0.9543288218442353,1,1,1,200,2,2,0,3,3,1,2,2,5,1,1,3,3,2,4,4,5,3,3,1,5,3,3,3,4,4,1,2,3,2,3,3,2,1,5,1,1,3,3,1,2,3,4,2,3,3,2,3
3.030019306282036,0.697514479711527,0.8862331070032186,0.8945825289049152,0.7904078179540668,0.6358252890491516,1,2,0,200,3,0,0,5,3,1,2,4,2,2,3,3,2,1,3,2,4,3,2,4,5,3,3,2,5,4,2,2,3,4,2,3,3,2,2,2,3,5,2,1,3,2,4,1,3,2,1,2
2.543631496320522,0.8499821531752472,0.92,0.7545616789315935,0.8690876642136813,0.774508138457335,1,1,0,300,2,1,0,3,5,2,3,3,2,3,2,4,2,3,2,2,3,5,4,2,1,4,2,3,1,3,2,1,2,3,4,2,2,3,2,3,2,2,2,3,2,5,2,4,2,4,1,3
2.3735121114734086,0.7017070382446949,0.8894146480877653,0.6964388710345821,0.9217560557367043,0.697658592351061,2,4,0,300,2,2,0,2,2,2,3,4,3,3,3,2,4,3,2,1,2,3,3,2,3,2,4,3,3,2,2,5,4,4,4,3,2,3,3,3,3,3,4,3,2,3,2,4,2,5,3,3
2.8420846043298837,1.0,0.8780302350377754,0.914555894487969,0.7544410551203097,0.9447492374020697,1,1,0,300,2,2,0,2,1,2,2,2,3,3,3,2,2,3,2,3,2,3,3,2,2,4,3,3,2,3,1,4,2,5,1,4,3,2,3,3,3,2,2,2,2,2,1,2,2,3,3,2
2.80358330266163,0.8857309620206306,0.79,0.89,0.8841785845735871,0.7822381127647828,1,2,0,200,3,0,0,5,3,1,4,4,2,2,3,3,2,4,3,2,4,3,2,4,5,3,3,2,5,4,2,2,3,4,2,3,3,2,2,2,3,5,2,4,3,2,4,1,3,2,1,4
2.9113579229652724,0.670411429384833,0.9366254550630756,0.8801236348107734,0.9567490898738489,0.9814815577760457,1,1,0,200,1,2,0,2,3,3,3,3,4,3,2,2,3,4,3,2,3,1,2,3,3,3,2,3,4,3,4,3,3,4,3,3,1,2,4,3,2,4,2,4,3,3,4,1,3,4,2,3
2.81,0.6952424042620734,0.7095791134789297,0.6919579113478929,0.6165689858283608,0.89,1,1,0,200,2,1,0,2,3,2,4,2,3,2,3,3,3,3,5,4,2,2,5,2,5,3,4,4,4,5,3,3,3,4,2,4,3,5,4,3,4,3,3,3,3,2,3,2,2,2,3,3
2.5215020032713014,0.37814871548134105,0.7486127739824967,0.7472255479649934,0.774046900798712,0.703872260175033,1,2,1,200,2,2,0,5,2,2,4,5,4,2,5,2,5,5,5,5,5,1,5,5,5,2,4,5,5,5,5,3,2,4,5,5,2,5,4,5,5,5,5,5,5,5,3,2,5,2,5,4
