Bootstrap_Iteration,ROC_AUC_Difference,PR_AUC_Difference,F1_Difference,Precision_Difference,Recall_Difference,Specificity_Difference,Accuracy_Difference
1,0.060889929742388715,0.0723668187389912,0.018797769055980074,0.11366181410974241,-0.0357142857142857,0.11475409836065575,0.042735042735042694
2,-0.0023419203747071515,-0.023826737036640733,-0.033147004020790405,-0.0004948045522018552,-0.0535714285714286,0.016393442622950838,-0.017094017094017144
3,0.02371194379391095,0.08837272345211877,0.05836353232881941,0.1428571428571429,0.0,0.14754098360655732,0.07692307692307698
4,0.05181498829039821,0.08893544267937381,-0.014290088802694778,0.02276422764227648,-0.0357142857142857,0.032786885245901676,0.0
5,0.023419203747072626,0.0298638500388696,0.0004168837936424641,0.06495726495726495,-0.0357142857142857,0.06557377049180324,0.017094017094017144
6,-0.023419203747072737,-3.63008957499078e-05,-0.027561540079949487,-0.04355400696864109,-0.017857142857142794,-0.032786885245901676,-0.02564102564102566
7,0.03454332552693207,0.07457403568827492,0.05400540054005398,0.0816537467700259,0.03571428571428581,0.06557377049180324,0.05128205128205132
8,-0.032786885245901676,-0.02199103137347902,0.014702655255650732,0.07915057915057921,-0.017857142857142905,0.06557377049180335,0.02564102564102566
9,0.017857142857142794,0.014644878066239597,0.0065132435953104695,0.053884711779448646,-0.017857142857142794,0.0491803278688524,0.017094017094017033
10,0.036592505854800894,0.048009665034411175,-0.041702127659574484,0.01674641148325362,-0.0714285714285714,0.032786885245901565,-0.017094017094017033
11,0.014344262295082011,0.036576548306627044,-0.010683760683760646,0.02083333333333337,-0.0357142857142857,0.032786885245901676,0.0
12,0.016393442622950727,0.017478427593555,-0.03131868131868132,-0.0250850340136054,-0.0357142857142857,-0.016393442622950838,-0.02564102564102566
13,0.03981264637002346,0.040557317336041177,0.014293567894447579,0.0571184995737426,-0.017857142857142794,0.06557377049180335,0.02564102564102566
14,0.019028103044496647,0.04614802659159989,0.01851851851851849,0.019230769230769162,0.017857142857142905,0.016393442622950838,0.017094017094017033
15,0.025468384074941453,0.01650463600419194,-0.03364485981308418,-0.053221288515406084,-0.017857142857142905,-0.0491803278688524,-0.03418803418803418
16,0.060889929742388826,0.07181180516557095,0.056593095642331726,0.09563409563409564,0.0357142857142857,0.06557377049180335,0.05128205128205132
17,0.0831381733021076,0.1171864146150936,0.0798058252427184,0.11750483558994196,0.0535714285714286,0.09836065573770492,0.07692307692307698
18,0.04859484777517564,0.11525799289938565,-0.06060606060606066,0.02670111972437561,-0.125,0.06557377049180335,-0.02564102564102566
19,0.041569086651053966,0.03633607602595068,-0.0013440860215053752,0.03378378378378377,-0.017857142857142794,0.032786885245901565,0.008547008547008517
20,0.028981264637002457,0.0383297128855099,0.053333333333333344,0.12587412587412594,0.0,0.13114754098360648,0.06837606837606836
21,0.018149882903981118,0.019207695846718886,-0.06919568361330519,0.054545454545454564,-0.125,0.08196721311475408,-0.017094017094017033
22,0.05737704918032782,0.06814246405078372,0.05882352941176472,0.0652173913043479,0.0535714285714286,0.0491803278688524,0.05128205128205121
23,-0.01990632318501173,0.03102134229532294,-0.017175186906445816,0.014285714285714235,-0.0357142857142857,0.016393442622950838,-0.008547008547008628
24,0.017857142857142905,0.032151141458989674,0.027373325567850992,0.04106280193236711,0.017857142857142905,0.032786885245901676,0.02564102564102566
25,0.016686182669789273,0.04680674310729238,0.01244695898161241,-0.02086167800453509,0.03571428571428581,-0.032786885245901676,0.0
26,0.015807962529274078,0.043285896549834946,-0.019607843137254832,-0.021739130434782594,-0.017857142857142794,-0.016393442622950727,-0.017094017094017033
27,-0.033372365339578436,-0.025883787223068166,-0.05940594059405935,-0.06666666666666665,-0.0535714285714286,-0.0491803278688524,-0.05128205128205132
28,0.01375878220140525,-0.014564554207806779,-0.048279113625648296,-0.014512471655328874,-0.0714285714285714,0.0,-0.03418803418803418
29,0.08694379391100704,0.06245395799846287,0.03366294971596895,0.027874564459930307,0.03571428571428581,0.016393442622950838,0.02564102564102566
30,0.032201405152224805,0.039613596754697555,-0.037735849056603876,-0.040000000000000036,-0.0357142857142857,-0.032786885245901676,-0.03418803418803418
31,0.005854800936768156,0.018846571256589395,0.033102172907998106,0.053408597481545805,0.017857142857142905,0.0491803278688524,0.03418803418803418
32,0.013466042154566704,0.04210072544274224,0.017267888823181643,0.10023310023310028,-0.01785714285714285,0.08196721311475408,0.03418803418803418
33,0.019613583138173296,0.06691293821932132,-0.04764379764379756,0.0018939393939393367,-0.0892857142857143,0.032786885245901676,-0.02564102564102566
34,-0.004683840749414636,0.023522760383627883,0.017402454662025946,-0.007234042553191489,0.0357142857142857,-0.016393442622950838,0.008547008547008517
35,0.010245901639344357,0.02697634789776482,-0.0017825311942959443,0.06360708534621584,-0.0535714285714286,0.08196721311475408,0.017094017094017033
36,0.01756440281030447,0.02877894057514907,0.01904761904761898,0.020408163265306145,0.017857142857142905,0.016393442622950727,0.017094017094017033
37,-0.010245901639344246,0.0378574119541526,-0.027998821102269367,-0.021311475409836134,-0.0357142857142857,-0.016393442622950838,-0.02564102564102566
38,0.011124121779859442,0.04775275259473322,0.07871012482662965,0.15121580547112456,0.017857142857142794,0.16393442622950816,0.09401709401709402
39,0.05240046838407497,0.05779221538245083,0.026395173453997,0.012681159420289911,0.0357142857142857,0.0,0.017094017094017033
40,0.012295081967213184,0.014549467409059602,0.026353276353276334,0.059294871794871806,0.0,0.06557377049180335,0.03418803418803418
41,0.03425058548009374,0.049009485188927226,0.0392013189228797,0.06723404255319154,0.017857142857142794,0.06557377049180335,0.042735042735042694
42,0.03366510538641676,0.058389819195130865,-0.012578616352201255,0.019130434782608674,-0.03571428571428581,0.032786885245901676,0.0
43,0.03190866510538648,0.0402578604711592,0.052336448598130914,0.030501089324618702,0.0714285714285714,0.016393442622950838,0.042735042735042694
44,0.031615925058548044,0.07482961449936276,0.08711309268627276,0.10506844247132818,0.0714285714285714,0.09836065573770492,0.0854700854700855
45,0.05327868852459017,0.08116400340284624,0.07772739890811509,0.036601307189542465,0.1071428571428571,0.0,0.05128205128205132
46,0.0023419203747070405,0.022401690424280085,-0.07369602939675413,-0.04390243902439028,-0.0892857142857143,-0.016393442622950727,-0.05128205128205132
47,0.05503512880562078,0.049046015141111954,0.0513626834381552,0.06999999999999995,0.0357142857142857,0.06557377049180324,0.05128205128205121
48,0.021955503512880448,0.017630958355440374,0.04578754578754585,0.058673469387755084,0.0357142857142857,0.049180327868852514,0.042735042735042805
49,0.008196721311475419,0.009733154459357962,-0.05535714285714288,0.029081632653061185,-0.1071428571428571,0.0491803278688524,-0.02564102564102566
50,0.007903981264636983,0.002832439442808421,0.0342941300231433,0.029616724738675937,0.0357142857142857,0.016393442622950727,0.02564102564102566
51,0.025468384074941453,0.04281931391311222,0.06359300476947538,0.14229249011857703,0.0,0.14754098360655743,0.07692307692307687
52,-0.021662763466042123,-0.003065723171827184,-0.028812056737588687,-0.011842105263157876,-0.0357142857142857,0.0,-0.017094017094017144
53,0.02254098360655732,0.035332666349632835,-0.04007002528690917,0.03609756097560979,-0.0892857142857143,0.06557377049180335,-0.008547008547008628
54,0.002049180327868716,-0.022119474949826357,-0.02581797515628803,0.002979145978152964,-0.0535714285714286,0.016393442622950838,-0.017094017094017144
55,0.04303278688524603,0.020787361566357077,0.03068241932639748,0.02431372549019606,0.0357142857142857,0.016393442622950838,0.02564102564102566
56,-0.0005854800936768711,0.002036360930685266,0.0749362786745964,0.09912854030501084,0.0535714285714286,0.09836065573770492,0.07692307692307698
57,0.036007025761124134,0.03263317844293567,0.013314840499306535,0.03126356925749019,0.0,0.032786885245901676,0.017094017094017144
58,0.0005854800936768711,0.041164440529088187,0.00371609067261236,-0.008613503751041973,0.017857142857142794,-0.016393442622950838,0.0
59,0.04859484777517564,0.09453021766030878,0.05931667193925971,0.10031446540880495,0.017857142857142905,0.13114754098360648,0.07692307692307687
60,0.03864168618266983,0.028906915698795665,-0.016705516705516787,-0.06879844961240311,0.017857142857142905,-0.06557377049180324,-0.02564102564102566
61,0.0008782201405153067,0.002050726963309546,-0.012929292929292902,-0.0042283298097252064,-0.017857142857142905,0.0,-0.008547008547008517
62,0.03483606557377039,0.04529874189399785,-0.03970961252514649,0.020502901353965153,-0.08928571428571419,0.049180327868852514,-0.017094017094017033
63,0.009660421545667486,0.006424163456595022,-0.013473512299683632,0.024932249322493272,-0.0357142857142857,0.032786885245901565,0.0
64,0.014051522248243575,0.05954208759001278,-0.04942630185348629,-0.01385452746165261,-0.0714285714285714,0.0,-0.03418803418803418
65,0.027810304449648604,0.059394253139851805,0.018867924528301883,0.019999999999999907,0.017857142857142905,0.016393442622950727,0.017094017094017033
66,0.004976580796253072,0.01885017095988084,0.0031185031185031464,-0.05681818181818177,0.0535714285714286,-0.06557377049180324,-0.008547008547008628
67,0.026639344262295084,0.052403703298992355,0.06295186034209133,0.07411764705882351,0.05357142857142849,0.06557377049180335,0.05982905982905984
68,-0.007611241217798548,0.026083130482878136,0.0013328255902512742,0.029166666666666674,-0.017857142857142794,0.032786885245901565,0.008547008547008517
69,0.057669789227166146,0.07722079010800587,0.12244897959183676,0.1428571428571428,0.10714285714285715,0.09836065573770492,0.10256410256410253
70,0.0099531615925057,0.0448125445611689,-0.050910686855387244,-0.005148005148005064,-0.0714285714285714,0.016393442622950727,-0.02564102564102566
71,0.014051522248243575,0.029512753881611675,0.014401440144014455,0.037209302325581395,0.0,0.032786885245901676,0.017094017094017144
72,0.052107728337236425,0.020007674562460886,-0.043458159963014276,-0.0290924880590534,-0.0535714285714286,-0.016393442622950727,-0.03418803418803418
73,0.04859484777517564,0.04574809414647929,-0.010938236680810953,0.02448979591836742,-0.0357142857142857,0.032786885245901565,0.0
74,0.081088992974239,0.08294350530178285,0.04659111350962397,0.10623461853978677,0.0,0.11475409836065564,0.05982905982905984
75,0.019028103044496536,0.05610962579635426,-0.005400540054005365,0.014987080103359252,-0.017857142857142794,0.016393442622950838,0.0
76,0.01610070257611229,0.03426486369435244,0.014184397163120588,0.07466340269277838,-0.017857142857142905,0.06557377049180324,0.02564102564102566
77,-0.01756440281030447,0.004906466223215777,-0.03593628593628595,-0.08963178294573637,0.0,-0.08196721311475408,-0.042735042735042694
78,-0.010245901639344246,0.01788101540027287,-0.09136850616535275,-0.06150583244962882,-0.1071428571428571,-0.016393442622950838,-0.05982905982905984
79,-0.009074941451990615,0.015461180818589049,0.06802721088435382,0.08970099667774079,0.0535714285714286,0.06557377049180324,0.05982905982905984
80,0.007318501170960334,0.020005096264666067,0.014054553860379126,0.03300043421623966,0.0,0.032786885245901565,0.017094017094017144
81,0.07991803278688525,0.06713757244392482,0.026674512111405257,0.06729341909945563,0.0,0.06557377049180324,0.03418803418803429
82,0.031030444964871173,0.05270345332955684,0.06561832653853616,0.08212560386473433,0.0535714285714286,0.06557377049180335,0.05982905982905984
83,0.05562060889929743,0.04799284551312866,-0.02083333333333326,0.007558139534883712,-0.0357142857142857,0.016393442622950727,-0.008547008547008517
84,0.00819672131147553,0.014652666477085963,0.007187780772686336,0.01632653061224487,0.0,0.016393442622950727,0.008547008547008517
85,0.016100702576112513,0.05930700592080995,-0.018867924528301883,-0.020000000000000018,-0.017857142857142794,-0.016393442622950838,-0.017094017094017033
86,0.006147540983606592,0.024997468632017128,-0.005490196078431375,0.013833992094861691,-0.017857142857142794,0.016393442622950838,0.0
87,-0.03600702576112402,-0.042005023810925635,-0.02763605442176864,-0.010714285714285676,-0.0357142857142857,0.0,-0.017094017094017033
88,-0.019613583138173296,0.018352554137260224,0.015928484355952843,0.06979062811565295,-0.0357142857142857,0.09836065573770492,0.03418803418803418
89,0.03688524590163933,0.096471958965895,0.032362459546925626,0.07364975450081834,0.0,0.08196721311475408,0.042735042735042805
90,0.05415690866510525,0.044725671716919324,0.03368337626312656,0.08611955420466055,0.0,0.08196721311475408,0.042735042735042805
91,0.008196721311475419,0.051030876924276325,-0.0444444444444444,0.040482342807924176,-0.1071428571428572,0.08196721311475408,-0.008547008547008628
92,0.028395784543325586,0.053710151935933315,-0.022759103641456613,0.05822981366459623,-0.0892857142857143,0.08196721311475408,0.0
93,0.03512880562060894,0.07213991823570498,0.017841971112999122,0.03812636165577343,0.0,0.049180327868852514,0.02564102564102566
94,0.0500585480093676,0.09997663404525481,-0.0043290043290042934,0.03287981859410427,-0.0357142857142857,0.049180327868852514,0.008547008547008628
95,0.06235362997658078,0.08986421086086971,0.012813046010483498,0.004830917874396157,0.017857142857142905,0.0,0.008547008547008517
96,0.009074941451990504,0.006481722693116421,-0.022012578616352196,-0.005384615384615432,-0.0357142857142857,0.0,-0.017094017094017033
97,0.01375878220140525,0.0483678067549036,0.03108715184186872,0.024897959183673546,0.0357142857142857,0.016393442622950838,0.02564102564102555
98,-0.042154566744730726,0.04228732013374914,0.007153376814643342,0.019744483159117254,0.0,0.016393442622950838,0.008547008547008517
99,0.06411007025761128,0.07079306828482956,0.0341603739661992,0.07774140752864156,0.0,0.08196721311475408,0.042735042735042805
100,0.0017564402810305024,0.038605068561324396,0.0024234031504241083,0.026415094339622636,-0.017857142857142794,0.032786885245901676,0.008547008547008517
101,0.03249414519906313,0.026450323492580807,0.033993783993783944,0.0847868217054264,0.0,0.08196721311475408,0.042735042735042694
102,0.011124121779859442,0.04496069190130503,-0.011692597831211793,0.02267573696145131,-0.0357142857142857,0.032786885245901676,0.0
103,-0.016686182669789607,-0.026563895700550844,-0.021984551396316165,-0.0561172901921132,0.0,-0.049180327868852514,-0.02564102564102566
104,0.01873536299765799,0.07295084106769334,-0.050812086017602676,-0.02336253650396325,-0.0714285714285714,0.0,-0.03418803418803418
105,0.040398126463700335,0.07393140425997113,0.0980392156862745,0.10869565217391308,0.0892857142857143,0.08196721311475408,0.0854700854700855
106,0.03864168618266983,0.0676688978961002,-0.0212885154061625,-0.05057675244010651,0.0,-0.0491803278688524,-0.02564102564102566
107,0.04244730679156894,0.058616698586906435,0.01520982224665568,0.05924978687127025,-0.017857142857142905,0.06557377049180324,0.02564102564102555
108,0.008196721311475419,0.007215232008852435,-0.0665792922673657,-0.03889102810935696,-0.08928571428571419,-0.016393442622950838,-0.05128205128205132
109,0.006147540983606592,0.02529701816363783,-0.047272727272727244,0.03198653198653201,-0.1071428571428572,0.06557377049180335,-0.017094017094017144
110,0.027224824355971955,0.05570277847644223,-0.020779220779220786,0.01814058956916098,-0.0535714285714286,0.032786885245901676,-0.008547008547008517
111,-0.002049180327868827,0.029218153255183288,-0.04806365186327832,-0.02383316782522349,-0.0714285714285714,0.0,-0.03418803418803418
112,0.010831381733020895,0.07324371779390992,0.03241758241758241,0.02763605442176864,0.0357142857142857,0.016393442622950838,0.02564102564102555
113,0.033372365339578436,0.03923174401560836,0.05714285714285716,0.061224489795918324,0.0535714285714286,0.049180327868852514,0.05128205128205132
114,0.036592505854800894,0.10060345256675507,0.08694043655197936,0.1313043478260869,0.05357142857142849,0.11475409836065575,0.0854700854700855
115,0.006733021077283463,0.0299133369700888,0.0011883541295305555,0.03134479271991908,-0.017857142857142905,0.032786885245901565,0.008547008547008517
116,0.0213700234192038,0.051550697574406334,0.05171769977595231,0.04831560283687941,0.0535714285714286,0.032786885245901676,0.042735042735042805
117,0.010831381733021228,0.04829506920019033,0.0,0.0,0.0,0.0,0.0
118,-0.018442622950819776,-0.025639640710953704,0.03491582791484815,-0.011240465676435107,0.0714285714285714,-0.032786885245901676,0.017094017094017033
119,-0.028981264637002346,-0.01321424761475365,-0.03028037383177562,0.027629233511586415,-0.07142857142857151,0.049180327868852514,-0.008547008547008628
120,0.04566744730679151,0.04538577367204222,0.006853226727584261,0.016651248843663313,0.0,0.016393442622950838,0.008547008547008517
121,0.005562060889929721,0.020872520514373605,-0.031179985063480187,-0.024379432624113462,-0.0357142857142857,-0.016393442622950838,-0.02564102564102566
122,-0.016978922716627487,0.021927192540854068,0.007470288624787824,-0.015939015939016032,0.017857142857142905,-0.016393442622950838,0.0
123,0.024590163934426257,0.025519374951127993,-0.019556714471968717,0.07258064516129037,-0.1071428571428571,0.1311475409836066,0.017094017094017033
124,0.05240046838407508,0.09133771286566816,0.004806408544726248,-0.011604641856742703,0.017857142857142905,-0.016393442622950838,0.0
125,0.0374707259953162,0.060504967238449114,0.0070948469006721915,0.016843971631205656,0.0,0.016393442622950727,0.008547008547008628
126,0.04771662763466045,0.0661949911967592,0.07460317460317456,0.10007849293563587,0.0535714285714286,0.09836065573770492,0.07692307692307687
127,0.061475409836065587,0.05710053736522969,0.028658271819366088,0.08270676691729328,0.0,0.06557377049180335,0.03418803418803418
128,0.05386416861826693,0.08430990485833934,0.0064102564102564985,0.03685897435897434,-0.017857142857142905,0.0491803278688524,0.017094017094017144
129,0.0143442622950819,0.023462824793331283,-0.012232415902140747,0.04101722723543888,-0.0535714285714286,0.06557377049180324,0.008547008547008628
130,0.04537470725995307,0.08475343216265396,0.07492889069483955,0.022931206380857327,0.125,-0.016393442622950727,0.05128205128205132
131,0.06674473067915698,0.05748928001778697,0.004769475357710662,0.07707509881422925,-0.0535714285714286,0.09836065573770492,0.02564102564102555
132,0.08050351288056201,0.13839721713660658,0.044910441240716414,0.07739699653446286,0.017857142857142905,0.08196721311475408,0.05128205128205132
133,0.057084309133489386,0.05581555732840937,0.05491268672417415,0.05400696864111498,0.0535714285714286,0.032786885245901565,0.042735042735042694
134,0.02868852459016391,0.058605705124234686,0.020390824129141838,0.1073906485671191,-0.0714285714285714,0.16393442622950827,0.05128205128205132
135,0.01112412177985933,0.0512335711432399,-0.05899705014749268,-0.005012531328320802,-0.1071428571428571,0.032786885245901565,-0.03418803418803429
136,0.03366510538641676,0.038301476708499704,0.09956620532947735,0.01903695408734596,0.1428571428571429,-0.016393442622950838,0.05982905982905984
137,0.046545667447306704,0.06950187307451927,0.04915195569401176,0.043740573152337925,0.0535714285714286,0.032786885245901676,0.042735042735042694
138,0.018149882903981118,0.01865860883245929,0.05307747269572316,0.019512195121951237,0.07142857142857151,0.0,0.03418803418803418
139,0.010245901639344135,0.019450566984926754,0.011849261849261938,0.0566860465116279,-0.017857142857142905,0.06557377049180335,0.02564102564102555
140,-0.010831381733021228,0.02666305119632717,-0.004132572939912316,0.010634648370497435,-0.017857142857142905,0.016393442622950838,0.0
141,0.00936768149882905,0.03186680914203921,-0.02539912917271403,-0.011666666666666603,-0.03571428571428581,0.0,-0.017094017094017144
142,-0.01053864168618257,0.0004119653105826293,0.0319817247287264,0.02590194264569834,0.0357142857142857,0.016393442622950727,0.02564102564102566
143,0.03805620608899285,0.06872608494038124,0.061855670103092786,0.07317073170731714,0.05357142857142849,0.0491803278688524,0.05128205128205132
144,-0.022833723653395754,0.012113429194058889,0.027412280701754388,0.044230769230769296,0.017857142857142794,0.032786885245901565,0.02564102564102555
145,0.04069086651053866,0.06479362667732824,0.012889968242107308,0.05555555555555558,-0.017857142857142905,0.06557377049180335,0.02564102564102566
146,0.05649882903981274,0.06844360011150308,0.11111111111111116,0.09340659340659341,0.125,0.06557377049180335,0.09401709401709402
147,-0.011124121779859442,0.03221130648967152,-0.03578643578643581,0.018035121025154255,-0.0714285714285714,0.032786885245901565,-0.017094017094017144
148,0.029566744730679106,0.053588795240515186,0.029357798165137616,0.11663807890222977,-0.0357142857142857,0.11475409836065575,0.042735042735042805
149,0.019028103044496536,0.04509868700985853,-0.003202697008006683,0.05334765485141424,-0.0535714285714286,0.08196721311475408,0.017094017094017144
150,0.021662763466042123,0.035425117831228814,-0.029931972789115635,0.03401360544217691,-0.07142857142857151,0.0491803278688524,-0.008547008547008517
151,0.023419203747072626,0.03392604012286615,0.01558441558441559,0.05517762660619807,-0.017857142857142905,0.06557377049180335,0.02564102564102566
152,0.02751756440281028,0.03365420783773165,0.025187656380316947,0.03319357092941999,0.017857142857142905,0.032786885245901676,0.02564102564102566
153,0.035421545667447374,0.005696486437175796,0.013135351227869796,0.006012950971322928,0.017857142857142794,0.0,0.008547008547008517
154,0.07435597189695553,0.09653091529164481,0.1029411764705882,0.09510869565217395,0.1071428571428571,0.06557377049180324,0.0854700854700855
155,0.02254098360655732,0.045583259735509585,0.006904100362044252,0.03458110516934043,-0.017857142857142905,0.0491803278688524,0.017094017094017144
156,0.016393442622950727,0.01760978432847138,0.03458159963014329,0.05688232739904464,0.017857142857142905,0.049180327868852514,0.03418803418803418
157,-0.014929742388758771,-0.011862966357894078,-0.031135531135531136,-0.024659863945578286,-0.0357142857142857,-0.016393442622950727,-0.02564102564102566
158,0.059718969555035195,0.06525448677712065,-0.05808477237048659,0.014285714285714346,-0.0892857142857143,0.032786885245901676,-0.02564102564102566
159,0.015222482435597207,-0.008050447870637578,0.0014432989690721376,-0.02716186252771613,0.017857142857142905,-0.032786885245901676,-0.008547008547008517
160,0.04186182669789207,0.0634281922330876,0.020488856937455058,0.04656862745098034,0.0,0.049180327868852514,0.02564102564102555
161,0.022248243559718772,0.06280816140103418,-0.04269913401354719,-0.029966703662597016,-0.05357142857142849,-0.016393442622950838,-0.03418803418803429
162,0.07640515222482436,0.09224559085637485,0.022402854877081713,0.08587398373983735,-0.017857142857142905,0.09836065573770492,0.042735042735042694
163,0.04391100702576123,0.07397229396115501,0.019013666072489666,0.04853387259858444,0.0,0.049180327868852514,0.02564102564102555
164,0.024590163934426146,0.046116665650103084,0.017958585303280206,0.06564364876385331,-0.017857142857142794,0.06557377049180324,0.02564102564102566
165,0.032201405152224805,0.06162233053077504,0.01139601139601143,-0.019230769230769273,0.0357142857142857,-0.032786885245901676,0.0
166,0.051522248243559776,0.03357813456917491,0.0068728522336769515,-0.013045944412932498,0.017857142857142905,-0.016393442622950727,0.0
167,0.0544496487119438,0.0875684934198463,0.03970961252514649,-0.020502901353965153,0.08928571428571419,-0.049180327868852514,0.017094017094017033
168,0.010538641686182681,0.007616699604835131,0.06529602132114976,0.08094357076780756,0.0535714285714286,0.06557377049180324,0.05982905982905984
169,0.014051522248243464,0.04710440921396697,0.0001609010458567539,0.0185185185185186,-0.017857142857142905,0.032786885245901676,0.008547008547008517
170,-0.00936768149882905,0.02470183682990268,0.032226752086973454,0.02608695652173909,0.0357142857142857,0.016393442622950838,0.02564102564102566
171,-0.015515222482435642,0.03218783021341998,-0.0010103051121438389,0.026984126984127,-0.017857142857142794,0.032786885245901676,0.008547008547008517
172,0.02751756440281028,0.051515227765035365,0.03669724770642202,0.037735849056603876,0.0357142857142857,0.032786885245901676,0.03418803418803418
173,0.012295081967213184,0.04293912605848893,0.0019041024753331248,0.0252830188679245,-0.017857142857142905,0.032786885245901676,0.008547008547008517
174,0.03747072599531598,0.046958082364390585,0.07081667618503706,0.0684551341350601,0.0714285714285714,0.0491803278688524,0.05982905982905984
175,0.0032201405152225693,0.013380671911615627,0.006057459328487336,0.013197586726998445,0.0,0.016393442622950838,0.008547008547008517
176,0.007025761124121677,0.05655194096015037,-0.007227891156462496,0.01309523809523816,-0.017857142857142794,0.016393442622950727,0.0
177,-0.016393442622950838,-0.006862020879773834,-0.013532763532763559,0.014423076923076872,-0.0357142857142857,0.032786885245901565,0.0
178,-0.008196721311475419,0.018196824897445785,-0.026947024599367153,-0.07154471544715457,0.0,-0.06557377049180324,-0.03418803418803429
179,0.0032201405152225693,0.014550094882410436,0.02564102564102566,0.05769230769230771,0.0,0.06557377049180324,0.03418803418803418
180,0.0357142857142857,0.04200108981406081,-0.05230769230769228,-0.022727272727272707,-0.07142857142857151,0.0,-0.03418803418803418
181,0.03805620608899307,0.0246915262435089,0.061426550818347136,0.10158730158730156,0.03571428571428581,0.08196721311475408,0.05982905982905984
182,-0.010831381733021117,0.0005833271165587295,0.006274509803921524,-0.011857707509881354,0.017857142857142905,-0.016393442622950838,0.0
183,0.014637002341920335,0.004372975675151158,-0.025042881646655135,0.008148148148148127,-0.05357142857142849,0.016393442622950838,-0.017094017094017033
184,0.011124121779859553,0.06371291341456886,0.008120035304501338,0.06225374310480691,-0.0357142857142857,0.08196721311475408,0.02564102564102566
185,0.01697892271662782,0.053994228472690975,0.013314840499306535,0.03126356925749019,0.0,0.032786885245901676,0.017094017094017144
186,0.015807962529273967,0.008481494295733305,0.046068913002094036,0.0601295097132285,0.0357142857142857,0.0491803278688524,0.042735042735042694
187,-0.013466042154566704,0.02490642589238623,-0.058252427184465994,-0.06382978723404253,-0.0535714285714286,-0.049180327868852514,-0.05128205128205132
188,0.05884074941451989,0.05683170431048845,0.04536967886482446,0.058067375886524886,0.0357142857142857,0.049180327868852514,0.042735042735042694
189,0.0029274004683840227,0.03060909671404677,0.012912631469332414,0.03516732841747028,0.0,0.032786885245901676,0.017094017094017033
190,-0.007318501170960001,-0.0023033472852627135,-0.003701304709910258,-0.05751633986928106,0.0357142857142857,-0.06557377049180324,-0.017094017094017144
191,0.08460187353629967,0.07726657589805486,0.14670329670329674,0.1500850340136054,0.1428571428571428,0.11475409836065575,0.1282051282051282
192,0.03366510538641676,0.05747523779937369,0.10860467490047976,0.16693766937669374,0.07142857142857151,0.1311475409836066,0.10256410256410253
193,-0.01873536299765799,0.01587863839848147,-0.021443298969072155,0.0044345898004434225,-0.0357142857142857,0.016393442622950838,-0.008547008547008517
194,0.010538641686182681,0.02602547036216185,0.017253774263120136,0.039215686274509776,0.0,0.049180327868852514,0.02564102564102566
195,-0.022248243559719105,-0.0037691311604097777,-0.019091256204658236,0.08442776735459656,-0.0892857142857143,0.09836065573770492,0.008547008547008628
196,0.061475409836065475,0.08309939114821341,0.11026484334429643,0.09245283018867934,0.125,0.06557377049180335,0.09401709401709402
197,-0.0029274004683840227,-0.012841515154621064,-0.0076030412164865835,-0.04865424430641818,0.017857142857142905,-0.0491803278688524,-0.017094017094017144
198,0.03512880562060905,0.05726672932663379,0.0977999465574062,0.15295062224006428,0.0535714285714286,0.14754098360655732,0.10256410256410264
199,0.03190866510538648,0.07284444932482037,0.026930693069306955,0.04040404040404044,0.017857142857142905,0.032786885245901565,0.02564102564102555
200,0.031030444964871173,0.0500887859575303,-0.017326732673267342,0.009722222222222188,-0.0357142857142857,0.016393442622950838,-0.008547008547008517
201,0.0008782201405150847,0.06720975053429845,-0.0584772370486657,-0.008928571428571508,-0.0892857142857143,0.016393442622950838,-0.03418803418803418
202,0.0491803278688524,0.06711274469289552,0.07766990291262132,0.08510638297872342,0.0714285714285714,0.06557377049180324,0.06837606837606836
203,0.07786885245901609,0.07000351506471525,0.06766381766381757,0.040064102564102644,0.0892857142857143,0.016393442622950838,0.05128205128205121
204,-0.0002927400468384356,0.014171187315952682,-0.02375960866526905,-0.009230769230769265,-0.0357142857142857,0.0,-0.017094017094017033
205,0.029566744730679217,0.08031766122033801,-0.038363171355498715,0.06038647342995174,-0.0892857142857143,0.08196721311475408,0.0
206,0.05386416861826704,0.09733293609182925,-0.0026220911176664252,0.03238866396761142,-0.0357142857142857,0.049180327868852514,0.008547008547008517
207,-0.0038056206088993294,0.00836145593232751,-0.053333333333333344,-0.10389610389610393,-0.017857142857142905,-0.09836065573770492,-0.05982905982905984
208,0.03951990632318503,0.05187042641010764,0.006828391734052142,0.015510204081632617,0.0,0.016393442622950838,0.008547008547008517
209,0.026639344262295084,0.029352338831605485,0.06769230769230772,0.11363636363636365,0.0357142857142857,0.09836065573770492,0.06837606837606836
210,-0.0043911007025762006,0.023208990910245975,0.028919089759797734,0.02224310776942362,0.03571428571428581,0.016393442622950838,0.02564102564102566
211,-0.028688524590164022,-0.02556843053886171,-0.040970873786407735,-0.0749516441005803,-0.017857142857142794,-0.06557377049180324,-0.042735042735042694
212,0.026053864168618324,0.05820494126463105,0.00952380952380949,0.07823129251700689,-0.0357142857142857,0.08196721311475408,0.02564102564102555
213,0.06996487119437955,0.089064293361511,0.061855670103092786,0.07317073170731703,0.0535714285714286,0.049180327868852514,0.05128205128205132
214,0.0011709601873536313,-0.020153363019363657,0.006802721088435382,0.04658385093167705,-0.017857142857142794,0.0491803278688524,0.017094017094017033
215,0.013466042154566704,0.028628445306979722,0.03960396039603964,0.0444444444444444,0.0357142857142857,0.032786885245901676,0.03418803418803418
216,0.050351288056206145,0.063689381334321,0.01573426573426573,0.06637596899224807,-0.017857142857142794,0.06557377049180324,0.02564102564102566
217,0.006733021077283352,-0.00530024552013697,0.019230769230769162,0.02083333333333337,0.017857142857142905,0.016393442622950838,0.017094017094017033
218,0.02956674473067933,0.04654157278432847,-0.008067473414008042,0.052991452991452914,-0.0535714285714286,0.06557377049180324,0.008547008547008628
219,0.00029274004683832455,0.00902076833678045,0.013976240391334827,0.03076923076923077,0.0,0.032786885245901676,0.017094017094017144
220,0.0260538641686181,0.04445257170582384,-0.019230769230769273,-0.02083333333333337,-0.017857142857142794,-0.016393442622950838,-0.017094017094017144
221,0.0005854800936766491,0.017191351164813407,-0.06372549019607843,-0.017391304347826098,-0.0892857142857143,0.016393442622950838,-0.03418803418803418
222,0.045960187353629944,0.04142805007649597,-0.006344323752763614,0.010874704491725784,-0.017857142857142905,0.016393442622950838,0.0
223,-0.027810304449648493,-0.019692528572081813,-0.09349800959477395,-0.06612466124661243,-0.1071428571428571,-0.032786885245901565,-0.06837606837606847
224,0.04683840749414536,0.08335752809174735,0.050086199074494075,0.02169378389653731,0.07142857142857151,0.0,0.03418803418803429
225,0.01756440281030447,0.06491861625774131,-0.0695498676081201,-0.022852639873916503,-0.1071428571428572,0.016393442622950727,-0.042735042735042805
226,0.03629976580796257,0.08482419142736952,0.01869158878504673,0.019607843137254943,0.017857142857142905,0.016393442622950838,0.017094017094017144
227,-0.0544496487119438,-0.009469981053909837,-0.12112882536192049,-0.09079283887468026,-0.1428571428571428,-0.049180327868852514,-0.09401709401709402
228,0.01756440281030469,0.05919087184990057,0.02164948453608251,0.05820399113082042,0.0,0.049180327868852514,0.02564102564102566
229,0.04303278688524581,0.07277078699388562,-0.01483836777954417,0.055335968379446654,-0.0714285714285714,0.08196721311475419,0.008547008547008517
230,0.034836065573770614,0.0695489470334717,0.06600660066006603,0.10793650793650789,0.0357142857142857,0.09836065573770492,0.06837606837606847
231,0.005562060889929721,0.03188981327369733,-0.012343502027861053,-0.005490196078431375,-0.017857142857142794,0.0,-0.008547008547008517
232,-0.020199063231850056,0.030074994776029818,0.007355021216407298,0.04308390022675734,-0.017857142857142905,0.049180327868852514,0.017094017094017144
233,0.0014637002341920669,-0.022277312578214303,-0.026921406860616504,-0.07769423558897237,0.0,-0.06557377049180324,-0.03418803418803418
234,0.019028103044496536,0.02966852452744906,-0.01483836777954417,0.055335968379446654,-0.0714285714285714,0.08196721311475419,0.008547008547008517
235,-0.007903981264636872,0.0675427282730009,0.05177993527508096,0.04810360777058287,0.0535714285714286,0.032786885245901676,0.042735042735042694
236,0.0535714285714286,0.037480405253396354,0.052962595167163284,0.1103448275862069,0.0,0.1311475409836066,0.06837606837606836
237,0.004098360655737654,0.020593180522389898,0.058252427184465994,0.06382978723404253,0.0535714285714286,0.0491803278688524,0.05128205128205132
238,-0.008196721311475419,0.025053989005630162,0.007875457875457847,0.01828231292517013,0.0,0.016393442622950838,0.008547008547008517
239,0.04127634660421553,0.03131478280642108,0.03269268872597575,0.0835866261398176,0.0,0.08196721311475408,0.042735042735042694
240,-0.02956674473067933,-0.018001216258753394,-0.02148227712137485,0.007326007326007411,-0.0357142857142857,0.016393442622950727,-0.008547008547008628
241,0.026639344262295084,0.05876111175338761,-0.034114732227939704,0.020930232558139528,-0.0714285714285714,0.049180327868852514,-0.008547008547008517
242,0.029859484777517542,0.020077212411099055,0.007257036383249926,0.04601682335477486,-0.017857142857142905,0.0491803278688524,0.017094017094017144
243,0.01932084309133486,0.026992156356777763,0.004172156346069378,0.0846253229974161,-0.0357142857142857,0.08196721311475408,0.02564102564102566
244,0.02078454332552704,0.02963539112036062,0.07499999999999996,0.045454545454545414,0.0892857142857143,0.016393442622950727,0.05128205128205132
245,0.00936768149882905,-1.5412872064191063e-06,-0.03720345075485254,-0.015931372549019662,-0.0535714285714286,0.0,-0.02564102564102566
246,0.028395784543325475,0.08586446362314037,0.03809523809523807,0.04081632653061229,0.0357142857142857,0.032786885245901676,0.03418803418803418
247,0.008782201405152179,-0.03350739737994779,0.0011894647408665637,0.022875816993464082,-0.017857142857142794,0.032786885245901676,0.008547008547008628
248,0.03629976580796257,0.05517245316876218,-0.0066006600660066805,-0.01642512077294689,0.0,-0.016393442622950838,-0.008547008547008517
249,0.06264637002341922,0.10548825433279174,0.07207207207207211,0.07272727272727275,0.0714285714285714,0.06557377049180324,0.06837606837606836
250,0.0187353629976581,0.0034771789023348987,0.027602760276027594,0.013436692506459957,0.0357142857142857,0.0,0.017094017094017144
251,-0.0213700234192038,0.00757448596098409,-0.0065306122448980375,0.012987012987012991,-0.017857142857142794,0.016393442622950727,0.0
252,-0.025761124121779777,-0.001845600058233865,-0.057501904036557416,-0.036111111111111094,-0.07142857142857151,-0.016393442622950838,-0.042735042735042694
253,0.050936768149882905,0.0736892997347528,0.05568785491848327,0.03404255319148941,0.0714285714285714,0.016393442622950838,0.042735042735042694
254,-0.020491803278688603,0.041803521537535415,-0.016483516483516425,-0.07738095238095233,0.0357142857142857,-0.09836065573770492,-0.03418803418803418
255,-0.04449648711943788,-0.019960494097724824,-0.01302224633749316,-0.03752345215759856,0.0,-0.032786885245901565,-0.017094017094017033
256,0.05269320843091341,0.04465351569625131,0.03894736842105262,0.10780885780885774,0.0,0.08196721311475408,0.042735042735042694
257,-0.015807962529273967,0.019213153898829716,-0.025745018515253126,-0.03529411764705892,-0.017857142857142905,-0.032786885245901676,-0.02564102564102566
258,0.05620608899297419,0.0980319995168426,0.07342657342657344,0.12887596899224807,0.03571428571428581,0.11475409836065575,0.07692307692307698
259,-0.037763466042154636,-0.025132971440403495,-0.005490196078431375,0.013833992094861691,-0.017857142857142794,0.016393442622950838,0.0
260,0.028981264637002235,0.044263787098023144,0.03809523809523818,0.04081632653061218,0.0357142857142857,0.032786885245901676,0.03418803418803429
261,-1.1102230246251565e-16,0.0242830641526115,-0.056140350877192935,-0.05641025641025643,-0.05357142857142849,-0.032786885245901565,-0.042735042735042694
262,0.03922716627634659,0.05606202343361377,0.02358490566037741,0.06999999999999995,-0.017857142857142905,0.08196721311475408,0.03418803418803418
263,0.008489461358313855,0.04523273300686925,0.006942590120160186,-0.006802721088435382,0.017857142857142794,-0.016393442622950838,0.0
264,0.025468384074941564,0.037167752840198576,0.06868686868686869,0.0854700854700855,0.0535714285714286,0.08196721311475419,0.06837606837606836
265,0.028981264637002235,0.021508842683976126,-0.016852903462172608,0.008510638297872242,-0.0357142857142857,0.016393442622950727,-0.008547008547008517
266,-0.014344262295082011,-0.012393096784616642,-0.047539616346955804,-0.04088050314465408,-0.0535714285714286,-0.032786885245901565,-0.042735042735042805
267,0.03425058548009374,0.1021789310405764,0.030844155844155896,0.0443121693121693,0.017857142857142905,0.0491803278688524,0.03418803418803418
268,0.03951990632318503,0.04597717369926302,-0.029931972789115635,0.03401360544217691,-0.07142857142857151,0.0491803278688524,-0.008547008547008517
269,0.021662763466042234,0.04801869684466897,0.032300224047796866,0.02703900709219853,0.0357142857142857,0.016393442622950838,0.02564102564102566
270,0.027224824355972066,0.05308234348570584,0.007571345369831173,0.018840579710144967,0.0,0.016393442622950838,0.008547008547008628
271,0.035421545667447374,0.06955732830946282,0.008411214953271018,0.06996434937611407,-0.0357142857142857,0.08196721311475408,0.02564102564102566
272,0.016100702576112513,0.039309856012658684,0.0050000000000000044,0.045454545454545414,-0.017857142857142905,0.049180327868852514,0.017094017094017033
273,0.018149882903981118,0.004045012449872543,0.04398652664949476,-0.0010131712259372483,0.07142857142857151,-0.016393442622950838,0.02564102564102566
274,0.03512880562060883,0.058155434262537664,0.052564479748945736,0.021771400296882737,0.07142857142857151,0.0,0.03418803418803429
275,0.0348360655737705,0.07204201871219795,0.03566433566433569,0.07870370370370372,0.0,0.09836065573770492,0.05128205128205121
276,0.03747072599531609,0.059683040706862034,0.05213032581453636,-0.03976975405546834,0.1071428571428571,-0.06557377049180324,0.017094017094017144
277,0.029274004683840782,0.06210179862792542,0.06693877551020411,0.05627705627705637,0.07142857142857151,0.032786885245901565,0.05128205128205121
278,0.038934426229508046,0.041811217960866176,0.01423267326732669,0.06944444444444442,-0.017857142857142794,0.06557377049180324,0.02564102564102566
279,0.016100702576112513,0.0204601946278401,0.0028756290438534116,0.02941176470588236,-0.017857142857142794,0.032786885245901565,0.008547008547008517
280,0.027810304449648715,0.07401885791355478,0.023809523809523725,0.029870129870129825,0.017857142857142794,0.032786885245901676,0.02564102564102566
281,0.004098360655737654,0.0799098373192546,0.06447963800904977,0.05344202898550732,0.0714285714285714,0.032786885245901676,0.05128205128205132
282,0.0023419203747072626,0.04761777397376066,-0.04149797570850211,0.040064102564102644,-0.0892857142857143,0.06557377049180324,-0.008547008547008628
283,-0.0011709601873537423,-0.006476329776282763,-0.03490864550372563,-0.001626016260162566,-0.0535714285714286,0.016393442622950838,-0.017094017094017033
284,0.04449648711943799,0.08213546558961393,0.09203296703296704,0.03273809523809523,0.1428571428571429,0.0,0.06837606837606836
285,0.0099531615925057,0.022594917485389665,0.055849056603773484,0.0072727272727273196,0.0892857142857143,-0.016393442622950838,0.03418803418803418
286,-0.004976580796252961,0.03716741930508849,0.040258806613946874,0.06862745098039225,0.017857142857142905,0.06557377049180324,0.042735042735042694
287,0.015222482435597318,0.04597083748565689,-0.02515723270440251,-0.0591304347826086,0.0,-0.06557377049180324,-0.03418803418803418
288,0.02371194379391095,0.07628815075240447,0.012443438914027216,0.029891304347826053,0.0,0.032786885245901676,0.017094017094017033
289,0.04010538641686201,0.06580814899337661,-0.013073151975391717,-0.032151300236406555,0.0,-0.032786885245901676,-0.017094017094017144
290,0.03190866510538648,0.03427426735692429,-0.020823798627002343,0.014957264957265015,-0.0357142857142857,0.016393442622950838,-0.008547008547008517
291,0.0392271662763467,0.0840631849688438,0.013325718636969408,0.00647548566142464,0.017857142857142905,0.0,0.008547008547008517
292,0.05884074941451989,0.0836544842206034,-0.00545454545454549,0.08164983164983164,-0.0714285714285714,0.09836065573770492,0.017094017094017144
293,-0.02195550351288056,0.025258581875135078,-0.03681993039018128,-0.014042553191489393,-0.05357142857142849,0.0,-0.02564102564102555
294,0.004098360655737654,0.025938265254734527,0.059839656169931366,0.04734133790737571,0.0714285714285714,0.032786885245901565,0.05128205128205132
295,0.08255269320843106,0.047755123381234665,0.04166666666666674,0.050000000000000044,0.0357142857142857,0.032786885245901565,0.03418803418803418
296,0.0401053864168619,0.05674729597492523,0.10895492217505565,0.07794273594909862,0.125,0.032786885245901676,0.07692307692307687
297,-0.0023419203747072626,0.028051446119881196,-0.047531673219746606,-0.018482864844050928,-0.0714285714285714,0.0,-0.03418803418803418
298,-0.011124121779859442,0.03911999617652162,0.0,0.02197802197802201,-0.017857142857142905,0.032786885245901565,0.008547008547008517
299,-0.021662763466042234,0.019597864270536336,-0.03809523809523818,-0.015971606033717833,-0.0535714285714286,0.0,-0.02564102564102566
300,0.028981264637002457,0.06473872949257564,0.04761904761904767,0.06589147286821706,0.0357142857142857,0.0491803278688524,0.042735042735042694
301,0.012880562060890166,0.0551580190695482,0.01624727560927286,0.06990881458966558,-0.017857142857142794,0.06557377049180324,0.02564102564102566
302,0.045374707259953184,0.0532473098929912,0.028289972215205794,0.059893048128342175,0.0,0.06557377049180324,0.03418803418803418
303,-0.0008782201405153067,0.019846650207066996,-0.04037735849056601,0.00454545454545463,-0.0714285714285714,0.032786885245901676,-0.017094017094017033
304,0.041569086651053966,0.03167339884104714,-0.021886399166232473,0.03589743589743599,-0.0535714285714286,0.0491803278688524,0.0
305,-0.037177985948477765,0.01194811095995818,-0.019548872180451093,0.012820512820512775,-0.0357142857142857,0.016393442622950838,-0.008547008547008517
306,0.024590163934425924,0.02910983699334113,0.05999999999999994,0.06818181818181812,0.05357142857142849,0.0491803278688524,0.05128205128205132
307,0.05064402810304447,0.09776479854115794,0.03528911564625847,0.06547619047619047,0.017857142857142905,0.049180327868852514,0.03418803418803418
308,0.00936768149882905,-0.001635270306624581,-0.06629400804158081,-0.11182582879762493,-0.0357142857142857,-0.09836065573770492,-0.06837606837606836
309,0.045960187353630166,0.06733367435845539,0.07033881513770557,0.03799392097264431,0.08928571428571425,0.0,0.042735042735042694
310,0.033957845433255196,0.039617649327396864,-0.012578616352201255,0.08000000000000007,-0.07142857142857151,0.09836065573770492,0.017094017094017033
311,0.03571428571428559,0.043323687035307534,-0.02857142857142858,0.061038961038961115,-0.0714285714285714,0.08196721311475408,0.008547008547008517
312,-0.024590163934426257,0.00697104001864457,-0.039215686274509776,-0.018633540372670843,-0.0535714285714286,0.0,-0.02564102564102555
313,0.013466042154566704,0.02881215758261757,-0.03485838779956418,0.013377926421404673,-0.0714285714285714,0.032786885245901676,-0.017094017094017033
314,0.0313231850117095,0.053985461448696426,0.058252427184465994,0.06382978723404253,0.05357142857142849,0.0491803278688524,0.05128205128205121
315,0.0032201405152225693,0.0353983974870008,0.018521724078241375,-0.0018867924528301883,0.0357142857142857,-0.016393442622950727,0.008547008547008517
316,0.012002341920374748,0.0034191447854942103,0.01980198019801982,0.022222222222222143,0.017857142857142794,0.016393442622950838,0.017094017094017144
317,0.03571428571428581,0.0473341970196125,0.05767195767195765,0.0843799058084772,0.0357142857142857,0.08196721311475419,0.05982905982905984
318,0.0114168618266981,0.01991237028737569,0.02976136466745305,0.06841885690446392,0.0,0.06557377049180324,0.03418803418803418
319,0.018149882903981118,0.030873314654451978,0.048373644703919916,0.04262753319357093,0.0535714285714286,0.032786885245901565,0.042735042735042805
320,0.06674473067915698,0.10496757807918189,0.06218144750254839,0.07184325108853418,0.0535714285714286,0.06557377049180335,0.05982905982905973
321,0.08870023419203754,0.05255707409811883,0.050880978065444116,0.0928805237315875,0.017857142857142905,0.09836065573770492,0.05982905982905984
322,0.04683840749414525,0.053361171973336896,0.07843137254901966,0.11180124223602483,0.0535714285714286,0.09836065573770492,0.07692307692307698
323,0.02868852459016391,0.04772892818833674,0.05152394775036284,0.07166666666666666,0.0357142857142857,0.06557377049180335,0.05128205128205121
324,0.02927400468384056,0.024539534395244367,0.026353276353276334,0.059294871794871806,0.0,0.06557377049180335,0.03418803418803418
325,0.004683840749414636,0.02710201296921233,0.017972681524083378,-0.004901960784313708,0.0357142857142857,-0.016393442622950838,0.008547008547008628
326,0.021955503512880448,0.04909974653089744,0.01661495345811237,0.07213284898806438,-0.017857142857142905,0.08196721311475408,0.03418803418803418
327,0.045374707259953184,0.0695028157599128,0.07838745800671887,0.08502024291497978,0.0714285714285714,0.0491803278688524,0.05982905982905973
328,-0.01112412177985933,-0.026046635090454462,-0.025490196078431393,-0.008893280632411127,-0.0357142857142857,0.0,-0.017094017094017033
329,-0.011124121779859442,0.031909686334448906,-0.037735849056603765,-0.040000000000000036,-0.0357142857142857,-0.032786885245901676,-0.03418803418803418
330,0.021662763466042123,0.04690896620865881,0.01941747572815533,0.021276595744680882,0.017857142857142794,0.016393442622950838,0.017094017094017033
331,0.0011709601873536313,0.06012399070448371,0.027074872435697173,0.010209869540555805,0.0357142857142857,0.0,0.017094017094017144
332,0.0029274004683841337,0.013478116283322628,-0.09062527874409065,-0.024242424242424288,-0.1428571428571429,0.032786885245901565,-0.05128205128205121
333,-0.016686182669789162,-0.00949291081480963,-0.0645103324348607,-0.07795918367346943,-0.0535714285714286,-0.06557377049180335,-0.05982905982905984
334,-0.031030444964871173,0.02004049312719114,0.05306122448979589,0.0800865800865801,0.0357142857142857,0.06557377049180335,0.05128205128205132
335,-0.019028103044496536,-0.0019960417700120026,0.0005602240896358524,-0.023513753327417897,0.017857142857142794,-0.032786885245901676,-0.008547008547008517
336,0.009367681498829161,0.018799757314132304,0.03883495145631066,0.04255319148936165,0.03571428571428581,0.032786885245901676,0.03418803418803429
337,0.022248243559718994,0.024685966326977837,0.006666666666666599,-0.010869565217391353,0.017857142857142794,-0.016393442622950838,0.0
338,0.008489461358313855,0.030943857517563234,-0.03682487725040917,0.054824561403508776,-0.08928571428571419,0.08196721311475408,0.0
339,0.028688524590164022,0.019146802832517573,0.04000808244089715,0.015873015873015928,0.0535714285714286,0.0,0.02564102564102566
340,0.004683840749414525,0.02776897538264078,-0.049789099330080244,-0.007223942208462342,-0.0892857142857143,0.016393442622950838,-0.03418803418803418
341,-0.0043911007025759785,-0.028957660294593457,-0.035833333333333384,-0.002272727272727315,-0.05357142857142849,0.016393442622950838,-0.017094017094017033
342,0.01375878220140514,0.05360383898420518,-0.0058005800580057665,0.013953488372092981,-0.017857142857142905,0.016393442622950838,0.0
343,0.03249414519906313,0.05697552433271624,0.025876010781671233,0.03591836734693876,0.017857142857142794,0.032786885245901676,0.02564102564102566
344,0.02254098360655743,0.018862038620200416,-0.06992230854605985,-0.042608695652173956,-0.0892857142857143,-0.016393442622950838,-0.05128205128205132
345,0.04069086651053866,0.047127155328743564,-0.01883830455259028,0.0357142857142857,-0.0535714285714286,0.0491803278688524,0.0
346,0.026346604215456648,0.07790677805640323,0.05049415992812212,0.046122448979591835,0.0535714285714286,0.032786885245901676,0.042735042735042694
347,0.07699063231850112,0.09529254927565056,0.12538461538461543,0.17613636363636365,0.0892857142857143,0.14754098360655743,0.11965811965811957
348,0.026639344262295195,0.0308648910290642,-0.01645021645021638,-0.057067271352985616,0.017857142857142794,-0.06557377049180324,-0.02564102564102566
349,-0.016686182669789162,0.024710429228941067,0.04038834951456305,0.07350096711798848,0.017857142857142905,0.06557377049180324,0.042735042735042694
350,0.032201405152224805,0.07442855132541137,0.007326007326007411,0.017006802721088454,0.0,0.016393442622950838,0.008547008547008517
351,0.0005854800936768711,0.04340746545847041,0.036344086021505406,-0.03378378378378377,0.0714285714285714,-0.0491803278688524,0.008547008547008628
352,0.06059718969555039,0.06478337920437038,0.021390374331550777,0.05460060667340749,0.0,0.0491803278688524,0.02564102564102566
353,0.06674473067915687,0.08767844070527642,-0.006033182503770718,0.010869565217391353,-0.017857142857142905,0.016393442622950838,0.0
354,-0.02751756440281028,0.05604061755650458,-0.02589715131335557,-0.0608695652173914,0.0,-0.06557377049180335,-0.03418803418803418
355,0.002634660421545698,0.027686051055877403,0.04929867986798686,0.008333333333333304,0.0714285714285714,-0.016393442622950838,0.02564102564102555
356,0.015515222482435753,0.06112652911261651,0.035733919736118724,0.0831202046035806,0.0,0.08196721311475408,0.042735042735042694
357,0.014637002341920446,0.03636720459241061,0.04462285287528012,0.05629432624113473,0.0357142857142857,0.0491803278688524,0.042735042735042694
358,0.006733021077283352,0.04237369768527177,0.013530927835051498,0.004268292682926833,0.017857142857142794,0.0,0.008547008547008517
359,0.03981264637002346,0.06536895598530312,-0.00758243695997185,-0.0168627450980392,0.0,-0.016393442622950838,-0.008547008547008628
360,0.049180327868852514,0.03137451651998213,-0.013398395500785698,0.029927760577915352,-0.0535714285714286,0.049180327868852514,0.0
361,0.017857142857142905,0.045870467302243756,0.04086494410848451,-0.0004262574595055302,0.0714285714285714,-0.016393442622950727,0.02564102564102566
362,0.05796252927400469,0.050608671839816655,0.04514851485148519,0.05858585858585863,0.0357142857142857,0.049180327868852514,0.042735042735042694
363,0.005854800936768378,0.002197104323607202,0.008888888888888835,0.06993006993007,-0.0357142857142857,0.09836065573770492,0.03418803418803418
364,0.025468384074941453,0.02963642913519382,0.006116207951070263,0.05988515176374076,-0.03571428571428581,0.08196721311475408,0.02564102564102566
365,0.07055035128805609,0.07110111795442409,0.09859301719645652,0.04615384615384621,0.125,0.016393442622950838,0.06837606837606836
366,0.036592505854800894,0.04322108371201583,0.007625272331154731,0.06438127090301005,-0.03571428571428581,0.06557377049180335,0.017094017094017144
367,0.014929742388758771,0.016027311080140327,0.019431849727028716,-0.027450980392156765,0.0535714285714286,-0.049180327868852514,0.0
368,0.0038056206088993294,0.03128096499446875,-0.03597883597883589,-0.014128728414442793,-0.0535714285714286,0.0,-0.02564102564102555
369,-0.004098360655737543,0.02460199970664123,-0.002565512186182839,0.04177323103154307,-0.0357142857142857,0.0491803278688524,0.008547008547008517
370,0.07933255269320838,0.07507631745185106,0.06747891283973761,0.05672149744753263,0.07142857142857151,0.032786885245901676,0.05128205128205132
371,-0.009074941451990504,0.015238593360082375,-0.03471698113207555,0.018181818181818188,-0.0714285714285714,0.032786885245901565,-0.017094017094017144
372,0.02312646370023419,0.05148057464274314,0.006091757091186034,0.014801110083256241,0.0,0.016393442622950838,0.008547008547008628
373,0.06469555035128804,0.08301560067570979,-0.005572971090212486,0.1500375093773444,-0.07142857142857145,0.1311475409836066,0.03418803418803418
374,0.0491803278688524,0.07412650457648995,-0.031538461538461515,0.0018939393939393367,-0.0535714285714286,0.016393442622950838,-0.017094017094017144
375,0.011416861826697766,0.05206395543013487,-0.0060606060606061,0.00712250712250706,-0.017857142857142794,0.016393442622950838,0.0
376,0.021662763466042234,0.08312533218063334,0.08163265306122447,0.09523809523809523,0.0714285714285714,0.06557377049180335,0.06837606837606836
377,0.069672131147541,0.07781802067195964,0.05171208944793859,0.0707692307692307,0.0357142857142857,0.06557377049180324,0.05128205128205132
378,0.021077283372365252,0.041455711449312704,-0.048559591482801756,0.04017216642754673,-0.1071428571428571,0.06557377049180324,-0.017094017094017033
379,0.009660421545667153,0.025008967164254603,0.007834757834757844,0.040064102564102644,-0.017857142857142905,0.049180327868852514,0.017094017094017144
380,0.02985948477751743,0.044988488402331495,0.03489515072083871,0.015161725067385445,0.05357142857142849,0.0,0.02564102564102566
381,0.024004683840749386,0.012818666164920667,0.03960396039603953,0.04444444444444451,0.03571428571428581,0.032786885245901565,0.03418803418803418
382,-0.006733021077283352,0.00974248852047066,0.013325718636969408,0.00647548566142464,0.017857142857142905,0.0,0.008547008547008517
383,-0.007318501170960112,0.032032789033859754,0.06534727408513819,0.0806737588652483,0.05357142857142849,0.06557377049180324,0.05982905982905984
384,-0.00497658079625285,-0.0005899231952534167,-0.043567753001715226,-0.07333333333333336,-0.017857142857142794,-0.08196721311475408,-0.05128205128205121
385,0.002634660421545587,0.004542012409922913,0.002376708259061222,0.034378159757330606,-0.017857142857142905,0.032786885245901676,0.008547008547008517
386,0.01258782201405162,0.04086027092882305,-0.05892857142857144,0.01989795918367354,-0.1071428571428571,0.0491803278688524,-0.02564102564102566
387,0.032786885245901565,0.0328489037583104,0.03294117647058825,0.055335968379446654,0.017857142857142794,0.049180327868852514,0.03418803418803418
388,0.016393442622950838,0.018903053417205884,-0.08012820512820507,-0.004166666666666652,-0.125,0.016393442622950838,-0.05128205128205132
389,-0.011416861826697988,-0.015568106981156848,-0.011949215832711024,-0.0035460992907802025,-0.017857142857142905,0.0,-0.008547008547008517
390,0.03395784543325531,0.0658276522943767,0.06789746719560574,0.04824561403508776,0.0892857142857143,0.032786885245901565,0.05982905982905984
391,0.014051522248243464,0.08328513857083186,0.10538461538461541,0.15340909090909094,0.0714285714285714,0.1311475409836066,0.10256410256410253
392,0.016978922716627487,0.0009691939789765458,-0.03287128712871279,-0.027272727272727337,-0.03571428571428581,-0.016393442622950727,-0.02564102564102566
393,0.0213700234192038,0.07660662098271487,0.03921568627450989,0.0434782608695653,0.03571428571428581,0.032786885245901676,0.03418803418803418
394,0.0286885245901638,0.0226961841753619,0.11372549019607847,0.09627329192546574,0.125,0.06557377049180324,0.09401709401709402
395,0.013173302107728269,0.047916457097623044,-0.0458781362007169,-0.019077901430842648,-0.0535714285714286,0.0,-0.02564102564102555
396,0.03981264637002346,0.049875650945395256,0.06447963800904977,0.05344202898550732,0.0714285714285714,0.032786885245901676,0.05128205128205132
397,-0.012587822014051508,0.04024078902902728,-0.043458159963014276,-0.0290924880590534,-0.0535714285714286,-0.016393442622950727,-0.03418803418803418
398,0.054742388758782234,0.09230649886819431,0.04625928041119354,0.060592044403330214,0.0357142857142857,0.0491803278688524,0.042735042735042694
399,0.0099531615925057,0.04981122088280421,0.007355021216407298,0.04308390022675734,-0.017857142857142905,0.049180327868852514,0.017094017094017144
400,0.01053864168618257,0.03121010697918869,0.006348020911127739,0.01507092198581561,0.0,0.016393442622950838,0.008547008547008517
401,0.05122950819672134,0.06176270380356752,0.07709641075164975,0.0465191932335719,0.1071428571428571,0.016393442622950838,0.05982905982905984
402,-0.019613583138173296,0.029275420487300474,-0.07783719548425427,-0.05712841253791712,-0.0892857142857143,-0.032786885245901676,-0.05982905982905973
403,0.023419203747072515,0.035352479710996865,0.006908140403286023,0.016400709219858145,0.0,0.016393442622950838,0.008547008547008517
404,0.03425058548009363,0.03734868442317352,0.03161264505802319,-0.005175983436852993,0.0535714285714286,-0.016393442622950838,0.017094017094017033
405,0.028981264637002346,0.05445530207861049,-0.015384615384615441,0.015151515151515138,-0.0357142857142857,0.032786885245901565,0.0
406,-0.005269320843091396,-0.00541718109103273,0.04500000000000004,0.09090909090909094,0.017857142857142794,0.08196721311475419,0.05128205128205121
407,0.02810304449648715,0.0773049790662017,0.04370015948963324,0.06960408684546615,0.017857142857142794,0.08196721311475408,0.05128205128205121
408,0.019613583138173185,0.009387985691559853,0.01581595974119332,-0.009803921568627527,0.0357142857142857,-0.016393442622950838,0.008547008547008628
409,-0.019028103044496425,0.03322396767329283,-0.06497386109036596,-0.07978723404255317,-0.05357142857142849,-0.06557377049180324,-0.05982905982905984
410,-0.020491803278688492,-0.027125786194633017,-0.04464786101251628,-0.00666666666666671,-0.0714285714285714,0.016393442622950838,-0.02564102564102566
411,-0.006733021077283241,-0.001912697978524669,-0.031035090812907784,-0.02509803921568632,-0.0357142857142857,-0.016393442622950838,-0.02564102564102566
412,-0.0011709601873537423,0.03219095870389388,-0.02190476190476187,0.024582560296846023,-0.0535714285714286,0.032786885245901676,-0.008547008547008517
413,0.07201405152224838,0.0484116358815182,0.1074294345322383,0.1828545371637027,0.05357142857142849,0.180327868852459,0.11965811965811968
414,0.036007025761124134,0.05580150416466456,-0.01006178287731685,0.043735224586288424,-0.05357142857142849,0.06557377049180335,0.008547008547008628
415,0.002634660421545698,0.02324071652396431,0.03347202958853446,0.05427702996092054,0.017857142857142794,0.0491803278688524,0.03418803418803418
416,0.005269320843091396,0.02363531610879166,-0.013473512299683632,0.024932249322493272,-0.0357142857142857,0.032786885245901565,0.0
417,0.04771662763466045,0.09269528949549966,0.03738317757009346,0.039215686274509776,0.0357142857142857,0.032786885245901676,0.03418803418803418
418,0.007903981264636983,0.044932291726775486,0.07843137254901966,0.08695652173913049,0.07142857142857151,0.06557377049180335,0.06837606837606836
419,-0.03366510538641676,-0.004807641167392407,-0.01328310864393345,0.05132113821138218,-0.0535714285714286,0.06557377049180324,0.008547008547008517
420,0.047131147540983465,0.09149128750227786,0.06307692307692314,0.10227272727272729,0.0357142857142857,0.09836065573770492,0.06837606837606836
421,0.012880562060889833,0.061476195502259356,0.03439153439153442,0.010596546310831956,0.0535714285714286,0.0,0.02564102564102566
422,0.042740046838407486,0.04593682241144981,0.04038834951456305,0.07350096711798848,0.017857142857142905,0.06557377049180324,0.042735042735042694
423,0.028395784543325586,0.04703789440832917,0.007166853303471443,0.021592442645074206,0.0,0.016393442622950838,0.008547008547008517
424,0.014637002341920224,0.030462331326894687,0.03280916326926808,0.02753623188405807,0.0357142857142857,0.016393442622950838,0.02564102564102566
425,0.022833723653395643,0.06708307899459953,0.04607170099160951,0.039158386908240694,0.0535714285714286,0.032786885245901676,0.042735042735042694
426,0.0029274004683839117,0.030102760563878728,-0.028344671201814053,0.059523809523809534,-0.0892857142857143,0.08196721311475408,0.0
427,0.026639344262295084,0.07681582588076497,0.04658833230261805,0.06312292358803984,0.0357142857142857,0.049180327868852514,0.042735042735042805
428,0.005854800936768156,0.01806714094210282,-0.0641025641025641,-0.07738095238095233,-0.0535714285714286,-0.06557377049180335,-0.05982905982905984
429,0.01990632318501173,0.038934919235874776,0.10871602624179943,0.10550198525241072,0.1071428571428572,0.06557377049180324,0.0854700854700855
430,-0.05444964871194391,-0.047492425223915835,-0.06653465346534648,-0.08484848484848495,-0.0535714285714286,-0.06557377049180324,-0.05982905982905984
431,0.015222482435597207,0.06925737744767724,-0.030706622271550077,0.0008695652173913437,-0.0535714285714286,0.016393442622950838,-0.017094017094017144
432,0.029566744730679217,0.043303477180592576,0.025952203136669127,0.036790780141844004,0.017857142857142905,0.032786885245901676,0.02564102564102566
433,0.0011709601873537423,0.011528794956038313,-0.011904761904761862,-0.003826530612244916,-0.017857142857142905,0.0,-0.008547008547008517
434,0.023419203747072626,0.05936032683068748,0.0013186813186812918,0.11298701298701297,-0.05357142857142849,0.09836065573770492,0.02564102564102566
435,0.06411007025761128,0.0826243550232808,0.006802721088435382,0.0714285714285714,-0.0357142857142857,0.08196721311475408,0.02564102564102566
436,0.06411007025761106,0.046841721514362056,0.040431266846361225,0.08571428571428574,0.0,0.09836065573770492,0.05128205128205132
437,0.009660421545667375,0.05995679324191283,0.02640264026402639,0.03864734299516914,0.017857142857142905,0.032786885245901676,0.02564102564102566
438,0.00995316159250581,0.06221078942284797,0.0007766990291262488,-0.025145067698259194,0.017857142857142905,-0.032786885245901676,-0.008547008547008517
439,0.059718969555035084,0.06710389353836854,0.050724637681159424,0.10267275097783579,0.0,0.11475409836065575,0.05982905982905984
440,0.00936768149882905,0.014284332060200855,-0.0879406307977737,0.013227513227513255,-0.1607142857142858,0.0491803278688524,-0.05128205128205121
441,-0.03951990632318514,-0.004303280088845618,-0.03287128712871279,-0.027272727272727337,-0.03571428571428581,-0.016393442622950727,-0.02564102564102566
442,0.03951990632318492,0.07232591759546203,0.019230769230769273,0.02083333333333337,0.017857142857142794,0.016393442622950838,0.017094017094017033
443,0.0600117096018733,0.07769879408759128,0.09615384615384615,0.10416666666666674,0.0892857142857143,0.08196721311475408,0.08547008547008539
444,0.028981264637002346,0.015843379056490803,0.04221364221364221,0.09128014842300558,0.0,0.09836065573770492,0.05128205128205132
445,0.0401053864168619,0.07122618992492402,0.045929798356982854,0.05939716312056742,0.0357142857142857,0.0491803278688524,0.042735042735042805
446,0.004976580796253183,0.010875294112838052,-0.03906390639063906,0.025925925925925908,-0.0892857142857143,0.06557377049180324,-0.008547008547008517
447,0.042154566744730726,0.06066684972395486,-0.008255933952528438,0.07134894091415833,-0.0535714285714286,0.06557377049180335,0.008547008547008517
448,0.005562060889929721,0.021700116979477713,-0.007043594136683762,-0.017113783533765026,0.0,-0.016393442622950727,-0.008547008547008517
449,0.04742388758782201,0.04117835648701795,0.052677112371431245,0.07659574468085106,0.03571428571428581,0.06557377049180324,0.05128205128205132
450,-0.008782201405152179,0.0045764626452302615,-0.04786237438255836,0.0407190022010272,-0.125,0.06557377049180324,-0.02564102564102566
451,0.059718969555035084,0.0971269766153876,0.048464668886422535,0.0895652173913043,0.017857142857142905,0.08196721311475408,0.05128205128205132
452,-0.0029274004683841337,0.033224957763047014,-0.007883565797453085,0.03870625662778371,-0.0357142857142857,0.049180327868852514,0.008547008547008517
453,0.031030444964871284,0.02451710271050367,0.015789473684210575,0.07634032634032639,-0.017857142857142905,0.06557377049180335,0.02564102564102566
454,0.03044496487119419,0.033299224982965225,-0.011098779134295134,0.022608695652173938,-0.0357142857142857,0.032786885245901676,0.0
455,0.0064402810304448055,0.015557450864353672,0.032727272727272716,0.026427061310782207,0.0357142857142857,0.016393442622950838,0.02564102564102555
456,0.008196721311475308,0.047133988374869484,-0.03812343851207545,0.007843137254901933,-0.0714285714285714,0.032786885245901676,-0.017094017094017144
457,0.04069086651053855,0.035407504402933054,0.02991452991452992,0.0,0.05357142857142849,-0.016393442622950838,0.017094017094017144
458,-0.004098360655737765,-0.016148748998033535,-0.02521601128548756,-0.034117647058823475,-0.017857142857142794,-0.032786885245901676,-0.02564102564102566
459,0.06557377049180324,0.09625917122118255,0.05242463958060295,0.029264536003080432,0.0714285714285714,0.0,0.03418803418803418
460,0.035421545667447374,0.031700129527793885,0.026561817387505404,0.058529072006160976,0.0,0.06557377049180335,0.03418803418803418
461,0.011416861826697877,0.05189074208380573,0.05882352941176472,0.06521739130434778,0.05357142857142849,0.0491803278688524,0.05128205128205132
462,0.03425058548009363,0.07882736634224075,-0.005844155844155874,0.006613756613756627,-0.017857142857142905,0.016393442622950838,0.0
463,0.03688524590163944,0.05398218804314703,0.001167088115152759,0.08487804878048788,-0.0535714285714286,0.09836065573770492,0.02564102564102566
464,0.01317330210772838,0.038794740532024474,0.034203420342034274,0.05943152454780365,0.017857142857142905,0.0491803278688524,0.03418803418803418
465,0.07552693208430905,0.06616915984502336,0.02830959078123585,0.06508135168961204,0.0,0.06557377049180324,0.03418803418803418
466,-0.004976580796252961,0.004780286439294512,0.0,0.0,0.0,0.0,0.0
467,0.006733021077283352,0.03114041080679597,-0.01244695898161241,0.02086167800453509,-0.03571428571428581,0.032786885245901676,0.0
468,-0.004976580796252961,0.024040786558851335,-0.011949215832711024,-0.0035460992907802025,-0.017857142857142905,0.0,-0.008547008547008517
469,0.005269320843091285,0.03153560722755966,-0.0524528301886793,0.0009090909090909705,-0.0892857142857143,0.016393442622950838,-0.03418803418803418
470,-0.002634660421545587,0.021404899879092887,-0.01869158878504673,-0.019607843137254943,-0.017857142857142905,-0.016393442622950838,-0.017094017094017144
471,0.004683840749414525,0.05737992822655158,-0.025392347028742712,-0.03450980392156866,-0.017857142857142905,-0.032786885245901676,-0.02564102564102566
472,0.029274004683840782,0.0638772216102158,-0.0003462004500605076,-0.021886792452830206,0.017857142857142794,-0.032786885245901565,-0.008547008547008628
473,0.0023419203747073736,0.05602780197499224,0.011465557096625001,0.026921406860616504,0.0,0.032786885245901676,0.017094017094017144
474,0.05971896955503497,0.07928109648233439,-0.004109844946758812,0.040000000000000036,-0.0357142857142857,0.0491803278688524,0.008547008547008517
475,-0.007611241217798548,0.0032243715525785976,-0.014727540500736325,-0.008130081300812941,-0.01785714285714285,0.0,-0.008547008547008628
476,0.0187353629976581,0.01122238583170554,-0.0716365754222481,-0.07004830917874394,-0.0714285714285714,-0.0491803278688524,-0.05982905982905973
477,0.01814988290398123,0.016257857282395483,-0.010000000000000009,-0.051136363636363646,0.017857142857142794,-0.049180327868852514,-0.017094017094017033
478,0.06703747072599531,0.07661375979067742,0.0788271134805788,0.11388888888888882,0.0535714285714286,0.09836065573770492,0.07692307692307698
479,-0.024590163934426146,0.0020937662857066774,-0.005080301540478449,0.027327935222672073,-0.0357142857142857,0.0491803278688524,0.008547008547008628
480,0.004098360655737654,0.03507420407695616,0.00411840411840414,0.05046382189239329,-0.0357142857142857,0.06557377049180335,0.017094017094017144
481,0.04947306791569073,0.055079510604306825,0.10325271059216012,0.0988819007686933,0.1071428571428571,0.08196721311475408,0.09401709401709402
482,0.027810304449648715,0.025651323876375698,0.05864354920958703,0.023636363636363678,0.0892857142857143,0.0,0.042735042735042805
483,0.0011709601873536313,0.007696201326400809,-0.006274509803921524,0.011857707509881354,-0.017857142857142905,0.016393442622950838,0.0
484,0.02693208430913341,0.05529688516027176,0.02468723936613848,0.03214535290006981,0.017857142857142794,0.032786885245901565,0.02564102564102566
485,0.03600702576112402,0.05144995387993878,0.005721914934198047,0.09243697478991597,-0.05357142857142849,0.09836065573770492,0.02564102564102566
486,-0.0014637002341919558,-0.038813526255070396,-0.043010752688172005,0.01634192331866746,-0.0714285714285714,0.032786885245901565,-0.017094017094017144
487,-0.0008782201405151957,0.04751150102427637,0.019623233908948157,0.07738095238095233,-0.017857142857142794,0.08196721311475408,0.03418803418803418
488,0.020199063231850056,0.030016240494503577,-0.005936319481921304,0.05537325676784244,-0.0535714285714286,0.06557377049180324,0.008547008547008517
489,0.0005854800936769822,0.03275566750209835,-0.02758370383812725,-0.063412599082186,0.0,-0.06557377049180324,-0.03418803418803418
490,0.026639344262294973,0.05532821349087158,0.013636363636363669,-0.03472222222222221,0.0535714285714286,-0.0491803278688524,0.0
491,0.002634660421545587,-0.010826747413577142,0.04839049021670527,0.06852497096399535,0.03571428571428581,0.049180327868852514,0.042735042735042694
492,0.042154566744730726,0.07424809745265781,0.026666666666666616,0.07272727272727275,0.0,0.06557377049180324,0.03418803418803418
493,-0.03249414519906324,0.0007385292842013724,-0.05555555555555558,-0.05769230769230771,-0.05357142857142849,-0.049180327868852514,-0.05128205128205132
494,0.05415690866510536,0.09954064501614768,0.05959634424980953,0.09305555555555556,0.0357142857142857,0.08196721311475408,0.05982905982905984
495,0.002634660421545809,0.04212297049460212,0.0,0.0,0.0,0.0,0.0
496,0.052107728337236536,0.055004161544924046,0.06586712354844848,0.08233117483811281,0.0535714285714286,0.06557377049180324,0.05982905982905984
497,0.0348360655737705,0.07011879708760815,0.04620462046204621,0.032558139534883734,0.0535714285714286,0.016393442622950727,0.03418803418803418
498,-0.017271662763465923,0.0037324870105509556,-0.05400540054005398,-0.0816537467700259,-0.03571428571428581,-0.06557377049180324,-0.05128205128205132
499,0.011709601873536313,0.04629161933822712,-0.026461069864839093,-0.03839037927844591,-0.017857142857142794,-0.032786885245901565,-0.02564102564102555
500,0.01053864168618257,0.013626578004008794,0.01669902912621357,-0.012572533849129597,0.0357142857142857,-0.016393442622950838,0.008547008547008628
501,0.03307962529274,0.09849963178194387,0.049671166493596486,0.044871794871794934,0.0535714285714286,0.032786885245901565,0.042735042735042805
502,-0.014929742388758771,0.0007525731783571965,-0.021276595744680882,-0.02631578947368418,-0.01785714285714285,-0.016393442622950838,-0.017094017094017033
503,0.03864168618266972,0.09130229216574426,-0.011977134561292013,0.019190654985398403,-0.0357142857142857,0.032786885245901676,0.0
504,0.033372365339578214,0.07949310677505228,0.0012612612612612484,0.09545454545454546,-0.0714285714285714,0.11475409836065575,0.02564102564102566
505,0.0002927400468385466,0.003966330140794061,0.0015533980582523865,0.030947775628626717,-0.017857142857142794,0.032786885245901565,0.008547008547008517
506,0.005562060889929832,0.03698364482194949,0.02020202020202022,0.023255813953488302,0.017857142857142905,0.016393442622950838,0.017094017094017144
507,-0.014637002341920335,0.04397237204169557,-0.024845880814496457,0.015555555555555545,-0.0535714285714286,0.032786885245901676,-0.008547008547008517
508,0.06235362997658078,0.06795743534893006,0.02640264026402639,0.06349206349206349,0.0,0.06557377049180335,0.03418803418803429
509,0.03190866510538637,0.04833485958269357,0.06451612903225812,0.08108108108108103,0.0535714285714286,0.049180327868852514,0.05128205128205132
510,0.06411007025761128,0.04430367847681149,0.06593406593406592,0.08571428571428563,0.0535714285714286,0.049180327868852514,0.05128205128205132
511,0.025761124121779888,0.010075241388405876,-0.021216407355021283,-0.05555555555555558,0.0,-0.0491803278688524,-0.02564102564102555
512,0.059718969555035195,0.07167935067048548,0.02905073649754497,0.13925438596491235,-0.0357142857142857,0.1311475409836066,0.05128205128205121
513,0.029566744730678995,0.031261651609841845,0.036036036036036,0.036363636363636376,0.03571428571428581,0.032786885245901676,0.03418803418803418
514,0.0043911007025760895,0.04992417184501741,0.030537883169462043,0.09670329670329669,0.0,0.06557377049180324,0.03418803418803418
515,0.04303278688524592,0.06944112472467079,0.04303586321934949,0.051013277428371806,0.0357142857142857,0.0491803278688524,0.042735042735042694
516,0.02751756440281028,0.06356827856856828,0.04373835441796614,0.08263236021771392,0.017857142857142905,0.08196721311475408,0.05128205128205132
517,-0.011709601873536202,0.02591465590426989,-0.0576923076923076,-0.0625,-0.0535714285714286,-0.049180327868852514,-0.05128205128205121
518,0.06352459016393419,0.07526338537069654,0.08143059203879577,0.06507936507936507,0.08928571428571419,0.032786885245901676,0.05982905982905984
519,0.005269320843091396,0.0515392811635057,0.04653061224489796,0.032467532467532534,0.0535714285714286,0.016393442622950838,0.03418803418803418
520,0.021077283372365363,0.052753678159370376,0.021567217828900143,0.0490196078431373,0.0,0.0491803278688524,0.02564102564102555
521,0.03805620608899296,0.04221163673852024,0.03205128205128205,0.07994186046511631,0.0,0.08196721311475419,0.042735042735042694
522,0.045374707259953184,0.08783410180283002,-0.03572082799047449,-0.011489361702127665,-0.05357142857142849,0.0,-0.02564102564102555
523,0.03571428571428581,0.05251186123902596,0.006469002695417836,0.014693877551020473,0.0,0.016393442622950838,0.008547008547008517
524,0.055327868852458995,0.040468406963730996,0.044939965694682615,0.0762962962962963,0.017857142857142794,0.08196721311475408,0.05128205128205121
525,0.03307962529274011,0.03677493030374179,0.03032140691328078,0.07953340402969244,0.0,0.08196721311475408,0.042735042735042694
526,0.04186182669789251,0.03669705160420622,0.0476923076923077,0.09090909090909094,0.017857142857142794,0.08196721311475408,0.05128205128205132
527,0.016978922716627598,0.03564666074689182,-0.004357298474945592,-0.05685618729096986,0.0357142857142857,-0.06557377049180324,-0.017094017094017144
528,0.052693208430913296,0.08971330829350221,0.02167832167832162,0.06944444444444442,-0.017857142857142794,0.08196721311475419,0.03418803418803418
529,0.008782201405152179,0.07261707519130567,0.03809523809523807,0.04081632653061218,0.0357142857142857,0.032786885245901676,0.03418803418803418
530,0.015807962529273967,0.05172793186573643,0.0073054706082228416,0.015602322206095698,0.0,0.016393442622950727,0.008547008547008517
531,0.035421545667447374,0.04590995662969477,0.0065346534653465405,0.01666666666666672,0.0,0.016393442622950838,0.008547008547008628
532,0.03951990632318503,0.05507831249298156,-0.04351174432036964,0.02571428571428569,-0.0892857142857143,0.0491803278688524,-0.017094017094017144
533,0.04010538641686179,0.04613071683379477,0.09416666666666662,0.06590909090909092,0.1071428571428571,0.032786885245901676,0.06837606837606836
534,0.02254098360655732,0.05581970662713853,0.013201320132013139,0.03410852713178303,0.0,0.032786885245901676,0.017094017094017144
535,0.06557377049180346,0.07002684433896389,0.0762962962962963,0.15559440559440563,0.017857142857142794,0.14754098360655743,0.0854700854700855
536,0.02254098360655743,0.03195906043045049,0.07043594136683795,0.06753006475485657,0.0714285714285714,0.049180327868852514,0.05982905982905984
537,0.002049180327868827,0.005827256110623402,-0.02609769000176343,-0.03607843137254896,-0.017857142857142905,-0.032786885245901565,-0.02564102564102566
538,-0.016686182669789273,0.030565359194915653,-0.08790027938964118,-0.04467564259485923,-0.1071428571428571,-0.016393442622950838,-0.05982905982905984
539,0.028688524590164133,0.02621202559802016,0.012754616409670683,0.005087881591119281,0.017857142857142905,0.0,0.008547008547008628
540,0.037177985948477876,0.06989044504814712,0.04405594405594404,0.09722222222222221,0.0,0.09836065573770492,0.05128205128205132
541,0.021077283372365363,0.05083839516216959,0.007497837162356968,-0.008037825059101666,0.017857142857142794,-0.016393442622950838,0.0
542,0.02254098360655732,0.05403727559773153,0.04245283018867929,0.02749999999999997,0.0535714285714286,0.016393442622950838,0.03418803418803418
543,0.01932084309133486,0.025854303146536584,0.04034122618193414,0.027113237639553422,0.0535714285714286,0.016393442622950838,0.03418803418803418
544,0.032201405152224694,0.051428934909548474,0.025187656380316947,0.03319357092941999,0.017857142857142905,0.032786885245901676,0.02564102564102566
545,0.03073770491803285,0.06438717931165516,0.022516009089031175,0.12374020156774923,-0.0357142857142857,0.11475409836065575,0.042735042735042694
546,0.01990632318501173,0.032148753350450865,0.07843137254901966,0.08695652173913049,0.07142857142857151,0.06557377049180335,0.06837606837606836
547,0.06937939110070257,0.05713639642943891,0.008172043010752694,0.0921375921375922,-0.0357142857142857,0.08196721311475408,0.02564102564102566
548,0.032786885245901454,0.016451779994920535,0.04558356987810985,0.09578947368421054,0.0,0.11475409836065575,0.05982905982905984
549,0.009660421545667486,0.03698656893955565,-0.013729528292635074,0.020781791192478916,-0.0357142857142857,0.032786885245901676,0.0
550,-0.031030444964871284,0.003553276186560095,-0.013428908447509214,0.015853149770546526,-0.0357142857142857,0.032786885245901565,0.0
551,0.04625292740046827,0.076476273473159,-0.028086910439851676,0.047826086956521685,-0.0892857142857143,0.06557377049180324,-0.008547008547008628
552,-0.014637002341920335,0.02508655434823015,-0.020697167755991286,-0.07107023411371238,0.017857142857142794,-0.08196721311475419,-0.03418803418803418
553,0.025175644028103128,0.03572294665806752,0.040211640211640254,0.06750392464678179,0.017857142857142794,0.06557377049180324,0.042735042735042805
554,0.012002341920374748,0.06361607513073919,-0.021509433962264124,0.024545454545454537,-0.05357142857142849,0.0491803278688524,0.0
555,0.0518149882903981,0.07056779712494043,0.0,0.0,0.0,0.0,0.0
556,-0.014929742388758771,0.009828210427939021,-0.03408373658741848,-0.029036004645760727,-0.0357142857142857,-0.016393442622950838,-0.02564102564102566
557,-0.021077283372365363,0.019948036918713274,-0.030071355759429208,-0.02358490566037741,-0.0357142857142857,-0.016393442622950838,-0.02564102564102566
558,-0.01610070257611218,0.0028066565763997797,0.006802721088435382,-0.05212355212355213,0.0357142857142857,-0.049180327868852514,-0.008547008547008628
559,-0.021662763466042012,0.0020756698778725546,-0.030008826125330956,0.007422068283028271,-0.05357142857142849,0.016393442622950838,-0.017094017094017033
560,0.041569086651053855,0.07558659453969707,0.013062409288824406,0.030000000000000027,0.0,0.032786885245901676,0.017094017094017033
561,0.06703747072599531,0.10065987188533754,0.10750915750915746,0.10671768707482987,0.1071428571428572,0.08196721311475408,0.09401709401709402
562,0.016686182669789273,0.039261625029975766,-0.06646464646464656,-0.08509513742071884,-0.05357142857142849,-0.06557377049180335,-0.05982905982905973
563,0.013758782201405029,-0.0002938971612965746,-0.05059746079163552,-0.045656028368794344,-0.05357142857142849,-0.032786885245901676,-0.042735042735042694
564,0.01170960187353609,0.055584354162204086,-0.04043639275347821,0.01141670991178001,-0.0714285714285714,0.032786885245901676,-0.017094017094017144
565,-0.0005854800936767601,0.026484094846592754,-0.08106219426974148,-0.0707692307692307,-0.0892857142857143,-0.0491803278688524,-0.06837606837606836
566,0.014344262295082011,0.041231302561279715,0.03627037919032794,0.012765957446808529,0.0535714285714286,0.0,0.02564102564102566
567,0.022248243559718883,0.04770078282141066,0.0017972681524083267,0.026960784313725505,-0.017857142857142794,0.032786885245901676,0.008547008547008517
568,-0.012295081967213184,0.029304405820740342,-0.012688647505527229,-0.031205673758865182,0.0,-0.032786885245901676,-0.017094017094017033
569,0.07113583138173296,0.06354054197740788,0.015623580706694451,0.0830188679245284,-0.0357142857142857,0.09836065573770492,0.03418803418803418
570,0.07786885245901642,0.06728042347841567,-0.0532968190436065,0.015789473684210464,-0.0892857142857143,0.032786885245901676,-0.02564102564102566
571,0.09338407494145184,0.08101783231568072,0.04827219564061669,0.10196779964221825,0.017857142857142905,0.08196721311475408,0.05128205128205132
572,0.047716627634660336,0.10177250975351637,0.01234673754608584,0.02663706992230863,0.0,0.032786885245901565,0.017094017094017033
573,0.03688524590163922,0.000618660230193413,0.04139433551198257,0.09531772575250841,0.0,0.09836065573770492,0.05128205128205132
574,0.007318501170960223,0.038171009512966814,0.019607843137254943,0.021739130434782594,0.017857142857142905,0.016393442622950838,0.017094017094017033
575,0.03981264637002335,0.08051921509937765,0.012219227313566838,0.004897959183673528,0.017857142857142905,0.0,0.008547008547008517
576,0.03747072599531609,0.020454565985918438,0.023496240601503793,0.011699507389162589,0.0357142857142857,0.0,0.017094017094017033
577,0.032201405152224805,0.07679076375606175,0.06848357791754012,0.08615384615384614,0.0535714285714286,0.08196721311475408,0.06837606837606836
578,-0.013466042154566704,-0.0035095978732911925,-0.02743399339933994,0.019444444444444486,-0.05357142857142849,0.032786885245901565,-0.008547008547008517
579,-0.0029274004683841337,0.04423866852428182,0.030137540453074374,0.10904255319148937,-0.017857142857142905,0.09836065573770492,0.042735042735042694
580,0.011416861826697766,0.03735067666729752,-0.013788098693759077,-0.03166666666666662,0.0,-0.032786885245901676,-0.017094017094017033
581,0.006733021077283241,0.04117036520079553,-0.05031446540880502,-0.02086956521739136,-0.07142857142857151,0.0,-0.03418803418803418
582,0.0143442622950819,0.035771879853783606,0.11751471097265487,0.1293363499245852,0.1071428571428571,0.11475409836065575,0.11111111111111116
583,0.07786885245901654,0.09804714545107152,0.18518518518518523,0.1923076923076923,0.1785714285714286,0.16393442622950816,0.1709401709401709
584,0.033957845433255196,0.018835981900442,0.054553264604810914,0.05243902439024395,0.0535714285714286,0.032786885245901676,0.042735042735042805
585,0.0032201405152225693,-0.002954494452982348,-0.03400089007565643,-0.0540216086434574,-0.017857142857142905,-0.049180327868852514,-0.03418803418803418
586,0.049765807962529385,0.07743041427561248,0.038108680310515175,0.09248376121249613,-0.017857142857142905,0.11475409836065564,0.05128205128205121
587,0.06176814988290402,0.05269985789994591,0.029985855728430044,-0.004081632653061273,0.05357142857142849,-0.016393442622950727,0.017094017094017144
588,0.014637002341920557,0.05759652877498311,-0.03883495145631066,-0.042553191489361764,-0.0357142857142857,-0.032786885245901676,-0.03418803418803418
589,0.0032201405152225693,0.008244240653334733,-0.04340155257586453,-0.00864779874213828,-0.07142857142857151,0.016393442622950838,-0.02564102564102566
590,0.04039812646370011,0.033786924296626664,0.01573426573426573,0.06637596899224807,-0.017857142857142794,0.06557377049180324,0.02564102564102566
591,0.01756440281030458,0.030184937657865896,0.014990284075136473,-0.03790849673202612,0.0535714285714286,-0.0491803278688524,0.0
592,0.04244730679156905,0.078093807298941,0.052249637155297624,0.07333333333333336,0.0357142857142857,0.06557377049180324,0.05128205128205121
593,0.030152224824355867,0.03329723069065582,-0.0489690721649485,0.01676829268292679,-0.0892857142857143,0.032786885245901676,-0.02564102564102566
594,0.018442622950819665,0.05554173416065522,0.03205128205128205,0.05163043478260865,0.017857142857142794,0.049180327868852514,0.03418803418803418
595,0.009660421545667486,0.009589869410617569,-0.03956768638944863,-0.020425531914893713,-0.05357142857142849,0.0,-0.02564102564102566
596,0.0017564402810303914,0.03759315658137452,0.0,0.0,0.0,0.0,0.0
597,-0.005854800936768045,-0.0034567595724209754,-0.05367965367965366,0.00047460844803037805,-0.08928571428571419,0.016393442622950838,-0.03418803418803418
598,0.04800936768149888,0.0826690603233653,0.012329931972789088,0.03452380952380951,0.0,0.032786885245901676,0.017094017094017144
599,-0.00702576112412201,0.00646598401916143,-0.0004041220448576244,0.02857142857142858,-0.017857142857142905,0.032786885245901676,0.008547008547008628
600,0.004976580796252961,0.0020486718343217802,-0.024242424242424288,0.03542673107890493,-0.07142857142857151,0.06557377049180324,0.0
601,0.01112412177985933,0.0476174226392293,0.03921568627450989,0.0434782608695653,0.03571428571428581,0.032786885245901676,0.03418803418803418
602,0.06293911007025765,0.09168609925890592,0.06550946356771603,0.1098466105888174,0.0357142857142857,0.09836065573770492,0.06837606837606847
603,0.042154566744730726,0.04242424275073631,0.02020202020202011,0.023255813953488413,0.017857142857142905,0.016393442622950838,0.017094017094017144
604,0.05122950819672112,0.05469728979762056,0.05555555555555558,0.05769230769230771,0.05357142857142849,0.049180327868852514,0.05128205128205132
605,0.021662763466042123,0.07391561174896066,0.0046176046176046315,0.06454674893213097,-0.0357142857142857,0.06557377049180324,0.017094017094017033
606,0.09572599531615922,0.09848312688408623,0.10972850678733037,0.13677536231884058,0.0892857142857143,0.11475409836065575,0.10256410256410253
607,0.023419203747072626,0.03551311939856694,-0.01962031065491876,0.04863731656184478,-0.0714285714285714,0.06557377049180324,0.0
608,-0.027810304449648826,-0.032141787076013784,-0.03340334033403336,-0.05736434108527133,-0.017857142857142794,-0.0491803278688524,-0.03418803418803429
609,0.0187353629976581,0.019599386646417694,-0.014509803921568643,-0.0365612648221344,0.0,-0.032786885245901676,-0.017094017094017144
610,0.05884074941451989,0.10289416815757424,0.0064102564102564985,-0.03827519379844968,0.0357142857142857,-0.049180327868852514,-0.008547008547008517
611,0.05240046838407497,0.12164577099060225,0.04137931034482767,0.01666666666666672,0.0714285714285714,0.0,0.03418803418803418
612,-0.007318501170960112,0.05513043455991251,0.04390420899854852,0.03083333333333338,0.0535714285714286,0.016393442622950838,0.03418803418803418
613,0.05240046838407486,0.02187613087670648,0.05171769977595231,0.04831560283687941,0.0535714285714286,0.032786885245901676,0.042735042735042805
614,0.059133489461358435,0.0348185424972689,-0.012820512820512775,-0.030797101449275277,0.0,-0.032786885245901676,-0.017094017094017144
615,-0.007611241217798659,0.03960011777025174,0.00659340659340657,0.015306122448979553,0.0,0.016393442622950838,0.008547008547008517
616,0.0401053864168619,0.04560029292526646,0.09329710144927528,0.1694444444444444,0.05357142857142849,0.11475409836065575,0.08547008547008539
617,0.045960187353630055,0.08207408137876127,0.05047525401507702,0.08502024291497978,0.017857142857142905,0.09836065573770492,0.05982905982905984
618,0.06996487119437944,0.08240472474404337,0.014290755116443177,0.05385220125786172,-0.017857142857142905,0.06557377049180335,0.02564102564102566
619,0.002049180327868938,0.02723281566318758,0.05188679245283023,0.07250000000000001,0.0357142857142857,0.06557377049180324,0.05128205128205132
620,-0.0017564402810302804,0.008543255178151465,0.03541507996953541,0.008333333333333304,0.0535714285714286,0.0,0.02564102564102566
621,0.016393442622950727,0.019334303269661013,0.0,0.0,0.0,0.0,0.0
622,-0.010831381733021117,0.017113355488601933,-0.03155339805825241,0.037234042553191515,-0.0892857142857143,0.06557377049180335,-0.008547008547008517
623,0.045374707259953295,0.08602745209986107,-0.0008986340762041634,0.02083333333333337,-0.017857142857142794,0.032786885245901565,0.008547008547008628
624,0.02751756440281017,0.051895540949996044,0.026475279106857985,-0.0006385696040869249,0.0535714285714286,-0.016393442622950838,0.017094017094017144
625,-0.022248243559718994,-0.01694885492172893,-0.012039532794249741,-0.004489795918367401,-0.017857142857142794,0.0,-0.008547008547008517
626,0.060304449648711955,0.031294049054885975,0.03402864558300489,0.05721040189125293,0.017857142857142905,0.0491803278688524,0.03418803418803418
627,0.03951990632318514,0.09885323171192162,0.02538461538461545,0.0625,0.0,0.06557377049180335,0.03418803418803418
628,0.022833723653395754,0.028693991248831985,-0.00687960687960687,-0.014141414141414121,0.0,-0.016393442622950838,-0.008547008547008517
629,0.022248243559718994,0.015928913524703603,-0.008737439930100566,0.023873700423565625,-0.0357142857142857,0.032786885245901565,0.0
630,0.04800936768149877,0.06196591694678388,-0.013140161725067379,0.03214285714285714,-0.0535714285714286,0.049180327868852514,0.0
631,0.012002341920374748,0.02787232250747862,-0.02440622440622442,-0.03131313131313129,-0.017857142857142794,-0.032786885245901565,-0.02564102564102566
632,0.042740046838407375,0.045534311019151064,0.04646113764654802,0.09899749373433586,0.017857142857142794,0.08196721311475408,0.05128205128205132
633,0.049765807962529385,0.0608306494353299,0.054982817869415834,0.11452810180275719,0.017857142857142905,0.09836065573770492,0.05982905982905984
634,0.0187353629976581,0.06417585516817137,-0.02020202020202022,-0.051567239635995965,0.0,-0.0491803278688524,-0.02564102564102566
635,0.03805620608899285,0.054014231183310724,-0.021685402216375715,-0.007655502392344471,-0.0357142857142857,0.0,-0.017094017094017144
636,0.010538641686182681,0.007756384199577138,0.03862433862433856,0.06397174254317106,0.017857142857142905,0.06557377049180335,0.042735042735042694
637,0.04800936768149899,0.08895080751644069,0.09986154378677736,0.11199095022624428,0.0892857142857143,0.09836065573770492,0.09401709401709402
638,0.00936768149882905,0.025229755545178367,-0.023376623376623384,0.012471655328798237,-0.05357142857142849,0.032786885245901676,-0.008547008547008517
639,0.08138173302107732,0.07403364729043205,0.049219687875149964,0.09834368530020698,0.017857142857142794,0.08196721311475408,0.05128205128205121
640,0.0005854800936769822,0.03198634928329158,0.0010582010582010914,0.024332810047095754,-0.017857142857142905,0.032786885245901676,0.008547008547008628
641,0.021077283372365474,0.03134283832047158,0.04709925207196286,0.004772004241781591,0.0714285714285714,-0.016393442622950838,0.02564102564102566
642,-0.03425058548009363,-0.024382353373237353,-0.07482993197278909,-0.04865424430641818,-0.08928571428571419,-0.016393442622950838,-0.05128205128205132
643,0.04420374707259944,0.10463803109025926,0.05678695731819006,0.03659574468085103,0.07142857142857151,0.016393442622950838,0.042735042735042805
644,0.059133489461358435,0.036259474570147,0.007499999999999951,0.05227272727272725,-0.017857142857142794,0.0491803278688524,0.017094017094017144
645,0.007318501170960334,0.07476241800242356,0.06837606837606836,0.04166666666666663,0.0892857142857143,0.016393442622950838,0.05128205128205132
646,-0.043911007025761006,-0.019133010568224917,-0.027561540079949487,-0.04355400696864109,-0.017857142857142794,-0.032786885245901676,-0.02564102564102566
647,0.07669789227166268,0.056382348119869974,0.007233961545783374,0.01757631822386685,0.0,0.016393442622950838,0.008547008547008517
648,0.02078454332552704,0.011239791010700162,-0.030250383239652567,0.04146208401527551,-0.0714285714285714,0.06557377049180335,0.0
649,0.02868852459016391,0.026093282327564138,0.029216949460121544,-0.002920317062995448,0.0535714285714286,-0.016393442622950838,0.017094017094017144
650,0.03805620608899274,0.09928105076675797,0.06289308176100628,0.1274418604651163,0.017857142857142905,0.1311475409836066,0.07692307692307687
651,-0.025175644028102795,0.001956716367408129,-0.026658335936686428,-0.009075439591605172,-0.0357142857142857,0.0,-0.017094017094017033
652,-0.011709601873536313,0.005727260912303689,-0.019397858153162195,-0.050793650793650724,0.0,-0.049180327868852514,-0.02564102564102566
653,0.03307962529274,0.06800590625849534,0.06074074074074065,-0.0034965034965034336,0.1071428571428572,-0.032786885245901676,0.03418803418803418
654,0.05444964871194391,0.053795488770915,0.02146464646464652,0.059302325581395365,0.0,0.049180327868852514,0.02564102564102555
655,0.055327868852459106,0.052163360930171376,-0.0071428571428571175,0.04591836734693877,-0.0535714285714286,0.06557377049180335,0.008547008547008628
656,0.005854800936768045,0.053274189581992704,-0.0068728522336769515,-0.05735003295978902,0.017857142857142794,-0.049180327868852514,-0.017094017094017144
657,0.050936768149882905,0.07705363641518881,0.02020202020202022,0.051567239635995965,0.0,0.0491803278688524,0.02564102564102566
658,0.016100702576112402,0.024663697727214662,-0.01510204081632649,-0.04004329004328999,0.0,-0.032786885245901676,-0.017094017094017033
659,0.037177985948477765,0.043506759706178566,-0.032123960695389364,0.0503663003663003,-0.0892857142857143,0.08196721311475419,0.0
660,0.002049180327868716,0.018934756828046462,0.007281553398058249,0.017287234042553168,0.0,0.016393442622950838,0.008547008547008517
661,0.038348946135831286,0.05934099741994425,0.09554508637077441,0.0830188679245284,0.1071428571428571,0.06557377049180335,0.0854700854700855
662,0.029859484777517542,0.056864453531039305,0.020697167755991286,0.07107023411371238,-0.017857142857142794,0.08196721311475419,0.03418803418803418
663,-0.02254098360655732,-0.012854921735375502,-0.02951283606225996,0.01166489925768821,-0.05357142857142849,0.032786885245901676,-0.008547008547008628
664,-0.00702576112412201,0.057058225189763,0.017595307917888547,0.08610936517913259,-0.017857142857142794,0.08196721311475408,0.03418803418803418
665,0.037177985948477876,0.013441675262664043,0.041245972073039705,0.014652014652014711,0.05357142857142849,0.0,0.02564102564102566
666,-0.024590163934426257,0.0011730873728071911,-0.023193096008629954,0.015957446808510634,-0.05357142857142849,0.032786885245901676,-0.008547008547008517
667,0.02546838407494134,0.06113531051484811,-0.024780397595931536,-0.009552757273121992,-0.0357142857142857,0.0,-0.017094017094017033
668,0.025761124121779777,0.07739293599680808,0.03492063492063491,0.011773940345368938,0.0535714285714286,0.0,0.02564102564102555
669,-0.0032201405152224583,-0.005546834966894898,0.005400540054005365,-0.014987080103359252,0.017857142857142794,-0.016393442622950838,0.0
670,0.051522248243559665,0.07853090825116815,0.027260812581913485,0.06006931074316524,0.0,0.06557377049180335,0.03418803418803418
671,0.005269320843091396,0.03586041445100174,0.061224489795918324,0.0714285714285714,0.05357142857142849,0.0491803278688524,0.05128205128205132
672,-0.014344262295081789,0.0025397873624587453,0.019230769230769162,0.02083333333333326,0.017857142857142794,0.016393442622950838,0.017094017094017144
673,0.047131147540983576,0.08728960470249103,-0.0375627488315734,-0.060754716981132106,-0.017857142857142794,-0.06557377049180324,-0.042735042735042694
674,0.06323185011709609,0.08346807155737457,0.04390420899854852,0.03083333333333338,0.0535714285714286,0.016393442622950838,0.03418803418803418
675,0.05181498829039821,0.09371235384364385,0.07619047619047625,0.056787932564330124,0.0892857142857143,0.032786885245901676,0.05982905982905984
676,0.04391100702576112,0.10928175452239541,0.06483268983268986,0.05811688311688312,0.07142857142857151,0.049180327868852514,0.05982905982905984
677,0.03805620608899307,0.010997429332235353,-0.017952005861879394,0.005957446808510625,-0.0357142857142857,0.016393442622950838,-0.008547008547008517
678,0.035421545667447374,0.07759457970405437,0.07431651906045444,0.15714285714285714,0.017857142857142905,0.14754098360655743,0.0854700854700855
679,0.025761124121779777,0.038437579692048085,0.007335448057097516,0.07571138211382122,-0.0357142857142857,0.08196721311475408,0.02564102564102566
680,0.015515222482435531,0.03302479166607741,-0.08229885057471265,0.06598240469208216,-0.1428571428571428,0.08196721311475408,-0.02564102564102566
681,0.021077283372365363,0.026190142796002847,-0.02526825891311868,-0.0339366515837104,-0.017857142857142794,-0.032786885245901676,-0.02564102564102566
682,-0.021077283372365363,-0.004250668421941328,-0.0029152019206036828,0.01442841287458374,-0.017857142857142794,0.016393442622950838,0.0
683,0.03366510538641687,0.05808194542646583,-0.004716981132075526,0.012499999999999956,-0.017857142857142905,0.016393442622950727,0.0
684,0.015807962529273967,0.062237646553115256,0.006472491909385036,0.07659574468085106,-0.0357142857142857,0.08196721311475408,0.02564102564102566
685,0.007903981264636983,0.027705828882951256,-0.014801480148014856,-0.038242894056847554,0.0,-0.032786885245901676,-0.017094017094017033
686,0.02078454332552704,0.02797509739558024,0.08612244897959187,0.07683982683982682,0.0892857142857143,0.049180327868852514,0.06837606837606836
687,0.004098360655737765,0.05914537123792518,0.0,0.0,0.0,0.0,0.0
688,0.022833723653395865,0.0697105990428234,-0.02189239332096471,0.07142857142857151,-0.0892857142857143,0.11475409836065575,0.017094017094017033
689,0.04127634660421553,0.09053391965519819,0.06391941391941391,0.07695578231292521,0.0535714285714286,0.06557377049180335,0.05982905982905984
690,0.00761124121779877,0.015937271866786173,-0.06978021978021975,-0.06675170068027214,-0.0714285714285714,-0.049180327868852514,-0.05982905982905984
691,0.054742388758782234,0.04627451529215587,0.0727752639517345,0.09873188405797095,0.0535714285714286,0.08196721311475408,0.06837606837606836
692,0.01814988290398123,0.055628516842136544,0.0027184466019417597,0.03384912959381048,-0.017857142857142794,0.032786885245901676,0.008547008547008517
693,0.028395784543325475,0.04931562876884554,0.061224489795918324,0.0714285714285714,0.0535714285714286,0.0491803278688524,0.05128205128205121
694,0.01814988290398123,0.04189809493496044,0.0022887659736792187,0.08403361344537819,-0.0535714285714286,0.09836065573770492,0.02564102564102566
695,0.01814988290398123,0.0477677995582142,0.06073876618431073,0.09583333333333333,0.0357142857142857,0.08196721311475408,0.05982905982905984
696,0.05122950819672145,0.037865003002631514,0.05916834585088848,0.08978723404255318,0.0357142857142857,0.08196721311475408,0.05982905982905984
697,0.04069086651053855,0.042775579218346294,0.026520509193776576,0.10396825396825404,-0.0357142857142857,0.14754098360655732,0.05982905982905984
698,0.015515222482435531,0.03582216415324391,-0.007381507381507335,0.035852713178294526,-0.0357142857142857,0.049180327868852514,0.008547008547008517
699,0.0002927400468384356,0.028251118870053826,0.0339121887287025,0.013140161725067379,0.0535714285714286,0.0,0.02564102564102566
700,0.08021077283372358,0.12383652511882515,0.0963353083168752,0.17438867438867445,0.05357142857142849,0.1311475409836066,0.09401709401709402
701,0.06762295081967207,0.06240878030517005,0.14265115831971542,0.13900709219858165,0.1428571428571428,0.09836065573770492,0.11965811965811968
702,-0.01932084309133497,-0.014873647895590758,-0.032732316227461866,-0.05254016500217107,-0.017857142857142794,-0.049180327868852514,-0.03418803418803418
703,0.014051522248243575,0.023222281628053287,0.019607843137254943,0.021739130434782594,0.017857142857142905,0.016393442622950838,0.017094017094017144
704,0.0187353629976581,0.00376444385422392,-0.007092198581560294,0.015789473684210464,-0.017857142857142794,0.016393442622950838,0.0
705,0.01112412177985933,0.05280050509131462,0.07481963124610314,0.03372139702930543,0.1071428571428571,0.0,0.05128205128205132
706,0.049765807962529274,0.10328449458691424,0.011536030341340098,0.005325814536340845,0.017857142857142905,0.0,0.008547008547008517
707,0.051522248243559665,0.06059285570083672,0.033626004109844954,0.08000000000000007,0.0,0.08196721311475408,0.042735042735042694
708,0.0187353629976581,0.04125992372291387,0.03230769230769226,0.0,0.0535714285714286,-0.016393442622950838,0.017094017094017033
709,-0.0017564402810305024,0.017428362768331485,0.005772005772005762,0.06739439962031324,-0.0357142857142857,0.06557377049180335,0.017094017094017144
710,0.07142857142857151,0.08687360892236806,0.014509803921568643,0.0365612648221344,0.0,0.032786885245901676,0.017094017094017144
711,0.019906323185011843,0.06061361886338312,0.00770308123249297,0.08229813664596275,-0.0535714285714286,0.11475409836065575,0.03418803418803418
712,0.045960187353630055,0.046080390462164944,0.0236773954864965,0.055652173913043446,0.0,0.06557377049180324,0.03418803418803418
713,-0.02751756440281017,0.012380017804160426,0.026270702455739592,0.037927844588344195,0.017857142857142905,0.032786885245901676,0.02564102564102566
714,0.016686182669789162,0.05208229884393434,-0.04544621586952535,-0.010230179028133057,-0.07142857142857151,0.016393442622950838,-0.02564102564102555
715,0.03512880562060894,0.05974597737351228,0.00652442250044083,0.014509803921568643,0.0,0.016393442622950838,0.008547008547008517
716,0.02693208430913363,0.044423064425280656,0.04601048340128122,0.06038647342995174,0.0357142857142857,0.049180327868852514,0.042735042735042805
717,-0.00029274004683832455,0.047273815710541345,-0.013062409288824406,-0.030000000000000027,0.0,-0.032786885245901676,-0.017094017094017033
718,0.05152224824355989,0.11278259616205921,0.05746927471005714,0.0830188679245284,0.0357142857142857,0.08196721311475419,0.05982905982905984
719,0.027810304449648604,0.04586815518062115,0.08656294200848658,0.13197278911564625,0.05357142857142849,0.11475409836065575,0.0854700854700855
720,0.03512880562060883,0.030233320723855983,0.013425253991291797,0.03083333333333338,0.0,0.032786885245901676,0.017094017094017144
721,-0.00702576112412201,0.03989132437672671,0.0,0.0,0.0,0.0,0.0
722,-0.060889929742388826,-0.03431342195938103,-0.08082474226804126,-0.06208425720620847,-0.0892857142857143,-0.032786885245901565,-0.05982905982905984
723,0.036007025761124134,0.04643724371415048,-0.024935649935649895,-0.03214285714285714,-0.017857142857142794,-0.032786885245901676,-0.02564102564102566
724,0.03190866510538637,0.0777549854341455,0.03338171262699574,0.053333333333333344,0.017857142857142905,0.0491803278688524,0.03418803418803418
725,0.027224824355971955,0.028499696573384026,0.013737373737373715,0.00634249471458781,0.017857142857142794,0.0,0.008547008547008517
726,0.05357142857142849,0.06070562766357945,0.017237963146423563,0.07244174265450865,-0.017857142857142905,0.06557377049180335,0.02564102564102555
727,-0.029274004683840782,0.005739228275534303,-0.05693069306930698,-0.03472222222222221,-0.0714285714285714,-0.016393442622950727,-0.042735042735042694
728,0.10509367681498827,0.09381993942962785,0.09748773896506857,0.04929942916450436,0.125,0.016393442622950838,0.06837606837606836
729,0.0064402810304446945,0.0442437819952648,0.022978650432993297,0.008139104698483224,0.0357142857142857,0.0,0.017094017094017033
730,0.060304449648711955,0.10747094341425611,0.005772005772005762,0.06739439962031324,-0.0357142857142857,0.06557377049180335,0.017094017094017144
731,0.012295081967213073,0.021526708696552266,-0.03894927536231885,-0.002777777777777768,-0.0535714285714286,0.016393442622950838,-0.017094017094017144
732,0.043325526932084246,0.08835296954342065,0.01904761904761898,0.020408163265306145,0.017857142857142905,0.016393442622950727,0.017094017094017033
733,-0.007318501170960112,0.03388250568328721,-0.006262626262626303,-0.016384778012684897,0.0,-0.016393442622950838,-0.008547008547008517
734,0.08694379391100715,0.09024134860303157,0.0212825020819839,0.0745098039215687,-0.017857142857142794,0.08196721311475408,0.03418803418803418
735,0.040398126463700335,0.09768448853952161,0.091628959276018,0.1186594202898551,0.0714285714285714,0.09836065573770492,0.08547008547008539
736,0.01697892271662771,0.004473077659750135,-0.027651413790027668,0.0505050505050505,-0.0892857142857143,0.08196721311475419,0.0
737,0.05444964871194391,0.0346335190112772,0.03266306012044495,0.08672086720867211,0.0,0.06557377049180324,0.03418803418803418
738,0.00263466042154592,0.017067386860503797,0.025882352941176467,0.00988142292490124,0.03571428571428581,0.0,0.017094017094017144
739,-0.005854800936768156,0.02554468890075723,-0.021885521885521952,-0.0064102564102564985,-0.0357142857142857,0.0,-0.017094017094017144
740,0.010831381733021006,0.057218863623632266,0.06707070707070706,0.08668076109936573,0.0535714285714286,0.06557377049180324,0.05982905982905984
741,0.02137002341920391,0.03490853497615298,-0.027648047823650268,0.008888888888888835,-0.05357142857142849,0.032786885245901565,-0.008547008547008628
742,0.07084309133489464,0.0580165193733857,0.019793814432989665,0.053215077605321515,0.0,0.0491803278688524,0.02564102564102566
743,0.05035128805620592,0.08295402212890823,0.0803633822501747,0.06923076923076932,0.0892857142857143,0.049180327868852514,0.06837606837606836
744,-0.020199063231849945,0.0029659482674035953,-0.007227891156462496,0.01309523809523816,-0.017857142857142794,0.016393442622950727,0.0
745,-0.003512880562060894,-0.015414426475803378,-0.06048237476808904,0.02910052910052907,-0.125,0.08196721311475408,-0.017094017094017033
746,0.06762295081967218,0.09736667907522478,0.09690419490749225,0.1297872340425532,0.0714285714285714,0.11475409836065575,0.09401709401709402
747,0.029859484777517653,0.08572111060224863,0.0577981651376146,0.1350771869639794,0.0,0.14754098360655732,0.07692307692307698
748,0.047131147540983465,0.07088898575578895,0.04809894640403123,0.09237536656891498,0.0,0.11475409836065575,0.05982905982905984
749,0.010831381733021006,0.009525417923304969,-0.06497524752475248,-0.019444444444444486,-0.0892857142857143,0.0,-0.042735042735042694
750,0.05122950819672123,0.07583865280208457,-0.00288968213496521,0.034545454545454546,-0.0357142857142857,0.049180327868852514,0.008547008547008517
751,0.0011709601873534092,0.07750451365867272,-0.03809523809523818,-0.015971606033717833,-0.0535714285714286,0.0,-0.02564102564102566
752,-0.03307962529274,0.004689955789416778,-0.1106690108263163,-0.065359477124183,-0.1428571428571429,-0.032786885245901565,-0.08547008547008539
753,-0.00936768149882905,0.03401920240796996,-0.00524109014675056,0.010000000000000009,-0.017857142857142794,0.016393442622950838,0.0
754,-0.01375878220140525,-0.003619083758125363,0.028035456606885112,0.044296788482835026,0.017857142857142905,0.032786885245901676,0.02564102564102566
755,0.0029274004683839117,0.04905560979486301,-0.05031446540880502,-0.02086956521739136,-0.07142857142857151,0.0,-0.03418803418803418
756,0.01200234192037486,0.046753857445118174,0.0,0.0,0.0,0.0,0.0
757,0.007318501170960112,0.03600871607827061,-0.06653465346534648,-0.08484848484848495,-0.0535714285714286,-0.06557377049180324,-0.05982905982905984
758,0.05327868852459006,0.05958623401274532,-0.0028571428571428914,0.04499072356215217,-0.0357142857142857,0.0491803278688524,0.008547008547008517
759,0.04508196721311475,0.07032978528286926,0.06483516483516483,0.07908163265306123,0.0535714285714286,0.06557377049180324,0.05982905982905984
760,0.02488290398126458,0.06751113928242747,0.05714285714285716,0.061224489795918324,0.05357142857142849,0.049180327868852514,0.05128205128205132
761,0.026639344262295084,0.0553997774362065,0.01491365777080067,0.06547619047619047,-0.017857142857142794,0.08196721311475408,0.03418803418803418
762,0.03366510538641687,0.04305429406750072,0.05018315018315023,0.04506802721088443,0.05357142857142849,0.032786885245901565,0.042735042735042805
763,0.0652810304449648,0.056750485941730267,0.06525223950966519,0.10612244897959189,0.03571428571428581,0.09836065573770492,0.06837606837606836
764,0.036007025761124245,0.04399827442772841,-0.033333333333333326,0.042383292383292415,-0.0714285714285714,0.049180327868852514,-0.008547008547008517
765,0.009367681498829161,0.033421566811071,0.060011883541295274,0.09656218402426697,0.0357142857142857,0.08196721311475408,0.05982905982905984
766,-0.028395784543325697,-0.04958538520685696,-0.045743091859596685,-0.0589539007092198,-0.0357142857142857,-0.0491803278688524,-0.042735042735042694
767,-0.015515222482435531,0.02533382417711738,0.0067281606077048695,-0.01563477173233263,0.017857142857142905,-0.016393442622950838,0.0
768,-0.016100702576112513,1.0125550026884866e-05,0.00659340659340657,0.015306122448979553,0.0,0.016393442622950838,0.008547008547008517
769,0.044203747072599664,0.05609237718663529,-0.007135575942915362,-0.015239477503628418,0.0,-0.016393442622950838,-0.008547008547008517
770,-0.010538641686182681,0.00622380418546109,0.028816466552315623,0.06222222222222218,0.0,0.06557377049180324,0.03418803418803418
771,-0.014637002341920557,-0.008059157151902974,0.0,0.032558139534883734,-0.017857142857142905,0.032786885245901565,0.008547008547008517
772,0.024004683840749386,0.024648850714138026,-0.0940836940836941,-0.04603701945894645,-0.125,-0.016393442622950838,-0.06837606837606836
773,0.022248243559718772,0.05531682949108163,-0.030706622271550077,0.0008695652173913437,-0.0535714285714286,0.016393442622950838,-0.017094017094017144
774,0.03512880562060883,0.021199939203510043,0.02766798418972327,0.09722222222222221,0.0,0.06557377049180335,0.03418803418803418
775,0.03600702576112402,0.06410139909367718,0.009618941916389234,-0.02608695652173909,0.0357142857142857,-0.032786885245901565,0.0
776,0.030444964871194302,0.08549761926177357,-0.027491408934707917,0.04181184668989546,-0.0714285714285714,0.06557377049180335,0.0
777,0.09426229508196715,0.12380461783403796,0.08505408062930186,0.11842105263157898,0.05357142857142849,0.1311475409836066,0.09401709401709402
778,-0.009660421545667597,0.031040534615857984,0.013017356475300335,0.046918767507002745,-0.017857142857142905,0.06557377049180324,0.02564102564102566
779,0.021370023419203688,0.05527551673025988,0.001977705861201051,-0.04132569558101473,0.0357142857142857,-0.0491803278688524,-0.008547008547008517
780,0.04859484777517553,0.07808573810379238,0.03478079766739561,0.06296086216676122,0.017857142857142905,0.049180327868852514,0.03418803418803418
781,0.051522248243559665,0.01977454235182785,0.07075471698113212,0.09250000000000003,0.05357142857142849,0.08196721311475408,0.06837606837606836
782,0.03864168618266972,0.0717679822757954,0.05188679245283023,0.16000000000000003,-0.017857142857142794,0.14754098360655743,0.06837606837606836
783,0.02751756440281028,0.02264840738217455,0.011814494798095598,0.004313725490196041,0.017857142857142905,0.0,0.008547008547008628
784,0.08372365339578458,0.12279190733388146,0.08993618065783016,0.17222498755599802,0.0357142857142857,0.16393442622950816,0.10256410256410264
785,0.026346604215456648,0.022814143172776635,-0.003175723359209681,0.036949685534591103,-0.0357142857142857,0.049180327868852514,0.008547008547008517
786,0.007318501170960223,0.026976462008212576,-0.048279113625648296,-0.014512471655328874,-0.0714285714285714,0.0,-0.03418803418803418
787,0.045374707259953184,0.04059297877908696,-0.005400540054005365,0.014987080103359252,-0.017857142857142794,0.016393442622950838,0.0
788,0.060889929742388604,0.1187495857075368,0.032220738762794854,0.05002000800320128,0.017857142857142905,0.049180327868852514,0.03418803418803418
789,0.016393442622950838,0.03561805593940237,0.06142857142857139,0.16233766233766234,-0.017857142857142905,0.180327868852459,0.0854700854700855
790,0.03307962529274,0.07540801563311839,0.013554839242912675,0.028130360205831928,0.0,0.032786885245901676,0.017094017094017144
791,0.060889929742388826,0.07573571898417453,0.07256923387911873,0.130965005302227,0.0357142857142857,0.11475409836065575,0.07692307692307698
792,0.03366510538641676,0.06971005260117413,-0.024210057854917588,-0.009603841536614643,-0.0357142857142857,0.0,-0.017094017094017033
793,0.08284543325526939,0.10006119172533989,0.06929824561403508,0.09487179487179487,0.0535714285714286,0.06557377049180324,0.05982905982905984
794,-0.007025761124121677,0.005354783665213025,0.019230769230769162,0.02083333333333337,0.017857142857142905,0.016393442622950838,0.017094017094017033
795,0.04800936768149877,0.06592596248033034,0.0014668133480014722,0.05128205128205121,-0.0357142857142857,0.08196721311475408,0.02564102564102566
796,0.018442622950819776,0.05508986820077688,-0.022294138798993113,0.018003273322422242,-0.0535714285714286,0.032786885245901676,-0.008547008547008517
797,-0.004098360655737654,0.06060778937099054,-0.017927170868347275,0.007098491570541321,-0.0357142857142857,0.016393442622950838,-0.008547008547008517
798,0.004683840749414525,0.015428962137293722,0.0534391534391534,0.0310047095761381,0.07142857142857151,0.016393442622950727,0.042735042735042694
799,0.005562060889929721,0.007030929261415575,-0.0940836940836941,-0.04603701945894645,-0.125,-0.016393442622950838,-0.06837606837606836
800,0.016100702576112402,0.020948555020804283,-0.01232262882748314,-0.004432624113475114,-0.017857142857142905,0.0,-0.008547008547008517
801,0.03161592505854793,0.04817141674961778,0.00832177531206657,-0.004776378636560996,0.017857142857142794,-0.016393442622950838,0.0
802,0.03249414519906335,0.09661175509295317,-0.03179497061373926,0.05499760879961746,-0.0892857142857143,0.08196721311475408,0.0
803,-0.023419203747072626,0.01092143597252826,-0.037753308041084566,-0.0888888888888889,0.0,-0.09836065573770492,-0.05128205128205132
804,0.09894613583138168,0.061761510203491854,0.04528985507246386,0.09999999999999998,0.01785714285714285,0.08196721311475408,0.05128205128205132
805,0.060304449648712066,0.05888126027763352,0.10655884995507636,0.1048979591836735,0.1071428571428572,0.08196721311475408,0.09401709401709402
806,0.008489461358313855,0.011083512344943092,-0.018969072164948475,0.011086474501108556,-0.03571428571428581,0.016393442622950838,-0.008547008547008517
807,-0.00995316159250581,0.01235099538853579,-0.05197030268418046,-0.04856614246068458,-0.0535714285714286,-0.032786885245901676,-0.042735042735042805
808,-0.02488290398126458,0.014925578789310556,-0.013003663003663068,-0.0063775510204081565,-0.017857142857142794,0.0,-0.008547008547008517
809,-0.026639344262295084,-0.007896030348877203,-0.007289388732687807,0.011911514463981865,-0.017857142857142794,0.016393442622950838,0.0
810,-1.1102230246251565e-16,0.042571572448582784,0.018135189595164025,0.04212765957446807,0.0,0.0491803278688524,0.02564102564102566
811,0.021955503512880448,0.0833116122022054,0.046666666666666634,0.03458498023715406,0.05357142857142849,0.016393442622950838,0.03418803418803418
812,0.024882903981264692,0.08518186193017785,0.010185339789614223,0.06070175438596492,-0.0357142857142857,0.08196721311475408,0.02564102564102555
813,0.035421545667447374,0.04396710928861558,-0.02877834953306646,0.033953488372093,-0.0714285714285714,0.0491803278688524,-0.008547008547008517
814,-0.0008782201405150847,0.04364868728052451,0.020488856937455058,0.04656862745098034,0.0,0.049180327868852514,0.02564102564102555
815,0.023711943793911172,0.049914032683937126,-0.025377295011054568,-0.009456264775413725,-0.0357142857142857,0.0,-0.017094017094017033
816,0.012295081967213073,0.03292606747884552,-0.03249999999999997,0.006818181818181723,-0.0535714285714286,0.016393442622950838,-0.017094017094017033
817,0.07786885245901631,0.10593496050234286,-0.02129658628249287,0.07015526164462338,-0.07142857142857145,0.09836065573770492,0.017094017094017033
818,0.03747072599531631,0.046150416203202926,0.006721433905899965,0.015957446808510634,0.0,0.016393442622950838,0.008547008547008628
819,0.04449648711943799,0.050135103700522765,0.09615384615384615,0.10416666666666674,0.0892857142857143,0.08196721311475408,0.08547008547008539
820,0.03132318501170961,0.05288082662152205,0.005293193284261033,0.049535603715170295,-0.03571428571428581,0.06557377049180335,0.017094017094017033
821,0.02312646370023419,0.029716565739690837,0.03921568627450989,0.015166835187057637,0.0535714285714286,0.0,0.02564102564102566
822,0.0348360655737705,0.06845835811547973,0.05941845764854614,0.06516290726817042,0.0535714285714286,0.06557377049180335,0.05982905982905984
823,0.007025761124121899,0.018076070716179005,-0.04601048340128122,-0.06038647342995174,-0.0357142857142857,-0.049180327868852514,-0.042735042735042805
824,0.014051522248243797,0.04061352754782943,0.046666666666666634,0.009740259740259716,0.0714285714285714,-0.016393442622950838,0.02564102564102555
825,0.054156908665105474,0.09865971772173154,-0.008454758050009059,0.049630844954881015,-0.0535714285714286,0.06557377049180324,0.008547008547008517
826,0.00029274004683832455,-0.01309694616522672,0.0,0.0,0.0,0.0,0.0
827,0.026346604215456537,0.04292310877892025,-0.004901960784313708,0.013586956521739135,-0.017857142857142794,0.016393442622950838,0.0
828,0.003512880562060672,0.011965111584555599,-0.0011544011544011301,0.05030849549121974,-0.0357142857142857,0.06557377049180335,0.017094017094017033
829,-0.004683840749414525,0.02590043814891585,0.0,0.0,0.0,0.0,0.0
830,-0.006147540983606592,0.026181052183262055,0.0,0.0,0.0,0.0,0.0
831,0.020491803278688492,0.027366458281095185,0.032576769025367214,0.05082032813125248,0.017857142857142794,0.049180327868852514,0.03418803418803418
832,0.024590163934426368,0.051001122461155735,0.01358234295415961,0.04158004158004158,0.0,0.032786885245901676,0.017094017094017144
833,0.07347775175644045,0.06845819134845221,0.0759803921568627,0.019565217391304346,0.1071428571428572,0.0,0.05128205128205132
834,0.05240046838407486,0.056234646489304874,0.026325616131441354,0.037677304964538916,0.017857142857142905,0.032786885245901565,0.02564102564102566
835,0.004098360655737876,0.031661444321871235,0.035938330675172825,0.0005963029218842841,0.05357142857142849,-0.016393442622950838,0.017094017094017033
836,0.015222482435597207,0.05625650853223152,-0.03627037919032794,-0.012765957446808529,-0.0535714285714286,0.0,-0.02564102564102566
837,0.05240046838407497,0.0669124675072027,0.07342657342657344,0.12887596899224807,0.03571428571428581,0.11475409836065575,0.07692307692307698
838,0.030444964871194302,0.03673245307980899,0.06761957119296325,0.10954816709292414,0.0357142857142857,0.11475409836065575,0.07692307692307687
839,0.013466042154566704,0.05059918624471704,0.10681520314547832,0.08760107816711593,0.125,0.06557377049180324,0.09401709401709402
840,-0.009953161592505921,0.027610454485128,-0.03669724770642202,-0.037735849056603765,-0.0357142857142857,-0.032786885245901565,-0.03418803418803429
841,0.040983606557376984,0.0911014932467844,0.052541404911479184,0.04995374653098983,0.0535714285714286,0.032786885245901565,0.042735042735042694
842,0.04303278688524592,0.051524264516925045,0.06700336700336706,0.08190883190883191,0.0535714285714286,0.08196721311475408,0.06837606837606836
843,-0.0032201405152224583,0.02370438054570856,0.0010893246187363426,0.04933110367892979,-0.0357142857142857,0.06557377049180335,0.017094017094017033
844,0.007903981264637094,0.05656712131831543,-0.053333333333333344,-0.05073995771670192,-0.0535714285714286,-0.032786885245901565,-0.042735042735042694
845,0.04420374707259944,0.032841356135455246,0.04299583911234395,0.11550151975683887,-0.017857142857142905,0.13114754098360648,0.05982905982905984
846,0.04449648711943832,0.07064742230478704,-0.005723905723905687,0.007834757834757844,-0.017857142857142905,0.016393442622950727,0.0
847,0.02312646370023408,0.05416639184613248,0.020168067226890796,0.0479148181011535,0.0,0.049180327868852514,0.02564102564102566
848,-0.006733021077283352,0.01746214022931991,-0.0893470790378007,-0.03135888501742157,-0.125,0.016393442622950838,-0.05128205128205121
849,-0.007611241217798548,0.004679619063633567,-0.05362144857943174,-0.022774327122153215,-0.0714285714285714,0.0,-0.03418803418803418
850,0.01990632318501173,0.026065174954652326,0.04093678598629091,0.07361111111111107,0.017857142857142905,0.06557377049180324,0.042735042735042694
851,0.025761124121779888,0.04013094827517727,0.0,0.024844720496894346,-0.017857142857142905,0.032786885245901676,0.008547008547008628
852,-0.006733021077283241,0.03905716468643183,0.0010741138560688146,-0.031135531135531136,0.017857142857142905,-0.032786885245901565,-0.008547008547008517
853,0.016686182669789273,0.033111826571501246,-0.06566371681415928,0.030701754385964897,-0.1428571428571428,0.08196721311475408,-0.02564102564102566
854,-0.0032201405152224583,0.04397850029054318,0.012889968242107308,0.05555555555555558,-0.017857142857142905,0.06557377049180335,0.02564102564102566
855,0.003512880562060894,0.06465917098982621,0.006930693069306937,0.017676767676767624,0.0,0.016393442622950727,0.008547008547008517
856,0.049180327868852514,0.07851213136415724,0.026798598227169568,0.04097452934662238,0.017857142857142794,0.032786885245901676,0.02564102564102566
857,0.02254098360655732,0.022086812690044866,-0.002564572265982723,-0.029787234042553123,0.017857142857142905,-0.032786885245901565,-0.008547008547008517
858,0.013758782201405362,0.023239326639580837,-0.032220738762794854,-0.05002000800320128,-0.017857142857142905,-0.049180327868852514,-0.03418803418803418
859,0.007025761124121677,0.03018739151406935,-0.03517127679062104,-0.010212765957446801,-0.0535714285714286,0.0,-0.02564102564102566
860,0.017857142857142905,0.0419506871030918,0.021495942092564113,-0.00898587933247752,0.0357142857142857,-0.016393442622950838,0.008547008547008517
861,0.05766978922716637,0.08589788517522134,-0.0061683599419447566,0.009166666666666656,-0.017857142857142905,0.016393442622950838,0.0
862,0.030152224824355978,0.07283513726660418,-0.0020397756246812726,0.036363636363636376,-0.0357142857142857,0.049180327868852514,0.008547008547008517
863,0.025468384074941453,0.0027093696388641453,-0.006908140403286023,-0.016400709219858145,0.0,-0.016393442622950838,-0.008547008547008517
864,0.017857142857142794,0.03521904180814772,-0.012928022361984537,-0.028461538461538427,0.0,-0.032786885245901676,-0.017094017094017033
865,0.07757611241217799,0.06668958284511317,-0.011375894871040515,0.02671944581890151,-0.0357142857142857,0.032786885245901565,0.0
866,0.012295081967213073,0.02288241182588291,0.014014014014014031,-0.009790209790209836,0.0357142857142857,-0.016393442622950838,0.008547008547008517
867,0.02429742388758782,0.038291817889620994,0.0076030412164865835,0.04865424430641818,-0.017857142857142905,0.0491803278688524,0.017094017094017144
868,0.0032201405152224583,0.06108288520571881,0.05940594059405935,0.06666666666666665,0.0535714285714286,0.0491803278688524,0.05128205128205132
869,0.008196721311475419,0.026870287961625272,0.06520652065206523,0.05271317829457367,0.0714285714285714,0.032786885245901676,0.05128205128205132
870,0.017271662763465923,0.03879248493723941,0.03812636165577343,0.08779264214046822,0.0,0.09836065573770492,0.05128205128205121
871,-0.008782201405152179,0.04240964590388252,0.0042922841083290475,-0.08019639934533551,0.0535714285714286,-0.08196721311475408,-0.017094017094017033
872,-0.02254098360655732,0.018473779884659147,-0.050970873786407744,-0.046542553191489366,-0.05357142857142849,-0.032786885245901565,-0.042735042735042694
873,0.0017564402810302804,0.011434565861040524,0.007846067625630448,-0.03111111111111109,0.0357142857142857,-0.0491803278688524,-0.008547008547008517
874,0.052693208430913296,0.06290284240030952,0.038461538461538436,0.04166666666666663,0.0357142857142857,0.032786885245901565,0.03418803418803418
875,0.03512880562060894,0.014143399055156713,-0.01884996191926891,-0.04583333333333328,0.0,-0.049180327868852514,-0.02564102564102555
876,0.015807962529273856,0.03710028173246427,0.01834862385321101,0.018867924528301883,0.017857142857142794,0.016393442622950838,0.017094017094017144
877,0.03981264637002324,0.06894921129890641,0.014995313964386137,0.04083947816222344,0.0,0.032786885245901676,0.017094017094017033
878,0.02371194379391095,0.036804434223284166,-0.0010741138560688146,0.031135531135531136,-0.017857142857142905,0.032786885245901565,0.008547008547008517
879,0.03073770491803285,0.02771140676220285,-0.00909090909090915,0.0732323232323232,-0.0714285714285714,0.09836065573770492,0.017094017094017144
880,0.09045667447306793,0.07944056243268705,-0.013061224489795853,-0.03463203463203457,0.0,-0.032786885245901676,-0.017094017094017144
881,-0.02254098360655732,0.026458111720761623,0.0009159186664224883,0.025957446808510642,-0.017857142857142794,0.032786885245901676,0.008547008547008628
882,0.06323185011709598,0.07172769043348415,-0.0342941300231433,-0.029616724738675937,-0.0357142857142857,-0.016393442622950727,-0.02564102564102566
883,0.024297423887587932,0.031084349416122814,0.09923130677847658,0.08923076923076922,0.1071428571428572,0.06557377049180324,0.08547008547008539
884,0.04244730679156916,0.10330080344664239,0.02743221690590114,0.054916985951468655,0.0,0.06557377049180335,0.03418803418803418
885,-0.0005854800936768711,0.03888848545338297,0.005940594059405946,0.015151515151515138,0.0,0.016393442622950838,0.008547008547008517
886,0.019028103044496536,0.016675872887411458,-0.03023431594860171,0.05494505494505497,-0.0892857142857143,0.08196721311475408,0.0
887,-0.005854800936768045,0.033667355245664776,-0.03721628838451274,0.0003501400560224077,-0.07142857142857151,0.016393442622950838,-0.02564102564102566
888,-0.00497658079625285,0.010285433626412765,-0.011949215832711024,-0.0035460992907802025,-0.017857142857142905,0.0,-0.008547008547008517
889,0.02927400468384067,0.07126455444695301,0.09047619047619038,0.14239332096474955,0.0535714285714286,0.13114754098360648,0.09401709401709402
890,-0.0014637002341920669,-0.018283231703730696,-0.0980392156862745,-0.08038422649140542,-0.1071428571428571,-0.0491803278688524,-0.07692307692307687
891,0.07435597189695553,0.07957501421600643,-0.007619047619047636,0.033395176252319136,-0.0357142857142857,0.049180327868852514,0.008547008547008517
892,0.043325526932084135,0.05856150537601046,0.012637362637362592,0.005527210884353817,0.017857142857142905,0.0,0.008547008547008517
893,0.03278688524590179,0.03603190530717082,0.06516797171002786,0.03814616755793232,0.0892857142857143,0.016393442622950838,0.05128205128205132
894,0.028981264637002235,0.04110566306108676,0.014646708514405304,0.047820429407937626,-0.017857142857142794,0.06557377049180324,0.02564102564102566
895,0.029566744730679106,0.04153913596794445,0.07094846900672147,0.06914893617021278,0.07142857142857151,0.049180327868852514,0.05982905982905984
896,0.021662763466042234,0.07195746736640829,0.01980198019801971,0.022222222222222254,0.017857142857142905,0.016393442622950838,0.017094017094017144
897,0.0187353629976581,0.03617657895686177,-0.012230634828188647,-0.0033816425120772875,-0.017857142857142794,0.0,-0.008547008547008517
898,0.02312646370023408,0.01253488174150108,0.0,0.0,0.0,0.0,0.0
899,-0.022248243559718883,0.013500671376365347,-0.04620462046204621,-0.0608695652173914,-0.03571428571428581,-0.0491803278688524,-0.042735042735042694
900,0.008196721311475308,0.018811426408144927,-0.019607843137254832,-0.021739130434782594,-0.017857142857142794,-0.016393442622950727,-0.017094017094017033
901,0.04332552693208436,0.09342071928996265,0.019611576542269638,-0.004166666666666652,0.0357142857142857,-0.016393442622950838,0.008547008547008628
902,0.040398126463700224,0.08725087083384975,-0.008333333333333304,0.04336734693877553,-0.05357142857142849,0.06557377049180335,0.008547008547008517
903,0.012002341920374415,0.019713957961284834,-0.031538461538461515,0.0018939393939393367,-0.0535714285714286,0.016393442622950838,-0.017094017094017144
904,0.007025761124121899,0.011682860111316473,-0.05521706016755523,-0.030555555555555558,-0.0714285714285714,-0.016393442622950838,-0.042735042735042805
905,0.025468384074941453,0.039203557713800685,0.08882783882783873,0.08715986394557829,0.0892857142857143,0.06557377049180324,0.07692307692307687
906,0.01990632318501173,0.023473633394421656,0.010821446138711277,0.060175794455713305,-0.0357142857142857,0.08196721311475408,0.02564102564102566
907,0.043911007025761006,0.027132766732131053,0.03280542986425339,0.05344202898550732,0.017857142857142905,0.049180327868852514,0.03418803418803418
908,0.005269320843091285,0.037677472774517384,0.04419787332408687,0.030829353017802874,0.0535714285714286,0.016393442622950838,0.03418803418803418
909,0.011124121779859553,-0.013757162900727371,-0.08719232373800578,-0.014874141876430214,-0.125,0.016393442622950838,-0.05128205128205121
910,0.012880562060889944,0.01898788379555938,-0.005882352941176561,0.012845849802371467,-0.017857142857142905,0.016393442622950727,0.0
911,0.029859484777517542,0.014949493095948507,-0.014254385964912353,-0.005769230769230749,-0.017857142857142905,0.0,-0.008547008547008628
912,0.02195550351288056,0.0817525716573756,0.019733425653453263,0.04301886792452836,0.0,0.049180327868852514,0.02564102564102566
913,0.03366510538641676,0.08710739558790326,0.01869158878504673,0.019607843137254832,0.017857142857142794,0.016393442622950838,0.017094017094017033
914,0.05737704918032782,0.07908044105654777,0.032220738762794854,0.05002000800320128,0.017857142857142905,0.049180327868852514,0.03418803418803418
915,0.0714285714285714,0.08957553724440437,0.14173789173789164,0.11698717948717952,0.1607142857142857,0.08196721311475408,0.11965811965811968
916,-0.00936768149882905,0.016426602250725342,-0.011904761904761973,0.060559006211180044,-0.07142857142857151,0.09836065573770492,0.017094017094017144
917,-0.012002341920374748,0.012890068521995368,-0.027459056585270147,-0.06927263730826327,0.0,-0.06557377049180324,-0.03418803418803418
918,-0.0029274004683839117,0.03610429637127355,-0.0018506523549550735,0.04444444444444451,-0.0357142857142857,0.06557377049180324,0.017094017094017144
919,0.007903981264637094,0.017074624399328497,0.0239477503628448,0.008333333333333415,0.0357142857142857,0.0,0.017094017094017144
920,0.032786885245901676,0.07370625426264332,0.0,0.0,0.0,0.0,0.0
921,0.029859484777517542,0.046570431149420166,0.04192872117400426,0.027692307692307683,0.0535714285714286,0.016393442622950838,0.03418803418803418
922,-0.0011709601873537423,-0.0025790367547253723,-0.02103092783505145,-0.05654101995565408,0.0,-0.0491803278688524,-0.02564102564102566
923,-0.0032201405152224583,-0.004824947724676454,-0.004005340453938633,0.03081232492997199,-0.0357142857142857,0.0491803278688524,0.008547008547008628
924,0.0043911007025760895,0.0014787985780105872,-0.02564102564102566,0.01744186046511631,-0.0535714285714286,0.032786885245901676,-0.008547008547008517
925,0.014637002341920335,0.041627432893655,0.06497386109036596,0.07978723404255317,0.05357142857142849,0.06557377049180324,0.05982905982905984
926,0.038348946135831175,0.0632868880502595,0.055543867031348615,0.05574912891986061,0.05357142857142855,0.032786885245901676,0.042735042735042805
927,0.04391100702576112,0.07765268930107672,0.04415954415954415,0.07692307692307687,0.017857142857142905,0.08196721311475408,0.05128205128205121
928,0.0374707259953162,0.056361244100162966,0.06871739521496667,0.1337161607875308,0.017857142857142905,0.1311475409836066,0.07692307692307687
929,0.025761124121779777,0.06909806352227377,-0.015808918291949525,0.0492721164613662,-0.07142857142857151,0.09836065573770492,0.017094017094017033
930,-0.0014637002341920669,0.03150421231286782,0.018395503321410267,0.11020185488270595,-0.0357142857142857,0.09836065573770492,0.03418803418803418
931,0.032786885245901565,0.06301336904567112,0.018058252427184507,0.04497098646034825,0.0,0.0491803278688524,0.02564102564102566
932,0.04127634660421542,0.06261842605888146,0.055917986952469634,0.024242424242424176,0.0892857142857143,0.0,0.042735042735042694
933,0.029859484777517542,0.043716018548865865,-0.026666666666666616,0.012987012987012991,-0.0535714285714286,0.032786885245901676,-0.008547008547008517
934,0.020199063231850167,0.019088275952826916,0.026658335936686428,0.009075439591605172,0.0357142857142857,0.0,0.017094017094017033
935,0.025468384074941453,0.04190008780962973,0.01941747572815533,0.02127659574468077,0.017857142857142905,0.016393442622950727,0.017094017094017144
936,0.07318501170960179,0.07105537944317164,0.10526315789473684,0.1282051282051282,0.08928571428571425,0.08196721311475408,0.0854700854700855
937,0.02634660421545676,0.03716883526880688,0.01333333333333342,0.03359683794466406,0.0,0.032786885245901676,0.017094017094017033
938,-0.003512880562060894,0.07094512031723732,0.0,0.032558139534883734,-0.017857142857142905,0.032786885245901565,0.008547008547008517
939,-0.007318501170960112,-0.01391811098193374,-0.05714285714285716,-0.061224489795918435,-0.05357142857142849,-0.0491803278688524,-0.05128205128205132
940,0.004098360655737654,0.02315278593078207,-0.028971962616822444,0.03074866310160429,-0.0714285714285714,0.0491803278688524,-0.008547008547008517
941,0.01610070257611229,0.024252811355896187,-0.0210280373831776,0.014705882352941124,-0.0535714285714286,0.032786885245901676,-0.008547008547008517
942,0.03395784543325542,0.06488121782970424,0.0503300330033003,0.011111111111111183,0.0714285714285714,-0.016393442622950838,0.02564102564102566
943,-0.00995316159250581,0.0015153750973402325,0.02763605442176864,0.010714285714285676,0.0357142857142857,0.0,0.017094017094017033
944,-0.0043911007025759785,0.01956351950826407,-0.02010582010582007,-0.0007849293563579884,-0.0357142857142857,0.016393442622950838,-0.008547008547008517
945,0.01580796252927419,0.025606947692065063,-0.0049930651872399645,0.012592270950933515,-0.017857142857142794,0.016393442622950727,0.0
946,-0.01375878220140514,0.003262656086328808,-0.007390817469204891,-0.022267206477732837,0.0,-0.016393442622950838,-0.008547008547008517
947,0.03981264637002324,0.07087444975298884,0.04132727428620431,0.027007029226785106,0.0535714285714286,0.016393442622950838,0.03418803418803418
948,-0.02371194379391106,0.0032917936993879238,-0.05362144857943174,-0.022774327122153215,-0.0714285714285714,0.0,-0.03418803418803418
949,0.03073770491803285,0.0608803433163948,-0.0092592592592593,0.024038461538461564,-0.0357142857142857,0.032786885245901565,0.0
950,0.02956674473067933,0.06957552279843737,-0.028413028413028396,0.022727272727272707,-0.0714285714285714,0.049180327868852514,-0.008547008547008628
951,-0.00936768149882894,0.016537292253591795,-0.06061112038737693,-0.0094736842105263,-0.1071428571428572,0.016393442622950838,-0.042735042735042805
952,0.07201405152224827,0.07030395745784546,0.041100917431192596,0.12006861063464846,-0.017857142857142794,0.13114754098360648,0.05982905982905984
953,0.028688524590164022,0.056640591638887794,-0.01904761904761909,-0.020408163265306034,-0.017857142857142794,-0.016393442622950838,-0.017094017094017144
954,0.025175644028103017,0.030289604421775196,0.005714285714285672,-0.03803339517625226,0.03571428571428581,-0.049180327868852514,-0.008547008547008517
955,-0.00556206088992961,0.023052212306034492,-0.006917631917631839,-0.013961038961038952,0.0,-0.016393442622950838,-0.008547008547008517
956,0.0002927400468386576,0.05177784952089581,-0.006348086757185678,-0.014117647058823457,0.0,-0.016393442622950838,-0.008547008547008628
957,0.02371194379391106,0.005044477963364602,-0.0003284072249589709,0.07551020408163267,-0.0714285714285714,0.11475409836065575,0.02564102564102566
958,-0.0064402810304450275,-0.017608400535996327,0.007087628865979356,0.020121951219512102,0.0,0.016393442622950838,0.008547008547008517
959,0.00029274004683832455,0.03607376917029714,-0.06082474226804124,-0.03935698447893565,-0.0714285714285714,-0.016393442622950727,-0.042735042735042805
960,0.03278688524590134,0.08397279092520205,0.05366106975939078,0.03245283018867928,0.0714285714285714,0.016393442622950838,0.042735042735042694
961,0.026639344262294973,0.041545914975493425,0.04571428571428571,0.007421150278293154,0.07142857142857151,-0.016393442622950838,0.02564102564102566
962,0.024590163934426257,0.04611192830666844,0.005727762803234504,0.052142857142857046,-0.03571428571428581,0.06557377049180324,0.017094017094017033
963,0.03132318501170961,0.08167352667210437,0.05714285714285705,0.061224489795918435,0.0535714285714286,0.0491803278688524,0.05128205128205121
964,0.010245901639344246,0.042365052590106256,0.0013328255902512742,0.029166666666666674,-0.017857142857142794,0.032786885245901565,0.008547008547008517
965,0.04947306791569084,0.045523200891061655,0.047755102040816344,0.0357142857142857,0.0535714285714286,0.016393442622950838,0.03418803418803418
966,0.032786885245901676,0.03137824826400315,0.020000000000000018,0.022727272727272707,0.017857142857142905,0.016393442622950838,0.017094017094017033
967,0.021662763466042123,0.04421414721516015,0.05259299981674914,0.09846547314578002,0.017857142857142794,0.09836065573770492,0.05982905982905984
968,0.045960187353629944,0.02147488294251687,-0.015000000000000013,0.022727272727272707,-0.0357142857142857,0.032786885245901676,0.0
969,0.08489461358313821,0.11570512555257506,0.09354521625163836,0.11691374663072784,0.07142857142857151,0.11475409836065575,0.09401709401709402
970,-0.017271662763466034,0.004932312273067452,-0.06465705548274348,-0.09934539853677327,-0.0357142857142857,-0.09836065573770492,-0.06837606837606836
971,-0.0187353629976581,0.029368901797401037,0.0,0.0,0.0,0.0,0.0
972,0.007903981264636761,0.03651558998313309,-0.054611650485436924,0.005319148936170248,-0.0892857142857143,0.032786885245901676,-0.02564102564102566
973,0.012587822014051508,0.002174818612335483,-0.0019041024753331248,-0.0252830188679245,0.017857142857142905,-0.032786885245901676,-0.008547008547008517
974,0.027810304449648826,0.04880550362538394,0.029202279202279136,0.0657051282051282,0.0,0.06557377049180324,0.03418803418803418
975,-0.03922716627634659,-0.015842905562585496,-0.07976190476190481,-0.028061224489795977,-0.125,0.0,-0.05982905982905984
976,0.005269320843091285,0.037478450798414276,0.012508229098090795,0.07271557271557272,-0.017857142857142905,0.06557377049180324,0.02564102564102566
977,0.05942622950819676,0.08823307168369299,0.06150186884131836,0.07039187227866472,0.0535714285714286,0.06557377049180324,0.05982905982905984
978,0.009074941451990726,0.0429206326763264,-0.0058005800580057665,0.013953488372092981,-0.017857142857142905,0.016393442622950838,0.0
979,-0.007025761124121788,-0.005123543438452338,0.014216050913298695,0.029502572898799317,0.0,0.032786885245901676,0.017094017094017144
980,0.09338407494145173,0.09400103423717654,0.04755663733383253,0.13926325247079963,-0.017857142857142905,0.16393442622950827,0.07692307692307698
981,0.02195550351288056,0.06009009572466317,0.02640264026402639,0.03864734299516914,0.017857142857142905,0.032786885245901676,0.02564102564102566
982,0.012587822014051397,0.03177887455084771,-0.0039525691699604515,0.02730696798493404,-0.0357142857142857,0.0491803278688524,0.008547008547008517
983,0.04566744730679151,0.04488997818073326,0.029611844737895132,0.07660455486542439,0.0,0.06557377049180335,0.03418803418803418
984,0.005562060889929832,0.005775126243952933,-0.045882352941176485,-0.03260869565217395,-0.0535714285714286,-0.016393442622950838,-0.03418803418803418
985,0.019613583138173296,0.07556768737266883,0.03738317757009346,0.039215686274509776,0.03571428571428581,0.032786885245901565,0.03418803418803418
986,0.05005854800936771,0.03222865231359284,0.033333333333333326,0.10314685314685312,-0.017857142857142905,0.11475409836065564,0.05128205128205132
987,-0.009367681498829161,0.02349750760136704,-0.027128712871287153,-0.040909090909090895,-0.017857142857142794,-0.032786885245901676,-0.02564102564102566
988,0.016100702576112513,0.03097230506657367,0.03960396039603953,0.04444444444444451,0.0357142857142857,0.032786885245901676,0.03418803418803429
989,0.03307962529274011,0.06740887385505645,-0.036051212938005395,0.0035714285714285587,-0.0714285714285714,0.032786885245901565,-0.017094017094017144
990,0.016686182669789162,0.010629503802998985,0.07482993197278909,0.10952380952380958,0.05357142857142849,0.08196721311475408,0.06837606837606836
991,0.037177985948477765,0.05465351862509382,0.04302141157811257,0.11026422764227639,0.0,0.11475409836065575,0.05982905982905973
992,0.027224824355971955,0.03892141980751507,-0.010833333333333361,0.03409090909090906,-0.0357142857142857,0.032786885245901676,0.0
993,0.05942622950819665,0.0865541703570839,-0.03508771929824561,0.0017889087656529634,-0.0535714285714286,0.016393442622950727,-0.017094017094017144
994,-0.026346604215456648,0.019329157841350697,0.06266132621272802,0.051220488195278135,0.07142857142857151,0.032786885245901676,0.05128205128205132
995,0.07025761124121765,0.08071817601637488,0.04915195569401176,0.043740573152337925,0.0535714285714286,0.032786885245901676,0.042735042735042694
996,0.022248243559718994,0.07394210799326395,-0.006625891946992812,-0.014150943396226467,0.0,-0.016393442622950838,-0.008547008547008517
997,0.021662763466042234,0.04458911509925656,0.033333333333333326,0.08116883116883111,0.0,0.08196721311475408,0.042735042735042805
998,0.03366510538641687,0.07687194925097118,0.015095119933829615,0.13569819819819828,-0.0535714285714286,0.1311475409836066,0.042735042735042694
999,0.05298594847775184,0.07290985871106259,0.05295348462900373,0.08880936890045543,0.017857142857142794,0.09836065573770492,0.05982905982905984
1000,0.04683840749414514,0.07657953828420216,0.027380952380952395,0.07908163265306123,-0.017857142857142794,0.09836065573770492,0.042735042735042694
1001,0.035421545667447374,0.0604909432680778,0.004769475357710662,0.07707509881422925,-0.0535714285714286,0.09836065573770492,0.02564102564102555
1002,0.044789227166276424,0.053986388302894595,0.04155844155844157,0.006046863189720253,0.0714285714285714,-0.016393442622950838,0.02564102564102566
1003,0.00936768149882905,0.023120874061321905,0.03961165048543691,0.01740812379110246,0.0535714285714286,0.0,0.02564102564102566
1004,0.02810304449648704,0.03547647079077676,0.032296447390786964,0.06909090909090909,0.0,0.08196721311475408,0.042735042735042805
1005,0.012002341920374748,0.024651760481976148,0.012889968242107308,0.05555555555555558,-0.017857142857142905,0.06557377049180335,0.02564102564102566
1006,-0.02810304449648704,0.02779312082169727,-0.01941747572815533,-0.02127659574468077,-0.017857142857142905,-0.016393442622950838,-0.017094017094017144
1007,0.04859484777517564,0.05207977202723957,0.021443298969072155,-0.0044345898004434225,0.0357142857142857,-0.016393442622950838,0.008547008547008517
1008,0.045960187353629944,0.07394720413504496,0.12538461538461543,0.17613636363636365,0.0892857142857143,0.14754098360655743,0.11965811965811957
1009,-0.015222482435597096,0.013618244823454861,-0.02305194805194799,-0.009920634920634885,-0.0357142857142857,0.0,-0.017094017094017144
1010,0.033957845433255196,0.03298739730562572,-0.010884353741496655,0.054421768707483054,-0.0535714285714286,0.06557377049180324,0.008547008547008517
1011,-0.015807962529273967,0.02106229055215969,-0.03179594689028642,-0.048461538461538445,-0.017857142857142905,-0.049180327868852514,-0.03418803418803418
1012,-0.005269320843091507,0.03822340410075287,-0.02640264026402639,-0.03864734299516914,-0.017857142857142905,-0.032786885245901676,-0.02564102564102566
1013,0.037763466042154414,0.04724522394805086,-0.03483870967741942,0.03808353808353815,-0.0714285714285714,0.0491803278688524,-0.008547008547008517
1014,0.005269320843091285,-0.006056859330431985,-0.04957454679985196,-0.019130434782608674,-0.0714285714285714,0.0,-0.03418803418803418
1015,-0.007318501170960112,0.022965258150508983,0.0046953148923140064,0.04281842818428183,-0.017857142857142905,0.049180327868852514,0.017094017094017144
1016,-0.04361826697892268,-0.010257458898120353,-0.06666666666666665,-0.05731225296442688,-0.0714285714285714,-0.032786885245901676,-0.05128205128205132
1017,0.03864168618266983,0.10308931098955443,-0.021685761047463115,0.0646929824561403,-0.07142857142857145,0.09836065573770492,0.017094017094017033
1018,0.08782201405152223,0.08801291959480007,0.07476635514018692,0.07843137254901955,0.0714285714285714,0.06557377049180324,0.06837606837606836
1019,0.02371194379391095,0.014717989235566664,0.04332634521313772,0.03076923076923077,0.0535714285714286,0.016393442622950838,0.03418803418803418
1020,0.052693208430913296,0.08439272405512765,0.04769342913672814,0.03460011344299485,0.05357142857142849,0.016393442622950727,0.03418803418803429
1021,-0.008196721311475419,-0.0005202244202551221,-0.02571428571428569,-0.007575757575757569,-0.0357142857142857,0.0,-0.017094017094017144
1022,-0.0043911007025759785,0.019095528361474212,0.007499999999999951,0.05227272727272725,-0.017857142857142794,0.0491803278688524,0.017094017094017144
1023,0.006147540983606703,0.059946019183622634,-0.007381507381507335,0.035852713178294526,-0.0357142857142857,0.049180327868852514,0.008547008547008517
1024,0.05240046838407497,0.0592564255542416,0.032776138970829205,0.06747638326585703,0.0,0.08196721311475408,0.042735042735042694
1025,0.016393442622950727,0.04189284204966548,0.0,0.0,0.0,0.0,0.0
1026,-0.014051522248243575,0.029349900317379607,-0.033939393939393936,-0.029598308668076112,-0.0357142857142857,-0.016393442622950838,-0.02564102564102566
1027,0.036007025761124134,0.04104229603848242,0.02132895816242819,0.08203389830508478,-0.0357142857142857,0.11475409836065575,0.042735042735042805
1028,-0.012880562060890055,0.008627909556552238,-0.012637362637362592,-0.005527210884353817,-0.017857142857142905,0.0,-0.008547008547008517
1029,0.03337236533957855,0.09173757676285843,-0.02049622437971954,0.02209492635024546,-0.0535714285714286,0.032786885245901565,-0.008547008547008517
1030,0.029859484777517764,0.025987873848436482,-0.03402864558300489,-0.05721040189125293,-0.017857142857142905,-0.0491803278688524,-0.03418803418803418
1031,-0.013173302107728269,0.022089773854222172,0.005959819282899237,-0.011820330969267157,0.017857142857142905,-0.016393442622950838,0.0
1032,0.08928571428571408,0.09696692734485257,0.18095238095238098,0.12745098039215685,0.19642857142857145,0.0491803278688524,0.11965811965811957
1033,0.07377049180327866,0.06394492853724909,0.019607843137254832,0.05005055611729026,0.0,0.049180327868852514,0.02564102564102566
1034,0.04683840749414547,0.06776378657501358,0.05008865248226957,0.03815789473684217,0.0535714285714286,0.016393442622950727,0.03418803418803418
1035,0.0401053864168619,0.033635300034814075,0.05031446540880502,0.06769230769230772,0.0357142857142857,0.06557377049180324,0.05128205128205132
1036,0.0029274004683842447,0.02058393683079207,0.015743899239044845,0.07814313346228241,-0.0357142857142857,0.09836065573770492,0.03418803418803418
1037,0.01932084309133486,0.022771767468203197,-0.03313131313131312,-0.02748414376321362,-0.03571428571428581,-0.016393442622950838,-0.02564102564102555
1038,-0.04069086651053844,0.002106380215258441,-0.06600660066006603,-0.08309178743961354,-0.0535714285714286,-0.06557377049180324,-0.05982905982905984
1039,0.05474238875878212,0.06791108887068165,0.06672226855713093,0.061495457721872815,0.0714285714285714,0.0491803278688524,0.05982905982905984
1040,-0.0029274004683841337,-0.01079213300382098,-0.04440848615605897,-0.009410801963993465,-0.0714285714285714,0.016393442622950838,-0.02564102564102566
1041,0.017271662763466145,0.04323510039789569,0.020882945594431268,0.04851063829787228,0.0,0.0491803278688524,0.02564102564102566
1042,0.006733021077283463,0.028838077748484015,0.025889967637540368,0.06531420089064821,0.0,0.06557377049180335,0.03418803418803418
1043,0.018442622950819665,0.0535751693658284,0.02698505144632113,0.0400966183574879,0.017857142857142905,0.032786885245901676,0.02564102564102566
1044,0.05386416861826693,0.05688115792320225,0.08657047724750278,0.05739130434782602,0.1071428571428571,0.032786885245901565,0.06837606837606836
1045,-0.029859484777517542,-0.03339119140927005,0.0,0.0,0.0,0.0,0.0
1046,-0.012587822014051508,-0.02659587223036919,-0.012271062271062227,-0.0046768707482992555,-0.017857142857142905,0.0,-0.008547008547008517
1047,-0.007025761124121677,0.04879645130788568,0.006212385944476817,0.01545893719806768,0.0,0.016393442622950838,0.008547008547008517
1048,0.021077283372365363,0.037875464570550355,-0.02082474226804132,0.0060975609756097615,-0.0357142857142857,0.016393442622950838,-0.008547008547008628
1049,0.04596018735362983,0.042956124240329574,-0.023698523698523655,0.022286821705426396,-0.0535714285714286,0.032786885245901565,-0.008547008547008517
1050,0.060304449648711955,0.14242349990075842,0.07547169811320753,0.08000000000000007,0.0714285714285714,0.06557377049180335,0.06837606837606847
1051,-0.003512880562060894,0.035281717895434994,0.005185185185185182,-0.06118881118881114,0.0535714285714286,-0.08196721311475419,-0.017094017094017033
1052,0.08460187353629978,0.10806457558960603,0.08180708180708185,0.10772833723653397,0.0535714285714286,0.1311475409836066,0.09401709401709402
1053,0.008489461358313632,0.00104000779571356,-0.01346938775510198,-0.0357142857142857,0.0,-0.032786885245901565,-0.017094017094017033
1054,-0.012002341920374637,-0.0004014659005651122,0.0,0.0,0.0,0.0,0.0
1055,0.03688524590163933,0.05658611234344446,0.02468015606569285,0.05673758865248235,0.0,0.06557377049180324,0.03418803418803418
1056,0.009953161592505921,0.0009607417717908406,0.013852813852813894,0.05139833711262276,-0.017857142857142905,0.06557377049180324,0.02564102564102566
1057,0.043325526932084135,0.06368976140415183,0.04155844155844157,0.02910052910052907,0.0535714285714286,0.016393442622950838,0.03418803418803418
1058,0.05562060889929743,0.05224553631822493,0.0903583174658128,0.07018867924528305,0.1071428571428571,0.0491803278688524,0.07692307692307687
1059,-0.0043911007025760895,0.015586990575430448,0.0,0.0,0.0,0.0,0.0
1060,0.03307962529274011,0.04737477619066699,0.038651767723026254,0.06595744680851068,0.017857142857142905,0.06557377049180335,0.042735042735042805
1061,0.09660421545667441,0.08012975536937261,0.054982817869415834,0.05365853658536579,0.0535714285714286,0.032786885245901676,0.042735042735042805
1062,-0.009074941451990504,0.0052945972260202145,0.010525360675074813,-0.02252816020025039,0.0357142857142857,-0.032786885245901676,0.0
1063,-0.006147540983606481,0.015732103391470242,-0.005124390445491289,0.00857632933104624,-0.017857142857142905,0.016393442622950838,0.0
1064,0.06059718969555039,0.056901692654248714,-0.02215059095793037,-0.007547169811320753,-0.0357142857142857,0.0,-0.017094017094017144
1065,0.022248243559718883,0.07173136225044963,-0.01328310864393345,0.05132113821138218,-0.0535714285714286,0.06557377049180324,0.008547008547008517
1066,-0.02634660421545676,0.006438182914622725,0.03198653198653201,-0.048747763864043,0.08928571428571419,-0.06557377049180324,0.008547008547008517
1067,0.03688524590163933,0.062143852683131495,0.05491268672417415,0.05400696864111498,0.0535714285714286,0.032786885245901565,0.042735042735042694
1068,0.002634660421545698,0.06696761368981019,0.011692597831211793,-0.02267573696145131,0.0357142857142857,-0.032786885245901676,0.0
1069,0.025761124121779888,0.0626498196559444,0.06872852233676974,0.09268292682926838,0.05357142857142849,0.06557377049180324,0.05982905982905984
1070,0.03307962529274022,0.06487498055055962,0.05152394775036284,0.07166666666666666,0.0357142857142857,0.06557377049180335,0.05128205128205121
1071,0.0242974238875876,0.030858685468256097,0.04741290455576164,0.06533776301218164,0.0357142857142857,0.0491803278688524,0.042735042735042805
1072,0.02634660421545676,0.02833151443201165,0.004856988667026441,0.05701394585726005,-0.0357142857142857,0.08196721311475408,0.02564102564102566
1073,0.0840163934426229,0.08652416227663406,0.06822946445587963,0.14046511627906977,0.017857142857142794,0.1311475409836066,0.07692307692307687
1074,0.00936768149882894,0.011411579196173194,-0.03280542986425339,-0.05344202898550732,-0.017857142857142905,-0.049180327868852514,-0.03418803418803418
1075,0.031615925058548044,0.028847529918473724,0.039215686274509776,0.04347826086956519,0.0357142857142857,0.032786885245901565,0.03418803418803418
1076,0.022833723653395754,0.08564302841554017,0.023411686963088818,-0.04559963520291832,0.07142857142857151,-0.06557377049180324,0.0
1077,0.02312646370023408,0.06196384923549125,0.033102172907998106,0.053408597481545805,0.017857142857142905,0.0491803278688524,0.03418803418803418
1078,-0.02693208430913352,0.02908632722650384,-0.028554778554778504,0.01017441860465118,-0.0535714285714286,0.032786885245901676,-0.008547008547008628
1079,0.012002341920374748,0.020751986347308793,-0.020779220779220786,0.01814058956916098,-0.0535714285714286,0.032786885245901676,-0.008547008547008517
1080,0.0002927400468384356,0.03399648908739206,0.008281237314281098,0.03541873551804042,-0.017857142857142794,0.0491803278688524,0.017094017094017033
1081,0.0008782201405153067,0.010074434143067634,-0.0010309278350515427,-0.033813747228381374,0.017857142857142905,-0.032786885245901676,-0.008547008547008517
1082,0.04566744730679162,0.028964467053263387,0.007590132827324458,0.11985898942420681,-0.0535714285714286,0.09836065573770492,0.02564102564102566
1083,0.017271662763466145,0.039906721019566826,0.009167583425009118,0.06923076923076932,-0.0357142857142857,0.08196721311475408,0.02564102564102566
1084,0.04332552693208436,0.09112788879843536,0.0506715506715506,0.08079625292740045,0.017857142857142794,0.09836065573770492,0.05982905982905973
1085,0.01932084309133486,0.043443741042363815,0.028531801069942575,-0.012158054711246202,0.0535714285714286,-0.032786885245901676,0.008547008547008517
1086,0.016393442622950727,0.054079803816860283,-0.030750934420659237,-0.02503628447024664,-0.0357142857142857,-0.016393442622950838,-0.02564102564102555
1087,0.021955503512880448,0.028501102596968586,-0.04394153701084391,-0.08027210884353742,-0.017857142857142905,-0.08196721311475408,-0.05128205128205121
1088,0.04391100702576112,0.06292218102321212,0.0092592592592593,0.043269230769230727,-0.017857142857142905,0.0491803278688524,0.017094017094017144
1089,0.014637002341920446,0.030266125020329993,-0.01200480192076836,0.026915113871635588,-0.03571428571428581,0.032786885245901565,0.0
1090,-0.03805620608899296,-0.02390135787751868,0.01980198019801982,0.022222222222222254,0.017857142857142905,0.016393442622950727,0.017094017094017033
1091,0.003512880562061005,0.020450469154741913,0.02564102564102566,-0.01744186046511631,0.0535714285714286,-0.032786885245901676,0.008547008547008517
1092,0.03366510538641676,0.041193510404212264,-0.013465346534653477,-0.006060606060605989,-0.017857142857142905,0.0,-0.008547008547008517
1093,0.010538641686182681,0.0387370269687648,0.07770800627943486,0.029761904761904767,0.1071428571428572,0.0,0.05128205128205121
1094,0.04830210772833732,0.05318743891159439,0.031135531135531136,0.024659863945578286,0.0357142857142857,0.016393442622950727,0.02564102564102566
1095,0.0038056206088993294,0.026495133309672125,0.031622746185853035,0.04993486756404697,0.017857142857142794,0.0491803278688524,0.03418803418803418
1096,-0.00936768149882905,0.002220343077025788,0.0,0.0,0.0,0.0,0.0
1097,0.03629976580796246,0.030325063746459047,0.01309202926453601,0.08571428571428574,-0.0357142857142857,0.09836065573770492,0.03418803418803418
1098,0.02371194379391084,0.01945107477119079,-0.007132950267485727,0.03850050658561288,-0.0357142857142857,0.049180327868852514,0.008547008547008628
1099,0.02517564402810324,0.07506237005353711,-0.006756756756756799,0.04886363636363633,-0.0535714285714286,0.06557377049180324,0.008547008547008517
1100,0.010831381733021117,0.038568244618651826,-0.004818830506903904,0.08688021061869233,-0.0714285714285714,0.09836065573770492,0.017094017094017033
1101,-0.012002341920374526,0.029554883178239177,0.026912642430819256,0.007504690431519689,0.0357142857142857,0.0,0.017094017094017144
1102,0.024590163934426146,0.04481692450872854,0.02535446205170977,0.033542976939203384,0.017857142857142905,0.032786885245901676,0.02564102564102566
1103,0.05240046838407508,0.08845481034222191,0.05354449472096534,0.0778985507246377,0.0357142857142857,0.06557377049180324,0.05128205128205132
1104,0.011709601873536313,0.06556926629203697,-0.011814494798095598,-0.004313725490196041,-0.017857142857142905,0.0,-0.008547008547008628
1105,-0.0014637002341920669,0.04981631325956548,0.013377313542239366,0.054987212276214836,-0.017857142857142905,0.06557377049180335,0.02564102564102566
1106,0.030444964871194302,0.04632671993725579,-0.027272727272727337,0.054713804713804715,-0.0892857142857143,0.08196721311475408,0.0
1107,0.016100702576112402,0.061477322147296065,-0.02564102564102566,0.050000000000000044,-0.07142857142857151,0.06557377049180324,0.0
1108,0.0064402810304449165,0.043005747042114795,0.029501708940456894,0.0902378999179656,-0.017857142857142794,0.09836065573770492,0.042735042735042694
1109,0.06264637002341922,0.07089543330904835,0.050000000000000044,0.044642857142857095,0.0535714285714286,0.032786885245901676,0.042735042735042694
1110,0.011416861826697877,0.029162688731424913,0.013117699910152658,0.006938775510204165,0.017857142857142905,0.0,0.008547008547008517
1111,-0.002049180327868716,-0.007929013209897695,0.011859838274932644,0.004081632653061273,0.017857142857142905,0.0,0.008547008547008517
1112,0.04976580796252905,0.04079983761533634,-0.0344503601628563,0.0661299597469811,-0.0892857142857143,0.08196721311475408,0.0
1113,0.002634660421545809,0.03941191310851522,-0.017017017017016967,0.0034965034965034336,-0.0357142857142857,0.016393442622950838,-0.008547008547008628
1114,0.03571428571428581,0.06754565712803973,-0.04584304584304577,-0.005813953488372103,-0.07142857142857151,0.016393442622950838,-0.02564102564102566
1115,0.007318501170960001,0.03147639911490274,0.0037019153388057058,-0.028952504879635632,0.0357142857142857,-0.0491803278688524,-0.008547008547008628
1116,-0.005854800936768267,0.018731213332423557,-0.03159340659340659,0.021428571428571463,-0.05357142857142855,0.032786885245901565,-0.008547008547008517
1117,0.0029274004683840227,0.036590957918383404,-0.005043900616476749,0.0377777777777778,-0.0357142857142857,0.049180327868852514,0.008547008547008628
1118,0.013466042154566815,0.03582787718939717,-0.009910425004764578,0.05395348837209302,-0.0535714285714286,0.06557377049180324,0.008547008547008517
1119,-0.007611241217798437,0.0054970503271172255,0.0013986013986013734,0.04629629629629628,-0.0357142857142857,0.06557377049180324,0.017094017094017033
1120,0.005562060889929721,0.019449008565450288,-0.013894919669995676,0.03007518796992481,-0.0357142857142857,0.032786885245901676,0.0
1121,0.04683840749414525,0.06516634129942234,0.06301886792452838,0.12636363636363634,0.017857142857142794,0.11475409836065575,0.06837606837606836
1122,0.015222482435597318,0.059421061588873614,0.08127721335268512,0.06999999999999995,0.08928571428571419,0.0491803278688524,0.06837606837606836
1123,0.03571428571428581,0.099867213627294,-0.020618556701030855,-0.024390243902439046,-0.017857142857142905,-0.016393442622950838,-0.017094017094017033
1124,0.0032201405152224583,0.00048688211544223314,-0.03391608391608392,0.01157407407407407,-0.0714285714285714,0.032786885245901676,-0.017094017094017033
1125,0.03249414519906324,0.037140155132507124,0.02285714285714291,-0.02226345083487946,0.05357142857142849,-0.032786885245901565,0.008547008547008628
1126,0.008782201405152179,0.005064948819388682,0.02656621728786679,0.09654471544715448,-0.017857142857142794,0.09836065573770492,0.042735042735042805
1127,-0.01756440281030458,-0.01989860981294911,0.007834757834757844,0.040064102564102644,-0.017857142857142905,0.049180327868852514,0.017094017094017144
1128,0.031615925058548044,0.059148166829447235,-0.044871794871794934,0.029166666666666674,-0.0892857142857143,0.0491803278688524,-0.017094017094017144
1129,-0.026639344262294973,0.0019039169290452351,-0.01941747572815533,-0.02127659574468077,-0.017857142857142905,-0.016393442622950838,-0.017094017094017144
1130,0.015807962529273967,0.014546851170797348,-0.03219814241486074,0.03790412486064654,-0.07142857142857151,0.0491803278688524,-0.008547008547008517
1131,0.01375878220140514,0.049360221736757026,-0.08689458689458684,-0.0608974358974359,-0.1071428571428572,-0.032786885245901676,-0.06837606837606836
1132,0.006147540983606703,0.020971855684780327,-0.009618001996189118,-0.0454735085523571,0.017857142857142905,-0.0491803278688524,-0.017094017094017033
1133,0.04830210772833732,0.049327513796367684,0.07902554961378483,0.060161779575328644,0.0892857142857143,0.032786885245901565,0.05982905982905984
1134,-0.014051522248243353,-0.013716462024567333,-0.09160839160839163,-0.05092592592592593,-0.125,-0.016393442622950838,-0.06837606837606836
1135,0.0357142857142857,0.04612791009241557,-0.02613192995191005,-0.06007509386733412,0.0,-0.06557377049180335,-0.03418803418803429
1136,0.020199063231849945,0.0447381224358846,0.04207920792079212,0.07638888888888884,0.017857142857142905,0.06557377049180335,0.042735042735042694
1137,0.002634660421545587,-0.009394743030505581,-0.07307692307692315,-0.04734848484848486,-0.0892857142857143,-0.016393442622950838,-0.05128205128205132
1138,0.02049180327868838,0.04070358510657457,0.036655438874578894,0.09371833839918942,0.0,0.08196721311475408,0.042735042735042694
1139,0.032201405152224805,0.03582757888242838,-0.02119129438717071,0.07926829268292679,-0.0892857142857143,0.09836065573770492,0.008547008547008517
1140,0.046545667447306815,0.06690614228921965,-0.03226165313160523,0.09090909090909094,-0.08928571428571425,0.11475409836065575,0.017094017094017033
1141,0.051522248243559776,0.06893244772065477,0.044871794871794934,0.03170289855072472,0.0535714285714286,0.016393442622950838,0.03418803418803418
1142,0.052693208430913185,0.037989428624708665,0.02807017543859658,0.0461538461538461,0.017857142857142905,0.032786885245901676,0.02564102564102566
1143,0.014929742388758771,0.027833725185799185,0.05031446540880502,0.06769230769230772,0.0357142857142857,0.06557377049180324,0.05128205128205132
1144,0.0029274004683840227,0.043681813529663494,-0.04897196261682235,0.008021390374331583,-0.0892857142857143,0.032786885245901676,-0.02564102564102566
1145,0.04449648711943788,0.0415561853275036,0.05681502729712218,0.01176470588235301,0.0892857142857143,-0.016393442622950838,0.03418803418803429
1146,0.023419203747072515,0.04574544563562599,0.008109382366808027,0.044897959183673564,-0.017857142857142794,0.0491803278688524,0.017094017094017033
1147,0.0005854800936767601,0.04975001946804425,0.027663551401869158,-0.033868092691622165,0.0714285714285714,-0.0491803278688524,0.008547008547008628
1148,0.012880562060889833,0.020203674263190252,0.05222286934575804,0.048792270531401005,0.0535714285714286,0.032786885245901565,0.042735042735042694
1149,0.05825526932084313,0.07270693841179088,0.05449189985272462,0.05284552845528456,0.0535714285714286,0.032786885245901676,0.042735042735042694
1150,0.021077283372365474,0.047470466385372445,0.05999999999999994,0.06818181818181823,0.0535714285714286,0.0491803278688524,0.05128205128205132
1151,0.054742388758782234,0.06315899153747462,0.012039532794249741,0.004489795918367401,0.017857142857142794,0.0,0.008547008547008517
1152,-0.04566744730679151,-0.028334508031218064,-0.08124018838304559,-0.038690476190476164,-0.1071428571428571,0.0,-0.05128205128205132
1153,0.05415690866510536,0.05384445755711065,0.013951734539969785,0.03351449275362317,0.0,0.032786885245901565,0.017094017094017033
1154,0.07991803278688514,0.06621593690458005,0.03653355989804585,0.057734204793028376,0.017857142857142905,0.06557377049180324,0.042735042735042694
1155,0.015807962529274078,0.041991917200552065,-0.04681872749099636,-0.09213250517598348,-0.017857142857142794,-0.08196721311475408,-0.05128205128205132
1156,0.01873536299765821,0.05946570569999876,0.013842160915120583,0.03404255319148941,0.0,0.032786885245901565,0.017094017094017033
1157,0.051522248243559665,0.04375832261508528,0.019130434782608674,0.1262626262626262,-0.03571428571428581,0.09836065573770492,0.03418803418803418
1158,0.012880562060890055,0.019283207184448425,0.004806408544726248,-0.011604641856742703,0.017857142857142905,-0.016393442622950838,0.0
1159,0.04859484777517553,0.07061197487840276,0.04517927520907428,0.03167848699763598,0.0535714285714286,0.016393442622950838,0.03418803418803418
1160,0.016100702576112513,0.05540315125844053,-0.04086494410848451,0.0004262574595055302,-0.0714285714285714,0.016393442622950727,-0.02564102564102566
1161,0.02956674473067933,0.07429013519882388,0.04432576769025365,0.032412965186074505,0.0535714285714286,0.016393442622950727,0.03418803418803418
1162,0.07435597189695564,0.08528973113352334,0.0740053597196455,0.07475083056478404,0.0714285714285714,0.049180327868852514,0.05982905982905984
1163,0.02634660421545676,0.030069931495065205,0.015256588072122046,0.06737588652482274,-0.017857142857142905,0.06557377049180324,0.02564102564102555
1164,0.0038056206088992184,0.011472161468553455,0.0212825020819839,0.0745098039215687,-0.017857142857142794,0.08196721311475408,0.03418803418803418
1165,0.011124121779859442,0.04049610910198198,-0.06459675093722961,-0.05295508274231675,-0.07142857142857151,-0.032786885245901565,-0.05128205128205132
1166,0.07142857142857151,0.09446256493883265,0.1428571428571429,0.16666666666666663,0.125,0.11475409836065575,0.11965811965811968
1167,0.02429742388758782,0.028931967515683166,0.014401440144014455,0.037209302325581395,0.0,0.032786885245901676,0.017094017094017144
1168,0.044496487119437766,0.09792192220112783,0.019607843137254943,-0.0065722952477249574,0.0357142857142857,-0.016393442622950838,0.008547008547008517
1169,-0.005269320843091174,0.02727653172592137,-0.013960481099656308,-0.005487804878048785,-0.017857142857142794,0.0,-0.008547008547008517
1170,-0.014637002341920557,-0.0006711183184258118,0.004542278127183774,-0.011538461538461608,0.017857142857142794,-0.016393442622950838,0.0
1171,0.05122950819672145,0.05081350626847181,0.0942084942084942,0.14137291280148423,0.05357142857142849,0.14754098360655743,0.10256410256410264
1172,0.03132318501170972,0.06719061916347457,0.01237388159147157,0.004162812210915745,0.017857142857142905,0.0,0.008547008547008628
1173,0.060304449648711955,0.0789361145445453,0.0060606060606061,0.015856236786469413,0.0,0.016393442622950838,0.008547008547008517
1174,0.043325526932084246,0.06104995041839767,0.06585275619681841,0.10608695652173916,0.0357142857142857,0.09836065573770492,0.06837606837606836
1175,0.04244730679156916,0.07218382192958905,-0.009569377990430561,0.016602809706257937,-0.0357142857142857,0.032786885245901565,0.0
1176,0.007025761124121677,0.016828146134735045,0.001680672268907557,0.028837622005323915,-0.017857142857142905,0.032786885245901565,0.008547008547008517
1177,0.007318501170960112,0.011482992272218162,0.0,0.0,0.0,0.0,0.0
1178,0.009660421545667375,0.06532167163063851,0.007257036383249926,0.04601682335477486,-0.017857142857142905,0.0491803278688524,0.017094017094017144
1179,-0.00029274004683832455,0.016674919861973225,0.0004123711340205949,0.03215077605321515,-0.017857142857142794,0.032786885245901565,0.008547008547008628
1180,0.01697892271662771,0.03496252061576155,-0.07407407407407407,0.03076923076923077,-0.1428571428571429,0.06557377049180324,-0.03418803418803418
1181,-0.011709601873536424,-0.007102261677038868,-0.08049935428325439,0.011111111111111183,-0.125,0.032786885245901676,-0.042735042735042805
1182,0.007903981264637094,0.03551471789800709,0.05942028985507242,0.10947712418300648,0.0357142857142857,0.06557377049180324,0.05128205128205121
1183,0.050351288056206145,0.12413171315759697,0.057336508518043505,0.03787234042553189,0.0714285714285714,0.016393442622950838,0.042735042735042694
1184,0.031030444964871062,0.025977007557780096,-0.00924944599672417,0.0841702534672405,-0.07142857142857151,0.09836065573770492,0.017094017094017033
1185,0.036592505854800894,0.07262305234591826,0.01655081098973843,0.07310344827586213,-0.0357142857142857,0.09836065573770492,0.03418803418803418
1186,0.011124121779859442,6.178610448404065e-05,-0.01980198019801982,-0.022222222222222254,-0.017857142857142905,-0.016393442622950838,-0.017094017094017033
1187,0.016100702576112513,0.0014963256253468504,0.01423267326732669,0.06944444444444442,-0.017857142857142794,0.06557377049180324,0.02564102564102566
1188,0.03571428571428581,0.0479880972573854,-0.008879023307436285,0.02782608695652178,-0.0357142857142857,0.032786885245901676,0.0
1189,-0.04069086651053866,-0.011143069030814412,-0.040824742268041336,-0.016629711751662946,-0.05357142857142849,0.0,-0.02564102564102566
1190,0.027224824355971844,0.06351913589180447,0.019570707070707072,0.05406976744186054,0.0,0.0491803278688524,0.02564102564102566
1191,-0.016686182669789162,0.04175363149160849,-0.04523809523809519,0.026530612244897944,-0.0892857142857143,0.06557377049180324,-0.008547008547008517
1192,0.05240046838407486,0.07205026220005684,0.11291379875450669,0.08130904183535759,0.1428571428571429,0.0491803278688524,0.09401709401709402
1193,0.027224824355971844,0.07489840210104937,0.025091575091575002,0.034438775510204134,0.017857142857142905,0.032786885245901565,0.02564102564102566
1194,-0.006147540983606703,0.014502633361059392,-0.03508771929824561,-0.06860706860706856,-0.017857142857142905,-0.049180327868852514,-0.03418803418803429
1195,-0.02312646370023419,-0.014673866180430761,-0.02030947775628633,0.06907894736842102,-0.0535714285714286,0.0491803278688524,0.0
1196,0.04244730679156916,0.048149009919849384,-0.028484054172127626,0.001925298421255217,-0.05357142857142849,0.016393442622950838,-0.017094017094017144
1197,-0.007025761124121788,-0.014471468914725838,0.025187656380316947,0.03319357092941999,0.017857142857142905,0.032786885245901676,0.02564102564102566
1198,0.004683840749414525,0.04264106550706959,0.020412371134020613,0.054878048780487854,0.0,0.0491803278688524,0.02564102564102566
1199,-0.035421545667447374,-0.017854440385981385,0.039233829925048536,-0.005228758169934622,0.07142857142857151,-0.032786885245901676,0.017094017094017033
1200,0.022833723653395754,0.027862093294064527,0.021419277349614574,0.08458744161909704,-0.017857142857142905,0.08196721311475408,0.03418803418803418
1201,0.0014637002341919558,0.016580683298817567,-0.017366946778711534,0.00842945874001777,-0.0357142857142857,0.016393442622950727,-0.008547008547008628
1202,-0.03805620608899285,0.03170148759678404,-0.022267206477732837,0.0608974358974359,-0.0714285714285714,0.08196721311475408,0.008547008547008517
1203,0.008489461358313743,0.029419026732934728,0.01327742837176793,0.029230769230769282,0.0,0.032786885245901676,0.017094017094017144
1204,0.06235362997658078,0.07593573549100852,0.07606846161545389,0.13907628437986508,0.0357142857142857,0.1311475409836066,0.08547008547008539
1205,0.05562060889929743,0.08186592946112758,0.0526111434672879,0.049758454106280214,0.0535714285714286,0.032786885245901676,0.042735042735042694
1206,0.0143442622950819,0.013735733773686976,0.0008592910848550517,0.03663003663003661,-0.017857142857142794,0.032786885245901676,0.008547008547008517
1207,0.0187353629976581,0.02212495750615473,-0.11929824561403501,-0.02564102564102566,-0.1785714285714286,0.0491803278688524,-0.05982905982905984
1208,-0.04361826697892257,-0.014225507269871929,-0.020193340494092382,0.01098901098901095,-0.0357142857142857,0.016393442622950838,-0.008547008547008517
1209,-0.002049180327868938,0.011140271185069883,-0.021553398058252404,-0.053675048355899424,0.0,-0.0491803278688524,-0.02564102564102566
1210,0.02751756440281028,0.027434031905200884,-0.017857142857142905,0.044642857142857095,-0.07142857142857151,0.06557377049180324,0.0
1211,0.03395784543325531,0.07678007017484967,0.02747474747474754,0.04228329809725151,0.017857142857142794,0.032786885245901676,0.02564102564102566
1212,0.033957845433255196,0.07684533818258732,0.052249637155297624,0.07333333333333336,0.0357142857142857,0.06557377049180324,0.05128205128205121
1213,-0.036592505854800894,5.601169196123301e-05,-0.033469387755102,-0.058441558441558406,-0.017857142857142905,-0.0491803278688524,-0.03418803418803418
1214,-0.02985948477751743,0.03257989418069207,-0.013201320132013139,-0.005797101449275366,-0.017857142857142794,0.0,-0.008547008547008628
1215,0.032786885245901676,0.035545295432234614,0.03868471953578334,0.11015911872705009,0.0,0.08196721311475408,0.042735042735042694
1216,0.03688524590163933,0.07599703754981746,-0.04042553191489362,0.020334928229665095,-0.0714285714285714,0.032786885245901676,-0.017094017094017144
1217,-0.002049180327868938,0.03822706173189716,0.01232262882748314,0.004432624113475114,0.017857142857142905,0.0,0.008547008547008517
1218,-0.01200234192037486,0.0044841271507946034,-0.01980198019801982,-0.022222222222222254,-0.017857142857142794,-0.016393442622950838,-0.017094017094017144
1219,0.04654566744730704,0.053633172681351926,-0.024762361210959427,0.04018000642880104,-0.0892857142857143,0.08196721311475408,0.0
1220,0.010831381733021117,0.030109120846838477,0.0212885154061625,0.05057675244010651,0.0,0.0491803278688524,0.02564102564102566
1221,-0.029566744730679217,-0.03079946043133297,-0.07490006311803077,-0.07665505226480829,-0.07142857142857151,-0.049180327868852514,-0.05982905982905984
1222,0.037177985948477654,0.04049490225915375,0.01904761904761898,0.020408163265306145,0.017857142857142905,0.016393442622950838,0.017094017094017033
1223,-0.0029274004683840227,0.019280991991061258,-0.008041580857114816,-0.04799604156358239,0.017857142857142905,-0.0491803278688524,-0.017094017094017033
1224,-0.015807962529273967,-0.010552101161089622,-0.03500000000000003,0.0,-0.0535714285714286,0.016393442622950838,-0.017094017094017144
1225,0.00556206088992961,0.0037993023931409686,0.0,0.0,0.0,0.0,0.0
1226,0.026053864168618213,0.06273598071609765,0.01999238385376989,0.04861111111111116,0.0,0.049180327868852514,0.02564102564102566
1227,-0.018442622950819665,0.0445849822186839,0.06491528650295075,0.08001850138760414,0.0535714285714286,0.06557377049180335,0.05982905982905984
1228,0.07728337236533955,0.10106147423473888,0.09182682974179768,0.0932367149758454,0.0892857142857143,0.06557377049180324,0.07692307692307687
1229,-0.00029274004683832455,0.008369603899600397,0.0034632034632035014,-0.034769463340891926,0.0357142857142857,-0.049180327868852514,-0.008547008547008517
1230,0.016393442622950838,0.06474702819965417,-0.04524886877828049,-0.03260869565217395,-0.0535714285714286,-0.016393442622950838,-0.03418803418803418
1231,-0.011416861826697877,0.01602891277287466,-0.07051648561082513,-0.015813953488372112,-0.1071428571428572,0.016393442622950838,-0.042735042735042805
1232,0.004683840749414525,0.013532186192387274,-0.018350515463917527,0.012749445676274895,-0.0357142857142857,0.016393442622950838,-0.008547008547008517
1233,0.017271662763466034,0.03010062321057949,0.041886792452830224,0.10090909090909095,0.0,0.09836065573770492,0.05128205128205132
1234,-0.01932084309133497,0.01043173152886434,0.02020202020202022,-0.009302325581395432,0.0357142857142857,-0.016393442622950838,0.008547008547008628
1235,0.002049180327868716,0.0017949588232251124,0.0018192844147968401,-0.0546129374337222,0.0357142857142857,-0.049180327868852514,-0.008547008547008628
1236,0.05298594847775173,0.03825885137987972,0.046122448979591835,0.031385281385281405,0.0535714285714286,0.016393442622950838,0.03418803418803418
1237,0.03249414519906302,0.04989197299606207,0.05648457822370867,0.043345373714920865,0.0714285714285714,0.032786885245901676,0.05128205128205132
1238,-0.016100702576112402,-0.0015398936931223517,0.07777777777777783,0.012237762237762295,0.125,-0.016393442622950727,0.05128205128205121
1239,0.029859484777517542,0.003521987241554725,0.0788271134805788,0.11388888888888882,0.0535714285714286,0.09836065573770492,0.07692307692307698
1240,-0.018442622950819665,-0.024372503472276708,0.06038834951456307,0.09622823984526119,0.0357142857142857,0.08196721311475408,0.05982905982905984
1241,0.05386416861826693,0.05415437323629424,0.07601199400299852,0.07994350282485874,0.0714285714285714,0.08196721311475408,0.07692307692307687
1242,-0.010831381733021228,0.025890267378701926,0.04853951890034369,0.06951219512195117,0.0357142857142857,0.049180327868852514,0.042735042735042694
1243,0.024004683840749386,0.037867413064993416,-0.008521303258145374,0.060872624912033824,-0.07142857142857151,0.08196721311475408,0.008547008547008628
1244,0.040983606557377095,0.04796456465077603,0.0503663003663003,0.045493197278911546,0.0535714285714286,0.032786885245901565,0.042735042735042694
1245,-0.02810304449648704,-0.0013991666624008081,-0.020168067226890796,-0.0479148181011535,0.0,-0.049180327868852514,-0.02564102564102566
1246,0.05386416861826693,0.06356821224799458,-0.01199083054135075,-0.004705882352941115,-0.017857142857142794,0.0,-0.008547008547008517
1247,0.02312646370023419,0.04413922484504407,0.021281464530892413,0.06623931623931634,0.0,0.049180327868852514,0.02564102564102566
1248,0.037177985948477765,0.0355443522462805,0.014175257731958713,0.0060975609756097615,0.017857142857142905,0.0,0.008547008547008517
1249,0.026639344262295084,0.07313742260938039,0.0008007206485837193,0.0601971977166581,-0.0357142857142857,0.06557377049180324,0.017094017094017144
1250,0.010831381733021006,0.03200973671709484,-0.024005864027854096,0.01577152600170506,-0.0535714285714286,0.032786885245901676,-0.008547008547008628
1251,0.08167447306791564,0.08455726681944464,0.040412204485754666,0.07619047619047625,0.017857142857142794,0.06557377049180324,0.042735042735042805
1252,0.035421545667447374,0.02540543380636784,0.006732673267326739,0.01717171717171717,0.0,0.016393442622950838,0.008547008547008517
1253,0.04332552693208436,0.07094620370181792,-0.04516584333098095,-0.012578616352201255,-0.07142857142857151,0.016393442622950838,-0.02564102564102566
1254,0.029274004683840782,0.04363832388635669,0.08161102278749333,0.16047430830039522,0.017857142857142905,0.16393442622950816,0.09401709401709402
1255,0.012295081967213073,0.04678760452875108,0.03168498168498168,0.02593537414965985,0.0357142857142857,0.016393442622950838,0.02564102564102566
1256,0.015222482435597318,0.022786695848630578,-0.004193849021435159,0.025757575757575757,-0.0357142857142857,0.049180327868852514,0.008547008547008517
1257,0.07201405152224827,0.07017124684006004,0.03353535353535353,0.02854122621564481,0.0357142857142857,0.016393442622950838,0.02564102564102566
1258,-0.033957845433255196,-0.016414968106044148,-0.006102635228848796,0.009986973512809305,-0.017857142857142905,0.016393442622950838,0.0
1259,0.029274004683840782,0.03337767948691095,0.044494720965309154,0.030797101449275277,0.0535714285714286,0.016393442622950838,0.03418803418803418
1260,0.02371194379391095,0.03114619052349077,0.03347202958853446,0.05427702996092054,0.017857142857142794,0.0491803278688524,0.03418803418803418
1261,0.01990632318501173,0.01648585347311371,0.05288950531668979,0.07555362570560142,0.0357142857142857,0.06557377049180324,0.05128205128205132
1262,0.03395784543325531,0.03351690665119067,0.09400940094009402,0.12713178294573646,0.0714285714285714,0.09836065573770492,0.0854700854700855
1263,0.01492974238875866,0.04156552338946551,-0.012944983818770295,-0.005550416281221104,-0.017857142857142905,0.0,-0.008547008547008517
1264,0.08313817330210771,0.09442474987717375,0.05882352941176472,0.06521739130434778,0.05357142857142849,0.049180327868852514,0.05128205128205132
1265,-0.006147540983606481,0.012968836343671852,0.011023782790650194,-0.03143631436314365,0.0357142857142857,-0.032786885245901676,0.0
1266,0.017271662763466034,0.04372056844891037,0.04317851959361396,0.029166666666666674,0.0535714285714286,0.016393442622950838,0.03418803418803418
1267,0.020491803278688603,0.02349222695703823,0.0,0.0,0.0,0.0,0.0
1268,0.03161592505854782,0.013424825694675624,0.05714285714285705,0.061224489795918435,0.0535714285714286,0.0491803278688524,0.05128205128205121
1269,0.03512880562060894,0.07695905895910149,0.029611844737895132,0.07660455486542439,0.0,0.06557377049180335,0.03418803418803418
1270,0.015807962529273967,0.025603522638720677,0.0,0.028311425682507663,-0.017857142857142794,0.032786885245901676,0.008547008547008517
1271,0.007025761124121788,0.027971254007224777,-0.06460723742277141,-0.011820330969267157,-0.1071428571428571,0.016393442622950838,-0.042735042735042694
1272,0.002634660421545809,0.048987972560067705,-0.03803423080772694,0.01764400622729634,-0.0714285714285714,0.032786885245901565,-0.017094017094017033
1273,0.050351288056206145,0.06364615882466562,0.04747474747474756,0.06501057082452433,0.0357142857142857,0.049180327868852514,0.042735042735042694
1274,0.05854800936768145,0.06737408449593041,0.06446886446886446,0.07823129251700689,0.0535714285714286,0.06557377049180324,0.05982905982905973
1275,0.03542154566744726,0.040335386284807706,0.007092198581560294,0.11969439728353137,-0.0357142857142857,0.08196721311475408,0.02564102564102566
1276,0.03307962529274022,0.054529920221486394,-0.02109341368919504,0.07777777777777783,-0.0714285714285714,0.08196721311475408,0.008547008547008517
1277,0.05357142857142849,0.07353065362375788,0.05436203997758271,0.10444444444444445,0.017857142857142905,0.09836065573770492,0.05982905982905984
1278,0.013466042154566815,0.03696724603809065,-0.01980198019801971,-0.022222222222222254,-0.017857142857142905,-0.016393442622950838,-0.017094017094017144
1279,0.02429742388758771,0.006621593677160531,-0.020618556701030855,-0.024390243902439046,-0.017857142857142794,-0.016393442622950838,-0.017094017094017144
1280,0.04859484777517553,0.054014197648489914,-0.006666666666666599,0.05769230769230771,-0.0535714285714286,0.08196721311475408,0.017094017094017144
1281,-0.04449648711943799,-0.014602263385637082,-0.0687777878595408,-0.04130162703379214,-0.0892857142857143,-0.016393442622950838,-0.05128205128205132
1282,0.0014637002341921779,0.03858231543602508,-0.02619047619047621,-0.036989795918367374,-0.017857142857142794,-0.032786885245901565,-0.02564102564102566
1283,0.02312646370023419,0.022896204331647296,-0.028461538461538427,0.009469696969697017,-0.05357142857142849,0.016393442622950838,-0.017094017094017144
1284,0.02371194379391106,0.033211430025578026,0.0161904761904762,0.06539888682745831,-0.017857142857142905,0.06557377049180324,0.02564102564102566
1285,0.047716627634660336,0.05342868908818166,0.06788926115323579,0.06313725490196076,0.07142857142857151,0.0491803278688524,0.05982905982905984
1286,-0.00819672131147553,-0.02838795835123087,-0.09024503005085527,-0.11463308727746413,-0.07142857142857151,-0.09836065573770492,-0.0854700854700855
1287,0.010245901639344135,0.055099418964440816,-0.002020202020202033,0.09173126614987082,-0.0714285714285714,0.11475409836065575,0.02564102564102566
1288,-0.005562060889929832,0.013676588944627976,-0.025469981807155873,0.022269353128313907,-0.0535714285714286,0.032786885245901565,-0.008547008547008517
1289,-0.025761124121779888,0.012363826943008749,0.061855670103092786,0.07317073170731703,0.0535714285714286,0.049180327868852514,0.05128205128205121
1290,0.03805620608899307,0.03258630627188541,0.0035714285714285587,0.0948979591836735,-0.0535714285714286,0.09836065573770492,0.02564102564102555
1291,0.030737704918032738,0.10257596944720104,0.020168067226890796,0.0479148181011535,0.0,0.049180327868852514,0.02564102564102566
1292,0.05591334894613598,0.11009019605084691,0.034782608695652195,0.03389830508474578,0.0357142857142857,0.032786885245901676,0.03418803418803418
1293,0.0005854800936766491,0.05149745579958265,-0.039215686274509776,-0.04347826086956519,-0.0357142857142857,-0.032786885245901565,-0.03418803418803418
1294,0.03922716627634659,0.0644905829753073,0.0015533980582523865,0.030947775628626717,-0.017857142857142794,0.032786885245901565,0.008547008547008517
1295,0.019028103044496314,0.0410135133410332,-0.023376623376623384,0.012471655328798237,-0.05357142857142849,0.032786885245901676,-0.008547008547008517
1296,0.013466042154566704,0.007990105566931804,0.009618001996189118,0.0454735085523571,-0.017857142857142905,0.0491803278688524,0.017094017094017033
1297,0.03425058548009374,0.05767556222261827,0.04289215686274506,0.11413043478260865,0.0,0.09836065573770492,0.05128205128205132
1298,0.03951990632318492,0.09388390531064983,0.023060796645702264,0.007692307692307665,0.0357142857142857,0.0,0.017094017094017033
1299,0.01756440281030447,0.04359937861467733,0.0,0.0,0.0,0.0,0.0
1300,-0.03073770491803296,-0.0017645717708386632,-0.013026487190620939,0.032581453634085156,-0.0357142857142857,0.032786885245901676,0.0
1301,0.020199063231850167,0.04102842183415567,0.014891024773250328,0.12457912457912457,-0.01785714285714285,0.08196721311475419,0.03418803418803418
1302,0.02751756440281028,0.06461251628698161,-0.0061683599419447566,0.009166666666666656,-0.017857142857142905,0.016393442622950838,0.0
1303,-0.021662763466042012,-0.0015659587041890743,-0.06091455273698265,-0.029761904761904767,-0.0892857142857143,0.0,-0.042735042735042805
1304,0.04186182669789218,0.08441646951602033,0.10394060536836103,0.12303422756706761,0.0892857142857143,0.09836065573770492,0.09401709401709402
1305,-0.02107728337236514,-0.002958491441076405,-0.05598845598845603,-0.0052206929283341585,-0.0892857142857143,0.016393442622950727,-0.03418803418803418
1306,0.030444964871194413,0.03075423145487821,-0.05449189985272462,-0.05284552845528456,-0.0535714285714286,-0.032786885245901676,-0.042735042735042694
1307,0.03307962529274011,0.08053331171002587,-0.04390420899854852,-0.03083333333333338,-0.0535714285714286,-0.016393442622950838,-0.03418803418803418
1308,-0.009660421545667486,0.0035728831192227695,-0.01834862385321101,-0.018867924528301994,-0.017857142857142905,-0.016393442622950838,-0.017094017094017033
1309,-0.02371194379391106,-0.01709227242206124,0.0017825311942959443,0.0328614762386249,-0.017857142857142794,0.032786885245901676,0.008547008547008628
1310,0.006147540983606592,0.05038470245009741,0.006884377758164195,0.05949566587864452,-0.0357142857142857,0.08196721311475408,0.02564102564102566
1311,0.032786885245901676,0.029560662011252292,-0.03188405797101446,-0.016339869281045694,-0.035714285714285754,0.0,-0.017094017094017033
1312,0.02195550351288078,0.04741128707453979,-0.025020850708924125,0.06362439666520403,-0.08928571428571419,0.08196721311475408,0.0
1313,0.016978922716627598,0.050412170503770115,0.06732433367947388,0.06221719457013575,0.07142857142857151,0.0491803278688524,0.05982905982905984
1314,0.015222482435597096,-0.0056362812140687835,0.007978723404255317,-0.013157894736842146,0.017857142857142794,-0.016393442622950727,0.0
1315,0.0029274004683841337,0.04527606287590069,0.008663366336633671,-0.03888888888888886,0.0357142857142857,-0.049180327868852514,-0.008547008547008517
1316,0.013466042154566704,0.04512009214443724,0.025745018515253126,0.03529411764705892,0.017857142857142905,0.032786885245901676,0.02564102564102566
1317,0.06235362997658056,0.05867087197954901,0.08216503992901503,0.2094430992736077,-0.017857142857142794,0.2622950819672131,0.1282051282051282
1318,-0.011416861826697766,0.006699090866231439,-0.022061855670103103,0.0027716186252770836,-0.0357142857142857,0.016393442622950838,-0.008547008547008628
1319,0.03073770491803285,0.03392191720073201,0.04456424079065591,0.05551020408163265,0.0357142857142857,0.049180327868852514,0.042735042735042694
1320,0.054156908665105474,0.04437198469142578,0.10384615384615381,0.14962121212121204,0.0714285714285714,0.13114754098360648,0.10256410256410253
1321,-0.015807962529273967,-0.029325698094747388,0.02545787545787548,0.03528911564625847,0.017857142857142905,0.032786885245901676,0.02564102564102566
1322,0.029859484777517653,0.022343812683829456,0.014801480148014856,0.038242894056847554,0.0,0.032786885245901676,0.017094017094017033
1323,0.0418618266978924,0.008051093274407117,-0.012578616352201255,0.019130434782608674,-0.03571428571428581,0.032786885245901676,0.0
1324,0.004098360655737654,0.0049004051440487695,0.020206102242877444,-0.006349206349206327,0.0357142857142857,-0.016393442622950838,0.008547008547008517
1325,0.005269320843091285,0.05490567798561086,-0.017872635779975776,0.06750572082379869,-0.0892857142857143,0.09836065573770492,0.008547008547008517
1326,0.010538641686182681,0.02978046229510478,0.03975087012273315,0.0685106382978723,0.017857142857142905,0.06557377049180324,0.042735042735042805
1327,0.028981264637002124,0.08008022189190511,0.004940014114326097,-0.03301886792452835,0.0357142857142857,-0.049180327868852514,-0.008547008547008517
1328,-0.011124121779859553,-0.0034477968008234106,0.0043980208905991525,-0.037510656436487655,0.0357142857142857,-0.049180327868852514,-0.008547008547008517
1329,0.019613583138173296,0.04499202645552147,0.0074509803921568585,-0.008893280632411127,0.017857142857142794,-0.016393442622950838,0.0
1330,0.050351288056206145,0.07544985030638607,0.032300224047796866,0.02703900709219853,0.0357142857142857,0.016393442622950838,0.02564102564102566
1331,0.0043911007025762006,0.031684910069646244,0.0,0.0,0.0,0.0,0.0
1332,0.0357142857142857,0.05924790067972008,0.025520110957004127,0.011289622231871466,0.03571428571428581,0.0,0.017094017094017144
1333,0.02751756440281039,0.04190556765837128,0.07267326732673263,0.07222222222222219,0.0714285714285714,0.0491803278688524,0.05982905982905984
1334,-0.012002341920374748,-0.004373471085613478,0.028484054172127626,-0.001925298421255217,0.05357142857142849,-0.016393442622950838,0.017094017094017144
1335,0.022248243559718994,0.04797518698411862,0.018676277850589784,0.03840970350404305,0.0,0.0491803278688524,0.02564102564102566
1336,0.08255269320843084,0.09167233911324513,0.06190476190476191,0.020871985157699502,0.0892857142857143,0.0,0.042735042735042694
1337,0.0038056206088992184,0.009761415715781152,-0.005124390445491289,0.00857632933104624,-0.017857142857142905,0.016393442622950838,0.0
1338,0.04420374707259955,0.06838575229570099,-0.0028766630708377816,0.03927986906710301,-0.0357142857142857,0.0491803278688524,0.008547008547008628
1339,0.023419203747072737,0.04849233986422641,-0.029882044560943677,-0.0011551790527530859,-0.05357142857142849,0.016393442622950838,-0.017094017094017144
1340,0.026639344262295084,0.058210784846337016,-0.03886554621848748,0.044254658385093126,-0.1071428571428572,0.06557377049180324,-0.017094017094017144
1341,0.030444964871194413,0.03852841842721666,0.013605442176870763,0.03809523809523818,0.0,0.032786885245901565,0.017094017094017033
1342,0.01932084309133486,0.02485263067263077,0.0028756290438534116,0.02941176470588236,-0.017857142857142794,0.032786885245901565,0.008547008547008517
1343,0.0029274004683841337,0.01922210451602835,0.05666666666666664,0.027272727272727337,0.0714285714285714,0.0,0.03418803418803418
1344,-0.0032201405152224583,0.011369520599872951,-0.02640264026402639,-0.06349206349206349,0.0,-0.06557377049180335,-0.03418803418803429
1345,0.05649882903981274,0.05796213363906588,0.05851723282915944,0.044596912521440824,0.07142857142857151,0.032786885245901676,0.05128205128205121
1346,0.024590163934426146,0.031099642264288296,0.027351146644224777,0.04297328687572599,0.017857142857142905,0.032786885245901565,0.02564102564102566
1347,0.06615925058548011,0.03430182809227378,0.010526315789473717,0.061771561771561845,-0.017857142857142794,0.06557377049180335,0.02564102564102566
1348,0.036007025761124134,0.06083454027350055,0.0015257857796765473,0.019298245614035148,-0.017857142857142905,0.032786885245901676,0.008547008547008628
1349,0.06498829039812637,0.06667461109962858,0.05769230769230771,0.125,0.0,0.1311475409836066,0.06837606837606847
1350,0.05825526932084302,0.10684384151996318,0.05661375661375667,0.08202511773940335,0.0357142857142857,0.08196721311475408,0.05982905982905984
1351,0.0570843091334895,0.08572206331083387,0.02083780880773356,-0.009157509157509125,0.0357142857142857,-0.016393442622950838,0.008547008547008517
1352,0.014344262295082011,0.018112177846123956,-0.02037735849056599,0.027272727272727337,-0.0535714285714286,0.049180327868852514,0.0
1353,0.04742388758782201,0.09672114193918013,-0.013201320132013139,0.01904761904761898,-0.0357142857142857,0.032786885245901676,0.0
1354,-0.0008782201405151957,0.01255889535736987,0.032172092137826014,0.026364477335800163,0.0357142857142857,0.016393442622950838,0.02564102564102566
1355,0.0064402810304450275,0.03642960897425929,0.006959706959706935,0.016156462585034004,0.0,0.016393442622950838,0.008547008547008517
1356,0.015222482435597318,0.016952859582523017,-0.0022408963585434094,-0.030168589174800364,0.017857142857142794,-0.032786885245901565,-0.008547008547008517
1357,0.015515222482435642,0.009104738204588902,-0.010315925209542276,0.03916768665850667,-0.0357142857142857,0.049180327868852514,0.008547008547008628
1358,-0.03600702576112402,0.03038966876252247,-0.0646326776395022,0.0368421052631579,-0.125,0.08196721311475419,-0.017094017094017033
1359,0.013466042154566815,0.051805502270827475,0.07404744787922357,0.05392156862745101,0.08928571428571419,0.032786885245901676,0.05982905982905984
1360,-0.017857142857142905,0.03311564154763069,-0.012114918656974782,-0.005279034690799378,-0.017857142857142905,0.0,-0.008547008547008517
1361,0.0605971896955505,0.03651483970813452,0.04601048340128122,0.06038647342995174,0.0357142857142857,0.049180327868852514,0.042735042735042805
1362,0.03747072599531631,0.01780789170076269,-0.020182787509520184,0.002777777777777768,-0.0357142857142857,0.016393442622950838,-0.008547008547008517
1363,0.04478922716627631,0.05460252059040027,-0.05714285714285716,-0.008068343616516316,-0.0892857142857143,0.016393442622950838,-0.03418803418803418
1364,-0.0286885245901638,-0.003834168736022603,-0.05280528052805278,-0.025396825396825418,-0.0714285714285714,0.0,-0.03418803418803418
1365,0.025468384074941453,0.04918785653313573,-0.006828391734052142,-0.015510204081632617,0.0,-0.016393442622950838,-0.008547008547008517
1366,0.04800936768149888,0.03839474045120883,0.02213592233009709,0.05512572533849136,0.0,0.049180327868852514,0.02564102564102555
1367,-0.01200234192037486,0.007848120632132582,-0.03387334315169366,-0.028455284552845517,-0.0357142857142857,-0.016393442622950838,-0.02564102564102555
1368,-0.013173302107728269,-0.02932135587889917,-0.09112400601762305,-0.05385556915544676,-0.1071428571428571,-0.016393442622950727,-0.05982905982905984
1369,0.018442622950819776,0.047965052293961086,-0.04361370716510904,-0.0059676044330776445,-0.07142857142857151,0.016393442622950838,-0.02564102564102566
1370,0.020199063231850167,0.0403158806428926,0.0033670033670033517,0.0831842576028623,-0.0535714285714286,0.09836065573770492,0.02564102564102566
1371,0.040983606557377095,0.04493557637730983,0.03035239646746113,0.04476507584165745,0.017857142857142905,0.049180327868852514,0.03418803418803418
1372,-0.00936768149882894,0.019885061573995944,0.06510565391205025,0.08048103607770585,0.0535714285714286,0.06557377049180335,0.05982905982905984
1373,0.015515222482435531,0.03667096205426834,-0.016816920943134472,0.048252279635258355,-0.0714285714285714,0.08196721311475408,0.008547008547008517
1374,0.04186182669789229,0.08632363163914136,-0.0032085561497325887,0.06038647342995174,-0.05357142857142849,0.08196721311475419,0.017094017094017144
1375,0.009660421545667375,0.015325127951338668,-0.0326732673267327,-0.026767676767676774,-0.0357142857142857,-0.016393442622950838,-0.02564102564102566
1376,0.0491803278688524,0.09023977451249043,0.03809523809523807,0.04081632653061218,0.0357142857142857,0.032786885245901676,0.03418803418803418
1377,-0.003512880562061005,0.03693087441898646,0.08674304418985268,0.06842105263157894,0.0892857142857143,0.032786885245901676,0.05982905982905984
1378,0.011124121779859553,0.03409070000479597,0.0,-0.042328042328042326,0.0357142857142857,-0.0491803278688524,-0.008547008547008517
1379,-1.1102230246251565e-16,0.016988109980734856,-0.042633567188343324,0.017637407711238673,-0.0892857142857143,0.032786885245901676,-0.02564102564102566
1380,0.04625292740046838,0.06050183463173364,0.06229436279885936,0.11039794608472397,0.0357142857142857,0.08196721311475408,0.05982905982905984
1381,0.026639344262295084,0.05149760499249845,-0.030303030303030276,0.05277280858676203,-0.0892857142857143,0.06557377049180324,-0.008547008547008517
1382,0.029566744730679106,0.0436773198682584,0.07287128712871282,0.07272727272727275,0.07142857142857151,0.0491803278688524,0.05982905982905984
1383,0.007318501170960445,0.04941014924924525,0.059974747474747514,0.10058139534883725,0.0357142857142857,0.08196721311475408,0.05982905982905984
1384,-0.0143442622950819,0.025521115824311602,-0.05368605329702403,0.029268292682926744,-0.1071428571428572,0.0491803278688524,-0.02564102564102566
1385,-0.03249414519906324,0.05527423846196411,-0.06415381686655242,-0.07816836262719706,-0.0535714285714286,-0.06557377049180324,-0.05982905982905984
1386,0.03190866510538637,0.038389476894235774,0.007187780772686336,0.01632653061224487,0.0,0.016393442622950727,0.008547008547008517
1387,0.010245901639344357,0.06790141534753058,-0.01801189464740871,0.002178649237472796,-0.0357142857142857,0.016393442622950727,-0.008547008547008628
1388,0.037177985948477765,0.03009925486138998,-0.015873015873015928,0.008634222919937207,-0.0357142857142857,0.016393442622950727,-0.008547008547008517
1389,0.04683840749414514,0.034392551942962424,0.013951734539969785,0.03351449275362317,0.0,0.032786885245901565,0.017094017094017033
1390,0.007318501170960112,0.051410912112596296,0.05822935234699944,0.03538928210313452,0.07142857142857151,0.016393442622950838,0.042735042735042694
1391,-0.029566744730679106,-0.013925324103318037,-0.047720797720797736,-0.017628205128205066,-0.0714285714285714,0.0,-0.03418803418803418
1392,0.014929742388758771,0.02987421803816792,-0.03623188405797095,0.03811369509043927,-0.0714285714285714,0.0491803278688524,-0.008547008547008517
1393,0.03893442622950816,0.08300722928441773,0.016126076598863892,0.06138107416879801,-0.017857142857142794,0.06557377049180324,0.02564102564102566
1394,0.051522248243559665,0.02417806552821855,0.011351909184726505,0.09308807134894093,-0.0357142857142857,0.08196721311475419,0.02564102564102566
1395,0.05298594847775184,0.06238523642078897,0.03634751773049638,0.07105263157894737,0.017857142857142905,0.0491803278688524,0.03418803418803418
1396,0.05444964871194369,0.060304372434557885,0.0,0.0,0.0,0.0,0.0
1397,0.04859484777517564,0.09991606028994515,0.0681555641124374,0.14190476190476187,0.017857142857142794,0.14754098360655743,0.0854700854700855
1398,0.01200234192037486,0.039987139467993815,0.00020206102242870116,0.030158730158730163,-0.017857142857142794,0.032786885245901565,0.008547008547008517
1399,0.012880562060889833,0.06186669219958718,0.0,0.0,0.0,0.0,0.0
1400,0.033372365339578325,0.03629605693311533,-0.04790801660811239,0.033033033033033066,-0.0892857142857143,0.0491803278688524,-0.017094017094017144
1401,-0.00497658079625285,0.03452433400749266,0.012871287128712883,0.00454545454545463,0.017857142857142905,0.0,0.008547008547008517
1402,-0.025761124121779777,0.010742054224791797,-0.012087912087912156,-0.004251700680272141,-0.017857142857142794,0.0,-0.008547008547008628
1403,0.05298594847775162,0.0780476368165317,0.07294117647058818,0.10079051383399218,0.0535714285714286,0.08196721311475408,0.06837606837606836
1404,-0.021077283372365474,-0.0178167610806933,-0.06805923310777673,-0.03315190499752596,-0.0892857142857143,-0.016393442622950838,-0.05128205128205132
1405,0.02371194379391106,0.042613411954829705,0.06159323542501105,0.04881952781112453,0.0714285714285714,0.032786885245901676,0.05128205128205121
1406,-0.0143442622950819,0.00691410751168875,0.013745704467354014,0.004878048780487809,0.017857142857142905,0.0,0.008547008547008628
1407,0.06615925058548022,0.0744700710532572,0.0612612612612613,0.11168831168831161,0.017857142857142905,0.11475409836065575,0.06837606837606836
1408,0.012295081967213073,0.0510456126892771,0.0020018016214592427,0.06331084587441616,-0.03571428571428581,0.06557377049180324,0.017094017094017033
1409,-0.017857142857142794,0.011541205526462428,0.025882352941176467,0.00988142292490124,0.03571428571428581,0.0,0.017094017094017144
1410,0.005269320843091285,0.036071309256555883,-0.04878542510121453,0.02083333333333326,-0.0892857142857143,0.06557377049180324,-0.008547008547008628
1411,0.002634660421545587,0.03256481824136492,-0.03940189937361083,-0.014285714285714346,-0.0535714285714286,0.0,-0.02564102564102566
1412,0.043032786885246144,0.06793488010061277,0.014742898238043867,0.05646481178396079,-0.017857142857142905,0.06557377049180335,0.02564102564102566
1413,0.045374707259953184,0.05186398269517134,0.07843137254901955,0.08695652173913049,0.0714285714285714,0.06557377049180324,0.06837606837606836
1414,0.03629976580796257,0.021995521486174674,0.04880581516095539,0.042986425339366585,0.0535714285714286,0.032786885245901676,0.042735042735042694
1415,-0.0002927400468384356,0.026619530897542765,-0.011895321173671647,0.054878048780487854,-0.0535714285714286,0.06557377049180324,0.008547008547008628
1416,0.03951990632318503,0.0908321128743228,0.022408963585434205,0.05323868677905941,0.0,0.049180327868852514,0.02564102564102566
1417,-0.021370023419203688,0.007043267033079337,0.015264026402640352,0.07222222222222219,-0.017857142857142905,0.06557377049180324,0.02564102564102555
1418,0.017857142857142794,0.027061064168567905,0.006576670128071949,0.014328808446455565,0.0,0.016393442622950838,0.008547008547008628
1419,0.04800936768149899,0.05092639146005373,0.014628073451602885,0.07997557997557991,-0.05357142857142849,0.13114754098360648,0.042735042735042694
1420,-0.016686182669789384,0.026388282836440013,-0.03068241932639748,-0.02431372549019606,-0.0357142857142857,-0.016393442622950838,-0.02564102564102566
1421,0.03629976580796246,0.02670839693075877,0.016894320632638404,-0.007352941176470562,0.0357142857142857,-0.016393442622950838,0.008547008547008628
1422,-0.016393442622950838,-0.006776490381321998,-0.04091163833364475,0.0022222222222222365,-0.0714285714285714,0.016393442622950838,-0.02564102564102555
1423,0.0383489461358314,0.06267968443675165,0.02441731409544956,0.05739130434782602,0.0,0.06557377049180324,0.03418803418803418
1424,0.012880562060889833,0.06722428943521697,-0.048044217687074786,-0.03452380952380951,-0.05357142857142849,-0.016393442622950838,-0.03418803418803418
1425,0.01990632318501173,0.03391825412531424,-0.02633663366336636,-0.03888888888888886,-0.017857142857142905,-0.032786885245901676,-0.02564102564102566
1426,0.054742388758782234,0.0764834011634703,0.02881152460984393,0.07453416149068315,0.0,0.06557377049180324,0.03418803418803418
1427,0.05562060889929754,0.08343716251815003,0.0813492063492064,0.11126373626373631,0.0535714285714286,0.11475409836065575,0.08547008547008539
1428,0.01990632318501162,0.018158281314325175,0.04719387755102045,0.03214285714285714,0.0535714285714286,0.016393442622950838,0.03418803418803418
1429,0.031030444964871173,0.06830169533694452,0.017424242424242453,0.14629629629629626,-0.07142857142857151,0.16393442622950816,0.05128205128205121
1430,0.05005854800936782,0.05153810018083993,0.04554940568006538,0.081351689612015,0.017857142857142794,0.08196721311475419,0.05128205128205132
1431,0.06791569086651028,0.0832292555823213,0.02564827911362566,0.06167800453514738,0.0,0.06557377049180335,0.03418803418803418
1432,-0.0002927400468384356,-0.0022813033625636026,-0.007654966392830476,-0.018173758865248302,0.0,-0.016393442622950838,-0.008547008547008517
1433,-0.004683840749414636,0.011802802790122136,-0.06507381507381504,-0.026647286821705474,-0.0892857142857143,0.0,-0.042735042735042805
1434,0.04888758782201408,0.07556837852926002,0.04317851959361396,0.029166666666666674,0.0535714285714286,0.016393442622950838,0.03418803418803418
1435,0.038934426229508046,0.05691908700955295,0.05354449472096534,0.0778985507246377,0.0357142857142857,0.06557377049180324,0.05128205128205132
1436,0.042154566744730615,0.06946586497301321,0.06109746109746117,0.06902356902356899,0.0535714285714286,0.06557377049180335,0.05982905982905973
1437,0.019613583138173407,0.031879632878244024,-0.01360136013601354,-0.03514211886304908,0.0,-0.032786885245901565,-0.017094017094017144
1438,0.014637002341920335,0.016979324968697695,0.044977214186645575,0.001519756838905817,0.0714285714285714,-0.016393442622950727,0.02564102564102566
1439,-0.006147540983606481,-0.005947130479835083,0.06917814818383272,-0.015781922525107683,0.125,-0.0491803278688524,0.03418803418803418
1440,0.006733021077283463,0.021066084018123488,0.07176851323053501,0.07076780758556889,0.0714285714285714,0.049180327868852514,0.05982905982905984
1441,0.07230679156908659,0.0736300806221849,0.05787203450754852,0.08578431372549011,0.0357142857142857,0.08196721311475419,0.05982905982905984
1442,0.01697892271662771,0.02971153054224218,0.0049930651872399645,-0.012592270950933515,0.017857142857142794,-0.016393442622950727,0.0
1443,0.014929742388758771,0.0670800861633356,-0.018854124339699352,0.03589232303090728,-0.07142857142857151,0.06557377049180324,0.0
1444,-0.013466042154566815,-0.03062504068336991,0.02545787545787548,0.03528911564625847,0.017857142857142905,0.032786885245901676,0.02564102564102566
1445,0.06001170960187363,0.06306057669523046,0.06079664570230614,0.0476923076923077,0.0714285714285714,0.032786885245901676,0.05128205128205121
1446,0.047716627634660336,0.08022226306417046,0.02807017543859658,0.07871198568872984,0.0,0.06557377049180324,0.03418803418803418
1447,0.007025761124121788,0.05978565854912654,0.027976190476190488,0.12908163265306127,-0.0357142857142857,0.11475409836065564,0.042735042735042694
1448,-0.009660421545667486,0.05392238191563514,-0.01328310864393345,0.05132113821138218,-0.0535714285714286,0.06557377049180324,0.008547008547008517
1449,0.010538641686182793,0.04735815963039147,0.036974789915966366,0.013309671694764824,0.05357142857142849,0.0,0.02564102564102566
1450,0.0064402810304449165,0.01991087474466391,-0.027210884353741527,-0.00952380952380949,-0.0357142857142857,0.0,-0.017094017094017144
1451,0.04537470725995307,0.07539966715413748,0.04841121495327105,0.11541889483065959,0.0,0.11475409836065575,0.05982905982905984
1452,0.06323185011709609,0.06663374736414418,0.06428571428571428,0.07780612244897955,0.05357142857142849,0.06557377049180324,0.05982905982905984
1453,0.024004683840749386,0.026990719638452454,-0.01869158878504673,-0.019607843137254943,-0.017857142857142905,-0.016393442622950838,-0.017094017094017144
1454,0.0348360655737705,0.06283255435393975,0.06961534197982489,0.1331575477916942,0.0357142857142857,0.09836065573770492,0.06837606837606836
1455,0.008489461358313855,0.011604320357403775,-0.007424328954882875,-0.01803885291396856,0.0,-0.016393442622950838,-0.008547008547008517
1456,0.009074941451990615,0.029928873050329763,-0.025408726439654195,-0.005672149744753274,-0.0357142857142857,0.0,-0.017094017094017144
1457,0.0143442622950819,0.028641348945150025,0.0,0.0,0.0,0.0,0.0
1458,-0.020199063231850056,0.01978629215761818,-0.03384615384615386,-0.0037878787878787845,-0.05357142857142849,0.016393442622950838,-0.017094017094017033
1459,0.024590163934426257,0.046869379777101705,0.038189533239038176,0.011111111111111072,0.0535714285714286,0.0,0.02564102564102566
1460,0.030737704918032738,0.08433957690035865,0.05139920045688173,0.04717853839037922,0.05357142857142849,0.032786885245901565,0.042735042735042694
1461,0.02693208430913341,0.033368779599445175,0.0,0.0,0.0,0.0,0.0
1462,0.04888758782201408,0.07874879422856995,0.03238866396761142,0.10919540229885061,-0.0357142857142857,0.13114754098360648,0.05128205128205121
1463,0.05620608899297419,0.08253386111344518,0.08458646616541354,0.09729064039408863,0.0714285714285714,0.09836065573770492,0.0854700854700855
1464,0.032786885245901676,0.07767923503250929,-0.004940014114326097,0.03301886792452835,-0.0357142857142857,0.049180327868852514,0.008547008547008517
1465,0.045960187353630055,0.07870711837300304,0.05354449472096534,0.0778985507246377,0.0357142857142857,0.06557377049180324,0.05128205128205132
1466,0.04888758782201408,0.05220693659955422,-0.02366458029666474,-0.009618941916389234,-0.0357142857142857,0.0,-0.017094017094017033
1467,0.0187353629976581,0.028661798157903595,0.011428571428571455,0.05380333951762528,-0.017857142857142905,0.06557377049180324,0.02564102564102566
1468,0.035421545667447485,0.07186095041525797,0.0842105263157894,0.10256410256410264,0.0714285714285714,0.06557377049180335,0.06837606837606836
1469,-0.025761124121779888,-0.013636875488573286,-0.045816346340516456,-0.05990338164251208,-0.0357142857142857,-0.049180327868852514,-0.042735042735042694
1470,0.008782201405152179,0.06124139569118758,-0.0567423230974633,-0.021008403361344574,-0.0892857142857143,0.0,-0.042735042735042694
1471,0.02751756440281028,0.02611587801741133,0.04089635854341733,0.0723158828748891,0.017857142857142794,0.06557377049180324,0.042735042735042694
1472,0.011416861826697877,0.03828402793839836,0.007834757834757844,0.040064102564102644,-0.017857142857142905,0.049180327868852514,0.017094017094017144
1473,0.05181498829039821,0.05819220416153015,0.03940189937361083,0.014285714285714346,0.0535714285714286,0.0,0.02564102564102566
1474,-0.002634660421545698,0.03730567085026437,-0.005400540054005365,0.014987080103359252,-0.017857142857142794,0.016393442622950838,0.0
1475,-0.028688524590164022,-0.022348971704638343,-0.0342371079213184,0.004174120453190211,-0.05357142857142849,0.016393442622950838,-0.017094017094017144
1476,0.030444964871194302,0.07559390388444698,0.03653355989804585,0.057734204793028376,0.017857142857142905,0.06557377049180324,0.042735042735042694
1477,0.006147540983606592,0.02483962219968494,0.029484029484029506,0.02289562289562297,0.0357142857142857,0.016393442622950838,0.02564102564102566
1478,0.02546838407494134,0.023247228756809513,0.0038407115423488847,-0.049310710498409294,0.0357142857142857,-0.049180327868852514,-0.008547008547008628
1479,0.007025761124121677,0.03190219768595881,0.08420463032113512,0.10062056737588654,0.0714285714285714,0.08196721311475408,0.07692307692307687
1480,-0.006147540983606481,0.024888822755742113,0.04686035613870665,0.032331253545093586,0.0535714285714286,0.016393442622950838,0.03418803418803418
1481,0.011709601873536313,-0.007638218524657514,0.10742035742035749,0.07800387596899216,0.125,0.032786885245901676,0.07692307692307698
1482,0.028981264637002346,0.02204620107425026,-0.018881118881118875,0.02314814814814814,-0.0535714285714286,0.0491803278688524,0.0
1483,0.04303278688524603,0.0493999228222215,0.05678695731819006,0.03659574468085103,0.07142857142857151,0.016393442622950838,0.042735042735042805
1484,0.021077283372365363,0.043152693636065,0.10736842105263156,0.06876456876456882,0.125,0.032786885245901676,0.07692307692307687
1485,0.028981264637002235,0.034446750682995075,0.05555555555555558,0.05769230769230771,0.05357142857142849,0.0491803278688524,0.05128205128205132
1486,0.027810304449648715,0.07171144277777408,0.0016852749104697695,0.07017543859649122,-0.0357142857142857,0.08196721311475419,0.02564102564102566
1487,-0.004976580796253072,0.045582911458559194,0.04686868686868684,0.06342494714587732,0.0357142857142857,0.0491803278688524,0.042735042735042805
1488,0.021077283372365252,0.034064914449272954,0.019607843137254943,0.06856187290969906,-0.017857142857142905,0.08196721311475408,0.03418803418803418
1489,0.010245901639344468,0.01376509867182285,-0.04098679098679092,0.006298449612403112,-0.0714285714285714,0.016393442622950838,-0.02564102564102566
1490,-0.0017564402810303914,0.01110282181005462,-0.038461538461538436,-0.04166666666666674,-0.0357142857142857,-0.032786885245901565,-0.03418803418803418
1491,0.0187353629976581,0.05216977104778875,0.045878545592994424,0.05966697502312679,0.0357142857142857,0.0491803278688524,0.042735042735042694
1492,0.010245901639344357,0.029499177899513396,-0.014150943396226467,0.030000000000000027,-0.0535714285714286,0.049180327868852514,0.0
1493,0.02810304449648715,0.04339441932524035,-0.026480695370931895,0.019618239660657455,-0.0535714285714286,0.032786885245901565,-0.008547008547008517
1494,-0.0002927400468384356,0.022855425126130813,0.02698505144632113,0.0400966183574879,0.017857142857142905,0.032786885245901676,0.02564102564102566
1495,0.07552693208430916,0.1199496834332241,0.03240454076367394,0.11872909698996659,-0.017857142857142794,0.09836065573770492,0.042735042735042805
1496,-0.011709601873536313,-0.013920083049113074,-0.03960396039603953,-0.04444444444444451,-0.0357142857142857,-0.032786885245901565,-0.03418803418803418
1497,0.02693208430913352,0.06416844084121576,0.07157894736842096,0.13286713286713292,0.0357142857142857,0.11475409836065564,0.07692307692307687
1498,0.013466042154566815,0.03593571049228461,-0.030793370599195846,0.00544285007422074,-0.0535714285714286,0.016393442622950838,-0.017094017094017144
1499,0.0011709601873534092,0.05107087741380656,0.026938775510204183,0.010822510822510845,0.0357142857142857,0.0,0.017094017094017033
1500,0.023419203747072626,0.03379829671875323,-0.012769501249190296,0.04313725490196085,-0.0535714285714286,0.049180327868852514,0.0
1501,0.02429742388758782,0.06469457914574028,0.013073151975391717,0.032151300236406555,0.0,0.032786885245901676,0.017094017094017144
1502,0.03571428571428581,0.08682177557373683,0.024699828473413343,0.053333333333333344,0.0,0.06557377049180324,0.03418803418803418
1503,0.025761124121779888,0.040042692546529035,0.027157001414427118,0.0653061224489796,0.0,0.06557377049180324,0.03418803418803418
1504,0.003512880562060894,0.06817918908496967,0.03108715184186872,0.024897959183673546,0.0357142857142857,0.016393442622950838,0.02564102564102555
1505,0.03425058548009374,0.07537389655195736,0.07020164301717702,0.06737588652482274,0.0714285714285714,0.0491803278688524,0.05982905982905973
1506,0.03425058548009374,0.032925263984155295,0.10311355311355308,0.12032312925170074,0.0892857142857143,0.09836065573770492,0.09401709401709402
1507,0.026639344262295084,0.01658640416502899,0.05005500550055009,0.1166666666666667,0.0,0.11475409836065575,0.05982905982905984
1508,0.020784543325526816,0.03039852161497758,0.03479381443298968,0.030487804878048808,0.0357142857142857,0.016393442622950727,0.02564102564102566
1509,0.010831381733020895,0.038454221318622084,-0.05197030268418046,-0.04856614246068458,-0.0535714285714286,-0.032786885245901676,-0.042735042735042805
1510,0.023419203747072515,0.03582175539946786,-0.016058683584456723,0.044207317073170715,-0.0535714285714286,0.06557377049180335,0.008547008547008517
1511,0.0187353629976581,0.01064228531797029,-0.030008826125330956,0.007422068283028271,-0.05357142857142849,0.016393442622950838,-0.017094017094017033
1512,0.06235362997658078,0.08684393938429691,0.06802721088435382,0.08970099667774079,0.0535714285714286,0.06557377049180324,0.05982905982905984
1513,0.043911007025761006,0.04405889626825443,0.03910068426197455,0.11313639220615967,0.0,0.09836065573770492,0.05128205128205132
1514,0.03688524590163944,0.06760014598958008,0.05959634424980953,0.09305555555555556,0.0357142857142857,0.08196721311475408,0.05982905982905984
1515,0.03307962529274011,0.05602872119651625,-0.02564102564102566,0.01744186046511631,-0.0535714285714286,0.032786885245901676,-0.008547008547008517
1516,0.04303278688524581,0.01116234901827784,-0.01941747572815533,-0.021276595744680882,-0.017857142857142905,-0.016393442622950838,-0.017094017094017144
1517,-0.03864168618266983,-0.028597126276618035,-0.007092198581560294,-0.02204836415362732,0.0,-0.016393442622950838,-0.008547008547008628
1518,0.01932084309133486,0.048431568184258866,0.058299595141700356,0.02051282051282044,0.0714285714285714,0.0,0.03418803418803429
1519,0.03629976580796257,0.05231910164009945,-0.005874499332443217,0.009203681472589098,-0.017857142857142794,0.016393442622950838,0.0
1520,0.045374707259953184,0.025843089762504934,0.0727752639517345,0.09873188405797095,0.0535714285714286,0.08196721311475408,0.06837606837606836
1521,0.004683840749414525,0.05967338366290598,-0.03921568627450989,-0.015166835187057637,-0.0535714285714286,0.0,-0.02564102564102566
1522,0.04303278688524603,0.022877705748277966,0.05405405405405406,0.054545454545454564,0.0535714285714286,0.0491803278688524,0.05128205128205132
1523,0.0401053864168619,0.07957376231506275,0.02663706992230863,0.06260869565217397,0.0,0.06557377049180335,0.03418803418803418
1524,-0.02019906323185028,-0.010407796733677754,-0.031508678237650245,-0.048419367747098874,-0.017857142857142905,-0.0491803278688524,-0.03418803418803418
1525,0.002049180327868938,0.03506184535343626,0.01941747572815533,0.021276595744680882,0.017857142857142794,0.016393442622950838,0.017094017094017033
1526,0.0383489461358314,0.03332113619190036,0.039999999999999925,0.045454545454545525,0.03571428571428581,0.032786885245901565,0.03418803418803418
1527,0.03132318501170972,0.05163039321708229,-0.025396825396825418,0.1296518607442977,-0.1071428571428571,0.14754098360655743,0.02564102564102566
1528,0.017271662763466034,0.04491854396767092,-0.027648047823650268,0.008888888888888835,-0.05357142857142849,0.032786885245901565,-0.008547008547008628
1529,0.050936768149882905,0.04048377709542872,-0.01232262882748314,-0.004432624113475114,-0.017857142857142905,0.0,-0.008547008547008517
1530,0.019028103044496536,0.020552340734739993,0.07457457457457461,0.09755244755244752,0.05357142857142849,0.09836065573770492,0.07692307692307698
1531,0.04888758782201408,0.08813730127741637,0.03802733214497922,0.06875631951466121,0.017857142857142905,0.06557377049180324,0.042735042735042694
1532,-0.008489461358313743,0.0006822332445929336,-0.053939393939393954,-0.05232558139534882,-0.0535714285714286,-0.032786885245901676,-0.042735042735042805
1533,0.041569086651053855,0.03599158532509927,0.03050608358314233,0.023921568627450984,0.0357142857142857,0.016393442622950838,0.02564102564102566
1534,0.05942622950819676,0.06331799904040958,0.04038834951456305,0.07350096711798848,0.017857142857142905,0.06557377049180324,0.042735042735042694
1535,0.0652810304449647,0.07565652621939056,0.06503591535624154,0.08067632850241546,0.05357142857142849,0.06557377049180324,0.05982905982905984
1536,0.02488290398126458,0.08014427593053852,0.0321135175504107,0.02659574468085102,0.03571428571428581,0.016393442622950838,0.02564102564102566
1537,-0.004683840749414525,0.015722934379888476,-0.004109844946758812,0.040000000000000036,-0.0357142857142857,0.0491803278688524,0.008547008547008517
1538,0.047716627634660336,0.06801455646577359,0.06449787835926446,0.10430839002267578,0.0357142857142857,0.09836065573770492,0.06837606837606847
1539,-0.007611241217798548,0.05144789072700395,-0.04166666666666674,-0.050000000000000044,-0.0357142857142857,-0.032786885245901565,-0.03418803418803418
1540,0.03249414519906324,0.04598768624748473,0.04139433551198257,0.09531772575250841,0.0,0.09836065573770492,0.05128205128205132
1541,0.012295081967213073,0.06410051844957321,0.03387334315169366,0.028455284552845517,0.0357142857142857,0.016393442622950838,0.02564102564102555
1542,0.0535714285714286,0.07802257564047599,0.006469002695417836,0.014693877551020473,0.0,0.016393442622950838,0.008547008547008517
1543,0.016393442622950838,0.05916140322467223,-0.015206082432973167,0.018633540372670843,-0.0357142857142857,0.032786885245901676,0.0
1544,0.030737704918032738,0.06721029363254571,0.06060606060606066,0.09807886754297279,0.03571428571428581,0.08196721311475408,0.05982905982905984
1545,0.007903981264636983,0.012940986073002758,0.028484054172127626,-0.001925298421255217,0.05357142857142849,-0.016393442622950838,0.017094017094017144
1546,0.08138173302107743,0.05349203615117826,0.06447963800904977,0.05344202898550732,0.0714285714285714,0.032786885245901676,0.05128205128205132
1547,-0.02195550351288056,0.015463353665222002,-0.08601592246452061,-0.08182503770739058,-0.0892857142857143,-0.06557377049180324,-0.07692307692307687
1548,0.052107728337236536,0.05871333416551505,0.0,0.0,0.0,0.0,0.0
1549,0.05503512880562067,0.10445986609071423,0.0037061994609164373,0.04785714285714293,-0.0357142857142857,0.06557377049180335,0.017094017094017033
1550,0.057669789227166146,0.03635915122536992,0.021299956082564853,0.09883720930232553,-0.01785714285714285,0.09836065573770492,0.042735042735042805
1551,-0.0038056206088992184,0.020271989303030535,-0.02763157894736845,-0.04487179487179482,-0.017857142857142905,-0.032786885245901565,-0.02564102564102566
1552,0.026053864168618324,0.09714193535257631,0.032172092137826014,0.026364477335800163,0.0357142857142857,0.016393442622950838,0.02564102564102566
1553,0.04508196721311475,0.056114184972117065,0.05826330532212887,0.08873114463176579,0.03571428571428581,0.08196721311475419,0.05982905982905984
1554,0.037177985948477654,0.0987199911383495,0.09981814507981412,0.1428571428571429,0.0714285714285714,0.11475409836065575,0.09401709401709402
1555,0.027224824355971955,0.01723535917700081,-0.03774263120057508,-0.017156862745097978,-0.0535714285714286,0.0,-0.02564102564102566
1556,0.012295081967213073,0.03435427051835882,-0.006464646464646506,-0.016913319238900604,0.0,-0.016393442622950838,-0.008547008547008517
1557,0.027810304449648826,0.06957300757191398,0.0332673267326733,0.028282828282828243,0.0357142857142857,0.016393442622950838,0.02564102564102566
1558,-0.012295081967213184,0.007616265292179958,0.046666666666666634,0.06289640591966172,0.0357142857142857,0.049180327868852514,0.042735042735042694
1559,-0.021370023419203688,-0.007835223941424219,-0.050909090909090904,0.023569023569023573,-0.1071428571428572,0.06557377049180324,-0.017094017094017144
1560,0.005854800936768156,0.028183028502094087,0.02146464646464652,0.059302325581395365,0.0,0.049180327868852514,0.02564102564102555
1561,0.021662763466042234,-0.0016844984402464291,0.03366336633663369,0.02929292929292937,0.0357142857142857,0.016393442622950838,0.02564102564102566
1562,0.05122950819672123,0.1223183903123265,0.04413291796469365,0.05392156862745101,0.0357142857142857,0.049180327868852514,0.042735042735042694
1563,-0.00878220140515229,0.05945566968048488,-0.059839656169931366,-0.04734133790737571,-0.0714285714285714,-0.032786885245901565,-0.05128205128205132
1564,-0.0043911007025760895,0.06252324830154365,-0.051055139550714834,0.013157894736842146,-0.1071428571428571,0.049180327868852514,-0.02564102564102566
1565,0.010831381733021117,0.04543692289548995,0.058252427184465994,0.06382978723404253,0.0535714285714286,0.049180327868852514,0.05128205128205132
1566,0.03454332552693218,0.04508394727195997,-0.0060606060606061,0.08225667527993108,-0.0714285714285714,0.11475409836065575,0.02564102564102566
1567,-0.02546838407494134,0.004833580887703248,-0.017872340425531874,0.05023923444976075,-0.0535714285714286,0.049180327868852514,0.0
1568,0.026639344262294973,0.03958230755206371,0.05912708825330182,0.000773694390715729,0.1071428571428571,-0.032786885245901676,0.03418803418803418
1569,0.05503512880562067,0.06756878117778797,0.0400313971742543,0.10119047619047616,0.0,0.09836065573770492,0.05128205128205132
1570,-0.02488290398126458,0.03670591874631124,0.02083333333333326,0.025000000000000022,0.017857142857142794,0.016393442622950838,0.017094017094017033
1571,0.0187353629976581,0.013194960855065108,-0.0012626262626262985,-0.03604651162790695,0.017857142857142905,-0.032786885245901676,-0.008547008547008517
1572,0.038934426229508046,0.04353567960662941,0.037735849056603765,0.040000000000000036,0.0357142857142857,0.032786885245901676,0.03418803418803418
1573,0.04508196721311464,0.012012896357075475,0.05407463823305403,0.02777777777777779,0.0714285714285714,0.016393442622950838,0.042735042735042805
1574,0.02254098360655743,0.03694310685536262,0.03441315005286938,0.05815602836879441,0.017857142857142794,0.049180327868852514,0.03418803418803418
1575,-0.021955503512880448,0.028814075747560786,0.02857142857142858,0.015151515151515138,0.0357142857142857,0.0,0.017094017094017033
1576,-0.0017564402810305024,-0.004017027059602718,-0.09009009009009017,-0.04935064935064937,-0.125,-0.016393442622950838,-0.06837606837606847
1577,-0.011124121779859442,0.05784700415057209,0.017857142857142905,0.017857142857142905,0.017857142857142905,0.016393442622950838,0.017094017094017033
1578,0.04625292740046849,0.07289589114870199,0.06641554321966692,0.1417682926829268,0.017857142857142794,0.1311475409836066,0.07692307692307687
1579,-0.011416861826697877,0.02222649195905202,0.015223046536275153,0.11812529890004786,-0.0535714285714286,0.11475409836065575,0.03418803418803418
1580,0.037177985948477876,0.10163354750496867,-0.02777777777777779,0.0,-0.0535714285714286,0.016393442622950838,-0.017094017094017033
1581,-0.02254098360655754,-0.01656263356530263,-0.035535535535535456,-0.01573426573426573,-0.0535714285714286,0.0,-0.02564102564102566
1582,0.02488290398126458,0.006671683567551101,0.03941355674028946,0.01805555555555549,0.0535714285714286,0.0,0.02564102564102566
1583,-0.0002927400468385466,0.03422439378311337,-0.0009523809523809268,0.04962894248608529,-0.0357142857142857,0.049180327868852514,0.008547008547008517
1584,0.055327868852458995,0.07647068489301767,0.04108448228000372,0.09673202614379084,0.0,0.09836065573770492,0.05128205128205132
1585,-0.00995316159250581,0.03575683877706681,-0.010280373831775713,0.05035650623885912,-0.0535714285714286,0.06557377049180324,0.008547008547008517
1586,0.040398126463700224,0.07083263576135723,0.08061002178649235,0.1387959866220736,0.0357142857142857,0.1311475409836066,0.0854700854700855
1587,0.010245901639344579,0.027765786901899903,-0.015106665305705813,0.020596205962059577,-0.0357142857142857,0.032786885245901676,0.0
1588,0.025175644028103017,0.024089485225690654,0.004287061647946566,-0.01146873843877172,0.017857142857142905,-0.016393442622950838,0.0
1589,0.01990632318501162,0.07961321980817138,0.05153797296071139,0.0250312891113893,0.07142857142857151,0.0,0.03418803418803418
1590,0.07289227166276324,0.06310202985037372,-0.009182259182259123,0.04356060606060608,-0.0535714285714286,0.06557377049180335,0.008547008547008517
1591,0.011416861826697988,0.014534660276902533,-0.008879023307436285,0.02782608695652178,-0.0357142857142857,0.032786885245901676,0.0
1592,0.020491803278688603,0.03834565123930378,-0.025921354258508278,-0.035686274509803884,-0.017857142857142794,-0.032786885245901565,-0.02564102564102555
1593,0.06001170960187352,0.050174700837964936,0.0638335390583672,0.076078431372549,0.0535714285714286,0.06557377049180324,0.05982905982905984
1594,0.02078454332552704,0.03800236632032972,0.030626780626780592,0.0016025641025640969,0.0535714285714286,-0.016393442622950838,0.017094017094017033
1595,0.035421545667447374,0.10301045277335241,0.05500237079184456,0.07398119122257052,0.0357142857142857,0.08196721311475408,0.05982905982905984
1596,0.047131147540983576,0.046202005976391236,0.08283917340521119,0.09673469387755107,0.0714285714285714,0.08196721311475408,0.07692307692307698
1597,0.04244730679156916,0.06084791803225098,0.06380952380952376,0.025510204081632626,0.0892857142857143,0.0,0.042735042735042694
1598,0.004683840749414636,0.010762780777167413,0.012271062271062227,0.0046768707482992555,0.017857142857142905,0.0,0.008547008547008517
1599,-0.00029274004683832455,0.009708167039385818,-0.02619047619047621,-0.036989795918367374,-0.017857142857142794,-0.032786885245901565,-0.02564102564102566
1600,0.0605971896955505,0.08048356619452202,0.01882160392798693,0.11184210526315785,-0.0357142857142857,0.1311475409836066,0.05128205128205132
1601,0.04361826697892268,0.03270062524325601,0.06727828746177378,0.062409288824383236,0.0714285714285714,0.0491803278688524,0.05982905982905984
1602,-0.005269320843091396,0.01567695547139991,0.02083333333333337,0.057558139534883646,0.0,0.0491803278688524,0.02564102564102566
1603,0.03249414519906335,0.02145160202941876,0.047724750277469474,0.08782608695652172,0.017857142857142794,0.08196721311475408,0.05128205128205121
1604,0.018735362997657767,0.055131491079606354,0.01811320754716972,-0.032727272727272716,0.0535714285714286,-0.049180327868852514,0.0
1605,0.03190866510538637,0.07065831601219652,-0.005874499332443217,0.009203681472589098,-0.017857142857142794,0.016393442622950838,0.0
1606,0.01639344262295095,0.05885771862072453,0.03421228304405877,0.07177871148459392,0.0,0.08196721311475419,0.042735042735042694
1607,-0.03161592505854793,0.010295411919970188,-0.03988095238095235,-0.1311224489795918,0.017857142857142794,-0.1311475409836066,-0.05982905982905984
1608,0.0005854800936768711,0.018473092348624043,0.05789473684210533,0.12762237762237771,0.017857142857142905,0.09836065573770492,0.05982905982905984
1609,0.04771662763466045,0.04022622696574796,0.020000000000000018,0.022727272727272818,0.017857142857142905,0.016393442622950838,0.017094017094017033
1610,0.025175644028103128,0.07757637854988264,0.10849056603773588,0.13249999999999995,0.0892857142857143,0.11475409836065564,0.10256410256410253
1611,-0.004683840749414636,0.006231171145032355,-0.023410202655485768,-0.00846153846153841,-0.0357142857142857,0.0,-0.017094017094017144
1612,-0.021077283372365363,0.010280469933119374,-0.057652711050102945,-0.05974395448079661,-0.05357142857142855,-0.032786885245901565,-0.042735042735042805
1613,0.004098360655737765,-0.0205938509502972,-0.04099821746880572,0.020128824476650653,-0.0892857142857143,0.049180327868852514,-0.017094017094017144
1614,0.02927400468384067,0.07166730525652854,0.01999238385376989,0.04861111111111116,0.0,0.049180327868852514,0.02564102564102566
1615,0.04332552693208436,0.03645386170672649,0.038704805059945224,0.11901504787961703,-0.017857142857142794,0.11475409836065575,0.05128205128205132
1616,-0.0038056206088993294,0.01595250893183231,-0.009605488850771948,0.020740740740740726,-0.0357142857142857,0.032786885245901676,0.0
1617,0.04332552693208447,0.07643773935906517,0.00038080731150036407,-0.02499999999999991,0.017857142857142794,-0.032786885245901676,-0.008547008547008517
1618,0.008782201405152179,0.044578972205312484,-0.054375531011045086,-0.03485838779956418,-0.0714285714285714,-0.016393442622950838,-0.042735042735042805
1619,0.06001170960187341,0.06573834398196254,0.07858582157904381,0.11106382978723406,0.0535714285714286,0.09836065573770492,0.07692307692307698
1620,0.01990632318501173,0.009228198970430257,0.05977607106505045,0.11633986928104567,0.017857142857142794,0.11475409836065575,0.06837606837606847
1621,0.00819672131147553,0.054854928443529904,0.039999999999999925,0.045454545454545414,0.0357142857142857,0.032786885245901565,0.03418803418803418
1622,-0.006147540983606592,0.014657191787595725,0.014328808446455565,0.034420289855072506,0.0,0.032786885245901565,0.017094017094017144
1623,-0.002634660421545698,0.009337420958146048,-0.0725490196078431,-0.09980237154150196,-0.0535714285714286,-0.08196721311475408,-0.06837606837606836
1624,0.008489461358314077,0.051461372753174306,-0.01501351216094482,0.04826154644525171,-0.05357142857142849,0.049180327868852514,0.0
1625,-0.002049180327868938,0.03413493600013573,-0.0027280477408354598,0.09727339719970529,-0.0892857142857143,0.13114754098360648,0.02564102564102566
1626,0.051522248243559776,0.06870401060332676,0.04496084869916639,0.07522281639928696,0.017857142857142905,0.08196721311475408,0.05128205128205132
1627,0.08167447306791575,0.08613262026085278,0.0861660079051384,0.11833019460138106,0.0535714285714286,0.1311475409836066,0.09401709401709402
1628,0.02693208430913363,0.016988465155069132,-0.011814494798095598,-0.004313725490196041,-0.017857142857142905,0.0,-0.008547008547008628
1629,0.0348360655737705,0.016766124887822365,0.03921568627450989,0.0434782608695653,0.03571428571428581,0.032786885245901676,0.03418803418803418
1630,0.05210772833723665,0.07543894075567026,0.0,0.07039597737272152,-0.0357142857142857,0.06557377049180324,0.017094017094017144
1631,0.0670374707259952,0.09143743324050424,0.03316326530612246,0.14880952380952384,-0.0535714285714286,0.180327868852459,0.06837606837606836
1632,0.030737704918032738,0.04653389293880317,0.07920792079207928,0.0888888888888889,0.0714285714285714,0.06557377049180324,0.06837606837606836
1633,0.04391100702576112,0.09275359747347633,0.07152875175315565,0.10360360360360366,0.05357142857142855,0.06557377049180324,0.05982905982905984
1634,0.021662763466042123,0.06475309032460552,-0.032653061224489854,0.027210884353741416,-0.07142857142857151,0.049180327868852514,-0.008547008547008517
1635,0.029566744730679217,0.03619296623881996,0.0010582010582010914,0.024332810047095754,-0.017857142857142905,0.032786885245901676,0.008547008547008628
1636,-0.0043911007025759785,0.022700388679115502,0.030825762988670014,-0.009214092140921393,0.0535714285714286,-0.016393442622950838,0.017094017094017033
1637,0.049765807962529385,0.041642958043518585,0.02749999999999997,0.07499999999999996,0.0,0.06557377049180324,0.03418803418803418
1638,0.02371194379391106,0.034363856453326846,0.012618813503769255,0.044871794871794934,-0.017857142857142905,0.06557377049180324,0.02564102564102566
1639,0.01990632318501173,0.03113472869952527,0.011538461538461608,-0.03935185185185186,0.0535714285714286,-0.0491803278688524,0.0
1640,0.045374707259953184,0.089693069922398,0.006472491909385036,-0.00911854103343468,0.017857142857142905,-0.016393442622950838,0.0
1641,0.015515222482435753,0.04856431279515938,0.006700758243695981,0.014901960784313717,0.0,0.016393442622950838,0.008547008547008517
1642,-0.04771662763466045,-0.032954124619277714,-0.013073151975391717,-0.032151300236406555,0.0,-0.032786885245901676,-0.017094017094017144
1643,0.046545667447306815,0.07250918012155683,0.11548288196218703,0.21658483360611025,0.0535714285714286,0.1803278688524591,0.11965811965811968
1644,0.06381733021077285,0.09010260393141001,0.10004450378282148,0.09043617446978791,0.1071428571428572,0.06557377049180335,0.0854700854700855
1645,-0.011124121779859442,-0.002694622543534919,-0.04775930990953081,-0.06678281068524972,-0.0357142857142857,-0.0491803278688524,-0.042735042735042805
1646,0.019613583138173296,0.02961420365217149,-0.019607843137254832,-0.021739130434782594,-0.017857142857142794,-0.016393442622950727,-0.017094017094017033
1647,0.030444964871194413,0.048417718680899724,-0.03701304709910236,0.010457516339869244,-0.07142857142857151,0.032786885245901676,-0.017094017094017144
1648,0.0017564402810305024,0.029968348226575237,0.012912631469332414,0.03516732841747028,0.0,0.032786885245901676,0.017094017094017033
1649,0.0348360655737705,0.0821329486410588,-0.03174010455563847,-0.025709219858155996,-0.0357142857142857,-0.016393442622950838,-0.02564102564102555
1650,0.06528103044496503,0.09843028832569567,0.030493615399275864,0.10046511627906973,-0.017857142857142905,0.09836065573770492,0.042735042735042694
1651,0.009660421545667486,0.08117188972875122,0.02540604300880145,0.05840634125990818,0.0,0.06557377049180324,0.03418803418803418
1652,-0.01317330210772838,0.026466718792594435,-0.03284416491963671,-0.05076923076923068,-0.017857142857142794,-0.0491803278688524,-0.03418803418803418
1653,-0.0005854800936768711,0.020886397143048407,0.014035087719298178,-0.027429934406678513,0.0357142857142857,-0.032786885245901565,0.0
1654,0.04449648711943788,0.0943455639376729,-0.022294138798993113,0.018003273322422242,-0.0535714285714286,0.032786885245901676,-0.008547008547008517
1655,0.025761124121779888,0.07833491758876399,0.0,0.0,0.0,0.0,0.0
1656,0.016393442622950838,0.014261878048290821,0.013003663003663068,0.0063775510204081565,0.017857142857142794,0.0,0.008547008547008517
1657,0.004683840749414414,0.011526987475819483,0.025974025974025983,0.09065021357380154,-0.017857142857142905,0.08196721311475419,0.03418803418803418
1658,-0.04478922716627631,0.00969758816961297,-0.08579354071725775,-0.04913880445795338,-0.1071428571428571,-0.016393442622950838,-0.05982905982905984
1659,0.0023419203747073736,0.030943073179802827,-0.039215686274509776,-0.04347826086956519,-0.0357142857142857,-0.032786885245901565,-0.03418803418803418
1660,0.014637002341920557,0.0533818888740869,-0.041809851088201566,0.054878048780487854,-0.1071428571428571,0.08196721311475408,-0.008547008547008517
1661,-0.05796252927400469,-0.01933132263281656,-0.11852433281004704,-0.07738095238095233,-0.1428571428571429,-0.032786885245901676,-0.08547008547008539
1662,0.019613583138173407,0.0016570054798055178,0.012820512820512775,0.05910852713178294,-0.017857142857142794,0.06557377049180335,0.02564102564102566
1663,0.05825526932084313,0.10020558998432194,0.11060346468684568,0.11332099907493065,0.1071428571428571,0.08196721311475419,0.09401709401709402
1664,-0.014344262295082122,0.0001566706960987041,0.04373126432727914,0.053333333333333344,0.03571428571428581,0.0491803278688524,0.042735042735042805
1665,0.019028103044496425,0.0580683181767625,-0.00551948051948048,0.007275132275132323,-0.017857142857142794,0.016393442622950838,0.0
1666,0.008196721311475419,0.022968968700493253,-0.01721106690108265,0.0326797385620915,-0.0535714285714286,0.049180327868852514,0.0
1667,-0.0038056206088993294,0.03874023578925789,0.015204249862612262,-0.012340425531914945,0.03571428571428581,-0.016393442622950838,0.008547008547008628
1668,0.02985948477751743,0.042383015076367436,0.007634470792365566,0.06520146520146519,-0.017857142857142794,0.049180327868852514,0.017094017094017033
1669,0.004391100702576312,0.05757682496658145,-0.04285714285714293,-0.0004638218923933568,-0.0714285714285714,0.016393442622950727,-0.02564102564102566
1670,0.040983606557377095,0.029620293950404886,0.03980986333927505,0.07330637007077856,0.017857142857142794,0.06557377049180324,0.042735042735042805
1671,0.02312646370023419,0.032854613821619916,-0.013712827872119915,-0.02743221690590114,0.0,-0.032786885245901676,-0.017094017094017033
1672,-0.006733021077283463,0.015146061960507495,0.005882352941176561,-0.012845849802371467,0.017857142857142905,-0.016393442622950727,0.0
1673,0.009074941451990615,0.025421262065852268,0.004630026579782287,-0.010728819829818659,0.017857142857142794,-0.016393442622950838,0.0
1674,0.030152224824355978,0.032281867572191425,0.053535353535353436,0.05126849894291752,0.0535714285714286,0.032786885245901565,0.042735042735042805
1675,-0.0005854800936767601,0.0006291733789209886,-0.06837606837606847,-0.03219076005961252,-0.1071428571428572,0.0,-0.05128205128205132
1676,-0.004683840749414414,0.02949172457772331,-0.03712871287128716,-0.012499999999999956,-0.05357142857142849,0.0,-0.02564102564102566
1677,0.027224824355971955,0.02451774751418856,0.0212885154061625,0.05057675244010651,0.0,0.0491803278688524,0.02564102564102566
1678,-0.011709601873536535,0.05146393338156208,0.04620462046204621,0.032558139534883734,0.0535714285714286,0.016393442622950727,0.03418803418803418
1679,0.04420374707259955,0.054594101275347584,-0.012293577981651427,0.06732418524871353,-0.0714285714285714,0.08196721311475408,0.008547008547008517
1680,0.060889929742388826,0.11275366880413762,0.013885180240320483,0.031212484993997647,0.0,0.032786885245901676,0.017094017094017144
1681,0.01317330210772838,0.040746535706044584,0.03940189937361083,0.014285714285714346,0.0535714285714286,0.0,0.02564102564102566
1682,0.015222482435597318,0.05609946663892906,0.0612373737373737,0.038953488372093004,0.0714285714285714,0.016393442622950838,0.042735042735042694
1683,0.02751756440281039,0.07312715328240627,0.025568682771997864,0.034901960784313735,0.017857142857142794,0.032786885245901676,0.02564102564102555
1684,-0.0017564402810303914,0.022414058152093186,0.07152875175315565,0.10360360360360366,0.05357142857142855,0.06557377049180324,0.05982905982905984
1685,0.024882903981264692,0.07077379331309153,0.05091575091575096,0.04676870748299311,0.0535714285714286,0.032786885245901676,0.042735042735042805
1686,0.02751756440281028,0.0606790775691044,-0.028243601059135037,0.025216706067769934,-0.0714285714285714,0.049180327868852514,-0.008547008547008517
1687,0.013758782201405029,0.035723783249862584,0.03198562443845454,0.026938775510204183,0.0357142857142857,0.016393442622950838,0.02564102564102566
1688,0.01814988290398123,0.014293783286005168,-0.019760056457304165,0.022012578616352196,-0.0535714285714286,0.032786885245901565,-0.008547008547008628
1689,-0.006733021077283352,-0.004769050886015536,-0.018623481781376516,0.07051282051282048,-0.07142857142857151,0.08196721311475408,0.008547008547008628
1690,0.047716627634660336,0.06183875276679962,0.08580858085808585,0.1053140096618358,0.07142857142857151,0.08196721311475408,0.07692307692307687
1691,0.03425058548009363,0.06390370813274238,-0.016240070609002677,0.029944838455476686,-0.05357142857142849,0.06557377049180335,0.008547008547008517
1692,0.017271662763466256,0.02458257990894741,0.03980602141846834,0.07460317460317456,0.017857142857142905,0.06557377049180324,0.042735042735042694
1693,0.0043911007025760895,0.04176077984493087,0.03940189937361083,0.014285714285714346,0.0535714285714286,0.0,0.02564102564102566
1694,-0.021955503512880448,0.021867990458473652,0.0,0.0,0.0,0.0,0.0
1695,0.05444964871194369,0.051221750343891315,-0.012578616352201255,-0.005714285714285672,-0.017857142857142905,0.0,-0.008547008547008628
1696,0.04332552693208447,0.061273468458542535,0.031242251425737666,0.04562607204116642,0.017857142857142905,0.0491803278688524,0.03418803418803418
1697,0.01932084309133486,0.045839346485910926,0.007834757834757844,0.040064102564102644,-0.017857142857142905,0.049180327868852514,0.017094017094017144
1698,-0.01756440281030458,0.00739240565140431,0.001465469866275937,0.027234042553191506,-0.017857142857142905,0.032786885245901676,0.008547008547008517
1699,0.051522248243559665,0.07309709713807022,0.06700336700336706,0.08190883190883191,0.0535714285714286,0.08196721311475408,0.06837606837606836
1700,0.019028103044496536,0.027195564813464856,0.0001797268152409215,0.023284313725490113,-0.017857142857142905,0.032786885245901676,0.008547008547008628
1701,0.03864168618266983,0.09179431771672164,0.03803803803803796,0.06013986013986017,0.017857142857142905,0.06557377049180324,0.042735042735042694
1702,0.02312646370023419,0.038990929016595066,0.08636363636363631,-0.048295454545454586,0.14285714285714285,-0.06557377049180335,0.03418803418803418
1703,0.01756440281030447,0.04118430258544903,-0.03043637697103041,0.02478632478632481,-0.07142857142857151,0.049180327868852514,-0.008547008547008517
1704,-0.030737704918032516,0.007078078399798127,-0.04476190476190478,-0.005102040816326481,-0.0714285714285714,0.016393442622950838,-0.02564102564102566
1705,0.03688524590163944,0.09151771132550168,-0.06844247132815395,-0.03913043478260869,-0.0892857142857143,-0.016393442622950838,-0.05128205128205132
1706,0.032786885245901676,0.0527328211635264,0.029889781430973317,0.07111111111111112,0.0,0.08196721311475408,0.042735042735042694
1707,0.0011709601873535203,0.02127500886112188,-0.06947368421052635,-0.029137529137529095,-0.08928571428571419,0.0,-0.042735042735042694
1708,0.05240046838407486,0.07341258757062896,0.046308431629532465,0.08047747400847138,0.017857142857142905,0.08196721311475408,0.05128205128205121
1709,-0.02868852459016391,0.00748486141232696,-0.0066006600660066805,0.011886304909560774,-0.017857142857142794,0.016393442622950838,0.0
1710,0.014344262295082011,0.026607166987175135,0.06041624570620319,0.03968253968253965,0.0714285714285714,0.016393442622950838,0.042735042735042805
1711,0.07201405152224827,0.09605479353170443,0.07843137254901955,0.08695652173913049,0.0714285714285714,0.06557377049180324,0.06837606837606836
1712,0.060889929742388715,0.09763151709109663,0.014756418031129925,0.06839872746553544,-0.017857142857142905,0.06557377049180324,0.02564102564102566
1713,0.05298594847775184,0.06782724990326816,0.08745605761810848,0.10580836108028124,0.0714285714285714,0.09836065573770492,0.0854700854700855
1714,0.010245901639344246,0.05817656829404938,0.00019040365575018203,0.026388888888888906,-0.017857142857142905,0.032786885245901676,0.008547008547008517
1715,0.042154566744730726,0.03158221058536037,0.008912188728702475,0.041201386214863245,-0.017857142857142905,0.049180327868852514,0.017094017094017144
1716,0.0357142857142857,0.02973732925956951,-0.04826732673267331,-0.005555555555555536,-0.0714285714285714,0.016393442622950838,-0.02564102564102566
1717,0.016686182669789162,0.012083541952017107,0.02608033504663998,0.03746530989824237,0.017857142857142905,0.032786885245901676,0.02564102564102566
1718,0.014051522248243575,0.007298862318476651,0.04461294304355501,0.05529411764705883,0.0357142857142857,0.0491803278688524,0.042735042735042694
1719,0.015807962529274078,0.08470460368817712,0.05940594059405946,0.06666666666666665,0.05357142857142849,0.0491803278688524,0.05128205128205132
1720,-0.0043911007025762006,0.03883753689775815,-0.03050608358314233,-0.023921568627450984,-0.0357142857142857,-0.016393442622950838,-0.02564102564102566
1721,-0.005269320843091285,-0.03333807329025362,-0.07333333333333336,-0.07346723044397463,-0.0714285714285714,-0.0491803278688524,-0.05982905982905984
1722,0.02254098360655732,0.029141836373677066,0.007769145394006749,0.042608695652173956,-0.017857142857142794,0.049180327868852514,0.017094017094017144
1723,0.028688524590164022,0.054941208623743965,0.01980198019801971,0.022222222222222254,0.017857142857142905,0.016393442622950838,0.017094017094017144
1724,0.03278688524590179,0.08477651964211597,-0.0337576614804338,-0.0049886621315192725,-0.05357142857142849,0.016393442622950838,-0.017094017094017144
1725,0.06293911007025754,0.05275445345622709,0.018867924528301883,0.019999999999999907,0.017857142857142794,0.016393442622950727,0.017094017094017033
1726,0.0383489461358314,0.061808868092823044,0.049550343854699364,0.044313725490196076,0.0535714285714286,0.032786885245901676,0.042735042735042805
1727,0.015515222482435642,0.09300749659652374,-0.05448985265499029,0.018429135585783296,-0.1071428571428572,0.06557377049180324,-0.017094017094017144
1728,0.007025761124121788,0.017175153084852512,-0.03899082568807344,0.001179245283018826,-0.07142857142857151,0.016393442622950727,-0.02564102564102566
1729,0.02312646370023419,0.040160596827344186,0.06365243748421312,0.0948306595365419,0.0357142857142857,0.09836065573770492,0.06837606837606836
1730,0.046545667447306815,0.05521582217865739,-0.0008247422680413008,0.02882483370288247,-0.017857142857142794,0.032786885245901676,0.008547008547008517
1731,0.026346604215456648,0.05927016368498905,-0.01333333333333342,-0.005285412262156397,-0.017857142857142794,0.0,-0.008547008547008517
1732,0.04361826697892279,0.09294865857041168,0.0011009174311926717,0.07461406518010294,-0.0535714285714286,0.09836065573770492,0.02564102564102566
1733,0.01814988290398134,-0.0020072546468443697,0.0008082440897151377,0.031746031746031744,-0.017857142857142905,0.032786885245901565,0.008547008547008517
1734,0.0002927400468384356,0.04652906366651666,0.027692307692307683,0.06818181818181823,0.0,0.06557377049180324,0.03418803418803418
1735,0.02810304449648704,0.029729764380489465,-0.010591350397175625,0.028698664027709153,-0.0357142857142857,0.032786885245901676,0.0
1736,-0.0005854800936766491,0.03580471421236753,-0.007087628865979356,-0.020121951219512102,0.0,-0.016393442622950838,-0.008547008547008517
1737,0.012880562060889944,0.02699207695209227,0.006637168141592875,0.013157894736842146,0.0,0.016393442622950838,0.008547008547008517
1738,0.012002341920374637,0.030834034671908706,0.008892115053080518,0.04380475594493116,-0.017857142857142794,0.0491803278688524,0.017094017094017144
1739,-0.013173302107728158,-0.022460490461747473,-0.006794797126771446,-0.016908212560386437,0.0,-0.016393442622950838,-0.008547008547008628
1740,0.02312646370023408,0.0367761682752199,-0.004761904761904856,0.04035250463821893,-0.0357142857142857,0.0491803278688524,0.008547008547008517
1741,0.019028103044496536,0.06108479741239481,-0.0701659451659451,0.024501661129568086,-0.1428571428571428,0.08196721311475408,-0.02564102564102566
1742,0.024882903981264692,0.03482361326701222,0.0508417508417508,0.06766381766381757,0.03571428571428581,0.06557377049180324,0.05128205128205132
1743,-0.024882903981264692,0.004749497957142301,-0.0802139037433155,-0.06319514661274017,-0.0892857142857143,-0.032786885245901676,-0.05982905982905984
1744,0.042740046838407486,0.020668792268987324,0.022578728461081332,0.05763397371081902,0.0,0.049180327868852514,0.02564102564102566
1745,-0.04478922716627631,-0.02560858488240192,-0.03921568627450989,-0.015166835187057637,-0.0535714285714286,0.0,-0.02564102564102566
1746,0.06352459016393441,0.08710821384987344,0.025761799480918945,0.010401891252955098,0.03571428571428581,0.0,0.017094017094017144
1747,0.0348360655737705,0.06542891812871565,-0.002371541501976271,0.030445699937225457,-0.03571428571428581,0.0491803278688524,0.008547008547008517
1748,0.05737704918032793,0.046323268635143466,-0.03613006824568443,0.08210526315789468,-0.1071428571428572,0.09836065573770492,0.0
1749,0.03864168618266983,0.028025057946834964,-0.030804774740084695,0.030476190476190435,-0.0714285714285714,0.06557377049180324,0.0
1750,0.06293911007025754,0.07056582704315384,0.09785596481583281,0.06052855924978684,0.125,0.032786885245901565,0.07692307692307687
1751,0.028395784543325586,0.07612329874383639,0.03313131313131312,0.02748414376321362,0.03571428571428581,0.016393442622950838,0.02564102564102555
1752,-0.012880562060890055,-0.0020787720639007246,0.05882352941176472,0.06521739130434778,0.0535714285714286,0.0491803278688524,0.05128205128205132
1753,0.028395784543325475,0.033660812926907036,0.06143931256713209,0.10622710622710618,0.0357142857142857,0.08196721311475408,0.05982905982905984
1754,0.017271662763466034,0.051287983941649684,-0.042610571736785285,-0.005319148936170248,-0.0714285714285714,0.016393442622950838,-0.02564102564102566
1755,0.008489461358313743,0.07216110918762697,-0.014965986394557818,0.04421768707482998,-0.05357142857142849,0.06557377049180335,0.008547008547008517
1756,0.006147540983606592,0.020126972534801446,0.025520110957004127,0.011289622231871466,0.03571428571428581,0.0,0.017094017094017144
1757,0.06264637002341922,0.07500368726669071,0.06071361853166457,0.019999999999999907,0.08928571428571419,0.0,0.042735042735042694
1758,-0.004683840749414414,0.03620681630070055,-0.048373644703919916,-0.04262753319357093,-0.0535714285714286,-0.032786885245901565,-0.042735042735042805
1759,0.04800936768149877,0.028821934741972033,-0.0035977693829825075,-0.05414273995077934,0.0357142857142857,-0.08196721311475408,-0.02564102564102566
1760,0.004683840749414525,0.02106239381266406,0.06470588235294117,0.052371541501976315,0.0714285714285714,0.032786885245901676,0.05128205128205121
1761,0.0213700234192038,0.05525513414130201,-0.00812363780463643,0.03596757852077004,-0.0357142857142857,0.049180327868852514,0.008547008547008517
1762,0.03425058548009363,0.0432916832817235,0.034117647058823475,0.05830039525691699,0.017857142857142794,0.0491803278688524,0.03418803418803418
1763,0.0017564402810306134,0.029653054291250314,-0.03945465812848592,0.049832026875699875,-0.0892857142857143,0.06557377049180324,-0.008547008547008628
1764,0.01697892271662782,0.027813373419266485,-0.037281553398058276,-0.011605415860734936,-0.05357142857142849,0.0,-0.02564102564102566
1765,0.003512880562060672,0.004584215118070389,-0.006142262730334913,0.04103343465045595,-0.0357142857142857,0.0491803278688524,0.008547008547008517
1766,-0.03395784543325531,0.008585552879537661,-0.006596578025149347,-0.017718715393133966,0.0,-0.016393442622950838,-0.008547008547008628
1767,-0.009074941451990726,-0.01136564027111997,0.023582358235823553,0.09999999999999998,-0.0357142857142857,0.11475409836065575,0.042735042735042805
1768,0.013173302107728269,0.0018114286519357314,0.07067200712060528,0.09163665466186477,0.05357142857142849,0.08196721311475408,0.06837606837606836
1769,0.054156908665105474,0.05577610301365421,0.047720797720797736,0.017628205128205066,0.0714285714285714,0.0,0.03418803418803418
1770,0.02868852459016391,0.018662876981047183,0.01237388159147157,0.004162812210915745,0.017857142857142905,0.0,0.008547008547008628
1771,0.02429742388758771,0.035315565830852824,-0.0015873015873015817,-0.025510204081632626,0.017857142857142794,-0.032786885245901676,-0.008547008547008517
1772,0.01932084309133497,0.02819251443466475,-0.012398921832884047,-0.0053061224489795444,-0.017857142857142794,0.0,-0.008547008547008517
1773,0.03571428571428581,0.05219038824983291,0.039124839124839106,0.08460111317254171,0.0,0.09836065573770492,0.05128205128205132
1774,0.016393442622950727,0.034683199924246844,-0.0049930651872399645,0.012592270950933515,-0.017857142857142794,0.016393442622950727,0.0
1775,0.05884074941451989,0.056796177862387,0.09900990099009899,0.11111111111111116,0.0892857142857143,0.08196721311475408,0.0854700854700855
1776,0.004683840749414525,0.019920134024761005,-0.03355957767722473,-0.055253623188405765,-0.017857142857142905,-0.0491803278688524,-0.03418803418803418
1777,-0.028395784543325475,0.005539500962831512,-0.0007849293563579884,0.05357142857142849,-0.0357142857142857,0.06557377049180335,0.017094017094017144
1778,0.05181498829039821,0.022401590490071288,-0.0444444444444444,-0.014308426073131986,-0.0535714285714286,0.0,-0.02564102564102566
1779,-0.0043911007025760895,0.013242103303790276,-0.02110965813562493,0.02444444444444449,-0.05357142857142849,0.032786885245901676,-0.008547008547008517
1780,0.026639344262294973,0.04815847808215623,0.039999999999999925,0.045454545454545414,0.0357142857142857,0.032786885245901565,0.03418803418803418
1781,0.002634660421545698,0.019366523167832383,0.007978723404255317,-0.013157894736842146,0.017857142857142794,-0.016393442622950727,0.0
1782,0.03454332552693218,0.04041313825667592,0.016126076598863892,0.06138107416879801,-0.017857142857142794,0.06557377049180324,0.02564102564102566
1783,-0.002049180327868827,0.0335851118885212,-0.023089609675645884,0.017902813299232823,-0.05357142857142849,0.032786885245901676,-0.008547008547008517
1784,-0.0008782201405151957,0.024092726945152187,-0.025696316262354024,-0.035510204081632635,-0.017857142857142905,-0.032786885245901676,-0.02564102564102566
1785,0.017857142857142794,0.054189291549221474,0.0062893081761006275,-0.027272727272727226,0.0357142857142857,-0.0491803278688524,-0.008547008547008517
1786,0.01317330210772838,0.06497396513949005,0.0062893081761006275,0.014285714285714346,0.0,0.016393442622950838,0.008547008547008517
1787,0.029566744730679217,0.060276771789183003,0.036974789915966366,0.06299911268855363,0.017857142857142794,0.06557377049180324,0.042735042735042805
1788,0.057669789227166146,0.08009220477970724,0.0315018315018315,0.025510204081632626,0.0357142857142857,0.016393442622950838,0.02564102564102566
1789,0.037763466042154636,0.037522832834590125,0.026596777324791265,0.03913043478260869,0.017857142857142905,0.032786885245901565,0.02564102564102566
1790,0.07523419203747062,0.10804048622027418,-0.012754616409670683,-0.005087881591119281,-0.017857142857142905,0.0,-0.008547008547008628
1791,0.04303278688524581,0.09055567313102098,-0.023569023569023573,-0.009971509971509973,-0.0357142857142857,0.0,-0.017094017094017144
1792,0.004683840749414303,0.02380249269763568,0.020000000000000018,0.022727272727272707,0.017857142857142794,0.016393442622950838,0.017094017094017033
1793,-1.1102230246251565e-16,0.02086790234253777,-0.10103092783505152,-0.035150645624103305,-0.12499999999999994,0.0,-0.05982905982905984
1794,-0.0014637002341918448,-0.0006043687843201306,-0.012525252525252495,-0.003171247357293905,-0.017857142857142905,0.0,-0.008547008547008517
1795,0.02810304449648726,0.023227622920154012,0.014162240966364648,0.038570618264322176,0.0,0.032786885245901676,0.017094017094017033
1796,-0.007025761124121899,0.012304362730641838,0.02170601675552175,0.05277777777777781,0.0,0.0491803278688524,0.02564102564102566
1797,0.06411007025761128,0.0856545986291225,0.05059746079163552,0.045656028368794344,0.05357142857142849,0.032786885245901676,0.042735042735042694
1798,0.01375878220140525,0.038075494945976396,0.015641855447680708,0.058510638297872286,-0.017857142857142794,0.06557377049180324,0.02564102564102566
1799,0.01200234192037486,0.021604111887726707,-0.0037037037037037646,0.06468531468531469,-0.0535714285714286,0.08196721311475408,0.017094017094017144
1800,-0.007318501170960112,0.03838213500250853,0.019607843137254943,0.021739130434782594,0.017857142857142905,0.016393442622950838,0.017094017094017144
1801,0.02254098360655743,0.022594692969488572,0.03572905466876186,0.0743034055727555,0.0,0.09836065573770492,0.05128205128205121
1802,0.02429742388758782,0.08927742875659006,0.054166666666666585,0.020454545454545392,0.0714285714285714,0.0,0.03418803418803418
1803,0.03190866510538637,0.03723004587163237,0.04210526315789476,0.05128205128205132,0.0357142857142857,0.032786885245901676,0.03418803418803418
1804,0.007611241217798548,0.01221934915614542,0.06236698436198751,0.024836601307189565,0.0892857142857143,-0.016393442622950838,0.03418803418803418
1805,0.05825526932084313,0.06867223701628722,0.05235476930432703,0.12998405103668254,0.01785714285714285,0.09836065573770492,0.05982905982905984
1806,0.030444964871194302,0.06540446507861852,-0.004891684136967167,0.010769230769230753,-0.017857142857142905,0.016393442622950838,0.0
1807,0.031030444964871173,0.030362491217981513,-0.014328808446455565,-0.034420289855072506,0.0,-0.032786885245901565,-0.017094017094017144
1808,0.00029274004683832455,-0.000441602966407606,-0.02510822510822508,0.008692365835222926,-0.0535714285714286,0.032786885245901565,-0.008547008547008517
1809,-0.020199063231850167,0.0013325318296494304,0.007843137254901933,-0.007905138339920903,0.017857142857142905,-0.016393442622950838,0.0
1810,-0.029859484777517542,-0.013621673398461764,-0.1141414141414141,-0.12103594080338265,-0.1071428571428571,-0.08196721311475408,-0.09401709401709402
1811,0.07464871194379397,0.06797947129622706,0.03478079766739561,0.06296086216676122,0.017857142857142905,0.049180327868852514,0.03418803418803418
1812,0.047716627634660336,0.057547309235469246,0.0400313971742543,0.10119047619047616,0.0,0.09836065573770492,0.05128205128205132
1813,-0.012587822014051508,0.05970825867748708,-0.012889968242107308,-0.05555555555555558,0.017857142857142905,-0.06557377049180335,-0.02564102564102566
1814,0.03190866510538637,0.0398048044360888,-0.007058823529411784,0.00988142292490124,-0.017857142857142905,0.016393442622950838,0.0
1815,0.016393442622950838,0.004818479113737673,0.028368794326241065,0.010526315789473717,0.0357142857142857,0.0,0.017094017094017033
1816,0.03190866510538648,0.07986486952366789,0.06771159874608146,0.02962962962962956,0.1071428571428571,0.0,0.05128205128205121
1817,-0.037177985948477765,-0.05001682787022377,-0.018867924528301883,-0.020000000000000018,-0.017857142857142905,-0.016393442622950838,-0.017094017094017144
1818,0.0705503512880562,0.037055966958207565,0.020823798627002343,-0.014957264957265015,0.0357142857142857,-0.016393442622950838,0.008547008547008517
1819,0.02751756440281028,0.07817176186339247,0.012108262108262102,-0.017628205128205066,0.0357142857142857,-0.032786885245901676,0.0
1820,0.027224824355971844,0.03617355439274683,-0.06230529595015577,-0.025575447570332477,-0.0892857142857143,0.0,-0.042735042735042694
1821,-0.016686182669789273,-0.0033469653463655824,-0.025132275132275117,0.005494505494505475,-0.05357142857142849,0.016393442622950727,-0.017094017094017144
1822,0.07347775175644022,0.07733565031948886,0.10232220609579101,0.09499999999999997,0.1071428571428572,0.06557377049180324,0.0854700854700855
1823,0.019028103044496536,0.07267657794448823,0.08939179632248939,0.06258503401360549,0.1071428571428571,0.032786885245901676,0.06837606837606847
1824,-0.006733021077283352,0.03087679422672296,0.04693069306930697,0.06313131313131315,0.0357142857142857,0.0491803278688524,0.042735042735042694
1825,0.06937939110070246,0.06038224900930711,0.03321328531412571,-0.0010351966873705098,0.0535714285714286,-0.016393442622950838,0.017094017094017033
1826,0.0348360655737705,0.059069317207392724,0.04492362982929021,0.05632653061224491,0.0357142857142857,0.0491803278688524,0.042735042735042694
1827,0.03659250585480078,0.012018571845495152,-0.04676870748299311,-0.030952380952380953,-0.0535714285714286,-0.016393442622950838,-0.03418803418803418
1828,-0.006147540983606592,0.008853505569051512,-0.018204804045511946,0.041532402434658056,-0.07142857142857151,0.06557377049180335,0.0
1829,-0.00702576112412201,-0.01677248892647709,0.0,0.0,0.0,0.0,0.0
1830,0.006733021077283241,0.020308228168077536,0.09279629476470097,0.1351909184726522,0.0535714285714286,0.14754098360655743,0.10256410256410264
1831,0.03512880562060916,0.055022535668471595,0.03980602141846834,0.07460317460317456,0.017857142857142905,0.06557377049180324,0.042735042735042694
1832,0.004098360655737654,0.0129614635304659,0.06548638873024937,0.08140610545790938,0.0535714285714286,0.06557377049180324,0.05982905982905984
1833,0.023711943793911172,0.038882229879163344,0.10691823899371078,0.05255813953488364,0.1428571428571428,0.016393442622950727,0.07692307692307687
1834,0.06557377049180324,0.12504770381374164,0.13180347160929684,0.1108362196932211,0.1428571428571429,0.06557377049180324,0.10256410256410264
1835,0.021662763466042234,0.09375712645484502,0.07772739890811509,0.036601307189542465,0.1071428571428571,0.0,0.05128205128205132
1836,-0.0064402810304449165,0.03140250756393159,0.006959706959706935,0.016156462585034004,0.0,0.016393442622950838,0.008547008547008517
1837,0.060304449648711955,0.0917924481506528,0.0819232547387887,0.07077724706904043,0.08928571428571419,0.0491803278688524,0.06837606837606836
1838,0.06674473067915687,0.08156652534740472,0.03353118817036338,0.059557572319909324,0.017857142857142794,0.0491803278688524,0.03418803418803418
1839,0.021077283372365363,0.04604393528262185,0.041456582633053185,0.07364685004436555,0.017857142857142905,0.06557377049180324,0.042735042735042694
1840,0.016100702576112402,0.08067026911562847,0.04802744425385941,0.020740740740740726,0.0714285714285714,0.0,0.03418803418803418
1841,0.02751756440281017,0.07060523854530554,-0.01851186196980581,0.003676470588235281,-0.0357142857142857,0.016393442622950838,-0.008547008547008517
1842,-0.03512880562060883,-0.0017122913050825472,-0.04673267326732666,-0.0626262626262627,-0.03571428571428581,-0.0491803278688524,-0.042735042735042694
1843,0.00878220140515229,0.03330866702303814,0.03980582524271836,0.07205029013539643,0.017857142857142905,0.06557377049180324,0.042735042735042805
1844,0.04186182669789229,0.03933925415111783,0.04390420899854852,0.03083333333333338,0.0535714285714286,0.016393442622950838,0.03418803418803418
1845,0.019028103044496425,0.018721052962328844,-0.030576441102756924,0.034130893736805,-0.0892857142857143,0.06557377049180335,-0.008547008547008517
1846,0.006733021077283463,0.05770417767678904,-0.006033182503770718,0.010869565217391353,-0.017857142857142905,0.016393442622950838,0.0
1847,0.030444964871194302,0.06342414450148148,0.05519759450171813,0.054268292682926766,0.05357142857142849,0.032786885245901676,0.042735042735042694
1848,0.038641686182670054,0.10546892210809122,0.019914651493598945,0.039498432601880906,0.0,0.0491803278688524,0.02564102564102566
1849,-0.014929742388758882,-0.010846277270731619,-0.01980198019801982,-0.022222222222222143,-0.017857142857142794,-0.016393442622950838,-0.017094017094017144
1850,0.04800936768149877,0.05219074733722351,0.06120023767082594,0.09959555106167839,0.0357142857142857,0.08196721311475408,0.05982905982905984
1851,0.022540983606557208,0.03302699212726257,-0.006344965770579303,0.04561403508771933,-0.0535714285714286,0.06557377049180335,0.008547008547008517
1852,0.008196721311475419,0.01819018981865106,0.04686035613870665,0.032331253545093586,0.0535714285714286,0.016393442622950838,0.03418803418803418
1853,-0.002634660421545587,0.02235721964118298,-0.02537128712871284,0.02499999999999991,-0.0535714285714286,0.032786885245901676,-0.008547008547008517
1854,-0.010538641686182793,-0.016680064835006614,-0.020161290322580627,0.014864864864864935,-0.0357142857142857,0.016393442622950838,-0.008547008547008517
1855,0.028981264637002124,0.04294940748886633,0.04456424079065591,0.05551020408163265,0.0357142857142857,0.049180327868852514,0.042735042735042694
1856,-0.0023419203747071515,-0.0013309230316098652,0.0001797268152409215,0.023284313725490113,-0.017857142857142905,0.032786885245901676,0.008547008547008628
1857,0.01610070257611229,0.04259424144723556,0.055127509495387916,0.08880550343964977,0.0357142857142857,0.06557377049180324,0.05128205128205132
1858,0.05298594847775162,0.04314140909164654,0.02075471698113207,0.07545454545454544,-0.017857142857142905,0.08196721311475408,0.03418803418803418
1859,0.021662763466042123,0.04253592069847778,0.02164948453608251,0.05820399113082042,0.0,0.049180327868852514,0.02564102564102566
1860,0.010538641686182681,0.023519852868776447,0.0447947707392099,0.030732860520094496,0.0535714285714286,0.016393442622950727,0.03418803418803418
1861,-0.007025761124121788,0.021627008533652292,-0.02564102564102566,-0.0357142857142857,-0.017857142857142905,-0.032786885245901676,-0.02564102564102566
1862,0.00497658079625285,0.026575272054276455,0.019611576542269638,-0.004166666666666652,0.0357142857142857,-0.016393442622950838,0.008547008547008628
1863,-0.010538641686182681,0.007656940766823883,0.036465638148667545,0.033033033033033066,0.0357142857142857,0.016393442622950838,0.02564102564102566
1864,0.016686182669789273,0.005500418682316877,-0.0067281606077048695,0.01563477173233263,-0.017857142857142905,0.016393442622950838,0.0
1865,0.019613583138173074,0.05661742716217255,0.045878545592994424,0.05966697502312679,0.0357142857142857,0.0491803278688524,0.042735042735042694
1866,0.024004683840749275,0.025726947902219077,0.012955182072829197,0.09394409937888204,-0.05357142857142849,0.11475409836065575,0.03418803418803418
1867,0.023419203747072626,0.03656633197614467,-0.008004926108374333,0.017857142857142905,-0.0357142857142857,0.032786885245901676,0.0
1868,0.026639344262295084,0.06762559530608303,0.02257412398921843,0.06785714285714295,-0.017857142857142794,0.08196721311475419,0.03418803418803418
1869,0.032201405152224805,0.01802210345411237,0.06760889329696673,0.08267581475128649,0.05357142857142849,0.08196721311475408,0.06837606837606847
1870,0.03512880562060894,0.03851274749884326,-0.03971962616822433,-0.06740196078431371,-0.017857142857142794,-0.06557377049180324,-0.042735042735042694
1871,0.04654566744730704,0.06268631754189169,-0.02499279054119008,-0.008510638297872242,-0.0357142857142857,0.0,-0.017094017094017144
1872,0.05620608899297419,0.07707243138864273,-0.013842160915120583,-0.03404255319148941,0.0,-0.032786885245901565,-0.017094017094017033
1873,0.03337236533957855,0.060993957514366204,0.030907457322551735,0.02448979591836742,0.0357142857142857,0.016393442622950838,0.02564102564102566
1874,0.01990632318501173,0.01830230708818792,-0.02395740905057675,0.03968253968253965,-0.0535714285714286,0.0491803278688524,0.0
1875,0.08108899297423888,0.09301073878413335,0.05999999999999994,0.06818181818181823,0.0535714285714286,0.0491803278688524,0.05128205128205132
1876,0.05210772833723665,0.055153602006447144,-0.038461538461538436,0.02083333333333337,-0.0892857142857143,0.049180327868852514,-0.017094017094017033
1877,0.0002927400468385466,0.030232897956056326,-0.032732316227461866,-0.05254016500217107,-0.017857142857142794,-0.049180327868852514,-0.03418803418803418
1878,-0.02254098360655732,-0.004154749425138937,-0.040812657317511714,-0.0012274959083469206,-0.0714285714285714,0.016393442622950838,-0.02564102564102566
1879,0.014929742388758771,0.035767385894130976,0.057501904036557416,0.036111111111111094,0.07142857142857151,0.016393442622950838,0.042735042735042694
1880,0.04859484777517564,0.043826415497823956,-0.020000000000000018,0.0895721925133689,-0.07142857142857145,0.09836065573770492,0.017094017094017033
1881,0.021955503512880448,0.05202880791284459,0.01980198019801982,0.022222222222222254,0.017857142857142905,0.016393442622950727,0.017094017094017033
1882,0.021662763466042234,0.04479218654927131,0.024150943396226476,0.08363636363636362,-0.017857142857142794,0.08196721311475408,0.03418803418803418
1883,-0.016686182669789384,-0.0014452304438639096,-0.09259259259259256,-0.09615384615384615,-0.0892857142857143,-0.08196721311475408,-0.08547008547008539
1884,-0.013173302107728269,0.009586723047775525,-0.012987012987012991,-0.003875968992248069,-0.017857142857142905,0.0,-0.008547008547008628
1885,-0.01873536299765821,0.023406281163848686,-0.03883495145631066,-0.042553191489361764,-0.0357142857142857,-0.032786885245901676,-0.03418803418803418
1886,0.05210772833723665,0.0603126008516901,0.10371650821089018,0.16969696969696968,0.0714285714285714,0.09836065573770492,0.0854700854700855
1887,0.026053864168618213,0.024222801297563046,-0.02032120616191413,0.014844804318488558,-0.0535714285714286,0.032786885245901676,-0.008547008547008628
1888,0.024590163934426257,0.04793609962295542,0.03960396039603953,0.04444444444444451,0.03571428571428581,0.032786885245901565,0.03418803418803418
1889,0.04449648711943788,0.05843573585452366,0.06637606498910242,0.027862208713272496,0.0892857142857143,0.0,0.042735042735042805
1890,0.04888758782201397,0.06947722713924365,0.025614399446175162,0.03469079939668174,0.017857142857142794,0.032786885245901676,0.02564102564102566
1891,0.029859484777517653,0.06247552916235821,0.04499274310595058,0.033333333333333326,0.0535714285714286,0.016393442622950727,0.03418803418803418
1892,0.08021077283372369,0.04359907641635963,-0.06259037388969224,0.018477043673012394,-0.1071428571428571,0.0491803278688524,-0.02564102564102566
1893,0.016100702576112402,0.023531693218476812,-0.06727272727272726,0.0092592592592593,-0.125,0.049180327868852514,-0.03418803418803418
1894,-0.020491803278688603,-0.003594484034108447,-0.017175186906445816,0.014285714285714235,-0.0357142857142857,0.016393442622950838,-0.008547008547008628
1895,0.030444964871194302,0.0541687356318612,-0.039215686274509776,0.0033444816053511683,-0.07142857142857151,0.032786885245901565,-0.017094017094017033
1896,0.0696721311475409,0.10141940484726497,-0.009694719471947222,0.036111111111111094,-0.0357142857142857,0.049180327868852514,0.008547008547008628
1897,0.05298594847775184,0.0725323580398568,0.09965561773568665,0.21666666666666667,0.0357142857142857,0.180327868852459,0.11111111111111116
1898,0.0374707259953162,0.054432488013220204,0.08494733265375476,0.07982583454281567,0.0892857142857143,0.06557377049180324,0.07692307692307698
1899,0.0032201405152223472,0.024504559863633535,-0.00659340659340657,-0.015306122448979553,0.0,-0.016393442622950838,-0.008547008547008517
1900,0.020784543325526816,0.07260432301851005,0.07843137254901966,0.08695652173913038,0.0714285714285714,0.06557377049180335,0.06837606837606847
1901,0.0043911007025760895,0.038333706196087225,-0.031868131868131866,-0.026360544217687076,-0.03571428571428581,-0.016393442622950838,-0.02564102564102566
1902,0.03190866510538637,0.015382438452989033,-0.04227812718378765,-0.028461538461538427,-0.05357142857142849,-0.016393442622950838,-0.03418803418803418
1903,0.07874707259953162,0.06402700287485286,0.01999238385376989,0.04861111111111116,0.0,0.049180327868852514,0.02564102564102566
1904,0.0348360655737705,0.07774760103622846,0.08728057271746592,0.13706086095992076,0.0535714285714286,0.11475409836065575,0.0854700854700855
1905,0.007903981264636983,0.022209545916304196,-0.01748312272805963,0.004150943396226459,-0.0357142857142857,0.016393442622950838,-0.008547008547008628
1906,0.024590163934426257,0.08122278627168933,0.025921354258508278,0.035686274509803884,0.017857142857142794,0.032786885245901565,0.02564102564102555
1907,0.032786885245901676,0.03740088035329603,-0.05959595959595965,-0.04629629629629628,-0.07142857142857151,-0.032786885245901676,-0.05128205128205121
1908,0.01990632318501173,0.07354285176283104,0.007043594136683762,0.017113783533765026,0.0,0.016393442622950727,0.008547008547008517
1909,-0.04391100702576112,0.003910176559427603,-0.09054945054945052,-0.012987012987012991,-0.12499999999999994,0.032786885245901676,-0.042735042735042694
1910,0.027224824355971844,0.02213410288557338,0.010000000000000009,-0.02840909090909094,0.0357142857142857,-0.032786885245901676,0.0
1911,0.03805620608899285,0.045936722193310686,0.012271062271062227,0.0046768707482992555,0.017857142857142905,0.0,0.008547008547008517
1912,0.015807962529274078,0.041900404718001494,0.041933484817186506,0.14501679731243,-0.017857142857142794,0.1311475409836066,0.05982905982905984
1913,0.01610070257611229,0.0026021539932975513,0.01360136013601354,0.03514211886304908,0.0,0.032786885245901565,0.017094017094017144
1914,-0.02810304449648704,-0.019002421526670088,-0.024802480248024783,-0.006201550387596955,-0.0357142857142857,0.0,-0.017094017094017144
1915,0.025468384074941453,0.04403152209205352,-0.0008510638297871687,-0.06937799043062198,0.0357142857142857,-0.06557377049180324,-0.017094017094017144
1916,0.03864168618266983,0.05750919819927236,0.06348086757185689,0.07529411764705884,0.0535714285714286,0.06557377049180324,0.05982905982905984
1917,-0.03805620608899307,-0.00021435169451278213,-0.014891179839633506,0.09474671669793622,-0.0892857142857143,0.09836065573770492,0.008547008547008628
1918,-0.02254098360655743,0.027364054405390026,-0.03546099290780147,-0.030583214793741154,-0.0357142857142857,-0.016393442622950838,-0.02564102564102555
1919,-0.01053864168618257,0.014271769169810544,-0.0008007206485837193,-0.0601971977166581,0.0357142857142857,-0.06557377049180324,-0.017094017094017144
1920,0.04537470725995307,0.042973650272337016,0.06209150326797386,0.11956521739130432,0.017857142857142905,0.11475409836065575,0.06837606837606836
1921,0.026053864168618213,0.0871793233197079,0.054736842105263195,0.11888111888111885,0.017857142857142905,0.09836065573770492,0.05982905982905984
1922,-0.006147540983606592,0.006579334053343322,0.015789473684210575,0.07634032634032639,-0.017857142857142905,0.06557377049180335,0.02564102564102566
1923,0.026053864168618213,0.061202820287399096,-0.040423861852433296,0.008928571428571508,-0.0714285714285714,0.032786885245901676,-0.017094017094017144
1924,0.0766978922716628,0.09706762039042194,0.05714285714285716,0.061224489795918435,0.0535714285714286,0.0491803278688524,0.05128205128205132
1925,0.005562060889929721,0.05714889935041911,-0.026674512111405257,-0.06729341909945563,0.0,-0.06557377049180324,-0.03418803418803429
1926,0.0430327868852457,0.04436540370848041,0.05994397759103631,0.09272404614019525,0.0357142857142857,0.08196721311475408,0.05982905982905973
1927,-0.015807962529273967,-0.00010222933471926154,-0.01962031065491876,0.04863731656184478,-0.0714285714285714,0.06557377049180324,0.0
1928,0.02195550351288056,0.047255951162563314,0.013684210526315743,0.07051282051282048,-0.017857142857142905,0.06557377049180324,0.02564102564102566
1929,0.04537470725995296,0.03929800846728715,0.03168498168498168,0.02593537414965985,0.0357142857142857,0.016393442622950838,0.02564102564102566
1930,0.0038056206088993294,0.0120642310521758,0.001680672268907557,0.028837622005323915,-0.017857142857142905,0.032786885245901565,0.008547008547008517
1931,0.012295081967213184,0.05041318335337586,0.03921568627450989,0.04347826086956519,0.0357142857142857,0.032786885245901676,0.03418803418803429
1932,0.025468384074941453,0.06162886250525268,0.03809523809523807,0.04081632653061229,0.03571428571428581,0.032786885245901676,0.03418803418803418
1933,0.011416861826697877,0.04074125203901102,-0.017972681524083378,0.004901960784313708,-0.0357142857142857,0.016393442622950838,-0.008547008547008628
1934,0.010831381733021006,0.04768599620535863,0.0442048517520216,0.0546938775510204,0.03571428571428581,0.0491803278688524,0.042735042735042694
1935,0.03600702576112402,0.005656459988105156,0.0,0.0,0.0,0.0,0.0
1936,0.06323185011709609,0.03893354623724932,0.0,0.0,0.0,0.0,0.0
1937,-0.010245901639344246,0.021839766733357524,-0.056973400431344356,-0.03799019607843135,-0.0714285714285714,-0.016393442622950838,-0.042735042735042694
1938,2.220446049250313e-16,0.00796303955343336,-0.0369811320754716,0.012727272727272698,-0.07142857142857151,0.032786885245901676,-0.017094017094017144
1939,0.02985948477751743,0.03597263402151163,0.019805825242718456,0.049323017408123726,0.0,0.049180327868852514,0.02564102564102566
1940,0.06264637002341922,0.07039694116987572,-0.019611650485436893,0.005319148936170248,-0.0357142857142857,0.016393442622950838,-0.008547008547008517
1941,0.05854800936768145,0.018909432763482004,-0.00924944599672417,0.0841702534672405,-0.07142857142857151,0.09836065573770492,0.017094017094017033
1942,0.008489461358313855,0.04505465082084803,-0.02020202020202022,0.07321274763135233,-0.0892857142857143,0.09836065573770492,0.008547008547008517
1943,0.012295081967213184,0.03363194628447552,0.00020206102242870116,0.030158730158730163,-0.017857142857142794,0.032786885245901565,0.008547008547008517
1944,0.002634660421545698,0.02207211334453585,0.010903426791277315,0.002639517345399689,0.017857142857142905,0.0,0.008547008547008517
1945,0.04244730679156905,0.07154143462170515,0.03287128712871279,0.027272727272727337,0.03571428571428581,0.016393442622950727,0.02564102564102566
1946,0.0357142857142857,0.013858969271907218,0.007070707070707116,0.01849894291754761,0.0,0.016393442622950838,0.008547008547008517
1947,0.030737704918032627,0.05167042466210969,0.0031480570585342704,0.1206636500754148,-0.0714285714285714,0.1311475409836066,0.03418803418803418
1948,0.021662763466042345,0.05667971292317864,0.0003398470688190658,-0.019607843137254943,0.017857142857142905,-0.032786885245901676,-0.008547008547008517
1949,0.02693208430913363,0.08813577688927299,-0.011244520678482917,0.05069767441860462,-0.0535714285714286,0.06557377049180324,0.008547008547008628
1950,0.06674473067915687,0.08471240232446764,0.0675,0.12045454545454537,0.0357142857142857,0.09836065573770492,0.06837606837606836
1951,0.014637002341920446,0.01173329384057209,0.02358490566037741,0.06999999999999995,-0.017857142857142905,0.08196721311475408,0.03418803418803418
1952,0.05005854800936771,0.031202697357643805,0.0503703703703704,0.11888111888111885,0.0,0.1311475409836066,0.06837606837606836
1953,0.03688524590163933,0.026837427006612735,0.04123711340206182,0.04878048780487798,0.0357142857142857,0.032786885245901676,0.03418803418803418
1954,0.03864168618266983,0.09075185371387473,0.03980986333927505,0.016683518705763456,0.0535714285714286,0.0,0.02564102564102566
1955,-0.0017564402810303914,0.012947234883436076,0.09247524752475245,0.09444444444444444,0.0892857142857143,0.06557377049180324,0.07692307692307687
1956,0.031615925058548044,0.038720379661391746,0.023410202655485768,0.00846153846153841,0.0357142857142857,0.0,0.017094017094017144
1957,-0.01258782201405173,0.029150156470000077,-0.03508771929824561,-0.01692789968652042,-0.0535714285714286,0.0,-0.02564102564102566
1958,0.009074941451990726,0.07693910049841435,0.006828391734052142,0.015510204081632617,0.0,0.016393442622950838,0.008547008547008517
1959,-0.0017564402810305024,0.0057686074105173235,0.014054553860379126,0.03300043421623966,0.0,0.032786885245901565,0.017094017094017144
1960,0.05064402810304458,0.005289791210157158,-0.007653061224489832,0.011904761904761862,-0.017857142857142905,0.016393442622950838,0.0
1961,0.007318501170960223,0.011167844132212723,0.01520982224665568,0.05924978687127025,-0.017857142857142905,0.06557377049180324,0.02564102564102555
1962,0.040983606557376984,0.06990563721644083,-0.0067281606077048695,0.01563477173233263,-0.017857142857142905,0.016393442622950838,0.0
1963,0.05240046838407486,0.07332894332589157,-0.0060606060606061,0.02910052910052907,-0.0357142857142857,0.0491803278688524,0.008547008547008517
1964,0.03307962529274011,0.029984771853487024,-0.03925925925925933,0.029720279720279796,-0.08928571428571419,0.0491803278688524,-0.017094017094017144
1965,0.009074941451990615,0.041681770064901924,0.05177993527508096,0.04810360777058287,0.0535714285714286,0.032786885245901676,0.042735042735042694
1966,0.013466042154566704,0.04832184964514874,-0.0010741138560688146,0.031135531135531136,-0.017857142857142905,0.032786885245901565,0.008547008547008517
1967,0.033957845433255196,0.04328656303605649,0.05786407766990287,0.03578336557059958,0.07142857142857151,0.016393442622950727,0.042735042735042805
1968,0.03747072599531598,0.06080115425989918,0.09207920792079216,0.09343434343434343,0.0892857142857143,0.06557377049180335,0.07692307692307687
1969,0.06469555035128804,0.043317997933427166,0.10470207500475914,0.12488436632747457,0.0892857142857143,0.09836065573770492,0.09401709401709402
1970,0.040983606557377206,0.05665084359981254,0.0880503144654089,0.08571428571428574,0.0892857142857143,0.06557377049180335,0.07692307692307698
1971,0.017857142857142683,-0.0023845243611200218,-0.02669902912621358,-0.03856382978723405,-0.017857142857142905,-0.032786885245901676,-0.02564102564102566
1972,0.030737704918032738,0.04258881077975907,-0.032875132173411425,-0.05437352245862881,-0.017857142857142905,-0.049180327868852514,-0.03418803418803429
1973,0.0114168618266981,0.03494157047829116,-0.03743315508021383,-0.01061678463094029,-0.05357142857142849,0.0,-0.02564102564102555
1974,0.04625292740046838,0.08443059379975648,0.02551834130781505,0.05108556832694755,0.0,0.06557377049180324,0.03418803418803418
1975,0.01258782201405162,0.04018206336518704,-0.010582010582010581,-0.04120879120879117,0.017857142857142794,-0.0491803278688524,-0.017094017094017144
1976,-0.011709601873536313,-0.006776963389877988,-0.0012145748987854033,0.08653846153846145,-0.05357142857142849,0.09836065573770492,0.02564102564102566
1977,0.015515222482435753,0.02678364433094449,0.056359482102056435,0.033333333333333326,0.0714285714285714,0.016393442622950838,0.042735042735042694
1978,0.03454332552693207,0.07245159636080312,0.037065637065637036,0.0801484230055659,0.0,0.09836065573770492,0.05128205128205132
1979,0.05942622950819665,0.09898617759748818,0.04825008494733274,0.0420899854862119,0.0535714285714286,0.032786885245901676,0.042735042735042805
1980,-0.0064402810304450275,0.022912408718195332,0.033807462378890984,0.02879291251384275,0.0357142857142857,0.016393442622950727,0.02564102564102566
1981,-0.011124121779859553,0.0011791605486156653,0.014035087719298178,-0.027429934406678513,0.0357142857142857,-0.032786885245901565,0.0
1982,0.023419203747072737,0.015154396120949376,0.006794797126771446,0.016908212560386437,0.0,0.016393442622950838,0.008547008547008628
1983,-0.01492974238875866,0.021492523453199963,-0.021652632552974893,0.022222222222222254,-0.05357142857142849,0.0491803278688524,0.0
1984,0.037763466042154525,0.0483822871115509,0.05307692307692313,0.024621212121212044,0.0714285714285714,0.0,0.03418803418803418
1985,-0.007903981264636983,0.011649172274020625,0.011529126213592256,-0.05904255319148932,0.0535714285714286,-0.06557377049180324,-0.008547008547008517
1986,0.04771662763466045,0.02400662989418567,-0.02375542243338158,0.06103023516237405,-0.0714285714285714,0.08196721311475408,0.008547008547008517
1987,0.0143442622950819,0.01963493192605892,-0.07202484954377786,-0.07101449275362326,-0.0714285714285714,-0.0491803278688524,-0.05982905982905984
1988,0.006147540983606481,0.018106495177232618,0.02224310776942362,0.00923645320197053,0.03571428571428581,0.0,0.017094017094017033
1989,-0.0064402810304449165,-0.011484154723607531,-0.00736842105263158,0.04487179487179482,-0.0357142857142857,0.0491803278688524,0.008547008547008517
1990,0.009660421545667375,0.007491754965879394,0.013131313131313105,0.004756871035940802,0.017857142857142905,0.0,0.008547008547008517
1991,0.025761124121779888,0.04057952877508331,0.04917066599309594,0.024242424242424288,0.07142857142857151,0.0,0.03418803418803418
1992,0.030737704918032738,0.03974109695065853,-0.011904761904761862,-0.003826530612244916,-0.017857142857142905,0.0,-0.008547008547008517
1993,0.002049180327868605,0.020232851781167405,-0.05940594059405935,-0.06666666666666665,-0.0535714285714286,-0.049180327868852514,-0.05128205128205132
1994,0.020491803278688492,0.039274282393915505,0.02421052631578946,-0.030885780885780867,0.0535714285714286,-0.032786885245901676,0.008547008547008517
1995,-0.00029274004683832455,0.02530499800961228,0.038598047914818134,0.11507936507936511,0.0,0.09836065573770492,0.05128205128205132
1996,0.03512880562060883,0.07064272774279468,0.03883495145631077,0.042553191489361764,0.0357142857142857,0.032786885245901676,0.03418803418803418
1997,0.0023419203747073736,0.006127457485200716,0.006648697214735044,0.01510204081632649,0.0,0.016393442622950838,0.008547008547008628
1998,-0.012002341920374748,-0.0066760715136072735,-0.05429694813705299,0.04582210242587592,-0.125,0.06557377049180324,-0.02564102564102566
1999,0.04186182669789229,0.05624397442887563,0.025054466230936767,0.08110367892976589,-0.017857142857142794,0.08196721311475408,0.03418803418803418
2000,0.005269320843091396,0.003809815138462458,-0.006472491909385036,0.05067698259187625,-0.0535714285714286,0.08196721311475408,0.017094017094017033
2001,0.024882903981264692,0.03890959235928049,0.04904398525250786,0.0643729189789124,0.03571428571428581,0.06557377049180324,0.05128205128205121
2002,0.0014637002341920669,0.06396385981644459,0.0031598904571308317,0.07426900584795326,-0.0357142857142857,0.08196721311475408,0.02564102564102566
2003,-1.1102230246251565e-16,0.013217850358153926,0.03447024673439758,0.0558333333333334,0.017857142857142905,0.049180327868852514,0.03418803418803418
2004,0.010831381733021006,0.018296258987956282,-0.0024752475247524774,-0.03194444444444444,0.017857142857142794,-0.032786885245901676,-0.008547008547008517
2005,0.07113583138173307,0.06700988997020163,0.06786309698931059,0.11578426521523999,0.0357142857142857,0.09836065573770492,0.06837606837606836
2006,0.019028103044496203,0.05148022801035157,0.053509254168957354,0.10059676044330779,0.017857142857142905,0.09836065573770492,0.05982905982905984
2007,0.06264637002341933,0.05734496080051521,0.07750000000000001,0.05227272727272725,0.08928571428571425,0.016393442622950838,0.05128205128205121
2008,-0.04800936768149877,-0.017565506151892674,-0.06244477172312224,0.008959681433549083,-0.1071428571428571,0.032786885245901565,-0.03418803418803418
2009,0.0043911007025759785,0.059235265553161165,-0.00712250712250706,-0.038461538461538436,0.017857142857142794,-0.049180327868852514,-0.017094017094017033
2010,-0.0011709601873536313,0.013034725515325585,-0.0028299979785728624,0.051961823966065745,-0.0357142857142857,0.049180327868852514,0.008547008547008517
2011,-0.011416861826697877,0.025181130434994925,-0.04935064935064937,0.05555555555555558,-0.125,0.08196721311475408,-0.017094017094017144
2012,0.06381733021077285,0.10903842054572499,0.07766990291262132,0.08510638297872342,0.0714285714285714,0.06557377049180335,0.06837606837606836
2013,0.006733021077283352,0.03392455555639373,0.027157001414427118,0.0653061224489796,0.0,0.06557377049180324,0.03418803418803418
2014,0.029274004683840782,0.10681833220864534,0.04564508616674423,0.038112522686025385,0.05357142857142849,0.032786885245901676,0.042735042735042694
2015,0.012295081967213184,0.0556659177790898,0.031538461538461515,-0.0018939393939393367,0.0535714285714286,-0.016393442622950838,0.017094017094017144
2016,0.03132318501170961,0.027894681867983384,0.08562691131498479,0.08127721335268512,0.08928571428571419,0.06557377049180324,0.07692307692307698
2017,0.05620608899297419,0.07145522184511321,0.0005400540054005809,0.0703703703703703,-0.0535714285714286,0.09836065573770492,0.02564102564102566
2018,0.05884074941452,0.05391876187419464,0.13426252646436132,0.10102201257861643,0.1607142857142857,0.06557377049180324,0.11111111111111105
2019,0.019613583138173518,0.04301134116941363,0.08540854085408545,0.07596899224806208,0.0892857142857143,0.049180327868852514,0.06837606837606836
2020,0.055327868852458995,0.06967337305012278,0.06275229357798162,0.146655231560892,0.0,0.14754098360655743,0.07692307692307687
2021,0.07845433255269307,0.06419022928706475,0.032615026208503206,0.02705314009661841,0.03571428571428581,0.016393442622950838,0.02564102564102566
2022,0.04654566744730659,0.046167541580744875,0.006406523005241693,0.01594202898550723,0.0,0.016393442622950838,0.008547008547008517
2023,0.020199063231850056,0.0365106952163996,0.03598467978979247,-0.00883179446005622,0.0714285714285714,-0.032786885245901676,0.017094017094017144
2024,0.027810304449648715,0.05715021517624852,0.00952380952380949,0.07823129251700689,-0.0357142857142857,0.08196721311475408,0.02564102564102555
2025,0.029859484777517653,0.022233986125451244,-0.01925925925925931,0.0524475524475525,-0.0714285714285714,0.06557377049180324,0.0
2026,0.015807962529274078,0.03394935524682263,0.025911101748472665,0.10467836257309937,-0.017857142857142794,0.09836065573770492,0.042735042735042694
2027,0.02195550351288056,0.040843255268362966,-0.0010582010582010914,-0.024332810047095754,0.017857142857142905,-0.032786885245901676,-0.008547008547008628
2028,0.032786885245901565,0.021807356846531567,-0.028580177605389445,-0.07588075880758804,0.0,-0.06557377049180324,-0.03418803418803418
2029,0.06996487119437933,0.09584954577904514,0.0564448968261313,0.10849673202614374,0.017857142857142794,0.11475409836065575,0.06837606837606836
2030,0.03659250585480078,0.07960090473825188,0.04438454627133881,0.055102040816326525,0.0357142857142857,0.049180327868852514,0.042735042735042805
2031,-0.016978922716627598,0.012340373393894266,-0.02450980392156865,-0.008152173913043459,-0.0357142857142857,0.0,-0.017094017094017144
2032,-0.011709601873536313,-0.0023127825502061716,-0.00763201320132012,0.04166666666666674,-0.0357142857142857,0.0491803278688524,0.008547008547008628
2033,-0.03278688524590179,-0.006377279405600955,-0.0728586171310629,-0.009476031215161718,-0.1071428571428571,0.016393442622950838,-0.042735042735042694
2034,0.007903981264636983,0.05938778641498643,-0.055643879173290944,0.008300395256916948,-0.1071428571428571,0.0491803278688524,-0.02564102564102566
2035,0.006147540983606481,0.021200916682066584,0.0011009174311926717,0.07461406518010294,-0.0535714285714286,0.09836065573770492,0.02564102564102566
2036,-0.0023419203747072626,0.030772943690852372,-0.020000000000000018,-0.022727272727272707,-0.017857142857142794,-0.016393442622950838,-0.017094017094017033
2037,0.029566744730679217,0.027535544290020586,0.027459056585270147,0.06927263730826327,0.0,0.06557377049180324,0.03418803418803418
2038,0.08752927400468391,0.10858712674820714,0.11054503508603286,0.13947990543735223,0.0892857142857143,0.11475409836065575,0.10256410256410264
2039,0.0002927400468384356,0.029080529462844895,-0.007883565797453085,0.03870625662778371,-0.0357142857142857,0.049180327868852514,0.008547008547008517
2040,0.03512880562060894,0.04556978838967074,0.04210526315789476,0.05128205128205132,0.0357142857142857,0.032786885245901676,0.03418803418803418
2041,0.033372365339578436,0.07572926493045684,0.07843137254901955,0.11526794742163804,0.0535714285714286,0.09836065573770492,0.07692307692307687
2042,0.0029274004683840227,0.036349276753346205,0.04040404040404044,0.046511627906976716,0.0357142857142857,0.032786885245901676,0.03418803418803418
2043,0.008782201405152179,0.027059364974278965,-0.04371380534279834,-0.004444444444444473,-0.07142857142857151,0.016393442622950838,-0.02564102564102566
2044,0.024297423887588043,0.046797664856899845,0.05777091470614959,-0.007547169811320753,0.1071428571428571,-0.032786885245901565,0.03418803418803418
2045,0.0023419203747072626,0.030580143777210633,-0.08333333333333337,-0.04505813953488369,-0.1071428571428571,-0.016393442622950727,-0.05982905982905984
2046,0.03425058548009363,0.06306901275184817,-0.03921568627450989,-0.015166835187057637,-0.0535714285714286,0.0,-0.02564102564102566
2047,0.032786885245901454,0.08564656556547012,0.02480992396958792,0.06418219461697727,0.0,0.06557377049180335,0.03418803418803418
2048,0.013466042154566815,0.03282778650206075,-0.00700808625336935,-0.015918367346938744,0.0,-0.016393442622950838,-0.008547008547008628
2049,0.014637002341920335,0.046340085330804914,0.023776223776223793,0.07407407407407407,-0.017857142857142794,0.08196721311475408,0.03418803418803418
2050,0.020199063231850056,0.056211631906092685,-0.0478723404255319,0.05592105263157898,-0.1071428571428571,0.06557377049180335,-0.017094017094017144
2051,0.025175644028103017,0.05323097018773715,0.007692307692307665,0.045454545454545414,-0.017857142857142905,0.0491803278688524,0.017094017094017144
2052,-0.015222482435597207,0.022818224674490017,-0.02033339439457782,-0.047234042553191524,0.0,-0.049180327868852514,-0.02564102564102566
2053,0.047716627634660336,0.08477821825789067,0.1420059582919564,0.05076923076923068,0.1964285714285714,0.0,0.09401709401709402
2054,0.03307962529274,0.06818923466984828,0.07408689631296528,0.055849056603773484,0.0892857142857143,0.032786885245901565,0.05982905982905984
2055,0.04127634660421542,0.08063816772565391,-0.031463502337288785,-0.07160392798690662,0.0,-0.08196721311475408,-0.042735042735042694
2056,0.03981264637002346,0.08907758633311913,0.022848438690022843,0.05555555555555547,0.0,0.049180327868852514,0.02564102564102566
2057,0.04800936768149877,0.08687874974719656,0.04038834951456305,0.07350096711798848,0.017857142857142905,0.06557377049180324,0.042735042735042694
2058,-0.017857142857142905,0.04482675036399464,-0.004132572939912316,0.010634648370497435,-0.017857142857142905,0.016393442622950838,0.0
2059,0.02195550351288067,0.02201710148254732,-0.019230769230769162,-0.02083333333333326,-0.017857142857142905,-0.016393442622950838,-0.017094017094017033
2060,-0.007611241217798548,0.006646725122597674,0.012525252525252495,0.003171247357293905,0.017857142857142905,0.0,0.008547008547008517
2061,-0.026639344262295195,-0.0032363174061951216,0.04620462046204621,0.032558139534883734,0.0535714285714286,0.016393442622950727,0.03418803418803418
2062,0.021077283372365474,0.042802874300928107,0.05386576040781654,0.03376906318082795,0.0714285714285714,0.016393442622950838,0.042735042735042694
2063,0.01990632318501162,0.0506853152339547,0.06000000000000005,0.06818181818181823,0.0535714285714286,0.049180327868852514,0.05128205128205121
2064,0.01756440281030447,0.013687825930691844,-0.063611859838275,-0.0759183673469388,-0.05357142857142849,-0.06557377049180335,-0.05982905982905984
2065,0.028395784543325586,0.03825906902748755,-0.0092592592592593,0.019230769230769273,-0.0357142857142857,0.032786885245901676,0.0
2066,0.012002341920374637,0.052689572733259915,0.08333333333333337,0.09999999999999998,0.0714285714285714,0.06557377049180324,0.06837606837606836
2067,0.010245901639344135,0.022430419748063812,-0.01869158878504673,-0.019607843137254943,-0.017857142857142905,-0.016393442622950727,-0.017094017094017033
2068,0.02868852459016391,0.02920282410819597,0.031366691560866355,0.024822695035461084,0.0357142857142857,0.016393442622950838,0.02564102564102555
2069,0.04508196721311464,0.06939317602661776,-0.00633861551292747,-0.01327742837176793,0.0,-0.016393442622950727,-0.008547008547008517
2070,0.03366510538641676,0.01590731349335639,-0.0387957163063245,-0.012698412698412653,-0.0535714285714286,0.0,-0.02564102564102566
2071,0.05005854800936771,0.04614387952300103,0.05714285714285716,0.061224489795918324,0.05357142857142849,0.049180327868852514,0.05128205128205132
2072,0.041569086651053744,0.05425118765770154,0.028665723715228686,0.06893424036281182,0.0,0.06557377049180324,0.03418803418803418
2073,0.028688524590164022,0.03972761422692539,0.011375894871040515,-0.02671944581890151,0.0357142857142857,-0.032786885245901565,0.0
2074,0.021662763466042012,0.04259871820884864,-0.00038080731150036407,0.02499999999999991,-0.017857142857142794,0.032786885245901676,0.008547008547008517
2075,0.027810304449648604,0.064832716454023,0.05859769650434432,0.03492063492063491,0.07142857142857151,0.016393442622950838,0.042735042735042694
2076,0.013466042154566815,0.010411128404746228,-0.009429514380009385,0.028117913832199526,-0.0357142857142857,0.032786885245901676,0.0
2077,0.0679156908665105,0.09288697200381102,0.005644811115935733,0.05137844611528819,-0.017857142857142905,0.0491803278688524,0.017094017094017144
2078,0.028395784543325586,0.0789207385131745,-0.019817836052447246,0.035806953814219056,-0.0535714285714286,0.0491803278688524,0.0
2079,0.016393442622950727,0.031987780036428104,-0.012813046010483498,-0.004830917874396157,-0.017857142857142905,0.0,-0.008547008547008517
2080,-0.028395784543325475,-0.030603931064477008,0.014290088802694778,-0.02276422764227648,0.0357142857142857,-0.032786885245901676,0.0
2081,0.05064402810304458,0.05978764571615147,0.0009746588693957392,0.03912466843501328,-0.0357142857142857,0.06557377049180324,0.017094017094017144
2082,-0.02195550351288056,-0.0034891403634301765,-0.03883495145631066,-0.04255319148936165,-0.0357142857142857,-0.032786885245901676,-0.03418803418803418
2083,-0.01814988290398134,-0.04909612873950131,-0.04826732673267331,-0.005555555555555536,-0.0714285714285714,0.016393442622950838,-0.02564102564102566
2084,0.06645199063231844,0.07916164248208901,0.0641025641025641,0.05253623188405798,0.07142857142857151,0.032786885245901676,0.05128205128205121
2085,-0.014051522248243464,0.021568442418714806,0.020618556701030855,0.024390243902439046,0.017857142857142905,0.016393442622950838,0.017094017094017033
2086,0.045374707259953184,0.034986790073941454,0.001096731739416601,0.039152759948652194,-0.017857142857142794,0.032786885245901676,0.008547008547008517
2087,0.022540983606557208,0.05523019865489143,0.014030612244897989,0.03928571428571426,0.0,0.032786885245901676,0.017094017094017144
2088,0.036592505854801005,0.04301867698679063,0.04672330097087374,0.12287234042553186,0.0,0.11475409836065575,0.05982905982905984
2089,0.03337236533957855,0.03807867827001754,0.021052631578947434,0.02564102564102555,0.017857142857142905,0.016393442622950838,0.017094017094017144
2090,0.03190866510538626,0.04888597067738687,0.048419367747098874,0.09627329192546574,0.017857142857142905,0.08196721311475408,0.05128205128205132
2091,0.06381733021077285,0.0581272446943053,0.01904761904761898,0.020408163265306145,0.017857142857142905,0.016393442622950838,0.017094017094017033
2092,0.037763466042154525,0.03677024660296968,0.0252830188679245,0.08636363636363631,-0.017857142857142905,0.08196721311475408,0.03418803418803418
2093,0.02810304449648726,0.027569424914126728,-0.07206287639073183,-0.03956639566395659,-0.0892857142857143,-0.016393442622950838,-0.05128205128205121
2094,0.04742388758782201,0.07867530218568553,0.11499717034521795,0.11919611919611917,0.10714285714285715,0.06557377049180324,0.0854700854700855
2095,0.013466042154566704,0.004209319745599238,-0.032182103610675084,0.029761904761904767,-0.0714285714285714,0.032786885245901676,-0.017094017094017144
2096,0.003512880562060672,0.026637791433671065,-0.02020202020202011,0.029900332225913595,-0.0535714285714286,0.049180327868852514,0.0
2097,0.022248243559719105,0.027868179465804888,0.036363636363636376,0.03703703703703709,0.0357142857142857,0.032786885245901676,0.03418803418803418
2098,0.011709601873536313,0.05834676365816249,0.01904761904761898,0.020408163265306145,0.017857142857142905,0.016393442622950838,0.017094017094017033
2099,0.004098360655737654,0.025540370800327672,0.013885180240320483,0.031212484993997647,0.0,0.032786885245901676,0.017094017094017144
2100,0.03688524590163944,0.05136549597157514,0.0031397174254317317,0.08571428571428574,-0.0357142857142857,0.08196721311475408,0.02564102564102555
2101,0.031030444964871173,0.015583029278834037,-0.006666666666666599,0.0357142857142857,-0.0357142857142857,0.049180327868852514,0.008547008547008628
2102,0.0392271662763467,0.06408340901156862,-0.022050539192016716,0.01008458035133375,-0.05357142857142849,0.032786885245901565,-0.008547008547008517
2103,0.005562060889929721,0.00138030559495117,-0.011285487568330033,-0.0031372549019608176,-0.017857142857142905,0.0,-0.008547008547008517
2104,0.0005854800936767601,0.003955957881391137,0.006415094339622618,0.0663636363636364,-0.0357142857142857,0.06557377049180335,0.017094017094017144
2105,-0.009660421545667375,-0.007421339620622303,-0.04400554400554402,0.009848484848484773,-0.0892857142857143,0.032786885245901676,-0.02564102564102566
2106,0.047716627634660336,0.09581001985996229,0.03131313131313129,0.04629629629629628,0.017857142857142794,0.0491803278688524,0.03418803418803418
2107,0.009074941451990615,0.06502693911873991,-0.004942996093438623,0.00797448165869219,-0.017857142857142794,0.016393442622950727,0.0
2108,0.004976580796252739,0.025620103118021653,-0.040244135037192375,0.03221288515406162,-0.0892857142857143,0.06557377049180335,-0.008547008547008517
2109,0.029859484777517875,0.07375233345989995,-0.017989417989418,0.00392464678178972,-0.0357142857142857,0.016393442622950838,-0.008547008547008517
2110,0.07055035128805609,0.08090728761501476,0.0068728522336769515,-0.013045944412932498,0.017857142857142905,-0.016393442622950727,0.0
2111,0.04449648711943799,0.037588896741252875,0.05906593406593397,0.12797619047619047,0.0,0.1311475409836066,0.06837606837606836
2112,0.008489461358313966,0.015363982282096011,-0.02413273001508298,0.08838203848895221,-0.125,0.13114754098360648,0.008547008547008517
2113,0.051522248243559776,0.11379099355607558,0.020408163265306145,0.023809523809523836,0.017857142857142794,0.016393442622950838,0.017094017094017144
2114,-0.0011709601873532982,0.027312829780484216,-0.023670827554322704,-0.006947459834997893,-0.0357142857142857,0.0,-0.017094017094017144
2115,-0.004976580796252961,0.03891212304781544,0.012688647505527229,0.031205673758865182,0.0,0.032786885245901676,0.017094017094017033
2116,0.04449648711943799,0.0778878510041674,0.06550946356771603,0.1098466105888174,0.0357142857142857,0.09836065573770492,0.06837606837606847
2117,-0.009074941451990504,0.027628743014541324,-0.047755102040816344,-0.0357142857142857,-0.0535714285714286,-0.016393442622950838,-0.03418803418803418
2118,0.028981264637002346,0.048386541666034955,0.057451706535882274,0.0036325895173844325,0.0892857142857143,-0.016393442622950838,0.03418803418803418
2119,0.0143442622950819,0.07930740489617927,-0.01905110826158629,0.0034042553191490077,-0.03571428571428581,0.016393442622950838,-0.008547008547008628
2120,0.0348360655737705,0.06158661029039869,0.06601906817772984,0.012715340442986056,0.1071428571428571,-0.016393442622950838,0.042735042735042805
2121,0.0043911007025760895,0.02353946939336915,0.013007183071248263,0.005314009661835817,0.017857142857142905,0.0,0.008547008547008517
2122,0.0023419203747072626,0.0009961416829493697,0.026621353724157526,0.08983128134974927,-0.017857142857142905,0.11475409836065575,0.05128205128205121
2123,0.02312646370023408,0.05272768537261141,0.024804621134896343,0.03265602322206096,0.017857142857142905,0.032786885245901565,0.02564102564102566
2124,0.02312646370023408,0.055608035110035314,-0.0018306636155606126,0.03418803418803418,-0.017857142857142905,0.032786885245901565,0.008547008547008517
2125,0.01756440281030447,0.018957736491266197,0.07619047619047625,0.039304610733182144,0.1071428571428571,0.016393442622950838,0.05982905982905984
2126,0.046545667447306927,0.06707376828727107,0.07294117647058818,0.10079051383399218,0.0535714285714286,0.08196721311475408,0.06837606837606836
2127,0.0005854800936768711,0.05962936679392561,-0.03192681105302464,-0.02615248226950362,-0.0357142857142857,-0.016393442622950838,-0.02564102564102566
2128,0.06615925058548022,0.05846565357334421,-0.004160887656033285,0.046099290780141855,-0.0357142857142857,0.0491803278688524,0.008547008547008517
2129,0.033957845433255196,0.06434802957367802,0.009920634920634885,0.039835164835164805,-0.017857142857142905,0.049180327868852514,0.017094017094017033
2130,0.04537470725995307,0.049382184974714805,0.06672932330827075,0.07943349753694584,0.0535714285714286,0.08196721311475408,0.06837606837606836
2131,0.042740046838407486,0.0027715840452902096,0.02509803921568632,0.007905138339920903,0.0357142857142857,0.0,0.017094017094017144
2132,0.05913348946135821,0.08020647698840411,0.05864077669902923,0.09187620889748549,0.0357142857142857,0.08196721311475419,0.05982905982905984
2133,-0.010245901639344246,0.016423961169920287,0.006230529595015577,-0.061559507523939794,0.0535714285714286,-0.08196721311475419,-0.017094017094017144
2134,0.06703747072599531,0.07334353110155989,0.039215686274509776,0.04347826086956519,0.0357142857142857,0.032786885245901565,0.03418803418803418
2135,0.03600702576112402,0.031708397829133594,0.0070948469006721915,0.016843971631205656,0.0,0.016393442622950727,0.008547008547008628
2136,-0.03249414519906313,-0.010642804383522941,-0.0014831294030404063,0.09241499564080202,-0.0357142857142857,0.06557377049180324,0.017094017094017144
2137,0.00936768149882894,0.01818325534379095,-0.05429694813705299,0.04582210242587592,-0.125,0.06557377049180324,-0.02564102564102566
2138,0.03161592505854793,0.04990273474562601,0.038572642310960026,0.06209150326797386,0.017857142857142905,0.06557377049180335,0.042735042735042805
2139,-0.0005854800936767601,0.03375257408101884,0.09530859628018873,0.053594771241829986,0.125,0.016393442622950838,0.06837606837606836
2140,-0.014929742388758882,-0.011405450397337313,-0.03300330033003296,-0.02801932367149751,-0.0357142857142857,-0.016393442622950838,-0.02564102564102566
2141,0.017857142857142905,0.04539495540671501,-0.03812343851207545,0.007843137254901933,-0.0714285714285714,0.032786885245901676,-0.017094017094017144
2142,-0.033372365339578436,-0.01166998375289785,-0.02720027720027718,0.02537878787878789,-0.0714285714285714,0.049180327868852514,-0.008547008547008517
2143,0.05240046838407508,0.049952849195674665,-0.021886399166232473,0.03589743589743599,-0.0535714285714286,0.0491803278688524,0.0
2144,0.019028103044496425,0.05137835872866292,0.018181818181818188,0.01851851851851849,0.017857142857142905,0.016393442622950838,0.017094017094017033
2145,0.009660421545667597,-0.011911615012405341,-0.027373325567850992,-0.04106280193236711,-0.017857142857142905,-0.032786885245901676,-0.02564102564102566
2146,0.05122950819672145,0.06864226033053455,0.032410186058475454,0.049204587495375485,0.017857142857142794,0.049180327868852514,0.03418803418803418
2147,0.03629976580796257,0.042174788308916855,0.023155416012558883,0.08630952380952372,-0.017857142857142794,0.08196721311475408,0.03418803418803418
2148,0.011709601873536202,0.014736174055233864,0.02000404122044852,0.05238095238095242,0.0,0.0491803278688524,0.02564102564102566
2149,-0.029859484777517653,0.01724163425777303,-0.0623885918003565,-0.04600606673407481,-0.07142857142857145,-0.016393442622950727,-0.042735042735042694
2150,0.004098360655737765,0.013669147899841305,0.0340136054421768,0.06190476190476191,0.017857142857142794,0.0491803278688524,0.03418803418803418
2151,0.059718969555035084,0.06433092561387377,0.09982174688057044,0.14155712841253798,0.07142857142857151,0.11475409836065575,0.09401709401709402
2152,-0.0008782201405151957,0.038947727368188634,-0.03960396039603953,-0.04444444444444451,-0.0357142857142857,-0.032786885245901676,-0.03418803418803429
2153,0.020199063231850056,0.03319647132844705,0.051834595224228286,0.047826086956521685,0.05357142857142849,0.032786885245901676,0.042735042735042694
2154,-0.011709601873536313,0.022458104219148067,-0.018357980622131564,0.021818181818181737,-0.0535714285714286,0.032786885245901565,-0.008547008547008517
2155,0.024004683840749386,0.05026031379204532,-0.09929356357927788,-0.05654761904761907,-0.125,-0.016393442622950838,-0.06837606837606836
2156,0.021662763466042123,0.05268697127908217,0.0526111434672879,0.049758454106280214,0.0535714285714286,0.032786885245901676,0.042735042735042694
2157,0.037177985948477654,0.049723011706851894,0.03802733214497922,0.01213346814964611,0.0535714285714286,0.0,0.02564102564102566
2158,0.004098360655737654,0.04582234031666188,-0.005518469069870857,0.010004001600640189,-0.017857142857142905,0.016393442622950838,0.0
2159,0.04508196721311475,0.06631634962431743,0.033333333333333326,0.10314685314685312,-0.017857142857142905,0.11475409836065564,0.05128205128205132
2160,-0.006147540983606592,0.0014227370022145136,0.0017825311942959443,0.0328614762386249,-0.017857142857142794,0.032786885245901676,0.008547008547008628
2161,0.00936768149882894,0.07420425197638436,0.040412204485754666,0.07619047619047625,0.017857142857142794,0.06557377049180324,0.042735042735042805
2162,-0.0023419203747073736,-0.00882049441608701,-0.04395410414827894,0.012214342001576006,-0.0892857142857143,0.032786885245901565,-0.02564102564102555
2163,-0.005562060889929721,0.01057038623655071,0.02830959078123585,0.06508135168961204,0.0,0.06557377049180324,0.03418803418803418
2164,0.020199063231850167,0.05302989255493984,-0.02609769000176343,-0.03607843137254896,-0.017857142857142905,-0.032786885245901565,-0.02564102564102566
2165,0.010538641686182793,0.02588254430463699,0.05882352941176472,0.06521739130434778,0.0535714285714286,0.0491803278688524,0.05128205128205132
2166,-0.01492974238875866,0.0532889546253118,0.01358234295415961,0.04158004158004158,0.0,0.032786885245901676,0.017094017094017144
2167,0.009660421545667486,0.07867384787097043,-0.03508771929824561,0.030100334448160626,-0.0714285714285714,0.0491803278688524,-0.008547008547008628
2168,0.0023419203747072626,0.015667291627785795,-0.02215059095793037,-0.007547169811320753,-0.0357142857142857,0.0,-0.017094017094017144
2169,0.0143442622950819,0.06513452013975574,0.008547008547008517,0.04166666666666663,-0.017857142857142794,0.049180327868852514,0.017094017094017033
2170,0.03366510538641698,0.05018375552018195,-0.026346239430351526,-0.014405762304921965,-0.0357142857142857,0.0,-0.017094017094017144
2171,0.015222482435597207,0.04621710705095905,-0.0503300330033003,-0.011111111111111183,-0.0714285714285714,0.016393442622950838,-0.02564102564102566
2172,0.02195550351288056,0.04923105198129685,0.019949676491732626,0.04534313725490202,0.0,0.049180327868852514,0.02564102564102566
2173,-0.016686182669789162,0.013031725734785837,-0.03971962616822433,-0.06740196078431371,-0.017857142857142794,-0.06557377049180324,-0.042735042735042694
2174,-0.04186182669789229,-0.022802476294039642,-0.07099343955014048,0.02515243902439024,-0.10714285714285715,0.0491803278688524,-0.02564102564102555
2175,0.022540983606557208,0.054127648412721,0.08183079056865461,0.15805471124620063,0.017857142857142794,0.16393442622950816,0.09401709401709402
2176,-0.007318501170960223,-9.060955594086817e-05,-0.026798598227169568,-0.04097452934662238,-0.017857142857142794,-0.032786885245901676,-0.02564102564102566
2177,0.042154566744730726,0.07160555578789862,0.020610224287734846,0.053968253968254,0.0,0.0491803278688524,0.02564102564102566
2178,0.03307962529273989,0.013674381312054562,0.01630335226231916,-0.009787234042553217,0.0357142857142857,-0.016393442622950838,0.008547008547008517
2179,-0.002634660421545698,0.0380151135346295,0.07241312366530772,0.07198067632850247,0.0714285714285714,0.049180327868852514,0.05982905982905984
2180,-0.026053864168618324,-0.011179881808693004,-0.04108448228000372,-0.09673202614379084,0.0,-0.09836065573770492,-0.05128205128205132
2181,0.03951990632318503,0.0612690709752991,0.033807462378890984,0.02879291251384275,0.0357142857142857,0.016393442622950727,0.02564102564102566
2182,0.06440281030444972,0.10397921266586219,0.09259259259259256,0.09615384615384615,0.0892857142857143,0.08196721311475408,0.08547008547008539
2183,0.06615925058548022,0.04894858783157785,0.0650540590067803,0.03196930946291565,0.0892857142857143,0.0,0.042735042735042694
2184,0.02810304449648715,0.033576408139293745,-0.004088785046728938,0.09950980392156861,-0.0714285714285714,0.11475409836065575,0.02564102564102566
2185,0.040983606557376984,0.019847749630889422,0.02795400475812837,0.10010162601626016,-0.017857142857142905,0.09836065573770492,0.042735042735042694
2186,0.024004683840749497,0.04673785768784211,0.020618556701030966,0.024390243902439046,0.017857142857142905,0.016393442622950838,0.017094017094017144
2187,0.02429742388758771,0.05187505181146734,0.01904761904761898,0.10612244897959189,-0.0357142857142857,0.11475409836065575,0.042735042735042694
2188,0.06557377049180324,0.062118681817203925,0.08260073260073264,0.0965136054421768,0.0714285714285714,0.08196721311475408,0.07692307692307698
2189,0.019028103044496647,0.040082681219164584,0.014031730845890156,0.02807017543859658,0.0,0.032786885245901676,0.017094017094017144
2190,-0.015222482435597207,0.013328239819176302,-0.012929292929292902,-0.0042283298097252064,-0.017857142857142905,0.0,-0.008547008547008517
2191,0.027224824355971955,0.05816336738239092,0.04133716750539185,0.07107843137254899,0.017857142857142905,0.06557377049180324,0.042735042735042805
2192,0.06293911007025765,0.09104080904231726,-0.024922118380062308,0.013640238704177299,-0.0535714285714286,0.032786885245901676,-0.008547008547008517
2193,-0.008196721311475419,-0.005864699392151507,0.03201280512204885,0.082815734989648,0.0,0.06557377049180324,0.03418803418803418
2194,0.040983606557377095,0.03188911151592433,0.0052626803375375175,0.03546099290780147,-0.017857142857142794,0.0491803278688524,0.017094017094017144
2195,0.03834894613583151,0.039709679927710795,0.01980198019801971,0.022222222222222254,0.017857142857142905,0.016393442622950838,0.017094017094017144
2196,0.01610070257611218,0.019114073316994884,-0.05216067009328007,-0.04902867715078629,-0.0535714285714286,-0.032786885245901676,-0.042735042735042694
2197,0.047716627634660336,0.04416426995533895,-0.005573534699748306,0.03314238952536819,-0.0357142857142857,0.049180327868852514,0.008547008547008517
2198,0.03688524590163933,0.05518998772870942,0.010135430318916616,-0.0207932229495571,0.0357142857142857,-0.032786885245901676,0.0
2199,0.04625292740046838,0.05060576256001881,0.021052631578947323,0.02564102564102566,0.017857142857142794,0.016393442622950838,0.017094017094017144
2200,0.006733021077283352,0.021866304188740915,0.0,0.0,0.0,0.0,0.0
2201,0.032201405152224805,0.050561233298942465,0.06655098499540679,0.11598915989159897,0.0357142857142857,0.09836065573770492,0.06837606837606847
2202,0.02927400468384067,0.03318281075371443,-0.011949215832711024,-0.0035460992907802025,-0.017857142857142905,0.0,-0.008547008547008517
2203,0.04186182669789229,0.07336938121322656,0.018002423403150503,-0.0030188679245283234,0.0357142857142857,-0.016393442622950838,0.008547008547008517
2204,0.021077283372365474,0.03230498395198955,0.006596578025149347,0.017718715393133966,0.0,0.016393442622950838,0.008547008547008628
2205,0.019613583138173074,0.03971620063736292,0.02571428571428569,-0.015306122448979553,0.0535714285714286,-0.032786885245901676,0.008547008547008517
2206,0.01814988290398123,0.02459505605234058,-0.020618556701030966,-0.024390243902439046,-0.017857142857142905,-0.016393442622950838,-0.017094017094017144
2207,0.07699063231850112,0.09816625321007488,0.050105857445306934,0.089622641509434,0.017857142857142905,0.09836065573770492,0.05982905982905984
2208,0.018442622950819665,0.03876641733892161,0.09922330097087373,0.13878143133462284,0.0714285714285714,0.11475409836065575,0.09401709401709402
2209,-0.030152224824355978,0.027679805590116624,0.0,0.0,0.0,0.0,0.0
2210,0.013758782201405029,0.047048520059184584,0.0006313131313131493,0.03430232558139534,-0.017857142857142794,0.032786885245901676,0.008547008547008517
2211,0.047716627634660336,0.0705015162863688,0.04597069597069592,0.05909863945578231,0.03571428571428581,0.049180327868852514,0.042735042735042694
2212,0.022833723653395865,0.04004930510465887,-0.025377295011054568,-0.009456264775413725,-0.0357142857142857,0.0,-0.017094017094017033
2213,0.025175644028103128,0.033532130560900764,0.03584905660377358,-0.015454545454545388,0.0714285714285714,-0.032786885245901565,0.017094017094017033
2214,0.0008782201405153067,0.02273696588706331,0.019029126213592207,-0.0067698259187620735,0.03571428571428581,-0.016393442622950838,0.008547008547008628
2215,0.0008782201405150847,0.04001705665854838,0.07934388708754525,0.011204481792717047,0.125,-0.032786885245901676,0.042735042735042694
2216,0.03015222482435609,0.02309413258998383,-0.011098779134295134,0.022608695652173938,-0.0357142857142857,0.032786885245901676,0.0
2217,0.07113583138173318,0.09884272274359651,0.05828840970350413,0.10357142857142865,0.017857142857142905,0.11475409836065575,0.06837606837606836
2218,-0.0014637002341919558,0.03864212662970512,0.03509441159641424,-0.04481792717086841,0.0892857142857143,-0.06557377049180324,0.008547008547008517
2219,0.05942622950819676,0.056532030210437956,0.06769230769230772,0.11363636363636365,0.0357142857142857,0.09836065573770492,0.06837606837606836
2220,0.05386416861826704,0.08464574250645662,0.10685633942601935,0.06811145510835914,0.1428571428571429,0.032786885245901565,0.0854700854700855
2221,-0.002634660421545698,-0.011798817167966491,0.028477133427628476,-0.007709750566893381,0.05357142857142849,-0.016393442622950838,0.017094017094017144
2222,0.040983606557376984,0.09024959057739945,0.012944983818770295,0.07195357833655702,-0.0357142857142857,0.09836065573770492,0.03418803418803418
2223,0.023419203747072515,0.057929047936455036,0.026666666666666616,0.07272727272727275,0.0,0.06557377049180324,0.03418803418803418
2224,0.01200234192037486,0.027739452808378307,-0.0066006600660066805,0.011886304909560774,-0.017857142857142794,0.016393442622950838,0.0
2225,0.0029274004683843557,0.015766716909368816,0.05561497326203202,0.12560386473429952,0.0,0.1311475409836066,0.06837606837606836
2226,-0.019613583138173407,0.021474543253702016,-0.016055045871559592,-0.057783018867924474,0.017857142857142905,-0.06557377049180324,-0.02564102564102566
2227,0.04186182669789229,0.07128403337532074,0.01904036557501898,-0.005555555555555536,0.03571428571428581,-0.016393442622950838,0.008547008547008517
2228,0.025468384074941453,0.03910320392610789,0.03205128205128205,0.05163043478260865,0.017857142857142794,0.049180327868852514,0.03418803418803418
2229,-0.022833723653395754,-0.025109804927734625,0.032615026208503206,0.02705314009661841,0.03571428571428581,0.016393442622950838,0.02564102564102566
2230,0.014637002341920446,0.05469887649447358,-0.013554839242912675,-0.028130360205831928,0.0,-0.032786885245901676,-0.017094017094017144
2231,0.004098360655737543,0.07179739331968382,0.019607843137254943,-0.03913043478260869,0.0535714285714286,-0.0491803278688524,0.0
2232,-0.002634660421545698,0.004495019600686656,-0.038461538461538436,-0.04166666666666663,-0.0357142857142857,-0.032786885245901565,-0.03418803418803418
2233,0.022248243559718994,0.04933979333818961,-0.009119746233148263,0.061991869918699205,-0.0535714285714286,0.06557377049180324,0.008547008547008628
2234,0.033957845433255196,0.056206517408446954,0.019607843137254832,0.021739130434782594,0.017857142857142794,0.016393442622950727,0.017094017094017033
2235,0.011709601873536424,0.009933271251159947,0.0,0.0,0.0,0.0,0.0
2236,-0.0038056206088993294,0.01188053381289611,-0.04371380534279834,-0.004444444444444473,-0.07142857142857151,0.016393442622950838,-0.02564102564102566
2237,0.034543325526931956,0.030961244659200138,0.016705516705516787,0.06879844961240311,-0.017857142857142905,0.06557377049180324,0.02564102564102566
2238,0.02049180327868838,0.03852533087471954,0.047825190682333596,0.06644518272425248,0.03571428571428581,0.049180327868852514,0.042735042735042694
2239,0.005854800936768045,0.002615239245317147,0.02075399847677073,-0.001388888888888884,0.0357142857142857,-0.016393442622950838,0.008547008547008628
2240,0.009074941451990615,0.005253944684590173,-0.05109890109890114,-0.04719387755102045,-0.0535714285714286,-0.032786885245901676,-0.042735042735042694
2241,-0.007903981264636983,-0.031838709244910945,0.07162865146058428,0.04037267080745344,0.0892857142857143,0.016393442622950838,0.05128205128205132
2242,0.09777517564402793,0.0997576638992792,0.0693994965839626,0.11211129296235678,0.03571428571428581,0.11475409836065575,0.07692307692307698
2243,0.00995316159250581,0.029067776451730754,0.004262811602261163,0.0838086880210619,-0.0535714285714286,0.11475409836065575,0.03418803418803418
2244,0.025468384074941453,0.05300885638510344,-0.00659340659340657,-0.015306122448979553,0.0,-0.016393442622950838,-0.008547008547008517
2245,0.060889929742388826,0.06461125650548027,-0.018867924528301994,-0.020000000000000018,-0.017857142857142905,-0.016393442622950838,-0.017094017094017144
2246,0.016686182669789273,0.0429979948149104,-0.057281553398058294,-0.034332688588007754,-0.0714285714285714,-0.016393442622950838,-0.042735042735042694
2247,0.014637002341920557,0.04281155343024934,0.017402454662025946,-0.007234042553191489,0.0357142857142857,-0.016393442622950838,0.008547008547008517
2248,0.021077283372365474,0.025069040570691148,0.0030188679245283234,0.05818181818181822,-0.0357142857142857,0.06557377049180324,0.017094017094017033
2249,0.02195550351288056,0.01479856464464091,0.01904761904761898,0.04525288376220049,0.0,0.049180327868852514,0.02564102564102566
2250,0.03688524590163922,0.05233490112790384,0.061855670103092786,0.07317073170731714,0.0535714285714286,0.049180327868852514,0.05128205128205132
2251,0.03512880562060883,0.01818445628932419,0.035285815102328866,0.07861635220125784,0.0,0.08196721311475408,0.042735042735042694
2252,0.012295081967212962,0.01224288140397789,0.029985855728430044,-0.004081632653061273,0.05357142857142849,-0.016393442622950727,0.017094017094017144
2253,0.03805620608899296,0.06720107215644355,0.04686868686868684,0.06342494714587732,0.0357142857142857,0.0491803278688524,0.042735042735042805
2254,0.05503512880562067,0.062335606844257985,-0.00524109014675056,0.010000000000000009,-0.017857142857142794,0.016393442622950838,0.0
2255,0.05005854800936771,0.07295602629519427,0.05129655822725132,0.0217687074829932,0.0714285714285714,0.0,0.03418803418803429
2256,0.025468384074941453,0.02392636355640232,0.06209150326797386,0.11956521739130432,0.017857142857142905,0.11475409836065575,0.06837606837606836
2257,0.004391100702576312,0.04627854664529496,0.007281553398058249,0.017287234042553168,0.0,0.016393442622950838,0.008547008547008517
2258,0.04713114754098369,0.08712330870221396,0.04904398525250786,0.0643729189789124,0.03571428571428581,0.06557377049180324,0.05128205128205121
2259,-0.0043911007025760895,0.002798093424045467,-0.028289972215205794,-0.059893048128342175,0.0,-0.06557377049180324,-0.03418803418803418
2260,0.08372365339578458,0.1098267722351649,0.08470588235294108,0.07509881422924902,0.0892857142857143,0.0491803278688524,0.06837606837606836
2261,0.0679156908665105,0.060529086237719465,0.11484593837535007,0.09893522626441886,0.125,0.06557377049180324,0.09401709401709402
2262,0.028981264637002346,0.022802956989247947,0.026666666666666616,0.07272727272727275,0.0,0.06557377049180324,0.03418803418803418
2263,0.04391100702576112,0.07339772964586833,0.02661227661227661,-0.015019379844961267,0.0535714285714286,-0.032786885245901676,0.008547008547008628
2264,-0.035421545667447374,-0.007933664097806492,-0.06736842105263152,-0.02331002331002341,-0.0892857142857143,0.0,-0.042735042735042694
2265,-0.0011709601873537423,-0.0026497388283648338,-0.027706185567010322,-0.04451219512195115,-0.017857142857142905,-0.032786885245901676,-0.02564102564102566
2266,-0.016686182669789162,0.009429871667582468,-0.02564102564102566,0.01744186046511631,-0.0535714285714286,0.032786885245901676,-0.008547008547008517
2267,0.052107728337236536,0.07508646733230151,0.06330453182860174,0.07490196078431366,0.05357142857142849,0.06557377049180324,0.05982905982905973
2268,-0.026639344262295084,-0.00034681180167195347,-0.016705516705516787,-0.06879844961240311,0.017857142857142905,-0.06557377049180324,-0.02564102564102566
2269,0.017271662763466145,0.0636527642206407,-0.03960396039603953,-0.04444444444444451,-0.0357142857142857,-0.032786885245901676,-0.03418803418803429
2270,0.0570843091334895,0.08785814853075713,0.11341134113411344,0.14832041343669256,0.0892857142857143,0.11475409836065575,0.10256410256410264
2271,0.04215456674473084,0.043125877875322405,0.0529038718291055,0.09138655462184875,0.017857142857142905,0.09836065573770492,0.05982905982905984
2272,0.014637002341920224,0.03438737342944054,-0.004255319148936176,0.055023923444976086,-0.0357142857142857,0.06557377049180335,0.017094017094017144
2273,0.02371194379391084,0.03870031761101311,0.0716365754222481,0.07004830917874394,0.0714285714285714,0.0491803278688524,0.05982905982905973
2274,-0.0011709601873535203,0.015476046421074474,-0.027294218783580515,0.025091799265605896,-0.05357142857142849,0.032786885245901676,-0.008547008547008628
2275,0.033372365339578436,0.049020690153448454,-0.011588785046728889,0.04723707664884136,-0.0535714285714286,0.06557377049180335,0.008547008547008517
2276,0.04683840749414503,0.06052338234244459,0.07267683772538136,0.09769865392965693,0.0535714285714286,0.08196721311475408,0.06837606837606836
2277,0.004098360655737654,0.01961107930194328,0.023296703296703303,0.14155844155844155,-0.0357142857142857,0.11475409836065564,0.042735042735042805
2278,0.01053864168618257,0.036109910688195024,0.0711175616835995,0.09333333333333338,0.0535714285714286,0.08196721311475408,0.06837606837606836
2279,0.0187353629976581,0.044361588875276414,0.08886054421768708,0.08214285714285707,0.0892857142857143,0.049180327868852514,0.06837606837606836
2280,0.0017564402810305024,0.04934465294652157,-0.01200480192076836,0.026915113871635588,-0.03571428571428581,0.032786885245901565,0.0
2281,0.005854800936768045,0.03409969814413383,0.013791763791763723,0.06153100775193798,-0.017857142857142905,0.06557377049180324,0.02564102564102566
2282,0.0008782201405153067,0.04880760484593338,-0.016040100250626632,0.07535321821036112,-0.0714285714285714,0.09836065573770492,0.017094017094017033
2283,0.014929742388758882,0.03511785652252508,-0.005656108597285048,0.011775362318840576,-0.017857142857142794,0.016393442622950838,0.0
2284,0.0017564402810305024,0.00924514002828003,-0.04040404040404044,-0.04651162790697683,-0.03571428571428581,-0.032786885245901676,-0.03418803418803418
2285,0.04771662763466056,0.07122477958164763,0.04163726182074812,0.004716981132075526,0.0714285714285714,-0.016393442622950838,0.02564102564102566
2286,0.0731850117096019,0.0982455008596893,0.07844630616907844,0.061111111111111116,0.0892857142857143,0.032786885245901676,0.05982905982905984
2287,0.024882903981264692,0.09356506919419438,0.08727272727272728,0.17845117845117842,0.017857142857142905,0.180327868852459,0.10256410256410253
2288,0.03395784543325531,0.039053634043997976,0.048382157803409154,0.0981029810298103,0.017857142857142905,0.08196721311475408,0.05128205128205132
2289,-0.0017564402810305024,0.006223078366171864,-0.005098039215686301,0.014822134387351804,-0.017857142857142905,0.016393442622950838,0.0
2290,0.021077283372365474,0.006552122277693639,0.030633437175493272,0.02450980392156865,0.0357142857142857,0.016393442622950838,0.02564102564102566
2291,0.002049180327868827,0.04675926883006565,0.04580458045804581,0.031524547803617575,0.0535714285714286,0.016393442622950838,0.03418803418803418
2292,0.08635831381733028,0.0898003187577796,0.011428571428571455,0.05380333951762528,-0.017857142857142905,0.06557377049180324,0.02564102564102566
2293,0.02254098360655732,0.014844080073948218,-0.001977705861201051,0.04132569558101473,-0.0357142857142857,0.0491803278688524,0.008547008547008517
2294,0.016978922716627598,0.03777713301338004,0.0,0.0,0.0,0.0,0.0
2295,0.031030444964871284,0.05164574264672517,0.05972222222222223,0.1485294117647058,0.01785714285714285,0.11475409836065575,0.06837606837606836
2296,0.06937939110070246,0.05066615016677456,0.04040404040404033,0.11690760527969835,0.0,0.09836065573770492,0.05128205128205132
2297,0.04508196721311475,0.04312540222297545,0.0005602240896358524,0.026175687666370906,-0.017857142857142905,0.032786885245901676,0.008547008547008517
2298,-0.01317330210772849,-0.011579255661114063,0.004166666666666652,0.04318181818181821,-0.017857142857142794,0.049180327868852514,0.017094017094017144
2299,0.019613583138173407,-0.021533277743922774,0.0411604264815274,0.027787307032590136,0.0535714285714286,0.016393442622950838,0.03418803418803418
2300,-0.011709601873536313,-0.0030583218548581037,0.006443298969072142,0.018292682926829285,0.0,0.016393442622950838,0.008547008547008517
2301,0.019028103044496647,0.05065789376817298,0.013729528292635074,-0.020781791192478916,0.0357142857142857,-0.032786885245901676,0.0
2302,0.02488290398126458,0.0710936352607131,-0.04232900354255609,0.019706498951782003,-0.0892857142857143,0.049180327868852514,-0.017094017094017144
2303,0.030444964871194413,0.017214271358561017,0.01869158878504673,0.019607843137254943,0.017857142857142905,0.016393442622950838,0.017094017094017144
2304,0.05854800936768134,0.06927437719625007,0.10846394984326024,0.1444444444444445,0.0714285714285714,0.16393442622950816,0.11965811965811968
2305,0.09221311475409832,0.08395787278094935,0.08580858085808585,0.07700258397932813,0.0892857142857143,0.0491803278688524,0.06837606837606836
2306,0.04391100702576112,0.06754723434492982,0.009700476514635792,0.08223684210526316,-0.0535714285714286,0.09836065573770492,0.02564102564102566
2307,0.012295081967213073,-0.008144718154666775,-0.014763014763014781,-0.06395348837209303,0.017857142857142905,-0.06557377049180324,-0.02564102564102566
2308,0.02693208430913341,0.06070326404465931,0.019230769230769273,0.02083333333333337,0.017857142857142794,0.016393442622950838,0.017094017094017144
2309,0.008489461358313632,-0.011295328375553582,-0.0016675351745701894,-0.06837606837606836,0.0357142857142857,-0.06557377049180324,-0.017094017094017033
2310,0.004098360655737654,0.030642740353015396,0.0,0.0,0.0,0.0,0.0
2311,0.036592505854800894,0.06102261875605275,0.011892626571525677,0.005079825834542806,0.017857142857142794,0.0,0.008547008547008628
2312,0.05796252927400458,0.05640638997780223,0.06767676767676767,0.08826638477801274,0.0535714285714286,0.06557377049180335,0.05982905982905984
2313,-0.0029274004683840227,0.05493460095278835,-0.028477133427628476,0.007709750566893381,-0.05357142857142849,0.016393442622950838,-0.017094017094017144
2314,0.011416861826697877,0.009665420928867019,-0.0044503782821539994,0.012404961984793905,-0.017857142857142794,0.016393442622950727,0.0
2315,-0.008196721311475419,0.0158787860294185,0.02660458929165277,0.07910349373764014,0.0,0.06557377049180324,0.03418803418803418
2316,0.014051522248243575,0.02045500667985478,0.019607843137254943,0.04658385093167705,0.0,0.049180327868852514,0.02564102564102566
2317,0.026639344262295084,0.04449801463111669,0.012889968242107308,0.05555555555555558,-0.017857142857142905,0.06557377049180335,0.02564102564102566
2318,0.02371194379391095,0.04229773224042965,0.03506787330316741,0.05887681159420288,0.017857142857142905,0.049180327868852514,0.03418803418803418
2319,0.06001170960187341,0.09644833157433597,0.0,0.0,0.0,0.0,0.0
2320,-0.026639344262295084,-0.014449420332029783,0.043238915023521174,0.11209133367929425,0.0,0.09836065573770492,0.05128205128205121
2321,-0.0038056206088993294,0.04073179159548712,-0.01905110826158629,0.0034042553191490077,-0.03571428571428581,0.016393442622950838,-0.008547008547008628
2322,-0.022833723653395754,0.0027002373117792633,-0.013173119715175874,-0.029611844737895132,0.0,-0.032786885245901676,-0.017094017094017144
2323,0.005269320843091285,0.03847045855367359,-0.03809523809523818,-0.015971606033717833,-0.0535714285714286,0.0,-0.02564102564102566
2324,0.027224824355972066,0.0622769489208328,0.030191826522101728,0.024109014675052443,0.0357142857142857,0.016393442622950727,0.02564102564102566
2325,1.1102230246251565e-16,0.01363006788208354,0.04340425531914893,0.12200956937799046,0.0,0.09836065573770492,0.05128205128205132
2326,0.0043911007025760895,0.02156595736847,0.03546099290780147,0.030583214793741154,0.0357142857142857,0.016393442622950838,0.02564102564102555
2327,0.0313231850117095,0.03261486710781125,-0.0463157894736842,0.002331002331002252,-0.07142857142857151,0.016393442622950838,-0.02564102564102555
2328,-0.0064402810304450275,0.0075391560388641254,0.013876040703052706,0.04385964912280704,0.0,0.032786885245901676,0.017094017094017033
2329,0.05766978922716626,0.0816061536462176,0.042857142857142816,0.09183673469387754,0.0,0.11475409836065575,0.05982905982905984
2330,0.031030444964871284,0.044885510867009315,0.02813573883161513,0.04573170731707321,0.017857142857142905,0.032786885245901676,0.02564102564102566
2331,0.027224824355971844,0.059058619139406465,0.0005291005291004902,0.023155416012558883,-0.017857142857142794,0.032786885245901676,0.008547008547008517
2332,-0.02985948477751743,0.006586764321080851,-0.020618556701030966,-0.024390243902439046,-0.017857142857142794,-0.016393442622950838,-0.017094017094017144
2333,0.022833723653395865,0.07094686052823318,0.013173119715175874,0.029611844737895132,0.0,0.032786885245901676,0.017094017094017144
2334,-0.002049180327868827,-0.00573873428574756,-0.023665223665223722,-0.08495491219743712,0.017857142857142905,-0.08196721311475408,-0.03418803418803418
2335,0.045960187353629944,0.0734685878019612,0.09433962264150941,0.09999999999999998,0.0892857142857143,0.08196721311475408,0.0854700854700855
2336,0.03190866510538637,0.024095490612825565,0.02511917858452517,0.08247863247863241,-0.017857142857142905,0.09836065573770492,0.042735042735042694
2337,0.040983606557376984,0.04803786718218994,0.017402454662025946,-0.007234042553191489,0.0357142857142857,-0.016393442622950838,0.008547008547008517
2338,0.04420374707259955,0.07094154694083465,-0.021757606663267093,0.014545454545454528,-0.05357142857142849,0.032786885245901676,-0.008547008547008517
2339,0.00497658079625285,0.03637620740835257,-0.058113207547169754,-0.012727272727272698,-0.0892857142857143,0.016393442622950838,-0.03418803418803418
2340,0.03571428571428559,0.08317684848522444,0.03028037383177562,-0.027629233511586415,0.07142857142857151,-0.049180327868852514,0.008547008547008628
2341,0.03893442622950816,0.059659030998340246,0.006666666666666599,0.01744186046511631,0.0,0.016393442622950838,0.008547008547008517
2342,0.03512880562060883,0.06334728245801735,0.015172900494001329,0.0558176100628931,-0.017857142857142794,0.06557377049180335,0.02564102564102555
2343,-0.025175644028102906,0.020840108891882703,-0.006648697214735044,-0.01510204081632649,0.0,-0.016393442622950838,-0.008547008547008628
2344,0.01375878220140514,0.03012107316194923,-0.01333333333333342,-0.005285412262156397,-0.017857142857142794,0.0,-0.008547008547008517
2345,0.07201405152224805,0.05948528489095839,0.08082381446867426,0.091628959276018,0.0714285714285714,0.08196721311475408,0.07692307692307687
2346,0.03307962529274011,0.06004848909545024,0.029202279202279136,0.0657051282051282,0.0,0.06557377049180324,0.03418803418803418
2347,-0.009953161592505921,-0.0029563416325186775,-0.028665723715228686,-0.06893424036281182,0.0,-0.06557377049180324,-0.03418803418803418
2348,0.02634660421545676,0.042831546217310335,0.06760204081632648,0.055952380952380976,0.0714285714285714,0.032786885245901676,0.05128205128205121
2349,0.021370023419203688,0.03508807499925559,0.013201320132013139,0.03410852713178303,0.0,0.032786885245901676,0.017094017094017144
2350,0.03542154566744715,0.026544837190381032,0.04555638536221063,0.058510638297872286,0.0357142857142857,0.0491803278688524,0.042735042735042805
2351,0.0038056206088993294,0.03248832597289786,0.0319817247287264,0.02590194264569834,0.0357142857142857,0.016393442622950727,0.02564102564102566
2352,0.014344262295082233,0.020225134202064732,0.05714285714285716,0.061224489795918324,0.0535714285714286,0.049180327868852514,0.05128205128205132
2353,0.05327868852459006,0.050410917500173236,0.031508678237650245,0.048419367747098874,0.017857142857142905,0.0491803278688524,0.03418803418803418
2354,-0.03805620608899318,-0.03140453902710827,0.0007616146230007281,0.02777777777777779,-0.017857142857142905,0.032786885245901676,0.008547008547008628
2355,0.008196721311475308,0.04088621844440676,-0.05985386848163354,-0.009859885832900872,-0.0892857142857143,0.016393442622950838,-0.03418803418803429
2356,-0.012880562060889944,0.010462747789304894,0.04681872749099636,0.09213250517598348,0.017857142857142794,0.08196721311475408,0.05128205128205132
2357,0.0014637002341921779,0.03154609864858959,-0.01507208387942327,0.006738544474393593,-0.0357142857142857,0.016393442622950838,-0.008547008547008517
2358,0.02312646370023419,0.010833695509761876,0.0,0.0,0.0,0.0,0.0
2359,0.0014637002341919558,0.06387683924756549,-0.05405405405405406,-0.012987012987012991,-0.0892857142857143,0.016393442622950838,-0.03418803418803429
2360,-0.03132318501170961,-0.018029489084778527,-0.061490359562272,-0.008547008547008517,-0.0892857142857143,0.016393442622950727,-0.03418803418803429
2361,0.009367681498829161,0.022783642021305228,0.00064516129032266,0.07063882063882065,-0.035714285714285754,0.08196721311475419,0.02564102564102555
2362,0.04069086651053855,0.044775575463035344,0.05202873228499327,0.048309178743961345,0.0535714285714286,0.032786885245901565,0.042735042735042694
2363,0.028395784543325364,0.08176071891169845,-0.09661678594664935,-0.030000000000000027,-0.1607142857142857,0.016393442622950838,-0.06837606837606836
2364,0.0535714285714286,0.03753406731607978,0.04926749864351598,0.036898061288305195,0.05357142857142849,0.016393442622950727,0.03418803418803418
2365,0.0187353629976581,0.014588852622775206,0.010404161664665845,-0.03105590062111796,0.0357142857142857,-0.032786885245901676,0.0
2366,-0.017271662763465923,0.0016858419341687636,-0.03168498168498168,-0.02593537414965985,-0.0357142857142857,-0.016393442622950838,-0.02564102564102566
2367,0.04830210772833732,0.06109039076085154,0.11130344469447817,0.0947169811320755,0.125,0.06557377049180324,0.09401709401709402
2368,0.030444964871194413,0.03183713334762117,0.0019242543514388366,0.0692456479690522,-0.0535714285714286,0.08196721311475408,0.017094017094017144
2369,0.002049180327868716,0.037770215774911575,0.026651437273938705,0.03885291396854762,0.017857142857142905,0.032786885245901565,0.02564102564102566
2370,0.037177985948477654,0.03778579827039441,0.012526464361326761,0.049921383647798745,-0.017857142857142905,0.06557377049180324,0.02564102564102566
2371,0.01932084309133497,0.015633010429353167,-0.032732316227461866,-0.05254016500217107,-0.017857142857142794,-0.049180327868852514,-0.03418803418803418
2372,0.025468384074941564,0.022067843502078466,0.025921354258508278,0.035686274509803884,0.017857142857142794,0.032786885245901565,0.02564102564102555
2373,0.020784543325526816,0.06297932086730229,0.023430592396109673,0.02814207650273226,0.017857142857142905,0.032786885245901676,0.02564102564102566
2374,0.006147540983606592,0.05246366884174358,0.0,0.0,0.0,0.0,0.0
2375,0.07523419203747062,0.057978598705823337,0.020408163265306145,0.023809523809523836,0.017857142857142905,0.016393442622950838,0.017094017094017033
2376,0.07611241217798581,0.08582810253794093,0.04739704739704742,0.0910852713178294,0.017857142857142905,0.09836065573770492,0.05982905982905984
2377,-0.008196721311475641,0.03192628592753155,-0.04638797213054646,0.011538461538461608,-0.08928571428571419,0.032786885245901565,-0.02564102564102566
2378,0.04888758782201419,0.06157492611130522,0.046312178387650116,0.07925925925925925,0.017857142857142794,0.08196721311475408,0.05128205128205121
2379,-0.004683840749414525,0.01232903969119059,0.003883495145631133,-0.015197568389057836,0.017857142857142905,-0.016393442622950838,0.0
2380,0.03893442622950816,0.04213344026605936,0.08787128712871284,0.050000000000000044,0.1071428571428572,0.016393442622950727,0.05982905982905984
2381,0.012295081967213184,1.1748694739632803e-05,-0.046068913002094036,-0.0601295097132285,-0.0357142857142857,-0.0491803278688524,-0.042735042735042694
2382,0.04508196721311464,0.05811043279585226,0.0442048517520216,0.0546938775510204,0.03571428571428581,0.0491803278688524,0.042735042735042694
2383,0.012880562060890166,0.0383161525891339,0.0062893081761006275,0.014285714285714346,0.0,0.016393442622950838,0.008547008547008517
2384,-1.1102230246251565e-16,-0.005591067891197565,-0.022849462365591378,-0.06891891891891899,0.0,-0.0491803278688524,-0.02564102564102566
2385,0.003512880562061005,0.03225678795009157,0.08480285318010705,0.046605876393110424,0.1071428571428572,0.016393442622950727,0.05982905982905984
2386,0.055327868852458995,0.0275088166854075,0.05292929292929294,0.04968287526427062,0.0535714285714286,0.032786885245901676,0.042735042735042694
2387,0.05679156908665095,0.09344005055641302,0.0991596638655462,0.13620230700976044,0.0714285714285714,0.11475409836065575,0.09401709401709402
2388,-0.042740046838407486,-0.034585663048848136,-0.05941691608469135,-0.029004614370467974,-0.0714285714285714,0.0,-0.03418803418803418
2389,0.036592505854800894,0.0698125012289822,0.004005340453938633,-0.03081232492997199,0.0357142857142857,-0.0491803278688524,-0.008547008547008628
2390,0.015515222482435531,0.04416153670479306,0.051948051948051965,0.09221466364323505,0.017857142857142794,0.09836065573770492,0.05982905982905984
2391,0.06176814988290402,0.09643724321751335,0.07920792079207917,0.0888888888888889,0.0714285714285714,0.06557377049180324,0.06837606837606836
2392,0.036007025761124134,0.027674009383975684,0.03580358035803577,0.06356589147286817,0.017857142857142905,0.0491803278688524,0.03418803418803418
2393,0.015807962529274078,0.023805639955237656,-0.04040404040404033,0.006644518272425182,-0.0714285714285714,0.032786885245901676,-0.017094017094017033
2394,0.005854800936767934,0.03349770296800614,0.0003701304709911035,0.04967320261437902,-0.03571428571428581,0.06557377049180335,0.017094017094017144
2395,0.014637002341920446,0.03554787806771842,-0.016567204061637142,0.0301083902047371,-0.05357142857142849,0.049180327868852514,0.0
2396,-0.042740046838407375,-0.022075721415390714,0.0207961972667855,-0.00353892821031343,0.0357142857142857,-0.016393442622950838,0.008547008547008517
2397,0.08021077283372358,0.11783047372919842,0.04700061842918979,0.06423034330011068,0.0357142857142857,0.049180327868852514,0.042735042735042805
2398,-0.010245901639344135,-0.01133389540839902,-0.02661227661227661,0.015019379844961267,-0.0535714285714286,0.032786885245901676,-0.008547008547008628
2399,-0.01932084309133475,0.001881157038937209,-0.016355140186915862,0.008578431372548989,-0.0357142857142857,0.016393442622950727,-0.008547008547008517
2400,0.02810304449648704,0.00583417634583594,-0.01680672268907557,0.00976042590949422,-0.0357142857142857,0.016393442622950838,-0.008547008547008517
2401,-0.032201405152224694,0.009992066796326027,-0.07843137254901966,-0.058645096056622825,-0.0892857142857143,-0.032786885245901565,-0.05982905982905984
2402,0.002634660421545698,0.024393912139288765,0.019793814432989665,0.053215077605321515,0.0,0.0491803278688524,0.02564102564102566
2403,0.032201405152224805,0.062233049961167075,0.10641064106410636,0.1012919896640827,0.1071428571428571,0.06557377049180324,0.0854700854700855
2404,0.019028103044496536,0.03204937984386347,0.053361053361053346,0.11666666666666659,0.0,0.11475409836065575,0.05982905982905984
2405,0.03629976580796257,0.060115934798452564,0.0068728522336769515,0.019512195121951237,0.0,0.016393442622950838,0.008547008547008517
2406,0.014929742388758882,0.04106106858018177,0.034074877916440593,0.06316447779862411,0.017857142857142905,0.0491803278688524,0.03418803418803418
2407,-0.012002341920374637,0.026119464234526713,-0.02743399339933994,0.019444444444444486,-0.05357142857142849,0.032786885245901565,-0.008547008547008517
2408,-0.010831381733021006,0.00036309036665171934,-0.02506265664160401,0.08110936682365255,-0.0892857142857143,0.08196721311475419,0.0
2409,-0.025175644028103128,0.018844146882709523,-0.013465346534653477,-0.006060606060605989,-0.017857142857142905,0.0,-0.008547008547008517
2410,0.05005854800936771,0.09066812451136574,0.052417006406523026,0.049275362318840665,0.0535714285714286,0.032786885245901676,0.042735042735042805
2411,0.022833723653395643,0.02903872136894503,0.022778595974472293,-0.05375808860129416,0.07142857142857151,-0.06557377049180324,0.0
2412,0.0008782201405151957,0.008831209181034971,0.038461538461538436,0.04166666666666663,0.0357142857142857,0.032786885245901676,0.03418803418803418
2413,-0.055913348946135866,-0.040219967894320696,-0.014455782312925214,-0.04047619047619044,0.0,-0.032786885245901676,-0.017094017094017033
2414,0.009367681498829161,0.029566252031767215,-0.10256410256410264,-0.09420289855072472,-0.1071428571428572,-0.06557377049180324,-0.08547008547008539
2415,0.058548009367681564,0.06840287025156466,0.041456582633053185,0.07364685004436555,0.017857142857142905,0.06557377049180324,0.042735042735042694
2416,0.024590163934426368,0.035941045293731544,0.04908306364617043,0.0887888707037644,0.017857142857142794,0.09836065573770492,0.05982905982905973
2417,0.05737704918032793,0.11711134023977587,0.10399551904406268,0.12278368794326233,0.0892857142857143,0.09836065573770492,0.09401709401709402
2418,-0.0348360655737705,-0.020368098302119275,-0.058446601941747556,-0.037234042553191515,-0.0714285714285714,-0.016393442622950838,-0.042735042735042694
2419,-0.003512880562060894,0.03787560493155229,0.03806502775574949,0.11707317073170731,0.0,0.09836065573770492,0.05128205128205121
2420,0.02488290398126458,0.031190155291592858,0.0,0.0,0.0,0.0,0.0
2421,0.008489461358313743,0.03211324066955079,0.07547169811320753,0.07999999999999996,0.07142857142857151,0.06557377049180324,0.06837606837606836
2422,0.00878220140515229,0.019286884411490846,-0.012509335324869308,-0.004875886524822737,-0.017857142857142794,0.0,-0.008547008547008517
2423,0.02693208430913352,0.053594271790242454,0.07138777841233579,0.06984273820536546,0.0714285714285714,0.049180327868852514,0.05982905982905984
2424,0.0005854800936767601,0.02353692774134042,0.031137332022287745,0.0641025641025641,0.0,0.08196721311475408,0.042735042735042694
2425,0.05327868852459017,0.04403491418331129,0.023665223665223722,0.08495491219743712,-0.017857142857142905,0.08196721311475408,0.03418803418803418
2426,0.041569086651053966,0.04956243579071351,0.05566301310982158,0.12423500611995109,0.017857142857142905,0.09836065573770492,0.05982905982905984
2427,0.0023419203747072626,0.04306467497165667,0.011244520678482917,-0.05069767441860462,0.0535714285714286,-0.06557377049180324,-0.008547008547008628
2428,0.03425058548009374,0.010775140054393395,-0.0450519830573739,0.02190476190476187,-0.0892857142857143,0.049180327868852514,-0.017094017094017033
2429,0.0099531615925057,0.010753915763852762,-0.02251082251082248,-0.08210726150925496,0.017857142857142794,-0.08196721311475408,-0.03418803418803418
2430,0.0723067915690867,0.1047790727276684,0.07339449541284404,0.07547169811320764,0.0714285714285714,0.06557377049180324,0.06837606837606836
2431,-0.006733021077283352,0.037606905975226756,0.006122448979591799,-0.01406926406926412,0.017857142857142905,-0.016393442622950838,0.0
2432,0.0023419203747071515,-0.002907425967645816,-0.004806408544726248,0.011604641856742703,-0.017857142857142905,0.016393442622950838,0.0
2433,0.02751756440281017,0.029350847758750742,0.025516621743036927,0.03510204081632651,0.017857142857142794,0.032786885245901676,0.02564102564102566
2434,0.03805620608899296,0.03363283464286915,0.025000000000000022,0.06818181818181823,0.0,0.06557377049180335,0.03418803418803418
2435,0.03571428571428581,0.09638312608953359,0.11764705882352944,0.13043478260869568,0.1071428571428572,0.09836065573770492,0.10256410256410253
2436,0.029859484777517542,0.048779692624647986,0.025000000000000022,0.06818181818181823,0.0,0.06557377049180335,0.03418803418803418
2437,0.04566744730679162,0.06551050428369454,0.0400313971742543,0.10119047619047616,0.0,0.09836065573770492,0.05128205128205132
2438,-0.014637002341920446,0.006464197224343438,-0.005921052631578938,-0.017307692307692246,0.0,-0.016393442622950838,-0.008547008547008517
2439,0.03600702576112402,0.0516857717051068,0.039215686274509776,0.07178968655207285,0.017857142857142905,0.06557377049180335,0.042735042735042694
2440,-0.0187353629976581,-0.021356201615144288,-0.048461538461538445,-0.01325757575757569,-0.0714285714285714,0.0,-0.03418803418803418
2441,0.04537470725995307,0.06873667292432029,0.08129077764062775,0.0929411764705882,0.0714285714285714,0.08196721311475408,0.07692307692307687
2442,0.02429742388758782,0.02443230447820699,0.022004305190145845,0.008293460925039797,0.0357142857142857,0.0,0.017094017094017033
2443,0.00936768149882905,-0.01594218471416231,0.025876010781671233,0.03591836734693876,0.017857142857142794,0.032786885245901676,0.02564102564102566
2444,0.03922716627634659,0.055450706853647946,0.026732673267326645,0.03989898989898988,0.017857142857142905,0.032786885245901565,0.02564102564102566
2445,0.04888758782201408,0.08212295369118316,0.06061822561220398,0.18842105263157893,-0.017857142857142794,0.180327868852459,0.08547008547008539
2446,0.027224824355971733,0.04944778375371173,-0.007400555041628065,0.01754385964912286,-0.017857142857142905,0.016393442622950838,0.0
2447,0.02810304449648726,0.009084083720622638,0.012021512179690053,0.05911949685534601,-0.0357142857142857,0.08196721311475408,0.02564102564102566
2448,0.054742388758782234,0.05435156495648841,0.07005494505494503,0.13095238095238093,0.017857142857142905,0.14754098360655743,0.08547008547008539
2449,0.015515222482435642,0.036955910582254003,0.06767676767676767,0.08826638477801274,0.0535714285714286,0.06557377049180335,0.05982905982905984
2450,0.04127634660421542,0.03901734316617422,0.06751532296086749,0.11156462585034022,0.0357142857142857,0.09836065573770492,0.06837606837606836
2451,0.021077283372365363,0.03769525427131992,0.032300224047796866,0.02703900709219853,0.0357142857142857,0.016393442622950838,0.02564102564102566
2452,0.0038056206088993294,0.06467056112210134,0.0915789473684211,0.05769230769230771,0.10714285714285715,0.016393442622950838,0.05982905982905984
2453,0.061475409836065475,0.059126673017721676,0.05994397759103631,0.09272404614019525,0.0357142857142857,0.08196721311475408,0.05982905982905973
2454,0.01932084309133486,0.05090481983103712,0.08604118993135013,0.06837606837606836,0.0892857142857143,0.032786885245901676,0.05982905982905984
2455,0.010245901639344246,0.004204373215687007,-0.0332673267326733,-0.028282828282828243,-0.0357142857142857,-0.016393442622950838,-0.02564102564102566
2456,0.023419203747072626,0.0193418167825804,0.006535947712418277,0.061872909698996614,-0.0357142857142857,0.06557377049180324,0.017094017094017144
2457,0.04303278688524581,0.05029301549893317,-0.0056879474355202575,-0.0420583869371598,0.017857142857142905,-0.049180327868852514,-0.017094017094017033
2458,-0.017271662763465923,-0.002767139519236017,0.019805825242718456,0.049323017408123726,0.0,0.049180327868852514,0.02564102564102566
2459,0.03922716627634659,0.058488126614485214,0.07140214576396597,0.04608695652173911,0.0892857142857143,0.016393442622950838,0.05128205128205132
2460,-0.010245901639344246,0.010081938810888924,-0.006714454223754718,-0.038798498122653235,0.017857142857142905,-0.049180327868852514,-0.017094017094017144
2461,0.01932084309133497,0.021790020277810296,-0.004677100197877371,0.05824446267432315,-0.0535714285714286,0.06557377049180324,0.008547008547008517
2462,0.01873536299765799,0.04120008195964853,-0.05802180685358249,0.04607843137254897,-0.125,0.06557377049180324,-0.02564102564102566
2463,0.06118266978922704,0.09410636047277654,0.09606705351386202,0.1707466340269278,0.0535714285714286,0.1311475409836066,0.09401709401709402
2464,0.0005854800936769822,0.014527364963752953,0.006171809841534648,0.012928022361984537,0.0,0.016393442622950838,0.008547008547008517
2465,-0.08489461358313821,-0.034187567876089564,-0.07440476190476197,-0.03214285714285714,-0.0892857142857143,0.0,-0.042735042735042805
2466,0.05005854800936782,0.06798349386725977,-0.012398921832884047,-0.0053061224489795444,-0.017857142857142794,0.0,-0.008547008547008517
2467,0.03951990632318492,0.05731319004417523,0.024040684234858944,0.00781589231437263,0.0357142857142857,0.0,0.017094017094017033
2468,0.012295081967213184,0.03268998050036065,0.03569607343192249,0.0763636363636363,0.0,0.08196721311475408,0.042735042735042694
2469,0.06557377049180324,0.06924060025237244,0.045563779678938765,0.03262411347517735,0.0535714285714286,0.016393442622950838,0.03418803418803429
2470,-0.011416861826697766,0.026879291889060575,-0.09357587676171741,-0.0603913630229419,-0.125,-0.032786885245901676,-0.07692307692307687
2471,-0.0023419203747072626,0.003942983543629208,-0.004851425106125018,0.04665959703075284,-0.03571428571428581,0.0491803278688524,0.008547008547008517
2472,-0.013173302107728269,-0.006268502245752594,-0.016894320632638404,0.007352941176470562,-0.0357142857142857,0.016393442622950838,-0.008547008547008628
2473,0.01814988290398134,0.04379423669715432,-0.028490028490028574,0.0032051282051281937,-0.05357142857142849,0.016393442622950838,-0.017094017094017144
2474,0.007903981264637094,0.0567205176372535,-0.05579745202386721,0.015081967213114722,-0.125,0.06557377049180324,-0.02564102564102566
2475,0.02371194379391095,0.048398591427142645,0.002020202020202033,0.10120585701981044,-0.0714285714285714,0.11475409836065575,0.02564102564102566
2476,0.007318501170960223,0.0002640753518886596,0.010000000000000009,0.051136363636363646,-0.017857142857142794,0.049180327868852514,0.017094017094017033
2477,0.037177985948477765,0.050793917884196293,0.06981729100745127,0.12466124661246614,0.0357142857142857,0.09836065573770492,0.06837606837606836
2478,0.012587822014051508,0.04372489123123957,-0.037247706422018356,0.03301886792452835,-0.0892857142857143,0.06557377049180335,-0.008547008547008517
2479,0.03542154566744715,0.0389062399646819,0.01869158878504673,0.019607843137254832,0.017857142857142794,0.016393442622950838,0.017094017094017144
2480,-0.029566744730679217,-0.005386271221480943,-0.03046036690896503,-0.02413273001508298,-0.0357142857142857,-0.016393442622950838,-0.02564102564102555
2481,-0.010538641686182681,-0.014567635258663447,-0.03355957767722473,-0.055253623188405765,-0.017857142857142905,-0.0491803278688524,-0.03418803418803418
2482,-0.02371194379391084,0.01515079464767588,-0.02020618556701037,0.0077605321507761005,-0.0357142857142857,0.016393442622950727,-0.008547008547008517
2483,-0.011124121779859442,-0.0022986668699667145,0.002376708259061222,0.034378159757330606,-0.017857142857142905,0.032786885245901676,0.008547008547008517
2484,0.012002341920374637,0.057957027765587754,-0.07518796992481203,0.008895866038723166,-0.125,0.049180327868852514,-0.03418803418803418
2485,-0.0029274004683839117,0.046893336423526555,-0.010769230769230753,0.026515151515151603,-0.0357142857142857,0.032786885245901565,0.0
2486,0.005562060889929721,0.030985102663889763,-0.019587628865979312,0.00942350332594244,-0.0357142857142857,0.016393442622950838,-0.008547008547008517
2487,0.007318501170960334,0.0008665965506668982,-0.014030612244897989,-0.03928571428571426,0.0,-0.032786885245901676,-0.017094017094017144
2488,0.06440281030444983,0.06479172632912633,0.0546349466776046,0.11288135593220339,0.0,0.14754098360655732,0.07692307692307687
2489,0.0286885245901638,0.0531021722621392,0.048373644703919916,0.04262753319357093,0.0535714285714286,0.032786885245901565,0.042735042735042805
2490,0.02488290398126458,0.035580239835451555,0.008166228109971918,0.04213600333750522,-0.017857142857142905,0.049180327868852514,0.017094017094017033
2491,0.0313231850117095,0.07454856091044038,0.06988605534454695,0.06128830519074424,0.0714285714285714,0.032786885245901565,0.05128205128205132
2492,-0.002634660421545698,-0.0002410579326965756,-0.04802744425385941,-0.020740740740740726,-0.0714285714285714,0.0,-0.03418803418803418
2493,0.01873536299765799,0.00997810063378568,0.050336760014179416,0.03474903474903479,0.0535714285714286,0.016393442622950838,0.03418803418803418
2494,-0.0641100702576114,-0.0460525054259483,-0.01904761904761909,-0.020408163265306034,-0.017857142857142794,-0.016393442622950838,-0.017094017094017144
2495,-0.012295081967213073,0.009368997462967044,0.005822159491884249,-0.031053459119496862,0.0357142857142857,-0.0491803278688524,-0.008547008547008628
2496,0.03366510538641676,0.066445073209488,-0.015124698310538975,0.005847953216374324,-0.0357142857142857,0.016393442622950838,-0.008547008547008517
2497,0.04186182669789229,0.05734313040981043,-0.012854609929078054,-0.03815789473684217,0.0,-0.032786885245901565,-0.017094017094017033
2498,0.04391100702576112,0.057902028076663115,0.09004120188925746,0.23741388447270806,0.0,0.2295081967213115,0.11965811965811968
2499,0.08811475409836056,0.13490169994781653,0.1454901960784314,0.14525691699604748,0.1428571428571428,0.09836065573770492,0.11965811965811957
2500,0.05122950819672145,0.02959749811310297,0.06195915541709929,0.0716440422322775,0.0535714285714286,0.06557377049180324,0.05982905982905984
2501,0.06176814988290402,0.10382031662788249,-0.06184486373165621,-0.050000000000000044,-0.0714285714285714,-0.032786885245901676,-0.05128205128205132
2502,0.014344262295082122,0.04834380802421656,-0.025263157894736765,0.027972027972027913,-0.0535714285714286,0.032786885245901676,-0.008547008547008517
2503,0.02751756440281039,0.024325717967058735,0.03881987577639745,0.05871670702179177,0.017857142857142794,0.06557377049180335,0.042735042735042805
2504,0.05737704918032782,0.058903498524658704,0.101010101010101,0.06312292358803984,0.125,0.016393442622950838,0.06837606837606836
2505,-0.008196721311475419,0.01696638296543529,-0.03453689167974883,0.023809523809523725,-0.0714285714285714,0.032786885245901676,-0.017094017094017033
2506,0.04069086651053866,0.09069863738540307,-0.004132572939912316,0.010634648370497435,-0.017857142857142905,0.016393442622950838,0.0
2507,0.047131147540983576,0.05921455455879021,0.026556776556776573,0.037840136054421714,0.017857142857142794,0.032786885245901676,0.02564102564102566
2508,0.059133489461358324,0.0576614749455181,0.1435370264610698,0.16743755781683622,0.125,0.1311475409836066,0.1282051282051282
2509,0.03425058548009352,0.03678565264738776,0.03954751937294021,0.08912083500602175,0.0,0.09836065573770492,0.05128205128205132
2510,-0.03307962529274011,-0.007483725129271646,0.04758128469468681,-0.020325203252032464,0.0892857142857143,-0.032786885245901676,0.02564102564102555
2511,0.015515222482435531,0.06423352277739036,0.0636153490522422,0.052105948762483645,0.07142857142857151,0.032786885245901676,0.05128205128205132
2512,-0.011416861826697988,-0.02691207401753004,0.012398921832884047,0.0053061224489795444,0.017857142857142794,0.0,0.008547008547008517
2513,0.004683840749414525,0.028994812596157438,0.03960396039603953,0.04444444444444451,0.0357142857142857,0.032786885245901676,0.03418803418803429
2514,-0.007025761124121788,0.016417818545572227,0.08562691131498479,0.03445447087776876,0.125,0.0,0.05982905982905984
2515,0.03805620608899307,0.09186077186369568,0.04294013639808025,0.07094474153297681,0.017857142857142794,0.08196721311475408,0.05128205128205132
2516,0.07289227166276324,0.1058917830589925,0.09551861981906173,0.10104529616724733,0.0892857142857143,0.06557377049180324,0.07692307692307698
2517,0.019613583138173185,0.037218342997912934,-0.01869158878504673,-0.019607843137254943,-0.017857142857142905,-0.016393442622950838,-0.017094017094017144
2518,-0.016978922716627598,0.01365142325673907,-0.02703900709219853,-0.006578947368421018,-0.0357142857142857,0.0,-0.017094017094017144
2519,0.04508196721311475,0.08174379835121715,0.031868131868131866,0.026360544217687076,0.03571428571428581,0.016393442622950838,0.02564102564102566
2520,0.05210772833723665,0.04376610236807188,0.013879892662163384,-0.04052287581699343,0.05357142857142849,-0.0491803278688524,0.0
2521,0.04127634660421542,0.051378517510886845,0.05957446808510636,0.13397129186602874,0.017857142857142905,0.11475409836065575,0.06837606837606836
2522,0.05064402810304458,0.10665517123206592,0.07202111613876316,0.0969202898550725,0.0535714285714286,0.08196721311475408,0.06837606837606836
2523,0.015515222482435531,0.045765345025094994,0.07304347826086954,0.0,0.10714285714285715,-0.032786885245901565,0.03418803418803418
2524,0.02254098360655732,0.060580106251800325,-0.03083333333333338,0.011363636363636354,-0.0535714285714286,0.016393442622950838,-0.017094017094017033
2525,0.021077283372365363,0.04413315339263124,0.028658802970729536,0.06314978821717365,0.0,0.06557377049180324,0.03418803418803418
2526,0.01317330210772849,0.03014584139968879,0.015238095238095162,0.06307977736549175,-0.017857142857142794,0.06557377049180324,0.02564102564102555
2527,0.05298594847775162,0.09421197320114505,0.07735849056603772,0.13545454545454538,0.0357142857142857,0.13114754098360648,0.0854700854700855
2528,-0.020491803278688492,0.0018248782806561392,-0.02847341337907383,0.0007407407407407085,-0.05357142857142849,0.016393442622950838,-0.017094017094017033
2529,0.008782201405152401,0.03354941982550341,0.03155940594059403,-0.008333333333333415,0.05357142857142855,-0.032786885245901676,0.008547008547008517
2530,0.027224824355972066,0.03548994963457608,-0.02913193567399175,-0.0017825311942959443,-0.0535714285714286,0.016393442622950838,-0.017094017094017144
2531,0.014929742388758882,0.0030421348116637104,0.029216949460121544,-0.002920317062995448,0.0535714285714286,-0.016393442622950838,0.017094017094017144
2532,-0.004098360655737654,0.0057314830639046965,0.012727272727272698,0.0036997885835095,0.017857142857142794,0.0,0.008547008547008517
2533,0.04683840749414514,0.08803130293024342,0.03540962497988098,0.07156798959011068,0.0,0.08196721311475408,0.042735042735042694
2534,0.07113583138173296,0.08071627773336565,0.020618556701030966,0.024390243902439046,0.017857142857142905,0.016393442622950838,0.017094017094017144
2535,0.00995316159250581,0.04304816406014411,0.054195804195804165,0.10804263565891481,0.017857142857142905,0.09836065573770492,0.05982905982905984
2536,0.12617096018735363,0.1427576652335183,0.12965206854768918,0.11358490566037738,0.1428571428571428,0.08196721311475408,0.11111111111111116
2537,-0.02810304449648704,-0.0006120948681795912,0.0068728522336769515,0.019512195121951237,0.0,0.016393442622950838,0.008547008547008517
2538,0.028688524590164022,0.03292241269746121,-0.03767660910518045,0.03809523809523818,-0.0714285714285714,0.0491803278688524,-0.008547008547008628
2539,-0.03922716627634659,-0.0021731940982298026,-0.062046444121915845,-0.04916666666666658,-0.0714285714285714,-0.032786885245901565,-0.05128205128205121
2540,0.06235362997658089,0.08855468225320084,0.065940594059406,0.08333333333333337,0.0535714285714286,0.06557377049180335,0.05982905982905984
2541,0.006147540983606481,0.01816659976147672,0.012578616352201255,-0.019130434782608674,0.03571428571428581,-0.032786885245901676,0.0
2542,0.029274004683840782,0.035793266516175426,-0.026359932901989014,0.036965605914496935,-0.0892857142857143,0.08196721311475408,0.0
2543,0.013173302107728269,0.008936788911919957,0.06720263863121001,0.0874861572535991,0.05357142857142849,0.06557377049180335,0.05982905982905984
2544,-0.01317330210772849,-0.008603696050119347,0.0,0.0,0.0,0.0,0.0
2545,-0.006733021077283352,-0.000945318159462305,-0.006795786612300292,-0.014513788098693747,0.0,-0.016393442622950838,-0.008547008547008517
2546,0.03132318501170961,0.03449988917677005,0.01980198019801982,0.022222222222222254,0.017857142857142905,0.016393442622950727,0.017094017094017033
2547,0.01580796252927419,0.05384457568674328,0.011949215832711024,0.0035460992907802025,0.017857142857142905,0.0,0.008547008547008517
2548,0.03600702576112402,0.040950112152087326,0.01654081265731755,0.060556464811783894,-0.017857142857142905,0.06557377049180324,0.02564102564102566
2549,-0.037177985948477765,-0.01209176694526537,-0.05718731764248197,0.0204878048780488,-0.1071428571428572,0.0491803278688524,-0.02564102564102566
2550,0.06352459016393441,0.07716090090861338,0.041678453559641615,0.07482993197278909,0.017857142857142794,0.08196721311475408,0.05128205128205132
2551,0.024590163934426257,0.030363863091395937,-0.012801280128012849,-0.03307493540051676,0.0,-0.032786885245901676,-0.017094017094017033
2552,0.0,0.011568412128884153,-0.0643946899148009,-0.022796352583586588,-0.0892857142857143,0.0,-0.042735042735042805
2553,-0.0023419203747071515,0.008409015996982072,-0.043010752688172005,0.044653349001175124,-0.08928571428571419,0.06557377049180324,-0.008547008547008628
2554,0.03132318501170961,0.07578414636017716,-0.011892626571525677,-0.005079825834542806,-0.017857142857142794,0.0,-0.008547008547008628
2555,0.025468384074941453,0.05017232815965145,-0.01848739495798324,0.005767524401064872,-0.0357142857142857,0.016393442622950838,-0.008547008547008628
2556,0.018149882903981118,0.039116714824150356,-0.006802721088435382,0.05212355212355213,-0.0357142857142857,0.049180327868852514,0.008547008547008628
2557,0.03307962529274,0.041629634011126626,0.012727272727272698,0.10016835016835024,-0.0535714285714286,0.11475409836065575,0.03418803418803418
2558,0.016978922716627598,0.029000682983419068,0.012696041822255366,0.005319148936170248,0.017857142857142905,0.0,0.008547008547008517
2559,0.03512880562060894,0.05667102746138386,0.033640803038524125,0.061913696060037604,0.017857142857142794,0.0491803278688524,0.03418803418803418
2560,-2.220446049250313e-16,0.008264824399847326,-0.012637362637362592,-0.005527210884353817,-0.017857142857142905,0.0,-0.008547008547008517
2561,0.003512880562060783,0.011803687713507482,-0.03711340206185576,0.04529616724738683,-0.0892857142857143,0.049180327868852514,-0.017094017094017033
2562,0.016393442622950727,0.0444602873852451,0.049498096227068245,0.044494720965309154,0.0535714285714286,0.032786885245901565,0.042735042735042694
2563,-0.031030444964871284,0.004879912176079193,-0.09587569220596737,-0.08370497427101209,-0.1071428571428572,-0.06557377049180324,-0.0854700854700855
2564,0.01668618266978905,0.03916357771669976,0.040000000000000036,0.045454545454545525,0.0357142857142857,0.032786885245901676,0.03418803418803418
2565,0.04478922716627631,0.059208122540360786,-0.05136213777546417,0.03661327231121281,-0.125,0.06557377049180324,-0.02564102564102566
2566,-0.005562060889929721,0.017355161723608292,0.026269259914119658,0.05561497326203202,0.0,0.06557377049180324,0.03418803418803418
2567,0.0570843091334895,0.10919623320355165,0.04325767690253668,0.030012004801920678,0.05357142857142849,0.016393442622950838,0.03418803418803418
2568,0.03190866510538637,0.054246133145962716,0.002002002002001957,0.023776223776223793,-0.017857142857142794,0.032786885245901676,0.008547008547008517
2569,0.020199063231850167,0.1008858342054838,0.02488687782805421,0.009057971014492683,0.0357142857142857,0.0,0.017094017094017033
2570,0.027224824355971955,0.018631141549090957,0.0,0.0,0.0,0.0,0.0
2571,0.009367681498829161,0.04932151881005198,0.0,0.024844720496894346,-0.017857142857142905,0.032786885245901676,0.008547008547008628
2572,0.0357142857142857,0.01735118177646966,-0.013076923076923097,0.02083333333333337,-0.0357142857142857,0.032786885245901676,0.0
2573,0.07347775175644022,0.10910982592302576,0.06837786661056167,0.09117305458768865,0.05357142857142849,0.06557377049180324,0.05982905982905984
2574,0.016686182669789273,0.03290357817135536,-0.005279034690799378,0.012681159420289911,-0.017857142857142905,0.016393442622950727,0.0
2575,0.004098360655737654,0.011626066941896052,0.0011204481792717047,-0.022182786157941448,0.017857142857142905,-0.032786885245901565,-0.008547008547008628
2576,0.036592505854801005,0.052757099403185403,0.00700808625336935,0.015918367346938744,0.0,0.016393442622950838,0.008547008547008628
2577,-0.026639344262294973,-0.025979375577735775,-0.04081632653061229,-0.04761904761904756,-0.03571428571428581,-0.032786885245901676,-0.03418803418803418
2578,0.0456674473067914,0.03605533987713949,0.06069410815173537,0.14219881500987486,-0.017857142857142905,0.19672131147540983,0.09401709401709402
2579,0.02371194379391106,0.05441495035137156,0.06561832653853616,0.08212560386473433,0.0535714285714286,0.06557377049180335,0.05982905982905984
2580,0.040398126463700224,0.049697747721815566,0.0064102564102564985,0.014880952380952328,0.0,0.016393442622950838,0.008547008547008628
2581,0.03073770491803285,0.033582265248016885,0.031538461538461515,-0.0018939393939393367,0.0535714285714286,-0.016393442622950838,0.017094017094017144
2582,-0.01873536299765788,-0.0078117948714612195,-0.02939177709819918,-0.022133526850508067,-0.0357142857142857,-0.016393442622950838,-0.02564102564102566
2583,0.009660421545667708,-0.0035479758784831006,-0.05940594059405935,-0.06666666666666665,-0.0535714285714286,-0.0491803278688524,-0.05128205128205132
2584,0.05444964871194369,0.04578214481950216,0.025484199796126372,0.0341074020319303,0.017857142857142905,0.032786885245901676,0.02564102564102555
2585,0.06293911007025765,0.10580217370561007,0.07921665490472829,0.04441823899371078,0.1071428571428571,0.016393442622950838,0.05982905982905984
2586,-0.0008782201405151957,0.008857752445905476,-0.06444906444906451,-0.013636363636363669,-0.1071428571428571,0.016393442622950838,-0.042735042735042805
2587,0.020784543325526927,0.05461459437547622,0.027294218783580515,-0.025091799265605896,0.05357142857142849,-0.032786885245901676,0.008547008547008628
2588,0.0032201405152225693,0.03844964385021499,0.020970873786407718,0.0522243713733076,0.0,0.0491803278688524,0.02564102564102555
2589,-0.0029274004683840227,0.00785918614000125,-0.014054553860379126,-0.03300043421623966,0.0,-0.032786885245901565,-0.017094017094017144
2590,0.02254098360655732,0.03107980609063976,0.05882352941176472,0.0652173913043479,0.0535714285714286,0.049180327868852514,0.05128205128205132
2591,-0.0038056206088993294,0.03538543103279568,0.012021512179690053,0.05911949685534601,-0.0357142857142857,0.08196721311475408,0.02564102564102566
2592,0.029274004683840782,0.04581996284568268,-0.03219213081246808,0.05392516507703593,-0.1071428571428572,0.08196721311475408,-0.008547008547008517
2593,0.025761124121779888,0.02460135662505958,0.0,0.0,0.0,0.0,0.0
2594,-0.0011709601873536313,0.016880395927077352,0.018321458314055628,-0.030065359477124187,0.0535714285714286,-0.049180327868852514,0.0
2595,0.007025761124121788,0.03191737362211955,-0.024210057854917588,-0.009603841536614643,-0.0357142857142857,0.0,-0.017094017094017033
2596,0.032201405152224805,0.05203497939791013,0.03481481481481474,0.10664335664335667,-0.017857142857142794,0.11475409836065575,0.05128205128205121
2597,0.06440281030444961,0.11372997807774987,0.004323899371069251,0.09499999999999997,-0.05357142857142849,0.11475409836065564,0.03418803418803418
2598,0.021077283372365363,0.055005069342439095,-0.012444801284624551,0.11473684210526314,-0.0892857142857143,0.11475409836065575,0.017094017094017144
2599,0.006147540983606592,0.07150435566995039,0.02576549663928307,0.03634751773049638,0.017857142857142905,0.032786885245901676,0.02564102564102566
2600,0.03190866510538637,0.06882895972387726,-0.03879502994547246,0.07139942880456951,-0.125,0.11475409836065564,0.0
2601,-0.0017564402810303914,0.007244954023167938,0.0,0.0,0.0,0.0,0.0
2602,0.049180327868852514,0.07088819289199644,0.06496688140822071,0.10262828535669577,0.0357142857142857,0.09836065573770492,0.06837606837606847
2603,0.009660421545667486,0.03997380116103688,0.09313131313131318,0.09566596194503174,0.0892857142857143,0.06557377049180335,0.07692307692307687
2604,0.021662763466042123,0.040358704195180395,0.03539823008849563,0.03508771929824561,0.0357142857142857,0.032786885245901565,0.03418803418803418
2605,0.04625292740046838,0.04791326882500935,0.0,0.0,0.0,0.0,0.0
2606,0.03190866510538648,0.05413759232135773,-0.028344671201814053,0.059523809523809534,-0.0892857142857143,0.08196721311475408,0.0
2607,0.015222482435597207,0.022870867165828535,0.014401440144014455,0.037209302325581395,0.0,0.032786885245901676,0.017094017094017144
2608,-0.0023419203747071515,0.035579640397517265,0.06761492475778186,0.08859357696567005,0.05357142857142849,0.06557377049180324,0.05982905982905984
2609,0.06293911007025765,0.09359818795702846,0.032564674766509705,0.0483704974271012,0.017857142857142794,0.0491803278688524,0.03418803418803418
2610,-0.0014637002341918448,0.04122918418514332,-0.012066365007541435,-0.02898550724637683,0.0,-0.032786885245901565,-0.017094017094017144
2611,0.022248243559719105,0.037578304834707144,0.06382978723404253,0.07894736842105254,0.05357142857142849,0.049180327868852514,0.05128205128205132
2612,-0.02195550351288056,-0.011409205689523416,-0.007759671876732099,-0.05998681608437706,0.017857142857142905,-0.049180327868852514,-0.017094017094017033
2613,0.012880562060890055,0.057415097812187454,0.027219564061669255,0.07632677400119259,0.0,0.06557377049180324,0.03418803418803429
2614,0.024004683840749497,0.03171100154868156,0.020210025757876005,0.0800405268490374,-0.017857142857142794,0.06557377049180324,0.02564102564102566
2615,0.013466042154566704,0.020062810059566116,0.014487832484436969,0.04435204435204443,0.0,0.032786885245901676,0.017094017094017033
2616,-0.028395784543325475,0.012758955324155496,0.0,0.0,0.0,0.0,0.0
2617,0.012002341920374748,0.060463811654055455,-0.023778318666916376,0.06873315363881405,-0.0892857142857143,0.09836065573770492,0.008547008547008517
2618,-0.003512880562060894,0.017401991728819954,0.006057459328487336,0.013197586726998445,0.0,0.016393442622950838,0.008547008547008517
2619,-0.0064402810304449165,0.036573480419511806,-0.07057505601194913,-0.06826241134751765,-0.07142857142857151,-0.049180327868852514,-0.05982905982905984
2620,0.0038056206088993294,0.018798895076929223,0.03546099290780147,0.030583214793741154,0.0357142857142857,0.016393442622950838,0.02564102564102555
2621,0.0679156908665105,0.06784120936809368,0.08207070707070707,0.1290697674418605,0.05357142857142849,0.09836065573770492,0.07692307692307687
2622,0.014929742388758771,0.06448646426319393,-0.01743753322700692,0.017889087656529523,-0.035714285714285754,0.032786885245901676,0.0
2623,-0.007903981264637094,0.04452442922047806,0.04796970334525563,0.06736353077816493,0.0357142857142857,0.0491803278688524,0.042735042735042694
2624,0.012587822014051508,0.025437356181817528,-0.05176933158584529,-0.030997304582210172,-0.0714285714285714,-0.016393442622950838,-0.042735042735042694
2625,0.03688524590163922,0.02764445680040828,0.01980198019801982,0.022222222222222254,0.017857142857142905,0.016393442622950727,0.017094017094017033
2626,-0.04888758782201397,-0.0018624931493478325,0.0,-0.05315614617940201,0.0357142857142857,-0.06557377049180335,-0.017094017094017144
2627,0.04069086651053866,0.07096103696824396,0.0497299151161793,0.06585275619681841,0.0357142857142857,0.06557377049180324,0.05128205128205132
2628,0.024590163934426146,0.030392925117090575,-0.0071428571428571175,-0.01658163265306123,0.0,-0.016393442622950727,-0.008547008547008517
2629,-0.010831381733021006,-0.007694810349557324,-0.04190476190476189,0.0018552875695733162,-0.0714285714285714,0.016393442622950838,-0.02564102564102566
2630,0.05679156908665095,0.06175119300477383,0.08999253174010446,0.08953900709219853,0.0892857142857143,0.06557377049180335,0.07692307692307687
2631,0.036007025761124134,0.05454965585599636,-0.012232415902140747,0.04101722723543888,-0.0535714285714286,0.06557377049180324,0.008547008547008628
2632,0.007611241217798437,0.010680391019093127,-0.048634425188276875,-0.018356278681685434,-0.0714285714285714,0.0,-0.03418803418803418
2633,0.026053864168618324,0.02040303242540531,0.04695898161244694,0.08752834467120174,0.017857142857142794,0.08196721311475408,0.05128205128205132
2634,-0.008196721311475308,0.002722994090293529,-0.0135849056603774,0.043636363636363695,-0.05357142857142849,0.049180327868852514,0.0
2635,-0.005562060889929721,0.012601243115396676,0.04255319148936165,0.05263157894736836,0.0357142857142857,0.032786885245901676,0.03418803418803418
2636,0.05269320843091341,0.09757268808110275,0.0850942318675042,0.10314523589269198,0.0714285714285714,0.08196721311475408,0.07692307692307687
2637,0.04420374707259944,0.03514598181547246,0.054133568696675516,0.0257298367144978,0.0714285714285714,0.0,0.03418803418803418
2638,0.04683840749414525,0.039703944890014053,-0.02467343976777936,-0.010000000000000009,-0.0357142857142857,0.0,-0.017094017094017144
2639,0.023711943793911172,0.031171045315802726,-0.021510297482837504,0.012820512820512886,-0.0357142857142857,0.016393442622950838,-0.008547008547008628
2640,0.014637002341920446,0.006965295080741063,0.007070707070707116,0.01849894291754761,0.0,0.016393442622950838,0.008547008547008517
2641,0.0005854800936767601,0.028702224318969072,0.025602560256025586,0.008268733850129162,0.0357142857142857,0.0,0.017094017094017144
2642,-0.0064402810304449165,0.025109755051632154,0.028140013726835944,0.04765291607396871,0.017857142857142794,0.032786885245901676,0.02564102564102566
2643,0.04332552693208436,0.02080680524167744,0.06114605171208953,0.048461538461538445,0.0714285714285714,0.032786885245901676,0.05128205128205132
2644,0.043325526932084246,0.06708251771833884,0.08300567933595449,0.11821332306507515,0.0535714285714286,0.11475409836065564,0.0854700854700855
2645,0.030152224824355978,0.02577188660382257,0.012820512820512775,0.05910852713178294,-0.017857142857142794,0.06557377049180335,0.02564102564102566
2646,0.005854800936768156,0.011292129860623001,-0.012699564586357126,-0.029166666666666674,0.0,-0.032786885245901676,-0.017094017094017144
2647,0.03805620608899296,0.0551430980331401,-0.0003284072249589709,0.07551020408163267,-0.0714285714285714,0.11475409836065575,0.02564102564102566
2648,0.027810304449648715,0.0487020046683494,-0.011020203706795795,0.03578947368421048,-0.05357142857142849,0.06557377049180324,0.008547008547008628
2649,0.03190866510538637,0.06838467496472478,-0.01224489795918371,0.05102040816326525,-0.0535714285714286,0.06557377049180324,0.008547008547008517
2650,0.0518149882903981,0.06092571937077229,-0.01869158878504673,-0.019607843137254832,-0.017857142857142905,-0.016393442622950727,-0.017094017094017144
2651,0.022248243559718994,0.07030909730729828,-0.0069656812776078825,-0.014876632801161027,0.0,-0.016393442622950838,-0.008547008547008517
2652,0.029859484777517653,0.0631220415639463,0.04040404040404033,0.04651162790697683,0.0357142857142857,0.032786885245901676,0.03418803418803418
2653,-0.015807962529273967,-0.001634736644475998,-0.0117647058823529,-0.029644268774703497,0.0,-0.032786885245901565,-0.017094017094017033
2654,0.07377049180327855,0.06636317911186085,0.05689176688251618,0.09795321637426901,0.0357142857142857,0.06557377049180335,0.05128205128205132
2655,0.04127634660421542,0.04082635807267465,0.02013004364478488,0.06784423926134087,-0.017857142857142794,0.08196721311475408,0.03418803418803429
2656,0.017271662763466256,0.04763607482001364,0.06601906817772984,0.012715340442986056,0.1071428571428571,-0.016393442622950838,0.042735042735042805
2657,0.04449648711943788,0.028242512332803282,0.006200620062006168,-0.012919896640826822,0.017857142857142905,-0.016393442622950727,0.0
2658,0.023419203747072515,0.03972987018076213,0.03376623376623378,0.07369614512471656,0.0,0.08196721311475419,0.042735042735042805
2659,0.02312646370023419,0.07055473316921312,0.11613717652009259,0.12543554006968638,0.1071428571428572,0.08196721311475408,0.09401709401709402
2660,0.00702576112412201,0.004845271439982035,0.0066006600660066805,-0.04444444444444451,0.0357142857142857,-0.0491803278688524,-0.008547008547008517
2661,0.023419203747072737,0.07894234106888498,-0.019599919175591007,0.007936507936507908,-0.0357142857142857,0.016393442622950727,-0.008547008547008628
2662,-0.012002341920374748,-0.0015998300637768414,0.017994294491990304,0.08880308880308885,-0.017857142857142905,0.06557377049180324,0.02564102564102566
2663,0.012587822014051508,0.07923195130391991,0.004172156346069378,0.0846253229974161,-0.0357142857142857,0.08196721311475408,0.02564102564102566
2664,0.04683840749414525,0.073550371368443,0.08225108225108224,0.0525321239606954,0.1071428571428571,0.016393442622950838,0.05982905982905984
2665,0.03337236533957855,0.07900708363793674,-0.02515723270440251,-0.03428571428571425,-0.017857142857142905,-0.032786885245901565,-0.02564102564102555
2666,-0.0005854800936767601,0.021631941040970326,-0.06324549237170596,-0.05123751628310902,-0.0714285714285714,-0.032786885245901676,-0.05128205128205132
2667,0.005269320843091396,0.01401880081053275,-0.019501802687643344,0.01653171390013497,-0.0535714285714286,0.032786885245901676,-0.008547008547008517
2668,0.0029274004683840227,0.010699452315567237,0.020408163265306034,0.023809523809523725,0.017857142857142794,0.016393442622950838,0.017094017094017144
2669,0.06615925058548,0.06870545827960406,-0.007092198581560294,0.0483476132190942,-0.0357142857142857,0.0491803278688524,0.008547008547008517
2670,0.0008782201405153067,0.035258553877597465,-0.020618556701030855,-0.024390243902438935,-0.017857142857142794,-0.016393442622950838,-0.017094017094017033
2671,-0.0014637002341919558,0.020548242611934775,-0.052790346907994,-0.07608695652173914,-0.0357142857142857,-0.06557377049180324,-0.05128205128205132
2672,0.06586651053864145,0.04977194786201289,0.0030985333608758436,0.10246360582306835,-0.0535714285714286,0.09836065573770492,0.02564102564102555
2673,-0.015807962529273967,-0.004136411155060693,0.03403465346534651,0.09166666666666667,0.0,0.08196721311475408,0.042735042735042805
2674,0.050351288056206145,0.006878630742578218,0.012987012987012991,0.026455026455026398,0.0,0.032786885245901565,0.017094017094017144
2675,0.0348360655737705,0.0265930776704284,-0.0636153490522422,-0.052105948762483645,-0.07142857142857151,-0.032786885245901676,-0.05128205128205132
2676,0.04625292740046838,0.023448902657152382,0.03954751937294021,0.08912083500602175,0.0,0.09836065573770492,0.05128205128205132
2677,0.041569086651053966,0.052112413732680385,0.013468013468013407,0.028490028490028574,0.0,0.032786885245901676,0.017094017094017033
2678,0.04098360655737687,0.06232579418085982,0.01980198019801971,0.022222222222222254,0.017857142857142905,0.016393442622950838,0.017094017094017144
2679,0.007318501170960112,0.01999582434960545,-0.033333333333333326,0.00454545454545463,-0.0535714285714286,0.016393442622950838,-0.017094017094017144
2680,0.03512880562060883,0.08338508020646196,0.03809523809523807,0.04081632653061229,0.0357142857142857,0.032786885245901565,0.03418803418803418
2681,0.005562060889929721,0.02193762714730918,0.024210057854917588,0.009603841536614643,0.0357142857142857,0.0,0.017094017094017033
2682,0.004098360655737876,0.028292202403749966,0.006828391734052142,0.015510204081632617,0.0,0.016393442622950838,0.008547008547008517
2683,0.037177985948477876,0.06551460315204916,0.019410496046010084,0.044117647058823484,0.0,0.049180327868852514,0.02564102564102566
2684,0.002634660421545698,0.04292609208879128,-0.018135189595164025,-0.04212765957446807,0.0,-0.0491803278688524,-0.02564102564102566
2685,-0.0011709601873536313,0.005397597606263904,0.013457656445256094,0.03309692671394804,0.0,0.032786885245901676,0.017094017094017144
2686,0.025761124121779888,0.025848793348076993,0.06384408602150538,0.041216216216216184,0.0714285714285714,0.016393442622950838,0.042735042735042805
2687,0.028688524590164022,0.04894127303325435,-0.019410496046010084,-0.044117647058823484,0.0,-0.049180327868852514,-0.02564102564102566
2688,-1.1102230246251565e-16,0.006066409028854802,0.032576769025367214,0.05082032813125248,0.017857142857142794,0.049180327868852514,0.03418803418803418
2689,0.030152224824355978,0.047205845797317236,0.03806907378335955,-0.014880952380952328,0.0714285714285714,-0.032786885245901565,0.017094017094017144
2690,-0.01317330210772838,0.02341193231428207,0.03865194211728873,0.06805555555555554,0.017857142857142794,0.06557377049180335,0.042735042735042694
2691,0.08518735362997665,0.06734940951026758,0.0672882822262808,0.05957446808510636,0.07142857142857145,0.032786885245901676,0.05128205128205132
2692,0.0275175644028105,0.022906016295719422,-0.0074007400740073725,0.009819121447028345,-0.017857142857142794,0.016393442622950838,0.0
2693,0.014637002341920446,0.020150333464248882,0.0092592592592593,0.043269230769230727,-0.017857142857142905,0.0491803278688524,0.017094017094017144
2694,0.014051522248243575,0.06295923534518277,0.0,0.0,0.0,0.0,0.0
2695,-0.026346604215456426,-0.005379348322687605,-0.05555555555555558,-0.05769230769230771,-0.05357142857142849,-0.049180327868852514,-0.05128205128205132
2696,0.012295081967212962,0.02248295326851979,0.04524886877828049,0.03260869565217395,0.0535714285714286,0.016393442622950838,0.03418803418803418
2697,0.017271662763466034,0.026642100186253015,0.008924812663130388,0.03885918003565059,-0.017857142857142794,0.049180327868852514,0.017094017094017144
2698,0.005562060889929832,0.022173446510772687,0.03252525252525251,0.025898520084566612,0.0357142857142857,0.016393442622950838,0.02564102564102566
2699,-0.020784543325526927,0.0026787418783944528,-0.04790801660811239,0.033033033033033066,-0.0892857142857143,0.0491803278688524,-0.017094017094017144
2700,-0.029566744730679217,-0.037592824339189645,0.0,0.0,0.0,0.0,0.0
2701,0.03747072599531609,0.048510377446752795,-0.05013477088948781,-0.04530612244897958,-0.05357142857142849,-0.032786885245901676,-0.042735042735042694
2702,0.02254098360655754,0.048581077179121746,0.030841799709724227,0.04749999999999999,0.017857142857142905,0.0491803278688524,0.03418803418803418
2703,0.03951990632318514,0.08854040183097611,0.026353276353276334,0.059294871794871806,0.0,0.06557377049180335,0.03418803418803418
2704,0.015222482435597096,0.012815232303685642,-0.02450980392156865,-0.008152173913043459,-0.0357142857142857,0.0,-0.017094017094017144
2705,0.012295081967213073,0.003839158670689624,-0.03508771929824561,0.030100334448160626,-0.0714285714285714,0.0491803278688524,-0.008547008547008628
2706,0.02810304449648704,0.07894468862891202,0.006576670128071949,0.014328808446455565,0.0,0.016393442622950838,0.008547008547008628
2707,0.009074941451990504,0.010765041220575977,0.0053061224489795444,-0.016233766233766156,0.017857142857142794,-0.016393442622950838,0.0
2708,0.015515222482435531,0.0648171606618142,-0.03701304709910236,0.010457516339869244,-0.07142857142857151,0.032786885245901676,-0.017094017094017144
2709,0.04449648711943799,0.05615539637103384,-0.014957264957265015,0.011217948717948789,-0.0357142857142857,0.032786885245901676,0.0
2710,0.05679156908665106,0.05264506271354219,-0.017433501078360836,0.006127450980392246,-0.0357142857142857,0.016393442622950838,-0.008547008547008517
2711,-0.007318501170960223,0.004330214942317778,-0.05882352941176461,-0.06521739130434778,-0.05357142857142849,-0.0491803278688524,-0.05128205128205121
2712,-0.009953161592506032,0.04062665401090715,0.007092198581560294,-0.015789473684210464,0.017857142857142794,-0.016393442622950838,0.0
2713,0.06703747072599531,0.07005344222549581,0.03656083267733756,0.10251450676982587,-0.017857142857142905,0.11475409836065575,0.05128205128205121
2714,-0.014929742388758771,0.005717599654075811,0.01980198019801982,0.022222222222222143,0.017857142857142905,0.016393442622950838,0.017094017094017033
2715,0.03834894613583151,0.05083172541041825,0.05167674546454104,0.09633418584825237,0.017857142857142905,0.09836065573770492,0.05982905982905984
2716,0.013466042154566815,0.047599216216786755,0.015172900494001329,0.0558176100628931,-0.017857142857142794,0.06557377049180335,0.02564102564102555
2717,0.047131147540983576,0.05102788742200104,0.03883495145631066,0.04255319148936165,0.0357142857142857,0.032786885245901565,0.03418803418803418
2718,0.04303278688524581,0.0695710577665325,-0.010769230769230753,0.026515151515151603,-0.0357142857142857,0.032786885245901565,0.0
2719,-0.027224824355971844,0.029532510755230557,-0.08082440897150933,-0.06349206349206349,-0.0892857142857143,-0.032786885245901676,-0.05982905982905984
2720,0.037763466042154414,0.05740485223709446,0.0780952380952381,0.13821892393320967,0.0357142857142857,0.11475409836065575,0.07692307692307698
2721,0.02371194379391095,0.06918975522771376,0.006469002695417836,0.014693877551020473,0.0,0.016393442622950838,0.008547008547008517
2722,0.0011709601873535203,0.007020294762489776,-0.04571428571428571,-0.007421150278293154,-0.07142857142857151,0.016393442622950838,-0.02564102564102566
2723,-0.003512880562060894,0.026130028051652876,-0.023321615364829018,-0.008879023307436285,-0.0357142857142857,0.0,-0.017094017094017144
2724,-0.0064402810304449165,0.023759835209075764,0.011859838274932644,0.004081632653061273,0.017857142857142905,0.0,0.008547008547008517
2725,0.051522248243559665,0.0920658142277796,0.033076923076923115,0.0018939393939393367,0.0535714285714286,-0.016393442622950838,0.017094017094017144
2726,0.032201405152224916,0.06689475405757561,0.01922330097087377,0.0478723404255319,0.0,0.049180327868852514,0.02564102564102566
2727,-0.021662763466042234,-0.0057216025521864555,-0.030907457322551735,-0.02448979591836742,-0.0357142857142857,-0.016393442622950838,-0.02564102564102566
2728,0.01990632318501173,0.08278854119874168,-0.02583837273227041,0.011508951406649537,-0.0535714285714286,0.032786885245901676,-0.008547008547008517
2729,0.021370023419203577,0.03651490599998941,0.01558441558441559,0.05517762660619807,-0.017857142857142905,0.06557377049180335,0.02564102564102566
2730,0.04449648711943799,0.057210020430544906,-0.01941747572815533,-0.02127659574468077,-0.017857142857142905,-0.016393442622950727,-0.017094017094017144
2731,0.03366510538641698,0.0355639047683185,0.04524886877828049,0.03260869565217395,0.0535714285714286,0.016393442622950838,0.03418803418803418
2732,0.03981264637002346,0.08789613457232448,0.00220900594732365,0.025054466230936767,-0.017857142857142794,0.032786885245901676,0.008547008547008628
2733,-0.010831381733021117,0.013569668155185122,-0.013201320132013139,-0.005797101449275366,-0.017857142857142794,0.0,-0.008547008547008628
2734,0.03981264637002346,0.02998315854772049,0.012817089452603514,0.02881152460984393,0.0,0.032786885245901676,0.017094017094017144
2735,-0.025761124121779888,0.02403809151201397,0.02182259042230761,0.05714285714285705,0.0,0.049180327868852514,0.02564102564102566
2736,0.04069086651053855,0.024565887633551386,0.038102216523172805,0.0646808510638297,0.017857142857142905,0.06557377049180324,0.042735042735042694
2737,-0.008489461358313632,0.03261593638685145,-0.0071450444013473335,-0.04932249322493232,0.017857142857142794,-0.0491803278688524,-0.017094017094017144
2738,0.0029274004683840227,0.050767572160785535,0.020408163265306145,0.023809523809523836,0.017857142857142794,0.016393442622950838,0.017094017094017144
2739,-0.005854800936768156,0.0014182788341911001,-0.026122448979591817,-0.008658008658008698,-0.03571428571428581,0.0,-0.017094017094017033
2740,0.017857142857142794,0.059151374069826845,-0.04297037964121819,0.04233409610983985,-0.0892857142857143,0.049180327868852514,-0.017094017094017144
2741,0.01668618266978905,0.040948841427318916,0.02083333333333337,0.08586956521739131,-0.017857142857142794,0.08196721311475408,0.03418803418803418
2742,0.050936768149882905,0.06538642362984837,0.030252100840336138,-0.05024630541871922,0.0535714285714286,-0.049180327868852514,0.0
2743,-0.02254098360655743,-0.023099104341877785,-0.022222222222222254,-0.02941176470588236,-0.01785714285714285,-0.016393442622950838,-0.017094017094017144
2744,0.037763466042154636,0.026095223049801053,0.05491268672417415,0.05400696864111498,0.0535714285714286,0.032786885245901565,0.042735042735042694
2745,0.022833723653395865,0.029421738026373156,-0.05230769230769228,-0.022727272727272707,-0.07142857142857151,0.0,-0.03418803418803418
2746,0.02810304449648704,0.035552525980629635,0.03223726627981949,0.09179926560587515,0.0,0.08196721311475408,0.042735042735042805
2747,0.014929742388758882,0.019789718758871033,-0.04123711340206193,-0.04878048780487809,-0.0357142857142857,-0.032786885245901565,-0.03418803418803429
2748,0.003512880562061116,0.015020171192754228,0.0036439354502862953,0.09344012204424101,-0.07142857142857151,0.11475409836065575,0.02564102564102555
2749,-0.030444964871194413,0.019443189456430643,0.03126684636118593,0.025306122448979562,0.0357142857142857,0.016393442622950838,0.02564102564102566
2750,0.0029274004683840227,0.016094653559798777,-0.011949215832711024,-0.0035460992907802025,-0.017857142857142905,0.0,-0.008547008547008517
2751,0.005269320843091174,-0.01768821820159694,-0.056022408963585346,-0.03371783496007097,-0.0714285714285714,-0.016393442622950727,-0.042735042735042694
2752,-0.014051522248243464,0.001135973269075996,0.004589495155532974,-0.030909090909090886,0.0357142857142857,-0.0491803278688524,-0.008547008547008517
2753,0.010245901639344357,-0.0011481343047822223,-0.06259426847662142,-0.048913043478260865,-0.0714285714285714,-0.032786885245901676,-0.05128205128205132
2754,-0.008196721311475308,-0.006980468833582276,-0.04361370716510904,-0.0059676044330776445,-0.07142857142857151,0.016393442622950838,-0.02564102564102566
2755,0.054156908665105474,0.04970154541089511,-0.000740260941981985,0.04705882352941171,-0.0357142857142857,0.06557377049180324,0.017094017094017033
2756,-0.0570843091334895,-0.030165547030625683,0.025433736034153887,-0.035220125786163514,0.0714285714285714,-0.06557377049180324,0.0
2757,0.0017564402810303914,0.018616372433575612,0.06848357791754012,0.08615384615384614,0.0535714285714286,0.08196721311475408,0.06837606837606836
2758,0.052107728337236536,0.041353366567593364,0.04936153992757775,0.12046511627906975,0.0,0.11475409836065575,0.05982905982905984
2759,-0.0014637002341920669,0.01929057102083609,-0.030727762803234526,-0.02408163265306118,-0.0357142857142857,-0.016393442622950727,-0.02564102564102555
2760,0.03688524590163944,0.057273691349063904,-0.05672268907563027,-0.011904761904761862,-0.1071428571428571,0.016393442622950838,-0.042735042735042805
2761,-0.02254098360655743,0.028743420384706342,0.03379416282642089,-0.009009009009009028,0.05357142857142855,-0.032786885245901676,0.008547008547008628
2762,-0.0014637002341920669,0.007414875014948308,-0.029858429858429902,0.01855287569573283,-0.07142857142857151,0.032786885245901565,-0.017094017094017033
2763,-0.01697892271662771,0.022836265820320722,-0.018867924528301883,-0.020000000000000018,-0.017857142857142794,-0.016393442622950838,-0.017094017094017033
2764,0.02868852459016391,0.00318386124520853,-0.024242424242424288,-0.03097643097643099,-0.017857142857142905,-0.032786885245901676,-0.02564102564102566
2765,-0.06557377049180324,-0.026213281162474455,-0.06273305549462593,-0.03979460847240046,-0.0714285714285714,-0.016393442622950838,-0.042735042735042694
2766,0.015807962529273967,0.030470642129275194,0.03921568627450989,0.09030100334448166,0.0,0.09836065573770492,0.05128205128205132
2767,0.033957845433255196,0.022609456680164897,-0.012160439344905405,0.02474022761009398,-0.03571428571428581,0.032786885245901565,0.0
2768,0.010245901639344135,0.022431696649398036,-0.023670827554322704,-0.006947459834997893,-0.0357142857142857,0.0,-0.017094017094017144
2769,0.015807962529274078,0.07303134060277905,0.07547169811320764,0.07999999999999996,0.0714285714285714,0.06557377049180324,0.06837606837606836
2770,0.03922716627634659,0.029496315179853183,0.07705019624044618,0.17749160134378494,0.017857142857142905,0.16393442622950816,0.09401709401709402
2771,0.059718969555035195,0.0660559436289031,0.04040404040404044,0.07482305358948438,0.017857142857142905,0.06557377049180324,0.042735042735042694
2772,0.031030444964871284,0.021453811974972647,0.007675438596491224,0.022435897435897467,0.0,0.016393442622950838,0.008547008547008517
2773,0.02371194379391106,0.05548842925870123,0.03293279928793946,0.05162064825930379,0.017857142857142905,0.0491803278688524,0.03418803418803418
2774,-0.0002927400468385466,-0.02985450906128373,-0.027070707070707023,-0.04122621564482032,-0.017857142857142905,-0.032786885245901565,-0.02564102564102566
2775,-0.02195550351288067,0.001627151521472192,0.006938775510204165,-0.011904761904761862,0.017857142857142905,-0.016393442622950838,0.0
2776,0.011124121779859664,0.03430724097952853,0.009203681472589098,0.052795031055900554,-0.017857142857142794,0.049180327868852514,0.017094017094017144
2777,0.025175644028103128,0.03653834765980024,-0.006262626262626303,-0.016384778012684897,0.0,-0.016393442622950838,-0.008547008547008517
2778,-0.006147540983606481,-0.0009660405846708686,0.026461069864839093,0.03839037927844591,0.017857142857142794,0.032786885245901565,0.02564102564102555
2779,0.009660421545667375,0.023629350652385583,0.051589567865981345,0.047641073080480933,0.0535714285714286,0.032786885245901565,0.042735042735042805
2780,0.06820843091334894,0.058824328149670535,0.054277498202731866,0.031862745098039214,0.0714285714285714,0.016393442622950727,0.042735042735042805
2781,0.004098360655737543,0.024459021684007376,0.04331983805668016,-0.03525641025641024,0.08928571428571419,-0.06557377049180335,0.008547008547008517
2782,0.024004683840749497,0.02199308999955074,0.00796162090435848,0.051490514905149,-0.017857142857142905,0.0491803278688524,0.017094017094017033
2783,0.012002341920374637,0.020723747970550987,0.06000000000000005,0.06818181818181812,0.0535714285714286,0.049180327868852514,0.05128205128205132
2784,0.03600702576112402,0.06701371251775146,0.012871287128712883,0.00454545454545463,0.017857142857142905,0.0,0.008547008547008517
2785,0.05210772833723665,0.09062893387632143,0.04674900479738697,0.09376693766937672,0.017857142857142905,0.08196721311475408,0.05128205128205132
2786,0.03425058548009374,0.07094691476657444,0.001465469866275937,0.027234042553191506,-0.017857142857142905,0.032786885245901676,0.008547008547008517
2787,0.015515222482435531,0.054246639329729174,0.04069142337275655,0.08462332301341591,0.0,0.09836065573770492,0.05128205128205121
2788,0.02868852459016391,0.05624772835227576,0.03756613756613758,0.017660910518053408,0.0535714285714286,0.0,0.02564102564102566
2789,0.014344262295082122,0.010464837322296305,-0.04141414141414146,-0.02777777777777779,-0.0535714285714286,-0.016393442622950838,-0.03418803418803418
2790,0.010245901639344246,0.07878518648593635,0.006732673267326739,0.01717171717171717,0.0,0.016393442622950838,0.008547008547008517
2791,0.020199063231850167,0.04344932308988614,0.013791763791763723,0.06153100775193798,-0.017857142857142905,0.06557377049180324,0.02564102564102566
2792,-0.002049180327868827,0.011112461634769755,0.006988934187536322,0.017391304347826098,0.0,0.016393442622950727,0.008547008547008517
2793,0.018442622950819665,0.050843309868593534,-0.04875605276339956,-0.004210526315789442,-0.0892857142857143,0.032786885245901676,-0.02564102564102555
2794,0.08343091334894615,0.09111624974527732,0.006982219696354708,0.03277060575968216,-0.017857142857142794,0.0491803278688524,0.017094017094017144
2795,0.029274004683840782,0.09509755431888334,0.06173129651390519,0.08690292758089369,0.03571428571428581,0.09836065573770492,0.06837606837606836
2796,0.03542154566744726,0.03195543740765028,0.012944983818770295,-0.022761009401286558,0.0357142857142857,-0.032786885245901676,0.0
2797,0.023419203747072626,0.04862722897861993,0.00618429189857761,0.01661129568106312,0.0,0.016393442622950838,0.008547008547008628
2798,0.014637002341920335,0.07586796386910477,0.06441374159820767,0.07845744680851063,0.0535714285714286,0.06557377049180335,0.05982905982905984
2799,-1.1102230246251565e-16,0.030422152079192077,-0.018018018018018056,0.023376623376623384,-0.0535714285714286,0.0491803278688524,0.0
2800,0.04391100702576112,0.06312547939972535,0.05681818181818177,-0.03125,0.08928571428571425,-0.0491803278688524,0.017094017094017033
2801,0.008489461358313743,0.035605519185726076,-0.027925531914893664,-0.009210526315789447,-0.0357142857142857,0.0,-0.017094017094017144
2802,0.012295081967213184,0.07388099226569744,0.062409288824383236,0.050000000000000044,0.0714285714285714,0.032786885245901676,0.05128205128205132
2803,0.015222482435597318,0.033720721387524355,0.0867326732673267,0.10808080808080811,0.07142857142857151,0.08196721311475408,0.07692307692307687
2804,0.004098360655737765,0.013179261352662675,-0.048128342245989275,0.004025764895330131,-0.0892857142857143,0.049180327868852514,-0.017094017094017033
2805,-0.01375878220140514,0.01933137265770757,0.027706185567010322,0.04451219512195115,0.017857142857142905,0.032786885245901676,0.02564102564102566
2806,0.0213700234192038,0.05956559630271674,0.00712250712250706,0.038461538461538436,-0.017857142857142794,0.049180327868852514,0.017094017094017033
2807,0.019613583138173296,0.023299296811385983,-0.014801480148014856,-0.038242894056847554,0.0,-0.032786885245901676,-0.017094017094017033
2808,0.032201405152224916,0.07233327420756153,0.07592714505156906,0.1505791505791506,0.0357142857142857,0.11475409836065575,0.07692307692307687
2809,0.05825526932084302,0.05428500908698908,0.033877551020408125,0.059523809523809534,0.017857142857142794,0.0491803278688524,0.03418803418803418
2810,0.0038056206088994404,0.018376809678423367,0.014285714285714346,0.037878787878787956,0.0,0.032786885245901676,0.017094017094017033
2811,0.025761124121779666,0.03897012654892462,0.010720064724919043,0.08776595744680848,-0.0357142857142857,0.08196721311475408,0.02564102564102566
2812,0.0023419203747072626,-0.006508313872236715,0.013951734539969785,0.03351449275362317,0.0,0.032786885245901565,0.017094017094017033
2813,0.015222482435597207,0.02568461816805001,0.04914529914529908,0.02083333333333337,0.0714285714285714,0.0,0.03418803418803418
2814,0.004683840749414525,0.060788679655148226,0.008737439930100566,-0.023873700423565625,0.0357142857142857,-0.032786885245901565,0.0
2815,-0.014051522248243464,0.029352288403532545,-0.06060606060606066,-0.04843304843304841,-0.0714285714285714,-0.032786885245901565,-0.05128205128205132
2816,0.015515222482435642,-0.00809522840474075,0.025520110957004127,0.011289622231871466,0.03571428571428581,0.0,0.017094017094017144
2817,0.05474238875878212,0.1209559480510094,0.00205920205920207,0.046011131725417376,-0.0357142857142857,0.06557377049180324,0.017094017094017144
2818,-0.03307962529274011,-0.008436696854420611,0.043900543900543876,0.0009689922480620172,0.07142857142857151,-0.016393442622950727,0.02564102564102555
2819,0.007611241217798548,0.008099954380867636,-0.03144654088050314,-0.0008695652173913437,-0.0535714285714286,0.016393442622950838,-0.017094017094017033
2820,-0.005562060889929832,0.03516382266937057,-0.009169363538295672,0.024959083469721755,-0.0357142857142857,0.049180327868852514,0.008547008547008517
2821,0.012002341920374637,0.05670518432539695,-0.02640264026402639,0.06006006006006004,-0.0714285714285714,0.06557377049180324,0.0
2822,0.0017564402810305024,0.009848066152588153,0.005732778548312556,-0.010855405992184153,0.017857142857142794,-0.016393442622950838,0.0
2823,0.0011709601873537423,0.006920340433185235,0.01139601139601143,0.04807692307692313,-0.017857142857142905,0.049180327868852514,0.017094017094017144
2824,-0.005562060889929721,0.034537460468470615,-0.04464786101251628,-0.00666666666666671,-0.0714285714285714,0.016393442622950838,-0.02564102564102566
2825,0.09543325526932078,0.10069608653093709,0.08787061994609169,0.0853061224489795,0.08928571428571419,0.06557377049180324,0.07692307692307687
2826,-0.002049180327868827,0.033741970899937024,-0.04303586321934949,-0.051013277428371806,-0.0357142857142857,-0.0491803278688524,-0.042735042735042694
2827,0.04742388758782201,0.03301940401874237,0.016887579774177652,0.09855649576903935,-0.0357142857142857,0.09836065573770492,0.03418803418803418
2828,0.022248243559719105,0.06718869642010317,-0.00018880392712161687,0.07615139078887367,-0.0535714285714286,0.08196721311475408,0.017094017094017033
2829,-0.0143442622950819,0.01478387092373501,-0.033333333333333326,0.00454545454545463,-0.0535714285714286,0.016393442622950838,-0.017094017094017144
2830,-0.042740046838407486,-0.028521273485535126,-0.06532421235186436,0.025346724055475778,-0.125,0.0491803278688524,-0.03418803418803418
2831,0.03629976580796246,0.03135773170311129,-0.015460030165912575,-0.03713768115942029,0.0,-0.032786885245901676,-0.017094017094017144
2832,-0.0005854800936766491,0.04054032716762157,-0.029985855728430044,0.004081632653061273,-0.05357142857142849,0.016393442622950727,-0.017094017094017144
2833,0.0187353629976581,0.03791591667606897,0.041297935103244865,0.029027113237639512,0.0535714285714286,0.016393442622950838,0.03418803418803418
2834,-0.02927400468384067,0.0005065876427022831,-0.06908533469596323,-0.0010911074740861393,-0.1071428571428571,0.032786885245901676,-0.03418803418803418
2835,0.039812646370023685,0.03062866681679799,-0.03208998428583243,0.010319917440660409,-0.07142857142857151,0.032786885245901676,-0.017094017094017144
2836,0.06381733021077263,0.04976813037924721,0.03865194211728873,0.06805555555555554,0.017857142857142794,0.06557377049180335,0.042735042735042694
2837,0.07318501170960179,0.05026346037713847,0.014162240966364648,0.038570618264322176,0.0,0.032786885245901676,0.017094017094017033
2838,0.03629976580796235,0.033123502617175005,0.03574561403508769,0.03269230769230769,0.035714285714285754,0.016393442622950838,0.02564102564102566
2839,0.03629976580796279,0.0414113984765605,0.03442982456140342,0.028846153846153855,0.0357142857142857,0.016393442622950838,0.02564102564102566
2840,0.021662763466042123,0.02770553671855458,0.012944983818770295,0.03039513677811545,0.0,0.032786885245901676,0.017094017094017144
2841,-0.012880562060889833,0.014143972268183203,-0.0641025641025641,0.008333333333333415,-0.1071428571428572,0.032786885245901565,-0.03418803418803418
2842,0.005562060889929721,0.08006639053714659,0.027070707070707023,0.04122621564482032,0.017857142857142905,0.032786885245901565,0.02564102564102566
2843,-0.004098360655737765,0.04179909931129355,-0.011138411138411075,-0.004040404040404066,-0.017857142857142905,0.0,-0.008547008547008517
2844,0.05444964871194391,0.06704959376591024,0.02737698853126158,0.06434782608695655,0.0,0.06557377049180324,0.03418803418803418
2845,0.007611241217798548,0.07125281943695794,-0.04802744425385941,-0.020740740740740726,-0.0714285714285714,0.0,-0.03418803418803418
2846,-0.011124121779859553,0.043761604618165695,-0.07787509520182789,-0.05972222222222223,-0.0892857142857143,-0.032786885245901676,-0.05982905982905984
2847,0.008782201405151957,0.05148901070144407,-0.019245283018867854,0.030000000000000027,-0.0535714285714286,0.049180327868852514,0.0
2848,-0.007903981264636983,0.031765823871067855,0.006828391734052142,0.015510204081632617,0.0,0.016393442622950838,0.008547008547008517
2849,0.0043911007025760895,0.010975121199913285,0.039215686274509776,0.04347826086956519,0.0357142857142857,0.032786885245901676,0.03418803418803418
2850,0.03629976580796246,0.03130545490806602,-0.026651437273938705,-0.03885291396854762,-0.017857142857142905,-0.032786885245901565,-0.02564102564102566
2851,0.037763466042154525,0.04355499087931958,0.038461538461538436,0.10416666666666663,-0.017857142857142905,0.11475409836065575,0.05128205128205132
2852,0.01932084309133497,0.04394088620083536,0.0025031289111389077,0.07093821510297482,-0.0357142857142857,0.09836065573770492,0.03418803418803418
2853,0.045374707259953295,0.02968880851148692,-0.030740216878830773,0.0022675736961451642,-0.0535714285714286,0.016393442622950838,-0.017094017094017033
2854,-0.022833723653395643,0.00951121954600731,-0.06504672897196262,-0.005347593582887611,-0.1071428571428571,0.016393442622950838,-0.042735042735042805
2855,-0.03425058548009352,0.007621071197970397,0.022913256955810146,-0.010526315789473717,0.0357142857142857,-0.016393442622950838,0.008547008547008628
2856,-0.024004683840749386,-0.00531170454070784,-0.08390022675736963,0.001831501831501825,-0.1428571428571429,0.032786885245901565,-0.05128205128205121
2857,0.04332552693208436,0.0583233454235651,0.054545454545454564,0.05555555555555547,0.0535714285714286,0.049180327868852514,0.05128205128205132
2858,0.013173302107728269,0.0370800366725752,-0.012703021504400613,0.017521902377972465,-0.03571428571428581,0.032786885245901676,0.0
2859,0.00731850117095989,0.011436470758064088,-0.011244520678482917,0.05069767441860462,-0.0535714285714286,0.06557377049180324,0.008547008547008628
2860,0.04859484777517564,0.03878961948112092,-0.10731395720217185,-0.033633633633633586,-0.1428571428571429,0.0,-0.06837606837606836
2861,0.030444964871194413,0.08005001786521027,-0.0043980208905991525,0.037510656436487655,-0.0357142857142857,0.049180327868852514,0.008547008547008517
2862,0.013466042154566815,0.0445890082804733,0.04081632653061218,0.04761904761904756,0.0357142857142857,0.032786885245901565,0.03418803418803418
2863,-0.03512880562060894,-0.03131875267196971,-0.11428571428571432,-0.06929283341243475,-0.1428571428571428,-0.032786885245901565,-0.0854700854700855
2864,0.022833723653395754,0.037479300178969166,0.014001400140014053,0.036175710594315236,0.0,0.032786885245901565,0.017094017094017033
2865,0.0023419203747072626,0.05300631768854147,0.012889968242107308,0.05555555555555558,-0.017857142857142905,0.06557377049180335,0.02564102564102566
2866,0.035128805620608716,0.049688349728135295,-0.00700808625336935,-0.015918367346938744,0.0,-0.016393442622950838,-0.008547008547008628
2867,0.03747072599531609,0.03701727544335964,0.013684697179842775,0.032132001736865035,0.0,0.032786885245901676,0.017094017094017033
2868,0.05854800936768145,0.03699864292328914,0.026461069864839093,0.03839037927844591,0.017857142857142794,0.032786885245901565,0.02564102564102555
2869,0.004976580796252739,0.036422574137399244,0.0076030412164865835,0.04865424430641818,-0.017857142857142905,0.0491803278688524,0.017094017094017144
2870,0.069672131147541,0.08821093164152971,-0.0059779562861945745,0.03555555555555556,-0.03571428571428581,0.049180327868852514,0.008547008547008517
2871,0.019028103044496536,0.051013443181426754,0.03812343851207545,-0.007843137254901933,0.0714285714285714,-0.032786885245901676,0.017094017094017144
2872,0.029274004683840782,0.06437891010713725,0.07211538461538458,0.02499999999999991,0.0892857142857143,0.0,0.042735042735042805
2873,0.026053864168618324,0.029109723319382108,0.09523809523809523,0.10204081632653061,0.0892857142857143,0.08196721311475419,0.0854700854700855
2874,-0.0032201405152224583,0.06389005323001429,0.0688230008984726,0.06489795918367347,0.0714285714285714,0.0491803278688524,0.05982905982905973
2875,-0.0023419203747073736,0.05607072355956799,-0.05675675675675684,0.031818181818181746,-0.125,0.06557377049180324,-0.02564102564102566
2876,0.0740632318501171,0.058604262398282425,0.06325247079964069,0.07510204081632643,0.0535714285714286,0.06557377049180324,0.05982905982905984
2877,0.04683840749414525,0.04801161382729413,0.014054553860379126,0.03300043421623966,0.0,0.032786885245901565,0.017094017094017144
2878,0.002634660421545809,0.0760877626715516,-0.07051282051282048,-0.06845238095238093,-0.0714285714285714,-0.0491803278688524,-0.05982905982905973
2879,0.01317330210772838,0.05274003731289778,-0.025150254276467887,-0.010421189752496729,-0.0357142857142857,0.0,-0.017094017094017144
2880,0.01053864168618257,0.020037057352288,-0.015194015895278135,-0.006756756756756799,-0.01785714285714285,0.0,-0.008547008547008517
2881,0.031615925058548044,0.00955663110333227,0.027210884353741527,0.07039337474120089,0.0,0.06557377049180324,0.03418803418803418
2882,0.05737704918032782,0.04761476941019405,0.04880581516095539,0.042986425339366585,0.0535714285714286,0.032786885245901676,0.042735042735042694
2883,-0.02195550351288056,-0.0022513308432601242,-0.0010103051121438389,0.026984126984127,-0.017857142857142794,0.032786885245901676,0.008547008547008517
2884,0.07552693208430905,0.12515809849177528,0.09999999999999998,0.11363636363636365,0.0892857142857143,0.08196721311475408,0.08547008547008539
2885,0.07640515222482436,0.06631545895316604,0.1228491781216956,0.1167848699763594,0.125,0.08196721311475408,0.10256410256410253
2886,-0.03629976580796246,-0.02026779448332361,-0.08509064002959676,-0.05391304347826087,-0.1071428571428571,-0.032786885245901676,-0.06837606837606836
2887,0.024297423887587932,0.0385050701944033,-0.029530744336569548,0.04148936170212769,-0.07142857142857151,0.049180327868852514,-0.008547008547008628
2888,0.042154566744730615,0.0470719307087748,0.07965367965367964,0.04686318972033254,0.1071428571428572,0.016393442622950838,0.05982905982905984
2889,-0.005854800936768156,0.018973688405049205,0.010451045104510448,0.07222222222222219,-0.0357142857142857,0.08196721311475408,0.02564102564102566
2890,0.02751756440281017,0.03245020711240665,0.007499999999999951,0.05227272727272725,-0.017857142857142794,0.0491803278688524,0.017094017094017144
2891,-0.016978922716627376,0.021381994755952927,-0.0641025641025641,-0.02422480620155032,-0.0892857142857143,0.0,-0.042735042735042694
2892,0.04683840749414514,0.06040187749786241,-0.012160439344905405,0.02474022761009398,-0.03571428571428581,0.032786885245901565,0.0
2893,0.0456674473067914,0.04309964107430819,0.03809523809523818,0.04081632653061218,0.0357142857142857,0.032786885245901676,0.03418803418803429
2894,0.017857142857142794,0.07937771652293768,0.025980352358528913,0.052962595167163284,0.0,0.06557377049180324,0.03418803418803418
2895,0.03542154566744726,0.07154249276309566,-0.00018318373328440885,0.023404255319149025,-0.017857142857142905,0.032786885245901676,0.008547008547008517
2896,0.010538641686182681,0.02263737176919045,0.018501557061732843,-0.004680851063829761,0.0357142857142857,-0.016393442622950838,0.008547008547008517
2897,-0.04449648711943799,0.022907567373855686,-0.03108715184186872,-0.024897959183673546,-0.0357142857142857,-0.016393442622950838,-0.02564102564102555
2898,0.004683840749414636,0.03321037551999351,-0.01778136997373203,0.012698412698412653,-0.0357142857142857,0.016393442622950838,-0.008547008547008517
2899,0.046545667447306815,0.041997486291990405,0.07304829496278353,0.053584905660377435,0.08928571428571419,0.032786885245901676,0.05982905982905984
2900,0.02693208430913341,0.06789442513849775,0.038461538461538436,0.04166666666666663,0.03571428571428581,0.032786885245901676,0.03418803418803418
2901,-0.01873536299765821,0.017147953173586306,0.010960670535138606,0.06548347613219097,-0.017857142857142794,0.06557377049180324,0.02564102564102566
2902,-0.009074941451990504,0.011341042454987682,-0.02020202020202011,0.029900332225913595,-0.0535714285714286,0.049180327868852514,0.0
2903,0.010245901639344357,0.055331357076382925,-0.01293800539083556,-0.0065306122448980375,-0.017857142857142794,0.0,-0.008547008547008628
2904,0.04361826697892279,0.034658137418888346,0.07518483807143594,0.10947249007373794,0.0535714285714286,0.08196721311475408,0.06837606837606847
2905,0.028688524590164022,0.017890596282202575,0.010000000000000009,-0.02840909090909094,0.0357142857142857,-0.032786885245901676,0.0
2906,0.03922716627634659,0.04974222907615533,0.045929798356982854,0.05939716312056742,0.0357142857142857,0.0491803278688524,0.042735042735042805
2907,-0.0014637002341920669,0.01089979720712464,-0.005714285714285672,0.015151515151515138,-0.017857142857142905,0.016393442622950838,0.0
2908,0.007611241217798437,0.05456454107408015,0.03583174658127064,0.014716981132075535,0.0535714285714286,0.0,0.02564102564102566
2909,-0.026053864168618324,0.010708141697541751,-0.04914529914529908,-0.02083333333333337,-0.0714285714285714,0.0,-0.03418803418803418
2910,0.05620608899297419,0.05419354367008766,-0.03249999999999997,0.006818181818181723,-0.0535714285714286,0.016393442622950838,-0.017094017094017033
2911,0.026639344262295195,0.02316233641503751,-0.008078231292517057,0.010714285714285676,-0.017857142857142794,0.016393442622950838,0.0
2912,0.03425058548009352,0.02751403614420367,0.018501557061732843,-0.004680851063829761,0.0357142857142857,-0.016393442622950838,0.008547008547008517
2913,-0.021662763466042234,-0.023602093375403532,-0.0976190476190476,-0.04591836734693877,-0.1428571428571428,-0.016393442622950838,-0.07692307692307698
2914,-0.0017564402810303914,0.00549090648199646,0.012230634828188647,0.0033816425120772875,0.017857142857142794,0.0,0.008547008547008517
2915,0.08606557377049173,0.04920116627581539,0.07843137254901955,0.08695652173913038,0.0714285714285714,0.06557377049180324,0.06837606837606836
2916,-0.023419203747072515,-0.00040272409228969686,0.021510297482837504,-0.012820512820512886,0.0357142857142857,-0.016393442622950838,0.008547008547008628
2917,0.027810304449648604,0.05855192653618535,0.03504672897196259,0.011029411764705843,0.0535714285714286,0.0,0.02564102564102566
2918,0.016393442622950838,0.04206341001843894,-0.06727828746177378,-0.062409288824383236,-0.0714285714285714,-0.0491803278688524,-0.05982905982905984
2919,0.024590163934426257,0.042857209247414985,0.11394495412844041,0.05017152658662094,0.1607142857142857,0.0,0.07692307692307687
2920,0.002049180327868827,0.02902450397795142,0.005573534699748306,-0.03314238952536819,0.0357142857142857,-0.049180327868852514,-0.008547008547008517
2921,-0.002634660421545587,-0.004012637967533816,-0.07350826743350103,-0.05269607843137247,-0.0892857142857143,-0.032786885245901565,-0.05982905982905984
2922,0.03922716627634659,0.05908503669346321,0.036363636363636376,0.0793650793650793,0.0,0.08196721311475408,0.042735042735042694
2923,0.015222482435597096,0.04095475339413135,0.01941747572815533,0.021276595744680882,0.017857142857142794,0.016393442622950838,0.017094017094017033
2924,-0.007903981264636983,0.016489130106466243,-0.012087912087912156,-0.004251700680272141,-0.017857142857142794,0.0,-0.008547008547008628
2925,-0.01990632318501162,0.004689382737716796,0.014692982456140369,0.007051282051282026,0.017857142857142905,0.0,0.008547008547008628
2926,0.052693208430913296,0.06134861068599318,0.006923076923076921,0.04356060606060608,-0.017857142857142905,0.049180327868852514,0.017094017094017033
2927,-0.05766978922716626,-0.03150315083663702,-0.04036557501904037,-0.07222222222222219,-0.017857142857142794,-0.06557377049180324,-0.042735042735042805
2928,0.033372365339578436,0.06481897606215647,-0.01925925925925931,0.0524475524475525,-0.0714285714285714,0.06557377049180324,0.0
2929,-0.002049180327868827,-0.00573787445855134,0.006091757091186034,0.014801110083256241,0.0,0.016393442622950838,0.008547008547008628
2930,0.0313231850117095,0.04143346988814467,-0.010884353741496655,0.054421768707483054,-0.0535714285714286,0.06557377049180324,0.008547008547008517
2931,0.012295081967213073,0.00040832878441343645,-0.06680668066806672,-0.05684754521963831,-0.0714285714285714,-0.032786885245901676,-0.05128205128205132
2932,0.01317330210772838,0.06426532471065571,0.0641025641025641,0.05253623188405798,0.07142857142857151,0.032786885245901676,0.05128205128205121
2933,0.04010538641686179,0.07659470118901124,0.12361818706142458,0.11867612293144203,0.125,0.08196721311475408,0.10256410256410253
2934,0.027810304449648826,0.04865391090648363,0.056434219985621814,0.03676470588235292,0.07142857142857151,0.016393442622950838,0.042735042735042805
2935,0.010538641686182681,0.03361395038891324,-0.05985386848163354,-0.009859885832900872,-0.0892857142857143,0.016393442622950838,-0.03418803418803429
2936,0.041569086651053966,0.05156033163578666,0.01869158878504673,0.019607843137254943,0.017857142857142905,0.016393442622950838,0.017094017094017033
2937,-0.043325526932084246,-0.03741306190858784,-0.08210784313725494,-0.035869565217391375,-0.1071428571428571,0.0,-0.05128205128205121
2938,0.05415690866510536,0.03577686823865345,-0.04251940719830627,-0.006682389937106903,-0.0714285714285714,0.016393442622950838,-0.02564102564102566
2939,0.020491803278688603,0.05136223970749432,0.02969140950792326,0.023060796645702264,0.0357142857142857,0.016393442622950838,0.02564102564102566
2940,0.02810304449648704,0.038646756220165446,0.06478715459297979,0.07934397163120566,0.0535714285714286,0.06557377049180324,0.05982905982905984
2941,-0.026053864168618324,-0.013531064128574632,-0.012755102040816313,-0.0357142857142857,0.0,-0.032786885245901676,-0.017094017094017033
2942,0.019028103044496536,0.07965343693883253,0.0621942697414396,0.05076923076923068,0.07142857142857151,0.032786885245901565,0.05128205128205121
2943,0.0043911007025760895,0.04785935812937425,0.045054945054945006,0.05697278911564618,0.0357142857142857,0.049180327868852514,0.042735042735042694
2944,0.022248243559719105,0.04587478542001788,0.05357784969435453,0.09901800327332244,0.017857142857142794,0.09836065573770492,0.05982905982905984
2945,0.027224824355971955,0.05611518349566724,-0.017792954708842568,-0.0404411764705882,0.0,-0.0491803278688524,-0.02564102564102566
2946,0.05942622950819676,0.07384930818028779,0.037004275394368236,0.007389162561576401,0.07142857142857151,-0.016393442622950838,0.02564102564102566
2947,-0.0038056206088994404,0.0012412621539479307,-0.01558441558441559,0.04129093497864267,-0.05357142857142849,0.0491803278688524,0.0
2948,-0.018442622950819665,-0.00201697375865062,-0.09249976354866174,0.006902899217671399,-0.1607142857142857,0.0491803278688524,-0.05128205128205132
2949,0.007025761124121788,0.0065089547965780925,-0.03430308293530182,0.006265664160400974,-0.05357142857142849,0.016393442622950838,-0.017094017094017144
2950,-0.007318501170960112,0.023720325748051385,0.0003924646781788832,0.05654761904761907,-0.0357142857142857,0.06557377049180324,0.017094017094017033
2951,0.01873536299765821,0.07264617343610136,0.02103092783505145,0.05654101995565408,0.0,0.0491803278688524,0.02564102564102566
2952,0.0635245901639343,0.0788102479405206,0.06415343915343918,0.03708791208791218,0.0892857142857143,0.016393442622950838,0.05128205128205132
2953,0.0143442622950819,0.049553288284676644,-0.058730158730158744,-0.08673469387755106,-0.0357142857142857,-0.08196721311475408,-0.05982905982905984
2954,0.013173302107728269,0.01221895826285857,-0.04400271831464486,-0.05333817126269946,-0.03571428571428581,-0.0491803278688524,-0.042735042735042694
2955,0.03864168618266972,0.07989362685432655,0.016296296296296253,0.0874125874125875,-0.0357142857142857,0.09836065573770492,0.03418803418803418
2956,0.01697892271662771,0.018699729695567213,0.028911564625850317,0.014285714285714346,0.0357142857142857,0.0,0.017094017094017144
2957,0.04127634660421531,0.052351747334894894,0.038461538461538436,0.04166666666666663,0.0357142857142857,0.032786885245901565,0.03418803418803418
2958,0.03454332552693207,0.029955895909340446,0.02020202020202022,0.051567239635995965,0.0,0.0491803278688524,0.02564102564102566
2959,-0.008196721311475419,-0.00019354001485327732,0.005442670537010086,-0.010833333333333361,0.017857142857142905,-0.016393442622950838,0.0
2960,0.04508196721311453,0.08302328003115589,-0.011710848504205229,0.06786786786786791,-0.0535714285714286,0.08196721311475408,0.017094017094017144
2961,0.01170960187353609,0.007294116566949005,-0.04456773000462322,-0.0316977854971775,-0.0535714285714286,-0.016393442622950838,-0.03418803418803429
2962,0.008196721311475419,0.03921945750636746,0.03595828838547288,0.08183306055646478,0.0,0.08196721311475408,0.042735042735042805
2963,0.01258782201405162,0.05891300281151657,0.04826732673267331,0.005555555555555536,0.0714285714285714,-0.016393442622950838,0.02564102564102566
2964,0.0005854800936767601,0.03836711127576087,-0.07669902912621362,-0.055609284332688635,-0.0892857142857143,-0.032786885245901676,-0.05982905982905984
2965,0.052693208430913296,0.04951616799978664,0.050539192016739176,0.08392973324658426,0.017857142857142794,0.09836065573770492,0.05982905982905984
2966,0.019028103044496425,0.031266788280000624,0.0015533980582523865,0.030947775628626717,-0.017857142857142794,0.032786885245901565,0.008547008547008517
2967,0.01990632318501173,0.06043338050746472,-0.03421052631578947,0.059294871794871806,-0.0892857142857143,0.06557377049180335,-0.008547008547008517
2968,0.03454332552693207,0.04173096485698791,0.02679091438555614,0.03961352657004824,0.017857142857142794,0.032786885245901565,0.02564102564102566
2969,-0.007611241217798659,0.020186744448180027,-0.021164021164021163,-0.0031397174254317317,-0.0357142857142857,0.016393442622950838,-0.008547008547008517
2970,0.07611241217798592,0.07816610274336777,0.0,0.04155844155844157,-0.0357142857142857,0.06557377049180324,0.017094017094017033
2971,0.032786885245901676,0.04905482968340524,0.10885341074020327,0.13333333333333341,0.0892857142857143,0.11475409836065575,0.10256410256410253
2972,0.025468384074941453,0.020343347414226387,0.04262753319357093,0.029230769230769282,0.0535714285714286,0.016393442622950838,0.03418803418803418
2973,0.007903981264636872,0.014112567168767298,0.022222222222222254,0.00712250712250706,0.0357142857142857,0.0,0.017094017094017144
2974,0.014929742388758882,-0.0032610900189961045,0.01669902912621357,-0.012572533849129597,0.0357142857142857,-0.016393442622950838,0.008547008547008628
2975,0.017271662763466034,0.034021928298523574,0.006877093986951133,0.015294117647058902,0.0,0.016393442622950838,0.008547008547008517
2976,0.05415690866510536,0.055317912716312034,-0.018616755079571612,0.03892060197197722,-0.0535714285714286,0.0491803278688524,0.0
2977,0.03981264637002335,0.09939561004271613,-0.0036673841983576594,0.010526315789473717,-0.017857142857142905,0.016393442622950838,0.0
2978,0.029566744730679106,0.0153926864827314,0.04338118022328541,0.01532567049808431,0.0714285714285714,0.0,0.03418803418803418
2979,0.014929742388758771,0.03313063207452904,0.030303030303030276,-0.05277280858676203,0.0892857142857143,-0.06557377049180324,0.008547008547008517
2980,0.03395784543325542,0.0761457985837265,0.04523809523809519,0.05739795918367352,0.0357142857142857,0.0491803278688524,0.042735042735042694
2981,-0.020784543325526816,-0.00694779433818149,0.019607843137254943,0.021739130434782594,0.017857142857142905,0.016393442622950838,0.017094017094017144
2982,0.004098360655737876,0.010076238411278804,-0.04166666666666663,0.010869565217391353,-0.0714285714285714,0.032786885245901676,-0.017094017094017144
2983,0.005269320843091396,0.04848738844229494,0.026072041166380733,0.05629629629629629,0.0,0.06557377049180324,0.03418803418803418
2984,-0.002634660421545587,0.02339945576310065,-0.05664488017429192,-0.013377926421404673,-0.0892857142857143,0.016393442622950838,-0.03418803418803418
2985,0.0652810304449648,0.0966496563175292,0.022277227722772297,0.1166666666666667,-0.0535714285714286,0.1311475409836066,0.042735042735042805
2986,-0.010831381733020784,-0.0103586867040103,-0.0314945780292315,0.00045351473922905505,-0.0535714285714286,0.016393442622950838,-0.017094017094017144
2987,0.011416861826697877,0.043446964004944966,-0.013885180240320483,-0.031212484993997647,0.0,-0.032786885245901676,-0.017094017094017144
2988,0.01932084309133486,0.03171537597203766,-0.0031512605042017805,0.07996894409937882,-0.07142857142857151,0.09836065573770492,0.017094017094017033
2989,0.023419203747072626,0.04012779506586017,0.012424771888953634,0.0038647342995169476,0.017857142857142905,0.0,0.008547008547008517
2990,0.03190866510538659,0.03987123092011913,-0.05580251584223972,0.044638748274275275,-0.125,0.08196721311475408,-0.017094017094017144
2991,0.005269320843091285,0.026791973116653045,0.01496763754045305,0.0989361702127659,-0.0357142857142857,0.08196721311475408,0.02564102564102566
2992,-0.023419203747072515,0.021689598212797034,0.04040404040404044,0.04651162790697683,0.03571428571428581,0.032786885245901676,0.03418803418803418
2993,0.037763466042154636,0.0585039948601801,0.04030501089324623,-0.0008361204013377366,0.0714285714285714,-0.032786885245901565,0.017094017094017144
2994,0.08460187353629978,0.07502444380497697,0.005434782608695676,0.05555555555555558,-0.017857142857142794,0.0491803278688524,0.017094017094017144
2995,0.02751756440281039,0.04551078773857509,0.014652014652014711,0.08571428571428563,-0.017857142857142794,0.06557377049180335,0.02564102564102566
2996,0.04420374707259955,0.09036637297593342,0.0576923076923076,0.0625,0.0535714285714286,0.049180327868852514,0.05128205128205121
2997,-0.02927400468384067,-0.006576764444677696,-0.044871794871794934,-0.03170289855072472,-0.0535714285714286,-0.016393442622950838,-0.03418803418803418
2998,0.08899297423887598,0.12878922300340812,0.09580509250778535,0.12723404255319148,0.0714285714285714,0.11475409836065575,0.09401709401709402
2999,0.016686182669789162,0.046515253600859285,0.012398921832884047,0.0053061224489795444,0.017857142857142794,0.0,0.008547008547008517
3000,-0.005562060889929721,0.043162593502959146,-0.03846153846153855,-0.04166666666666674,-0.0357142857142857,-0.032786885245901565,-0.03418803418803418
3001,0.02751756440281028,0.04978827232950245,0.011217948717948789,0.08750000000000002,-0.0357142857142857,0.09836065573770492,0.03418803418803418
3002,0.022248243559718883,0.022263574782523277,-0.013696255201109508,0.05509118541033442,-0.0714285714285714,0.08196721311475419,0.008547008547008517
3003,0.0401053864168619,0.06337964465183565,0.07843137254901966,0.058645096056622825,0.0892857142857143,0.032786885245901565,0.05982905982905984
3004,0.023711943793911172,0.04474459483369864,0.07547169811320764,0.07999999999999996,0.0714285714285714,0.06557377049180324,0.06837606837606836
3005,-0.0023419203747072626,0.003523110372474658,-0.021432496794284717,-0.04978723404255314,0.0,-0.0491803278688524,-0.02564102564102566
3006,0.03600702576112391,0.03807445063088477,0.0,-0.032558139534883734,0.017857142857142905,-0.032786885245901565,-0.008547008547008517
3007,0.0032201405152224583,0.04743226005198975,0.03368337626312656,0.08611955420466055,0.0,0.08196721311475408,0.042735042735042805
3008,0.06879391100702581,0.07629487284960301,0.07620443304634539,0.05787234042553191,0.0892857142857143,0.032786885245901676,0.05982905982905984
3009,0.02371194379391095,0.048656725310921134,0.06727828746177378,0.062409288824383236,0.0714285714285714,0.0491803278688524,0.05982905982905984
3010,0.05679156908665106,0.07086620737636218,0.0451829723674384,0.05762411347517726,0.03571428571428581,0.049180327868852514,0.042735042735042805
3011,0.01873536299765821,0.03826702300915319,0.041220448575469804,0.01904761904761898,0.0535714285714286,0.0,0.02564102564102555
3012,0.029859484777517653,0.02852471050684291,-0.01844660194174763,0.008220502901353899,-0.0357142857142857,0.016393442622950727,-0.008547008547008517
3013,0.05679156908665117,0.05069755695084033,-0.0010582010582010914,-0.024332810047095754,0.017857142857142905,-0.032786885245901676,-0.008547008547008628
3014,0.06411007025761128,0.062073727042328275,0.014423076923076872,0.09583333333333333,-0.0357142857142857,0.09836065573770492,0.03418803418803418
3015,0.07786885245901631,0.08079705570962514,0.11003236245954695,0.1119333950046254,0.1071428571428572,0.08196721311475408,0.09401709401709402
3016,0.05649882903981274,0.10097753546868549,0.09061488673139162,0.11550151975683887,0.0714285714285714,0.09836065573770492,0.0854700854700855
3017,-0.00029274004683821353,0.03595158107025498,0.0,0.0,0.0,0.0,0.0
3018,0.027810304449648715,0.05511052728702204,-0.02821486706456866,-0.011257035647279534,-0.0357142857142857,0.0,-0.017094017094017144
3019,0.04918032786885229,0.09508720731955711,0.036369593709043246,0.0181940700808626,0.0535714285714286,0.0,0.02564102564102566
3020,-0.016686182669789273,0.03722746624843243,-0.08264854614412143,-0.07612781954887216,-0.0892857142857143,-0.06557377049180324,-0.07692307692307687
3021,0.05386416861826693,0.05423031853231908,0.09433962264150952,0.09999999999999998,0.0892857142857143,0.08196721311475408,0.0854700854700855
3022,0.0213700234192038,0.03245469455576089,-0.002750275027502691,-0.0542735042735043,0.0357142857142857,-0.08196721311475408,-0.02564102564102555
3023,-0.0392271662763467,-0.04704846816797592,-0.0066628593184846485,-0.0161887141535616,0.0,-0.016393442622950838,-0.008547008547008517
3024,0.019028103044496425,0.012811821824556535,-0.019029126213592207,0.0067698259187620735,-0.03571428571428581,0.016393442622950838,-0.008547008547008628
3025,0.033665105386417093,0.021627471903936102,-0.0794906028550888,0.06554621848739495,-0.16071428571428575,0.11475409836065575,-0.017094017094017033
3026,0.06703747072599531,0.049528652642624627,0.046068913002094036,0.0601295097132285,0.0357142857142857,0.0491803278688524,0.042735042735042694
3027,0.02254098360655743,0.03962338452784442,0.01855670103092788,0.04988913525498895,0.0,0.049180327868852514,0.02564102564102566
3028,-0.0011709601873537423,-0.0031450429724924067,0.01904761904761909,0.020408163265306034,0.017857142857142794,0.016393442622950838,0.017094017094017144
3029,0.00878220140515229,0.0147585586380089,0.026923076923076827,0.06628787878787878,0.0,0.06557377049180324,0.03418803418803418
3030,0.042154566744730615,0.07989502555709393,0.054375531011045086,0.13132694938440492,0.0,0.1311475409836066,0.06837606837606847
3031,-0.011416861826697988,0.016618514001091822,-0.041886792452830224,-0.10090909090909095,0.0,-0.09836065573770492,-0.05128205128205132
3032,0.01697892271662771,0.05679563991199099,-0.028677462887989114,0.03951149425287348,-0.0892857142857143,0.08196721311475408,0.0
3033,0.022248243559718883,0.03541959537737838,0.0066628593184846485,0.0161887141535616,0.0,0.016393442622950838,0.008547008547008517
3034,-0.028395784543325586,-0.011993587508209558,-0.025145067698259194,0.031211750305997543,-0.0535714285714286,0.032786885245901676,-0.008547008547008628
3035,0.06440281030444961,0.05080372234899244,0.03428571428571425,0.06060606060606066,0.017857142857142905,0.0491803278688524,0.03418803418803418
3036,0.040398126463700224,0.013818925781448388,0.07326732673267333,0.07373737373737377,0.0714285714285714,0.049180327868852514,0.05982905982905984
3037,0.06206088992974235,0.07885864869976045,0.012174766813942028,0.08661025385764065,-0.0357142857142857,0.09836065573770492,0.03418803418803418
3038,0.040983606557377095,0.07339860886358951,0.008172043010752694,0.0921375921375922,-0.0357142857142857,0.08196721311475408,0.02564102564102566
3039,0.01375878220140525,0.015596644161654072,0.03205128205128205,0.05163043478260865,0.017857142857142794,0.049180327868852514,0.03418803418803418
3040,-0.015515222482435642,0.008936561307980262,-0.04767143381004768,0.008547008547008517,-0.0892857142857143,0.032786885245901676,-0.02564102564102555
3041,0.002634660421545698,0.019794368237403548,-0.027444253859348233,0.037209302325581395,-0.0714285714285714,0.0491803278688524,-0.008547008547008517
3042,0.01873536299765799,0.07685107077449993,0.02239289349495699,0.0771241830065359,-0.017857142857142905,0.08196721311475408,0.03418803418803418
3043,0.0875292740046838,0.08943369980996063,0.052493928638146836,0.10000000000000009,0.017857142857142905,0.09836065573770492,0.05982905982905984
3044,0.047131147540983576,0.05057043349603996,0.07481481481481478,0.15209790209790208,0.017857142857142905,0.14754098360655743,0.08547008547008539
3045,-0.017271662763466145,0.05634173662858566,-0.030727762803234526,-0.02408163265306118,-0.0357142857142857,-0.016393442622950727,-0.02564102564102555
3046,0.045960187353630055,0.06465685773066276,0.0,0.0,0.0,0.0,0.0
3047,0.028688524590164022,0.06724731368537817,0.13469387755102047,0.06302521008403361,0.16071428571428575,0.016393442622950838,0.0854700854700855
3048,-0.004098360655737876,0.07605269960377892,-0.01595020424042015,0.06926829268292678,-0.07142857142857151,0.08196721311475408,0.008547008547008517
3049,0.012002341920374748,0.044767772759794044,-0.013428908447509214,0.015853149770546526,-0.0357142857142857,0.032786885245901565,0.0
3050,0.01492974238875866,0.03410375943360511,0.015238095238095162,0.06307977736549175,-0.017857142857142794,0.06557377049180324,0.02564102564102555
3051,-0.008489461358313743,0.012391916293232552,0.03883495145631066,0.04255319148936165,0.0357142857142857,0.032786885245901676,0.03418803418803418
3052,0.03981264637002346,0.08762618583592408,-0.036557501904036616,-0.011111111111111183,-0.0535714285714286,0.0,-0.02564102564102555
3053,0.015222482435596985,0.04519584952860778,-0.012271062271062227,-0.0046768707482992555,-0.017857142857142905,0.0,-0.008547008547008517
3054,0.021662763466042012,0.07540916859368496,0.026353276353276334,0.059294871794871806,0.0,0.06557377049180335,0.03418803418803418
3055,-0.014929742388758882,-0.01556510536725808,0.03809523809523818,0.04081632653061218,0.0357142857142857,0.032786885245901676,0.03418803418803429
3056,0.051522248243559776,0.05380015951368988,0.04340425531914893,0.12200956937799046,0.0,0.09836065573770492,0.05128205128205132
3057,0.02488290398126458,0.016491529299186958,0.06767047421253036,0.06297134238310709,0.0714285714285714,0.049180327868852514,0.05982905982905984
3058,0.03981264637002335,0.046080291026053266,0.0034632034632035014,0.06169909824394881,-0.0357142857142857,0.06557377049180324,0.017094017094017144
3059,0.0005854800936766491,-0.010957949961358238,-0.025516621743036927,-0.03510204081632651,-0.017857142857142794,-0.032786885245901676,-0.02564102564102566
3060,0.012295081967213184,0.019308343354532576,-0.02571428571428569,0.015306122448979553,-0.0535714285714286,0.032786885245901676,-0.008547008547008517
3061,0.0348360655737705,0.05201645772725749,0.03915343915343916,0.06514913657770804,0.017857142857142794,0.06557377049180335,0.042735042735042805
3062,0.026639344262294973,0.02100704494994765,0.037194373642971845,0.11536707706338345,-0.017857142857142905,0.11475409836065575,0.05128205128205121
3063,0.02751756440281039,0.022266817998189525,0.05319913731128678,0.02941176470588236,0.0714285714285714,0.016393442622950838,0.042735042735042805
3064,-0.005854800936768045,0.01007840199100185,0.017699115044247815,0.01754385964912275,0.017857142857142905,0.016393442622950838,0.017094017094017144
3065,0.07640515222482436,0.11316036234390381,0.10887825624667735,0.17173524150268338,0.0714285714285714,0.1311475409836066,0.10256410256410253
3066,0.03805620608899296,0.04170593430991565,0.042149292149292084,0.04870129870129869,0.0357142857142857,0.0491803278688524,0.042735042735042805
3067,0.007611241217798548,0.008206673235465978,-0.05555555555555558,-0.05769230769230771,-0.0535714285714286,-0.049180327868852514,-0.05128205128205121
3068,0.0064402810304448055,0.039532625301607394,0.033469387755102,0.058441558441558406,0.017857142857142905,0.0491803278688524,0.03418803418803418
3069,0.004098360655737654,0.012680679722326893,0.03603603603603611,-0.0051948051948051965,0.0714285714285714,-0.032786885245901565,0.017094017094017144
3070,0.04976580796252916,0.043965703707196546,0.013425253991291797,0.03083333333333338,0.0,0.032786885245901676,0.017094017094017144
3071,0.001463700234192289,0.03186139094228335,-0.026556776556776573,-0.037840136054421714,-0.017857142857142794,-0.032786885245901676,-0.02564102564102566
3072,0.02956674473067933,0.06663324115023395,0.05555555555555558,0.010869565217391353,0.0892857142857143,-0.016393442622950838,0.03418803418803418
3073,0.007025761124121899,0.011578544151425452,0.006205673758865271,-0.018421052631579005,0.017857142857142794,-0.016393442622950838,0.0
3074,-0.0231264637002343,0.014844301678397676,-0.0390977443609023,-0.00073260073260073,-0.0535714285714286,0.016393442622950727,-0.017094017094017144
3075,0.0570843091334895,0.04212971938672749,0.02633663366336636,0.03888888888888886,0.017857142857142905,0.032786885245901676,0.02564102564102566
3076,0.04039812646370011,0.07172861702382105,0.038271134805788254,0.015277777777777835,0.0535714285714286,0.0,0.02564102564102566
3077,0.02868852459016391,0.04046876881376216,0.013811585240156687,0.006090808416389759,0.017857142857142794,0.0,0.008547008547008517
3078,0.04478922716627631,0.029953819510397994,-0.007316134000770136,0.06190476190476191,-0.0535714285714286,0.08196721311475419,0.017094017094017144
3079,0.020491803278688603,0.02137094117868943,0.045802812157952344,0.017112299465240732,0.07142857142857151,0.0,0.03418803418803418
3080,-0.0011709601873536313,0.04413656511554187,-0.058875530410183785,0.02341269841269844,-0.125,0.06557377049180335,-0.02564102564102566
3081,-0.009953161592506032,0.013294508794226334,0.031702001188825046,0.08105369807497464,0.0,0.08196721311475419,0.042735042735042805
3082,-0.03893442622950838,-0.02806653365119649,-0.06883545497406884,-0.038548752834467126,-0.0892857142857143,-0.016393442622950727,-0.05128205128205121
3083,-0.01932084309133486,0.005225691358168194,-0.11940946591402513,-0.09899749373433586,-0.12499999999999994,-0.0491803278688524,-0.0854700854700855
3084,-0.0029274004683842447,0.013125086030738364,-0.007936507936507908,-0.0357142857142857,0.017857142857142905,-0.0491803278688524,-0.017094017094017144
3085,0.0038056206088993294,0.038503539482536486,0.04827219564061669,0.10196779964221825,0.017857142857142905,0.08196721311475408,0.05128205128205132
3086,0.03425058548009363,0.048453984317095244,0.05059288537549411,0.08286252354048962,0.017857142857142905,0.09836065573770492,0.05982905982905984
3087,-0.0535714285714286,0.02575609593451267,0.007381676074685206,0.05639097744360899,-0.017857142857142905,0.049180327868852514,0.017094017094017144
3088,0.030737704918032627,0.057250583380879516,0.0320689023272861,0.07459505541346978,0.0,0.08196721311475408,0.042735042735042694
3089,0.04800936768149877,0.06101640254438512,0.04123376623376618,0.028439153439153375,0.05357142857142849,0.016393442622950727,0.03418803418803418
3090,0.03688524590163944,0.06054629634289388,0.03614733470601694,0.03271692745376953,0.0357142857142857,0.016393442622950838,0.02564102564102566
3091,-0.011709601873536202,0.013562394358137775,-0.09373737373737367,-0.09725158562367875,-0.0892857142857143,-0.06557377049180324,-0.07692307692307687
3092,0.06674473067915687,0.033216179237206656,0.05428571428571427,0.10621521335807049,0.017857142857142794,0.09836065573770492,0.05982905982905984
3093,0.02254098360655743,0.020902151419609827,0.002450980392156854,0.06739130434782603,-0.03571428571428581,0.06557377049180324,0.017094017094017033
3094,-0.05327868852459006,-0.0054847087459161115,-0.0340136054421768,0.023809523809523836,-0.0714285714285714,0.049180327868852514,-0.008547008547008517
3095,0.012295081967213184,0.022781028526693392,0.0404411764705882,-0.01413043478260867,0.0714285714285714,-0.032786885245901565,0.017094017094017033
3096,0.03951990632318503,0.028069312638994814,0.04357298474945537,0.10033444816053505,0.0,0.09836065573770492,0.05128205128205132
3097,0.10070257611241218,0.12968623992906558,0.05163853028798404,0.10758620689655174,0.0,0.1311475409836066,0.06837606837606836
3098,0.007903981264636872,-0.0071007263803557485,-0.052091112770724424,-0.049202127659574435,-0.0535714285714286,-0.032786885245901565,-0.042735042735042805
3099,0.027224824355971844,0.016735803113791192,-0.004903402961655479,-0.040079168728352266,0.017857142857142794,-0.049180327868852514,-0.017094017094017144
3100,0.0143442622950819,0.06794600086775648,0.016444521377877885,-0.006415094339622618,0.0357142857142857,-0.016393442622950838,0.008547008547008628
3101,0.0471311475409838,0.05306399101015513,0.021967963386727685,0.06837606837606836,0.0,0.049180327868852514,0.02564102564102555
3102,0.02049180327868838,0.021271153034773227,0.0011883541295305555,0.03134479271991908,-0.017857142857142905,0.032786885245901565,0.008547008547008517
3103,0.04800936768149899,0.0812268555965846,0.06842150390122603,0.08546059933407324,0.05357142857142849,0.08196721311475408,0.06837606837606836
3104,0.043325526932084135,0.00223135955346887,0.04676463424535193,0.021185038066865336,0.0714285714285714,0.0,0.03418803418803429
3105,0.024004683840749386,0.012408680556421303,0.04150799695354157,0.07500000000000007,0.017857142857142794,0.06557377049180324,0.042735042735042805
3106,0.04596018735362983,0.057481494638506714,0.0320689023272861,0.07459505541346978,0.0,0.08196721311475408,0.042735042735042694
3107,-0.007611241217798548,0.005060414638547783,-0.0008337675872850392,0.06153846153846154,-0.0357142857142857,0.06557377049180324,0.017094017094017144
3108,0.02634660421545676,0.00036706634592653664,0.02564102564102566,0.0357142857142857,0.017857142857142905,0.032786885245901676,0.02564102564102566
3109,-0.02985948477751743,-0.005098588095016066,-0.05316742081447956,-0.07699275362318836,-0.0357142857142857,-0.06557377049180324,-0.05128205128205121
3110,0.03951990632318503,0.0649920424158027,0.02626262626262632,0.039112050739957716,0.017857142857142905,0.032786885245901676,0.02564102564102566
3111,0.08343091334894615,0.0947155808260447,0.0687777878595408,0.04130162703379214,0.0892857142857143,0.016393442622950838,0.05128205128205132
3112,0.05884074941451989,0.11834323050992723,0.049615653389238235,0.06615384615384612,0.03571428571428581,0.06557377049180324,0.05128205128205132
3113,0.03512880562060883,0.053056535829456575,0.06569638164544167,0.023860021208907733,0.0892857142857143,0.0,0.042735042735042694
3114,0.06411007025761117,0.0607980247260167,0.0066628593184846485,0.0161887141535616,0.0,0.016393442622950838,0.008547008547008517
3115,0.015807962529273967,0.015298786448176172,0.026923076923076827,0.06628787878787878,0.0,0.06557377049180324,0.03418803418803418
3116,0.010245901639344246,0.060024578668533835,-0.02898550724637683,-0.0888888888888888,0.0,-0.06557377049180335,-0.03418803418803418
3117,-0.0029274004683841337,0.014098060300189674,-0.046616541353383445,0.020056298381421533,-0.1071428571428572,0.049180327868852514,-0.02564102564102555
3118,0.009074941451990726,0.033675020902458,-0.01306930693069297,-0.005050505050505083,-0.017857142857142905,0.0,-0.008547008547008628
3119,0.01317330210772838,0.0020683692381477936,-0.04723597359735965,-0.002777777777777768,-0.0714285714285714,0.016393442622950727,-0.02564102564102566
3120,0.04215456674473084,0.05321304943471439,-0.011859838274932644,-0.004081632653061273,-0.017857142857142905,0.0,-0.008547008547008517
3121,0.028395784543325475,0.04224838303883782,0.0481572481572482,0.042424242424242475,0.05357142857142849,0.032786885245901676,0.042735042735042694
3122,0.014051522248243464,0.05603452810437681,0.03265602322206096,0.05166666666666664,0.017857142857142905,0.049180327868852514,0.03418803418803418
3123,0.01814988290398123,0.047907097925830366,0.0892857142857143,0.08333333333333337,0.0892857142857143,0.0491803278688524,0.06837606837606836
3124,0.007025761124121677,0.06437669861859152,0.06846153846153846,0.0359848484848484,0.08928571428571419,0.016393442622950838,0.05128205128205132
3125,0.042740046838407486,0.05999732656694412,0.04875976894325518,0.04317851959361396,0.0535714285714286,0.032786885245901676,0.042735042735042694
3126,0.0187353629976581,0.041212169335541615,0.06351510752200351,0.099290780141844,0.03571428571428581,0.09836065573770492,0.06837606837606847
3127,0.019906323185011843,0.028543701762995477,0.05526315789473679,0.05384615384615388,0.0535714285714286,0.032786885245901676,0.042735042735042694
3128,0.015807962529274078,0.06665389834248336,-0.029942836403230144,0.0012515644555695093,-0.05357142857142849,0.016393442622950838,-0.017094017094017033
3129,0.03307962529274,0.022726887475335134,0.054982817869415834,0.05365853658536579,0.0535714285714286,0.032786885245901676,0.042735042735042805
3130,0.01610070257611229,0.026268484132698777,0.025163826998689354,0.05544859453215256,0.0,0.06557377049180324,0.03418803418803418
3131,0.010245901639344135,0.005100724309243132,0.032615026208503206,0.02705314009661841,0.03571428571428581,0.016393442622950838,0.02564102564102566
3132,-0.008489461358313855,0.01066201826688784,0.012336448598130878,0.07932263814616758,-0.0357142857142857,0.08196721311475408,0.02564102564102555
3133,-0.008196721311475419,0.005568243779882409,-0.037735849056603765,-0.040000000000000036,-0.0357142857142857,-0.032786885245901676,-0.03418803418803418
3134,0.03688524590163933,0.055276372162902154,-0.018939393939393923,0.10925925925925928,-0.1071428571428572,0.1311475409836066,0.017094017094017033
3135,0.03629976580796257,0.07425970004168048,-0.01087801087801088,0.07906976744186056,-0.0535714285714286,0.08196721311475408,0.017094017094017033
3136,0.04127634660421553,0.07539753282951822,-0.010466988727858229,0.03357235984354634,-0.0535714285714286,0.06557377049180324,0.008547008547008628
3137,0.022248243559719105,0.044256976114779745,0.04523809523809519,0.05739795918367352,0.0357142857142857,0.0491803278688524,0.042735042735042694
3138,0.017271662763466145,0.019135716140031844,-0.0239477503628448,-0.008333333333333415,-0.0357142857142857,0.0,-0.017094017094017144
3139,0.003512880562060672,-0.005108123920460339,0.01904761904761909,-0.004436557231588201,0.03571428571428581,-0.016393442622950838,0.008547008547008517
3140,0.021955503512880448,0.03085886113652947,0.006415094339622618,0.0663636363636364,-0.0357142857142857,0.06557377049180335,0.017094017094017144
3141,-0.041569086651053855,-0.014343156264139956,-0.00674974039460019,-0.014705882352941124,0.0,-0.016393442622950838,-0.008547008547008517
3142,0.032201405152224916,0.05419710067702743,0.0534391534391534,0.0310047095761381,0.07142857142857151,0.016393442622950727,0.042735042735042694
3143,-0.002049180327868938,0.0065061567221716965,0.014794267221451718,0.034737299174989134,0.0,0.032786885245901676,0.017094017094017144
3144,-0.017271662763466034,0.018567051928732092,-0.049645390070921946,-0.004283965728274164,-0.0714285714285714,0.016393442622950727,-0.02564102564102566
3145,0.09514051522248246,0.062293623750432126,0.033333333333333326,-0.00454545454545463,0.0535714285714286,-0.016393442622950838,0.017094017094017144
3146,0.07113583138173296,0.10625304582885264,0.0766233766233766,0.06349206349206349,0.0892857142857143,0.049180327868852514,0.06837606837606836
3147,0.06176814988290391,0.057537495220556845,0.05959634424980953,0.09305555555555556,0.0357142857142857,0.08196721311475408,0.05982905982905984
3148,-0.03542154566744726,-0.001540532058362909,0.027561540079949487,0.04355400696864109,0.017857142857142794,0.032786885245901676,0.02564102564102566
3149,0.005854800936768156,0.03291294860288474,0.0028756290438534116,0.02941176470588236,-0.017857142857142794,0.032786885245901565,0.008547008547008517
3150,-0.0008782201405151957,0.04379142740055286,-0.027787307032590136,0.0022222222222222365,-0.0535714285714286,0.016393442622950838,-0.017094017094017144
3151,0.0032201405152224583,0.06654650738729184,0.019793814432989665,0.053215077605321515,0.0,0.0491803278688524,0.02564102564102566
3152,0.050351288056206145,0.07942487949051569,0.031903463096123685,0.04699828473413381,0.017857142857142905,0.049180327868852514,0.03418803418803418
3153,0.018442622950819665,0.05288981037866891,0.03992740471869327,0.027586206896551668,0.0535714285714286,0.016393442622950838,0.03418803418803418
3154,0.01932084309133486,0.06055164700574189,0.07036833424958777,0.11594202898550732,0.03571428571428581,0.11475409836065575,0.07692307692307698
3155,0.038348946135831286,0.08027945703988204,-0.03300330033003296,-0.02801932367149751,-0.0357142857142857,-0.016393442622950838,-0.02564102564102566
3156,0.0011709601873536313,0.03255942915691212,0.028486394557823203,0.01309523809523816,0.0357142857142857,0.0,0.017094017094017033
3157,-0.03951990632318492,-0.02308356153507196,-0.06734693877551012,-0.05735930735930728,-0.0714285714285714,-0.032786885245901565,-0.05128205128205132
3158,-0.03571428571428581,-0.003577672149999933,-0.050578380534503364,-0.011832427246562194,-0.0892857142857143,0.016393442622950727,-0.03418803418803418
3159,-0.009367681498828828,0.012882096618166416,-0.05555555555555558,0.01744186046511631,-0.1071428571428571,0.049180327868852514,-0.02564102564102566
3160,0.027810304449648715,0.06537244343261994,0.012794612794612803,0.027065527065527006,0.0,0.032786885245901565,0.017094017094017033
3161,0.02019906323185028,0.031136061459130282,-0.000849617672047609,0.01851851851851849,-0.017857142857142905,0.032786885245901676,0.008547008547008517
3162,0.011416861826697877,0.03134682511573594,0.007868155236576357,0.05545617173524153,-0.017857142857142794,0.049180327868852514,0.017094017094017033
3163,0.02693208430913341,0.04251946280741492,0.01583401583401589,0.10782241014799154,-0.0535714285714286,0.14754098360655743,0.05128205128205121
3164,0.007903981264636983,-0.0118723613323094,0.03738317757009346,0.039215686274509776,0.0357142857142857,0.032786885245901676,0.03418803418803418
3165,-0.03981264637002335,0.021973688746103504,-0.019234291994870922,-0.044680851063829796,0.0,-0.049180327868852514,-0.02564102564102566
3166,-0.009074941451990615,0.018068028784056445,-0.020000000000000018,0.02922077922077926,-0.0535714285714286,0.032786885245901676,-0.008547008547008517
3167,0.008782201405152068,0.065015072517145,-0.013465346534653477,-0.006060606060605989,-0.017857142857142905,0.0,-0.008547008547008517
3168,0.02751756440281039,0.010591059837216421,-0.008030385241454163,0.011882426516572897,-0.017857142857142794,0.016393442622950838,0.0
3169,0.0008782201405150847,0.008304759789372396,-0.017952005861879394,0.005957446808510625,-0.0357142857142857,0.016393442622950838,-0.008547008547008517
3170,0.008782201405152401,0.018348922779668153,0.047724750277469474,0.08782608695652172,0.017857142857142794,0.08196721311475408,0.05128205128205121
3171,-0.055913348946135866,-0.015989780989843383,-0.06720263863121001,-0.0874861572535991,-0.05357142857142849,-0.06557377049180335,-0.05982905982905984
3172,-0.0032201405152225693,0.04969286320360089,0.03265306122448974,0.108843537414966,-0.017857142857142794,0.09836065573770492,0.042735042735042694
3173,0.03893442622950838,0.08547008569525083,-0.01941747572815533,-0.02127659574468077,-0.017857142857142905,-0.016393442622950838,-0.017094017094017144
3174,0.033957845433255085,0.08883321370250075,0.06218144750254839,0.07184325108853418,0.0535714285714286,0.06557377049180335,0.05982905982905973
3175,0.019906323185011843,0.0710507336071543,0.06313131313131315,0.021802325581395388,0.0892857142857143,0.0,0.042735042735042694
3176,0.09074941451990626,0.0752112304478244,0.03229317851959368,0.0508333333333334,0.017857142857142794,0.049180327868852514,0.03418803418803418
3177,0.004683840749414414,-0.015713969821773532,-0.025469981807155873,0.022269353128313907,-0.0535714285714286,0.032786885245901565,-0.008547008547008517
3178,0.0029274004683840227,0.036526141007885204,0.03144654088050314,0.0476923076923077,0.017857142857142794,0.0491803278688524,0.03418803418803418
3179,0.04508196721311464,0.06905252743409507,0.020520520520520558,0.043006993006992955,0.0,0.049180327868852514,0.02564102564102566
3180,-0.00995316159250581,0.020631162349963983,0.04916666666666658,0.10227272727272729,0.017857142857142905,0.08196721311475408,0.05128205128205132
3181,0.0002927400468384356,0.010315438023053014,0.031152647975077885,0.04761904761904767,0.017857142857142905,0.0491803278688524,0.03418803418803418
3182,0.008489461358313855,0.05013918111564697,0.0003924646781788832,0.05654761904761907,-0.0357142857142857,0.06557377049180324,0.017094017094017033
3183,0.02810304449648704,0.03115390779313143,0.02001488710611199,0.0608875128998968,-0.017857142857142794,0.08196721311475408,0.03418803418803429
3184,0.01053864168618246,0.013282738423535667,-0.032846384175664656,-0.0054234459741343555,-0.0535714285714286,0.016393442622950727,-0.017094017094017144
3185,0.0038056206088992184,-0.001264310463702234,0.008930746123244293,0.036742800397219555,-0.017857142857142905,0.049180327868852514,0.017094017094017144
3186,0.0705503512880562,0.08200481834985962,0.027310924369747913,0.12996031746031744,-0.07142857142857151,0.180327868852459,0.05982905982905984
3187,0.006147540983606592,0.001836843954811762,0.030952380952380953,0.02423469387755106,0.0357142857142857,0.016393442622950838,0.02564102564102566
3188,0.05854800936768145,0.09245638825360303,-0.004589495155532974,0.030909090909090886,-0.0357142857142857,0.0491803278688524,0.008547008547008517
3189,-0.005562060889929721,0.014223566297279278,-0.029942836403230144,0.0012515644555695093,-0.05357142857142849,0.016393442622950838,-0.017094017094017033
3190,-0.0038056206088991074,0.02056071629088574,-0.033102172907998106,-0.053408597481545805,-0.017857142857142905,-0.0491803278688524,-0.03418803418803418
3191,0.03600702576112402,0.042751736881468494,0.026530612244897944,0.009740259740259716,0.0357142857142857,0.0,0.017094017094017144
3192,0.004683840749414636,0.03943700432664188,0.006930693069306937,0.017676767676767624,0.0,0.016393442622950727,0.008547008547008517
3193,0.0005854800936767601,-0.009535296036122687,-0.007183071248301309,-0.017874396135265647,0.0,-0.016393442622950838,-0.008547008547008628
3194,0.01932084309133486,0.06139888427326046,0.007936507936507908,-0.02197802197802201,0.0357142857142857,-0.032786885245901676,0.0
3195,-0.0043911007025760895,-0.021463393793806684,-0.09726443768996962,-0.07017543859649122,-0.1071428571428571,-0.032786885245901676,-0.06837606837606836
3196,0.07581967213114749,0.07490640862820586,0.059974747474747514,0.10058139534883725,0.0357142857142857,0.08196721311475408,0.05982905982905984
3197,0.040398126463700335,0.04731988058431713,0.02582398912674133,0.03483309143686497,0.017857142857142794,0.032786885245901565,0.02564102564102566
3198,0.007025761124121677,0.006566115256169014,0.05719514985129259,0.05832147937411092,0.05357142857142849,0.032786885245901676,0.042735042735042805
3199,0.022833723653395754,0.045626524173726035,0.04674900479738697,0.09376693766937672,0.017857142857142905,0.08196721311475408,0.05128205128205132
3200,-0.005269320843091285,0.015710561920003197,-0.01360136013601354,-0.03514211886304908,0.0,-0.032786885245901565,-0.017094017094017144
3201,0.02488290398126447,0.07086730665040597,0.015683229813664656,-0.0033292978208232515,0.03571428571428581,-0.016393442622950727,0.008547008547008517
3202,0.017271662763466034,0.029711934597258738,0.007017543859649145,0.02051282051282044,0.0,0.016393442622950838,0.008547008547008628
3203,0.030737704918032738,0.043244102648170024,0.05714285714285716,0.061224489795918435,0.05357142857142849,0.0491803278688524,0.05128205128205132
3204,0.01932084309133486,0.03567549946850401,0.0007189072609633529,0.02450980392156865,-0.017857142857142794,0.032786885245901676,0.008547008547008517
3205,0.08577283372365352,0.07491716469344123,0.07238413760152884,0.1071428571428571,0.05357142857142855,0.06557377049180335,0.05982905982905984
3206,-0.006147540983606481,-0.007573152137891892,-0.014290088802694778,0.02276422764227648,-0.0357142857142857,0.032786885245901676,0.0
3207,0.0014637002341919558,0.03651392384149632,-0.10937917520263651,-0.06663990365315142,-0.1428571428571429,-0.032786885245901676,-0.0854700854700855
3208,0.004098360655737876,0.020160932287650812,-0.020206102242877444,0.006349206349206327,-0.0357142857142857,0.016393442622950838,-0.008547008547008517
3209,0.060304449648711955,0.08399173391956061,0.1318811881188119,0.1383838383838384,0.125,0.09836065573770492,0.11111111111111116
3210,0.029274004683840782,0.044641820625682005,0.06841121495327107,0.1381461675579323,0.017857142857142905,0.1311475409836066,0.07692307692307687
3211,-0.0187353629976581,-0.0069385652339668535,-0.03892571817100121,-0.0018181818181818299,-0.07142857142857151,0.016393442622950838,-0.02564102564102566
3212,0.0687939110070257,0.06273417528983838,0.020618556701030966,0.024390243902439046,0.017857142857142905,0.016393442622950838,0.017094017094017144
3213,0.0401053864168619,0.06563510928569138,0.024464831804281273,0.0539083557951483,0.0,0.06557377049180324,0.03418803418803418
3214,0.01375878220140514,0.014341426702833782,0.029357798165137616,0.0646900269541778,0.0,0.06557377049180324,0.03418803418803418
3215,0.03981264637002346,0.047089658753477814,0.07350427350427347,0.11176470588235288,0.0535714285714286,0.06557377049180324,0.05982905982905984
3216,0.03893442622950827,0.08220303353765379,0.0392013189228797,0.06723404255319154,0.017857142857142794,0.06557377049180335,0.042735042735042694
3217,0.008489461358313966,-0.002271818278002491,-0.011838697743248194,0.02086956521739136,-0.0357142857142857,0.032786885245901676,0.0
3218,0.017857142857143016,0.07018259235227509,0.03478079766739561,0.06296086216676122,0.017857142857142905,0.049180327868852514,0.03418803418803418
3219,0.04303278688524603,0.06512662592803431,0.0338418862690707,0.05514546244029528,0.017857142857142905,0.0491803278688524,0.03418803418803418
3220,0.05766978922716637,0.08727534872941745,0.04991087344028522,0.11272141706924321,0.0,0.1311475409836066,0.06837606837606836
3221,-0.007903981264636983,0.0554382753944056,0.06478715459297979,0.07934397163120566,0.0535714285714286,0.06557377049180324,0.05982905982905984
3222,0.0032201405152224583,-0.001704878763668205,-0.013944954128440434,0.0634648370497427,-0.0714285714285714,0.08196721311475408,0.008547008547008517
3223,0.042740046838407375,0.021139270825156098,-0.026658335936686428,-0.009075439591605172,-0.0357142857142857,0.0,-0.017094017094017033
3224,0.026346604215456648,0.0019524060739494198,0.029966329966329974,0.04344729344729348,0.017857142857142905,0.049180327868852514,0.03418803418803418
3225,-0.0005854800936768711,0.006316576070860558,0.05808477237048659,0.11904761904761907,0.017857142857142905,0.11475409836065564,0.06837606837606836
3226,0.026346604215456648,0.03228106144862941,0.02184873949579824,0.05190771960958296,0.0,0.0491803278688524,0.02564102564102555
3227,0.03747072599531609,0.09465926842313199,0.05325936199722603,0.07642205818497616,0.0357142857142857,0.06557377049180324,0.05128205128205121
3228,0.030444964871194524,0.08334069714778347,0.013468013468013407,0.028490028490028574,0.0,0.032786885245901676,0.017094017094017033
3229,0.04478922716627631,0.0881530251532866,0.06082036775106081,0.10000000000000009,0.0357142857142857,0.08196721311475408,0.05982905982905984
3230,0.07845433255269307,0.08492037983642842,0.09604885722217082,0.15294117647058825,0.0535714285714286,0.14754098360655732,0.10256410256410253
3231,0.036592505854800894,0.03814114015347714,0.06060606060606055,0.06976744186046513,0.05357142857142849,0.0491803278688524,0.05128205128205132
3232,0.04947306791569084,0.10894759519788999,0.052380952380952306,0.10157699443413726,0.017857142857142905,0.09836065573770492,0.05982905982905984
3233,0.025468384074941453,0.0312257815190079,0.0050000000000000044,0.045454545454545414,-0.017857142857142905,0.049180327868852514,0.017094017094017033
3234,0.02956674473067933,0.07677458818059768,0.0068152031454783435,0.03658067000385068,-0.017857142857142794,0.0491803278688524,0.017094017094017144
3235,0.036592505854801005,0.04591951695356111,0.032195533080488836,0.08843537414965985,-0.017857142857142905,0.11475409836065575,0.05128205128205132
3236,0.025175644028103128,0.021099497162322955,0.02020202020202022,0.023255813953488413,0.017857142857142905,0.016393442622950838,0.017094017094017144
3237,0.032201405152224805,0.06738780803974675,0.08267195767195767,0.05631868131868134,0.1071428571428572,0.032786885245901676,0.06837606837606836
3238,0.019613583138173296,0.02956491805646011,0.02301886792452834,0.08090909090909093,-0.017857142857142905,0.08196721311475408,0.03418803418803418
3239,0.03542154566744726,0.06338033562904521,0.007236842105263208,0.02115384615384619,0.0,0.016393442622950838,0.008547008547008517
3240,0.008782201405152179,0.037542778091304796,-0.007517182130584166,-0.021341463414634165,0.0,-0.016393442622950838,-0.008547008547008517
3241,0.03015222482435609,0.03033026642561565,0.06673267326732668,0.0853535353535354,0.0535714285714286,0.06557377049180324,0.05982905982905984
3242,0.049180327868852514,0.0035246598503477777,0.06351446718419196,0.03144654088050314,0.0892857142857143,0.0,0.042735042735042694
3243,0.030444964871194413,0.06260820143980839,0.07094846900672147,0.06914893617021278,0.07142857142857151,0.049180327868852514,0.05982905982905984
3244,0.047716627634660336,0.07183118668747823,-0.07503607503607501,-0.025628856193640304,-0.1071428571428572,0.0,-0.05128205128205121
3245,0.009074941451990726,0.020942110911673306,-0.018467643467643402,0.01375878220140525,-0.05357142857142849,0.032786885245901676,-0.008547008547008517
3246,0.06235362997658078,0.07922769047051759,0.09259259259259256,0.09615384615384615,0.0892857142857143,0.08196721311475408,0.0854700854700855
3247,-0.018149882903981007,-0.012517646227513834,-0.06707946336429316,0.006131549609810549,-0.1071428571428571,0.016393442622950838,-0.042735042735042805
3248,0.012002341920374748,0.030285781673387135,0.05211016445413119,0.10486322188449848,0.017857142857142905,0.09836065573770492,0.05982905982905984
3249,0.0231264637002343,0.0012826863965980095,-0.012160439344905405,0.02474022761009398,-0.03571428571428581,0.032786885245901565,0.0
3250,0.025175644028102906,0.022887709226939057,0.048684210526315774,0.07051282051282048,0.0357142857142857,0.0491803278688524,0.042735042735042805
3251,0.04420374707259922,0.05617408168191029,0.024150943396226476,0.08363636363636362,-0.017857142857142794,0.08196721311475408,0.03418803418803418
3252,0.00497658079625285,0.03162455251626073,-0.007442021460713044,-0.016214177978883915,0.0,-0.016393442622950838,-0.008547008547008517
3253,-0.031030444964871395,0.003705550554257808,0.019611650485436893,-0.005319148936170248,0.0357142857142857,-0.016393442622950838,0.008547008547008517
3254,0.022248243559718883,0.04984932710050061,0.04040404040404033,0.046511627906976716,0.0357142857142857,0.032786885245901676,0.03418803418803418
3255,-0.019028103044496425,0.02733529223005471,0.08399570354457575,0.06776556776556775,0.0892857142857143,0.032786885245901565,0.05982905982905984
3256,0.042154566744730726,0.05173169710305725,0.03210612323368267,0.052482269503546064,0.017857142857142905,0.049180327868852514,0.03418803418803418
3257,0.0187353629976581,0.053773928162362816,0.11368421052631572,0.18414918414918413,0.0714285714285714,0.14754098360655732,0.11111111111111116
3258,0.02312646370023419,0.01956828529040966,0.014150943396226467,0.12,-0.05357142857142849,0.11475409836065575,0.03418803418803418
3259,0.027224824355971844,0.009321352886023204,-0.021505376344086002,0.07168037602820221,-0.0714285714285714,0.08196721311475408,0.008547008547008517
3260,0.0029274004683840227,0.018322127548556,-0.025920471281296042,0.04579392732702836,-0.07142857142857151,0.06557377049180324,0.0
3261,0.03629976580796246,0.06477809574957849,0.05555555555555558,-0.01744186046511631,0.1071428571428571,-0.049180327868852514,0.02564102564102566
3262,0.03044496487119419,0.05697297564130721,-0.06262626262626259,0.03898768809849518,-0.1071428571428571,0.049180327868852514,-0.02564102564102566
3263,-0.01200234192037486,0.05240008722780687,-0.033333333333333326,-0.028012684989429104,-0.0357142857142857,-0.016393442622950727,-0.02564102564102566
3264,0.016686182669789273,0.06622800192793477,-0.03430308293530182,0.006265664160400974,-0.05357142857142849,0.016393442622950838,-0.017094017094017144
3265,0.010831381733021006,0.012426802208223675,-0.05238523852385246,0.01851851851851849,-0.1071428571428571,0.049180327868852514,-0.02564102564102555
3266,0.05854800936768145,0.1081211591399226,0.05091575091575096,0.04676870748299311,0.0535714285714286,0.032786885245901676,0.042735042735042805
3267,0.022833723653395865,0.04894244924098268,0.018867924528301883,0.020000000000000018,0.017857142857142905,0.016393442622950838,0.017094017094017144
3268,0.059718969555035195,0.04617489896256122,0.019607843137254943,0.021739130434782594,0.017857142857142905,0.016393442622950838,0.017094017094017144
3269,0.01756440281030447,0.04278356144886264,-0.005822159491884249,0.031053459119496862,-0.0357142857142857,0.0491803278688524,0.008547008547008628
3270,-0.010831381733021117,0.034849556320889596,0.07339449541284404,0.07547169811320753,0.0714285714285714,0.06557377049180324,0.06837606837606847
3271,0.011124121779859664,0.002635763071892283,-0.004806408544726248,0.011604641856742703,-0.017857142857142905,0.016393442622950838,0.0
3272,0.06293911007025765,0.118747864521068,0.030796617712505636,0.04681872749099636,0.017857142857142794,0.0491803278688524,0.03418803418803418
3273,0.05386416861826704,0.12748402456061836,0.037735849056603765,0.040000000000000036,0.0357142857142857,0.032786885245901676,0.03418803418803418
3274,0.04508196721311475,0.06088292045975763,0.028785982478097605,0.11098398169336388,-0.017857142857142794,0.11475409836065564,0.05128205128205121
3275,0.00878220140515229,0.01712621012741089,0.02391182514477863,-0.01777777777777778,0.0535714285714286,-0.032786885245901676,0.008547008547008517
3276,-0.020199063231850056,-0.006962896038499422,-0.04644964782029315,-0.06105457909343204,-0.0357142857142857,-0.049180327868852514,-0.042735042735042694
3277,0.024590163934426257,0.07197358703768475,0.008547008547008517,0.04166666666666663,-0.017857142857142794,0.049180327868852514,0.017094017094017033
3278,0.045374707259953184,0.008980300312098288,0.09013605442176864,0.08571428571428574,0.0892857142857143,0.0491803278688524,0.06837606837606836
3279,0.0008782201405151957,0.018595355289059423,0.019230769230769273,0.02083333333333337,0.017857142857142905,0.016393442622950838,0.017094017094017033
3280,0.049765807962529385,0.07739622084473619,0.044417767106842754,0.08592132505175987,0.017857142857142905,0.08196721311475408,0.05128205128205121
3281,0.021077283372365474,0.04150504550839562,0.0,0.0,0.0,0.0,0.0
3282,0.08343091334894603,0.07333335095059346,0.031204644412191618,0.04833333333333334,0.017857142857142794,0.0491803278688524,0.03418803418803418
3283,0.03073770491803285,0.04879427318996188,0.053267326732673315,0.05101010101010095,0.05357142857142849,0.032786885245901676,0.042735042735042694
3284,0.003512880562060783,0.04323055296410916,0.027755102040816326,0.012987012987012991,0.0357142857142857,0.0,0.017094017094017033
3285,0.013758782201405029,0.01395450610387361,0.014509803921568643,0.0365612648221344,0.0,0.032786885245901676,0.017094017094017144
3286,0.010538641686182681,0.04192558583785011,0.08693069306930701,0.10858585858585856,0.0714285714285714,0.08196721311475408,0.07692307692307687
3287,0.04508196721311464,0.0821557158646421,-0.012820512820512775,0.03560606060606064,-0.0535714285714286,0.06557377049180324,0.008547008547008517
3288,0.028395784543325475,0.025962836279354695,0.012183514182371957,0.0037002775208140326,0.017857142857142794,0.0,0.008547008547008517
3289,0.014637002341920335,0.043428005754700516,-0.03722590515043345,0.0018181818181817189,-0.07142857142857151,0.016393442622950727,-0.02564102564102566
3290,0.03044496487119419,0.027260637403460075,0.05799202609641174,0.013104013104013101,0.0714285714285714,0.0,0.03418803418803418
3291,0.004098360655737654,0.03457918469084831,0.016937191249117856,0.05974842767295596,-0.017857142857142794,0.06557377049180324,0.02564102564102555
3292,0.056498829039812626,0.06772609270445651,0.10060472787245733,0.06692242114237001,0.125,0.032786885245901676,0.07692307692307698
3293,0.01756440281030447,0.004830323672976644,-0.02698505144632113,-0.0400966183574879,-0.017857142857142905,-0.032786885245901676,-0.02564102564102566
3294,-0.04800936768149888,-0.015213419515971549,-0.027202720272027192,-0.012403100775193798,-0.0357142857142857,0.0,-0.017094017094017033
3295,0.007611241217798548,0.02758796037945166,-0.00016992353440947738,-0.020697167755991286,0.017857142857142794,-0.032786885245901565,-0.008547008547008517
3296,-0.02254098360655743,0.0002626989835432525,-0.020618556701030966,-0.024390243902439046,-0.017857142857142905,-0.016393442622950838,-0.017094017094017033
3297,0.03981264637002335,0.05348054054981877,0.08555224454484289,0.07801418439716312,0.0892857142857143,0.049180327868852514,0.06837606837606836
3298,-0.02312646370023419,0.008196374732795553,-0.04160125588697017,0.005952380952380931,-0.0714285714285714,0.032786885245901676,-0.017094017094017033
3299,0.05474238875878212,0.0353307546034356,0.03280542986425339,0.05344202898550732,0.017857142857142905,0.049180327868852514,0.03418803418803418
3300,0.043325526932084246,0.016714423770788245,0.012499999999999956,-0.02954545454545454,0.0357142857142857,-0.032786885245901676,0.0
3301,-0.03278688524590179,-0.004587838777143416,-0.03318903318903321,-0.02713178294573637,-0.0357142857142857,-0.016393442622950838,-0.02564102564102566
3302,-0.012880562060889833,0.02724705986349807,-0.013899613899613916,0.0322820037105751,-0.0535714285714286,0.049180327868852514,0.0
3303,-0.024882903981264692,-0.017744336822542173,-0.020408163265306145,-0.023809523809523836,-0.017857142857142794,-0.016393442622950838,-0.017094017094017144
3304,0.012587822014051397,-0.0023732367498369156,0.0003736222678871748,-0.04888888888888887,0.0357142857142857,-0.049180327868852514,-0.008547008547008517
3305,0.002049180327868938,0.024877170965278417,-0.031366691560866355,-0.024822695035461084,-0.0357142857142857,-0.016393442622950838,-0.02564102564102555
3306,0.007903981264637094,0.04357748963220143,0.0003883495145631244,0.028046421663442955,-0.017857142857142905,0.032786885245901676,0.008547008547008517
3307,-0.02371194379391084,0.01171665162958302,-0.039215686274509776,-0.0434782608695653,-0.0357142857142857,-0.032786885245901676,-0.03418803418803418
3308,0.01932084309133475,0.040801353022291376,0.06060606060606066,0.06976744186046513,0.0535714285714286,0.049180327868852514,0.05128205128205121
3309,0.027517564402810057,0.05714072143336468,0.03546099290780147,0.10097919216646267,0.0,0.08196721311475408,0.042735042735042694
3310,-0.014929742388758771,0.005626595539992896,-0.08996960486322192,0.002148227712137407,-0.1428571428571429,0.049180327868852514,-0.042735042735042694
3311,0.05679156908665106,0.04918430263897344,0.023989898989899006,0.0662790697674418,0.0,0.0491803278688524,0.02564102564102566
3312,0.037763466042154525,0.029924434192319938,0.013224233407719721,0.027444253859348233,0.0,0.032786885245901676,0.017094017094017033
3313,-0.01990632318501162,0.030026320184633026,-0.04611512543638874,-0.019860973187686204,-0.0714285714285714,0.0,-0.03418803418803418
3314,-0.01990632318501173,-0.003649595634226066,-0.01540592002769603,0.008679245283018777,-0.03571428571428581,0.016393442622950727,-0.008547008547008628
3315,0.036007025761124134,0.03654311378981945,0.06605504587155964,0.15437392795883353,0.0,0.14754098360655743,0.07692307692307698
3316,0.009953161592505921,0.0036870825347256053,-0.04254561637739207,-0.028411364545818385,-0.05357142857142849,-0.016393442622950838,-0.03418803418803418
3317,-0.015222482435597207,0.017272374407622526,0.005490196078431375,-0.013833992094861691,0.017857142857142794,-0.016393442622950838,0.0
3318,0.0383489461358314,0.044906551500338066,0.012637362637362592,0.005527210884353817,0.017857142857142905,0.0,0.008547008547008517
3319,0.007903981264636983,0.04580732937479848,0.04464786101251628,0.00666666666666671,0.0714285714285714,-0.016393442622950838,0.02564102564102566
3320,0.07259953161592514,0.07697673849239617,0.029977076353376764,0.02274509803921576,0.0357142857142857,0.016393442622950838,0.02564102564102566
3321,0.05474238875878212,0.06193221803041693,0.017142857142857126,0.1071428571428571,-0.0535714285714286,0.14754098360655743,0.05128205128205132
3322,0.015222482435597096,0.05484077303563972,0.0049552125023824,0.06418604651162785,-0.0357142857142857,0.08196721311475408,0.02564102564102555
3323,0.010538641686182681,0.02575792501011409,0.045816346340516456,0.05990338164251208,0.0357142857142857,0.049180327868852514,0.042735042735042694
3324,0.043911007025761006,0.10635568706557219,0.06121768140116768,0.0695317959468903,0.0535714285714286,0.06557377049180324,0.05982905982905984
3325,0.05005854800936771,0.0561709740278864,0.012035246077799266,0.06854345165238684,-0.017857142857142905,0.06557377049180324,0.02564102564102566
3326,-0.007025761124121899,-0.0175138641030409,-0.02189239332096471,0.07142857142857151,-0.0892857142857143,0.11475409836065575,0.017094017094017033
3327,-0.014929742388758771,0.04014591284216751,-0.00524109014675056,0.010000000000000009,-0.017857142857142794,0.016393442622950838,0.0
3328,0.026346604215456537,0.06912747417363607,0.050000000000000044,0.017045454545454586,0.0714285714285714,0.0,0.03418803418803418
3329,0.033957845433255085,0.07815068310643691,-0.016546526867627698,0.0037061994609164373,-0.0357142857142857,0.016393442622950838,-0.008547008547008517
3330,0.015222482435597318,0.01817628454267861,-0.01464195836193094,-0.005689900426742556,-0.017857142857142794,0.0,-0.008547008547008628
3331,-0.009074941451990393,0.01343384264325731,-0.008817204301075243,0.07800982800982803,-0.0535714285714286,0.06557377049180324,0.008547008547008517
3332,0.00995316159250581,0.04105637251793848,0.01908313226584779,0.05584082156611048,0.0,0.0491803278688524,0.02564102564102566
3333,0.0005854800936767601,0.05416560883975852,0.006666666666666599,-0.0357142857142857,0.0357142857142857,-0.049180327868852514,-0.008547008547008628
3334,0.0357142857142857,0.06670504660416465,0.006853226727584261,0.016651248843663313,0.0,0.016393442622950838,0.008547008547008517
3335,0.040983606557376984,0.041739472102856556,0.01027195419718785,0.04171122994652399,-0.017857142857142905,0.0491803278688524,0.017094017094017144
3336,-0.023419203747072626,0.05516456782378343,-0.032220738762794854,-0.05002000800320128,-0.017857142857142905,-0.049180327868852514,-0.03418803418803418
3337,0.03366510538641665,0.07534166417052945,0.07902554961378483,0.060161779575328644,0.0892857142857143,0.032786885245901565,0.05982905982905984
3338,0.02371194379391095,0.039063021446781976,-0.013788098693759077,-0.03166666666666662,0.0,-0.032786885245901676,-0.017094017094017033
3339,0.03747072599531609,0.06921359773551505,-0.011529126213592256,0.05904255319148932,-0.0535714285714286,0.06557377049180324,0.008547008547008517
3340,0.014344262295082011,0.036495055865996995,0.07051282051282048,0.008333333333333415,0.1071428571428571,-0.032786885245901676,0.03418803418803418
3341,0.018442622950819665,0.02373766982482073,0.011249567324333687,0.0033936651583710287,0.017857142857142905,0.0,0.008547008547008517
3342,0.03337236533957855,0.047226578649743556,-0.022061855670103103,0.0027716186252770836,-0.0357142857142857,0.016393442622950838,-0.008547008547008628
3343,0.02751756440281028,0.09394572685337388,0.005414273995077878,0.06813559322033902,-0.0535714285714286,0.09836065573770492,0.02564102564102555
3344,0.04888758782201397,0.11985121730408488,0.044414760394055675,0.09333333333333338,0.0,0.11475409836065575,0.05982905982905984
3345,0.03366510538641665,0.06751624152032643,0.013729528292635074,-0.020781791192478916,0.0357142857142857,-0.032786885245901676,0.0
3346,0.017564402810304358,0.05933141184008661,-0.01237388159147157,-0.004162812210915745,-0.017857142857142905,0.0,-0.008547008547008628
3347,-0.015807962529273967,0.003171434143829588,0.007406101216716698,0.016470588235294126,0.0,0.016393442622950838,0.008547008547008517
3348,0.005562060889929721,0.018892607570684672,0.016126076598863892,0.06138107416879801,-0.017857142857142794,0.06557377049180324,0.02564102564102566
3349,0.030444964871194302,0.06382459822650766,-0.004716981132075526,0.012499999999999956,-0.017857142857142905,0.016393442622950727,0.0
3350,0.005269320843091285,0.03007235806256192,0.008166228109971918,0.04213600333750522,-0.017857142857142905,0.049180327868852514,0.017094017094017033
3351,-0.005854800936768045,0.026277829687553544,-0.08746937664458754,-0.060909470171047086,-0.1071428571428572,-0.032786885245901676,-0.06837606837606847
3352,0.05269320843091341,0.07122869857940284,0.09228107276747088,0.12104018912529546,0.07142857142857151,0.09836065573770492,0.0854700854700855
3353,0.04830210772833732,0.05158435232846603,0.06317204301075274,0.03918918918918912,0.0714285714285714,0.016393442622950838,0.042735042735042694
3354,0.022248243559718883,0.04693634190685303,-0.013131775843640225,-0.058064516129032295,0.0357142857142857,-0.08196721311475408,-0.02564102564102566
3355,0.03395784543325531,0.0291605716027159,0.03416666666666668,-0.002272727272727315,0.05357142857142849,-0.016393442622950727,0.017094017094017033
3356,-0.015515222482435531,0.022603787556263355,-0.045077824944410705,0.0005302226935313126,-0.0714285714285714,0.016393442622950838,-0.02564102564102555
3357,0.006147540983606481,0.061504827321145594,-0.00652442250044083,-0.014509803921568643,0.0,-0.016393442622950838,-0.008547008547008517
3358,-0.010245901639344135,0.02643538626881803,-0.019421172886519456,-0.047222222222222165,0.0,-0.049180327868852514,-0.02564102564102566
3359,-0.0032201405152224583,0.010104386666200171,0.016126076598863892,0.06138107416879801,-0.017857142857142794,0.06557377049180324,0.02564102564102566
3360,0.0038056206088992184,0.05971847438329869,0.04178628389154704,0.06577266922094505,0.017857142857142905,0.08196721311475419,0.05128205128205132
3361,0.03307962529274,0.047529989501709946,0.08846153846153848,0.058712121212121215,0.1071428571428571,0.032786885245901676,0.06837606837606836
3362,0.014637002341920446,0.05682903958580976,0.025761799480918945,0.010401891252955098,0.03571428571428581,0.0,0.017094017094017144
3363,0.06059718969555039,0.09969025568033296,0.05013477088948781,0.04530612244897958,0.05357142857142849,0.032786885245901676,0.042735042735042694
3364,0.06293911007025765,0.0888648784972299,0.06289308176100628,0.05230769230769228,0.07142857142857151,0.032786885245901676,0.05128205128205121
3365,0.00995316159250581,0.04903899828860281,0.03300330033003296,0.0888888888888889,0.0,0.08196721311475408,0.042735042735042694
3366,0.02371194379391106,0.02929024097667221,0.007229765473461547,0.01607843137254894,0.0,0.016393442622950727,0.008547008547008517
3367,0.04186182669789229,0.06661084787688232,-0.017439703153988906,0.08201058201058198,-0.0892857142857143,0.11475409836065564,0.017094017094017033
3368,-0.025468384074941453,0.009789321622783453,0.02083333333333326,0.025000000000000022,0.017857142857142905,0.016393442622950838,0.017094017094017144
3369,-0.010831381733021117,0.027325961453340097,-0.04207920792079212,-0.07638888888888884,-0.017857142857142905,-0.06557377049180335,-0.042735042735042694
3370,-0.02312646370023419,0.00982480599585911,-0.06680668066806672,-0.05684754521963831,-0.0714285714285714,-0.032786885245901676,-0.05128205128205132
3371,0.0687939110070257,0.06361752171904023,-0.0004296455424274148,0.03296703296703296,-0.017857142857142794,0.032786885245901565,0.008547008547008517
3372,0.01697892271662771,0.04698912150936352,0.03242835595776772,0.05253623188405798,0.017857142857142905,0.049180327868852514,0.03418803418803418
3373,0.054156908665105474,0.11620302877428867,0.02649132837812085,0.09069767441860466,-0.017857142857142905,0.09836065573770492,0.042735042735042805
3374,0.02254098360655732,0.018797168528004726,-0.018993736108304682,0.00952380952380949,-0.03571428571428581,0.016393442622950838,-0.008547008547008517
3375,0.02107728337236514,0.04037234835314418,0.06615384615384612,0.10984848484848486,0.03571428571428581,0.09836065573770492,0.06837606837606836
3376,0.014051522248243464,0.020445774930482608,0.039215686274509776,0.04347826086956519,0.0357142857142857,0.032786885245901676,0.03418803418803418
3377,0.09250585480093665,0.06866805183233426,0.05400540054005398,0.0816537467700259,0.03571428571428581,0.06557377049180324,0.05128205128205132
3378,-0.008196721311475308,-0.013860842487697922,-0.05643896976483764,-0.05668016194331982,-0.0535714285714286,-0.032786885245901676,-0.042735042735042694
3379,-0.019028103044496425,0.004154356747489207,-0.036685773840541946,0.027350427350427364,-0.07142857142857151,0.032786885245901676,-0.017094017094017033
3380,0.08899297423887598,0.06880038267410193,0.013788098693759077,0.03166666666666662,0.0,0.032786885245901676,0.017094017094017033
3381,0.003512880562061005,0.04609362247063131,-0.05199485199485199,-0.008534322820037188,-0.0892857142857143,0.016393442622950838,-0.03418803418803418
3382,0.024882903981264803,0.03989091226079089,-0.019659239842726106,-0.040431266846361225,0.0,-0.0491803278688524,-0.02564102564102566
3383,0.007611241217798659,0.06867198166797372,-0.006469002695417836,-0.014693877551020473,0.0,-0.016393442622950838,-0.008547008547008517
3384,0.006147540983606703,0.03790827123245,-0.05769230769230771,-0.0625,-0.0535714285714286,-0.049180327868852514,-0.05128205128205121
3385,-0.03190866510538648,0.014623857939625617,0.0007189072609633529,0.02450980392156865,-0.017857142857142794,0.032786885245901676,0.008547008547008517
3386,0.002634660421545698,-0.004334709661037994,-0.04380952380952374,-0.002782931354359919,-0.07142857142857151,0.016393442622950838,-0.02564102564102566
3387,0.005562060889929721,0.05933332290164006,-0.011375894871040515,0.02671944581890151,-0.0357142857142857,0.032786885245901565,0.0
3388,0.044496487119437766,0.03885090174283423,0.044871794871794934,0.0033914728682170603,0.0714285714285714,-0.016393442622950838,0.02564102564102566
3389,0.03981264637002335,0.05233015304746835,0.0,0.0,0.0,0.0,0.0
3390,0.004976580796253072,0.01878100354788259,0.027761711972238312,0.08791208791208782,0.0,0.06557377049180335,0.03418803418803429
3391,0.06996487119437933,0.08543325185132467,0.05409153952843271,0.10992907801418439,0.017857142857142905,0.09836065573770492,0.05982905982905984
3392,-0.00936768149882894,0.04910240629014195,0.02675462708447862,-0.009377664109121886,0.0535714285714286,-0.032786885245901565,0.008547008547008517
3393,-0.005854800936768267,0.001848332124390728,0.03280542986425339,0.05344202898550732,0.017857142857142905,0.049180327868852514,0.03418803418803418
3394,0.012002341920374748,0.031232532527400658,-0.02060439560439553,0.038690476190476275,-0.0714285714285714,0.06557377049180335,0.0
3395,0.047131147540983576,0.04634662442534088,0.019017115403863416,0.07836014530358071,-0.017857142857142905,0.08196721311475408,0.03418803418803418
3396,0.007903981264636983,0.02242769928475874,-0.03894927536231885,-0.002777777777777768,-0.0535714285714286,0.016393442622950838,-0.017094017094017144
3397,-0.02371194379391095,0.026101097700958698,0.040000000000000036,0.045454545454545525,0.0357142857142857,0.032786885245901676,0.03418803418803418
3398,0.06615925058548,0.04164969867752277,0.10846153846153839,0.08143939393939392,0.125,0.0491803278688524,0.0854700854700855
3399,0.06615925058548011,0.031698517716944985,0.044260271557044595,0.05450980392156868,0.0357142857142857,0.049180327868852514,0.042735042735042694
3400,0.04069086651053866,0.07287440082919083,0.06839826839826846,0.10695389266817834,0.0357142857142857,0.11475409836065575,0.07692307692307698
3401,0.015222482435597207,0.019827850166228456,0.03903903903903905,0.06223776223776223,0.017857142857142905,0.06557377049180335,0.042735042735042694
3402,0.015515222482435642,0.04932452678065935,-0.03291402629338891,0.07455131155085126,-0.1071428571428572,0.09836065573770492,0.0
3403,0.028981264637002346,0.01803403188171293,-0.006033182503770718,0.010869565217391353,-0.017857142857142905,0.016393442622950838,0.0
3404,-0.0038056206088993294,0.0007755238208566606,-0.005874499332443217,0.009203681472589098,-0.017857142857142794,0.016393442622950838,0.0
3405,-0.02927400468384067,-0.013451408912490415,-0.02881152460984393,-0.07453416149068315,0.0,-0.06557377049180324,-0.03418803418803418
3406,-0.0029274004683839117,0.01003918203408738,-0.019622641509434047,-0.07272727272727275,0.017857142857142905,-0.08196721311475419,-0.03418803418803418
3407,0.02254098360655732,0.03311113229160856,0.013425253991291797,0.03083333333333338,0.0,0.032786885245901676,0.017094017094017144
3408,-0.014637002341920113,-0.00044708720613351183,-0.03265602322206096,-0.05166666666666664,-0.017857142857142905,-0.049180327868852514,-0.03418803418803418
3409,0.05327868852459006,0.06908746756037387,0.06988605534454695,0.06128830519074424,0.0714285714285714,0.032786885245901565,0.05128205128205132
3410,-0.00029274004683832455,-0.0005342831161634365,-0.051098162259076596,-0.0027100271002710175,-0.0714285714285714,0.016393442622950838,-0.02564102564102566
3411,-0.014051522248243575,-0.01666272903124133,-0.04883462819089901,-0.017391304347826098,-0.0714285714285714,0.0,-0.03418803418803418
3412,-0.0008782201405151957,-0.0005220874893051564,-0.017366946778711534,0.00842945874001777,-0.0357142857142857,0.016393442622950727,-0.008547008547008628
3413,0.04420374707259944,0.068721140241636,-0.0059779562861945745,0.03555555555555556,-0.03571428571428581,0.049180327868852514,0.008547008547008517
3414,0.015515222482435531,0.030617561888195977,0.022992308328508737,0.06707946336429316,-0.017857142857142905,0.08196721311475419,0.03418803418803418
3415,0.024882903981264692,0.024512907442369114,0.06023166023166027,0.10946196660482377,0.017857142857142794,0.11475409836065575,0.06837606837606836
3416,0.028981264637002346,0.0066906828703341414,0.1002311604253352,0.0894485453755971,0.1071428571428571,0.06557377049180335,0.08547008547008539
3417,0.03512880562060905,0.053256502404644745,0.013712827872119915,0.02743221690590114,0.0,0.032786885245901676,0.017094017094017033
3418,0.08460187353629967,0.06579909393739425,0.05202080832332934,0.018633540372670843,0.0714285714285714,0.0,0.03418803418803418
3419,0.041569086651053966,0.073256922706041,0.007440341166863318,0.040467250730079285,-0.017857142857142794,0.049180327868852514,0.017094017094017144
3420,0.02195550351288067,0.02149131275815963,-0.005732778548312556,0.010855405992184153,-0.017857142857142794,0.016393442622950838,0.0
3421,0.00936768149882905,0.022826591510738514,0.01333333333333342,0.03359683794466406,0.0,0.032786885245901676,0.017094017094017033
3422,0.03307962529274022,0.03840359365598034,-0.029321820471307825,0.02502050861361782,-0.0714285714285714,0.049180327868852514,-0.008547008547008628
3423,0.030444964871194302,0.04651225125442038,0.014285714285714346,0.037878787878787956,0.0,0.032786885245901676,0.017094017094017033
3424,-0.0029274004683841337,-0.0016704873493235128,-0.04277864992150704,0.0029761904761904656,-0.0714285714285714,0.032786885245901676,-0.017094017094017144
3425,0.07640515222482436,0.08930288921336516,0.004669887278582974,0.045958279009126524,-0.0357142857142857,0.08196721311475408,0.02564102564102566
3426,0.018442622950819665,0.05393803041798906,0.05882352941176461,0.06521739130434778,0.05357142857142849,0.0491803278688524,0.05128205128205121
3427,0.052693208430913296,0.06521163264263397,0.039223153084539164,0.06944444444444442,0.017857142857142905,0.06557377049180335,0.042735042735042805
3428,0.021370023419203688,0.051751509229025716,0.012526464361326761,0.049921383647798745,-0.017857142857142905,0.06557377049180324,0.02564102564102566
3429,0.019028103044496536,0.018920525484122597,0.01306930693069297,0.005050505050505083,0.017857142857142905,0.0,0.008547008547008628
3430,0.009074941451990504,0.03125104976214377,-0.006819842494113826,0.02317113538563398,-0.0357142857142857,0.032786885245901565,0.0
3431,0.046545667447306815,0.04924017434353489,0.056973400431344356,0.03799019607843135,0.0714285714285714,0.016393442622950838,0.042735042735042694
3432,0.010831381733021117,0.067035442588403,-0.04264643910661603,0.009667024704618665,-0.0892857142857143,0.0491803278688524,-0.017094017094017033
3433,0.023711943793911283,0.015238021232913401,0.023391812865497075,0.06631299734748008,-0.017857142857142905,0.08196721311475419,0.03418803418803418
3434,0.01610070257611218,0.01993231788727534,0.01184035929366134,-0.029268292682926744,0.03571428571428581,-0.032786885245901676,0.0
3435,0.02195550351288056,0.028908519791765785,0.07008784096162735,0.09161962657403389,0.0535714285714286,0.08196721311475408,0.06837606837606836
3436,0.06118266978922704,0.06332289645552225,-0.02509803921568632,-0.007905138339920903,-0.0357142857142857,0.0,-0.017094017094017144
3437,0.008782201405152068,0.011697020236805411,-0.026415094339622636,-0.037142857142857144,-0.017857142857142905,-0.032786885245901676,-0.02564102564102566
3438,-0.014051522248243575,-0.0012074871984572022,-0.1012477718360072,-0.048309178743961345,-0.1428571428571428,0.0,-0.06837606837606836
3439,0.03571428571428581,0.05554681505805181,0.03076923076923077,-0.0037878787878787845,0.0535714285714286,-0.016393442622950727,0.017094017094017033
3440,0.017271662763466256,0.009396665568264018,0.013788098693759077,0.03166666666666662,0.0,0.032786885245901676,0.017094017094017033
3441,0.04478922716627631,0.03853345285679244,0.05456628137040498,0.08508224617129889,0.0357142857142857,0.06557377049180324,0.05128205128205132
3442,0.024882903981264692,0.08156736074675575,0.019421172886519456,0.047222222222222165,0.0,0.049180327868852514,0.02564102564102566
3443,0.05327868852459017,0.08859889006898691,0.02640264026402639,0.0854700854700855,-0.017857142857142905,0.09836065573770492,0.042735042735042805
3444,0.019028103044496536,0.0456989067325122,-0.025144410465511302,-0.03338171262699574,-0.017857142857142905,-0.032786885245901676,-0.02564102564102555
3445,-0.03395784543325531,-0.006511768611793478,-0.025278148642634557,-0.01200480192076836,-0.03571428571428581,0.0,-0.017094017094017033
3446,-0.025175644028103017,0.006987162650877177,0.04997758852532497,-0.0006775067750677266,0.0714285714285714,-0.016393442622950838,0.02564102564102566
3447,0.013173302107728269,0.010517071856608218,0.014285714285714346,0.037878787878787956,0.0,0.032786885245901676,0.017094017094017033
3448,0.015222482435597207,0.027735586254542977,0.04103092783505147,0.07926829268292679,0.017857142857142794,0.06557377049180324,0.042735042735042694
3449,0.01873536299765821,0.024443064790720004,-0.0004828585224528892,0.035458685751463936,-0.0357142857142857,0.049180327868852514,0.008547008547008628
3450,0.022248243559719216,0.0464577717893061,0.03486394557823136,0.06428571428571428,0.017857142857142794,0.049180327868852514,0.03418803418803418
3451,0.042740046838407486,0.09165796466667309,0.0716440422322775,0.09601449275362317,0.0535714285714286,0.08196721311475408,0.06837606837606836
3452,0.032786885245901565,0.08156040312395485,0.04825008494733274,0.0420899854862119,0.0535714285714286,0.032786885245901676,0.042735042735042805
3453,-0.02634660421545676,0.018345409027011428,-0.0460471567267684,-0.035171515414676446,-0.0535714285714286,-0.016393442622950838,-0.03418803418803418
3454,0.03190866510538648,0.03944663276192495,0.0513833992094862,0.08443188951663527,0.017857142857142905,0.09836065573770492,0.05982905982905973
3455,0.01932084309133486,0.09072705425224215,0.06647352325768552,0.09791802212101486,0.0357142857142857,0.11475409836065575,0.07692307692307698
3456,0.0357142857142857,0.05016264941781323,-0.03712871287128716,0.050000000000000044,-0.1071428571428571,0.08196721311475408,-0.008547008547008517
3457,0.004683840749414636,0.03184025620086317,0.032172092137826014,0.026364477335800163,0.0357142857142857,0.016393442622950838,0.02564102564102566
3458,0.013466042154566704,0.019603370813196963,0.06502775574940522,0.004878048780487809,0.0892857142857143,-0.016393442622950838,0.03418803418803429
3459,0.04127634660421531,0.029233981295669564,0.026321974148061145,0.05177195685670266,0.0,0.06557377049180324,0.03418803418803418
3460,0.011709601873536424,0.03667500935548651,-0.04620462046204621,-0.032558139534883734,-0.0535714285714286,-0.016393442622950727,-0.03418803418803418
3461,0.03864168618266972,0.07193665501776725,0.058297872340425605,0.13038277511961727,0.017857142857142794,0.11475409836065575,0.06837606837606836
3462,-0.010538641686182681,0.041398501916321884,-0.024092053218266796,0.013911620294599025,-0.0535714285714286,0.032786885245901676,-0.008547008547008517
3463,0.0043911007025760895,0.02177419205515263,0.04123711340206193,0.04878048780487798,0.0357142857142857,0.032786885245901676,0.03418803418803418
3464,0.035128805620608716,0.04987477621765013,-0.012769501249190296,0.04313725490196085,-0.0535714285714286,0.049180327868852514,0.0
3465,0.06615925058548011,0.1131536767272272,0.05085354896675642,0.04693877551020409,0.0535714285714286,0.032786885245901565,0.042735042735042694
3466,0.04332552693208436,0.055078354361612125,0.019682636557827204,0.03771929824561404,0.0,0.0491803278688524,0.02564102564102566
3467,0.0043911007025759785,0.019574125819637578,0.032277227722772306,0.025757575757575757,0.0357142857142857,0.016393442622950838,0.02564102564102566
3468,0.060889929742388715,0.059542331677460925,0.04659289458357596,0.061835748792270495,0.0357142857142857,0.0491803278688524,0.042735042735042694
3469,0.01932084309133475,0.03156462147963912,0.0034632034632035014,0.06169909824394881,-0.0357142857142857,0.06557377049180324,0.017094017094017144
3470,0.030444964871194302,0.06034155764162319,0.016992353440951624,0.09211126310989515,-0.0357142857142857,0.09836065573770492,0.03418803418803418
3471,-0.01814988290398134,0.0050119465244511385,0.0010582010582010914,0.024332810047095754,-0.017857142857142905,0.032786885245901676,0.008547008547008628
3472,0.044789227166276424,0.05058899232588765,0.0424462924462925,0.09280303030303028,0.0,0.11475409836065575,0.05982905982905984
3473,0.010831381733021117,0.03667664056697528,0.01941747572815533,0.021276595744680882,0.017857142857142905,0.016393442622950838,0.017094017094017144
3474,0.02254098360655743,0.041255307684425424,-0.03103832633113257,-0.046244913059563464,-0.017857142857142794,-0.0491803278688524,-0.03418803418803418
3475,0.05298594847775173,0.10304394409620288,0.049446974625894646,0.12,-0.017857142857142905,0.14754098360655732,0.06837606837606836
3476,0.0544496487119438,0.08577172455293958,0.0,0.028311425682507663,-0.017857142857142794,0.032786885245901676,0.008547008547008517
3477,0.040398126463700446,0.0773634450314532,0.03921568627450989,0.0434782608695653,0.03571428571428581,0.032786885245901676,0.03418803418803418
3478,0.027810304449648604,0.037957615175617354,0.009093205354887668,-0.0206773618538324,0.0357142857142857,-0.032786885245901676,0.0
3479,0.04332552693208447,0.07904274273728351,0.060011883541295274,0.09656218402426697,0.0357142857142857,0.08196721311475408,0.05982905982905984
3480,-0.014051522248243575,0.019934224650808297,-0.10782608695652174,-0.030303030303030276,-0.1428571428571429,0.0,-0.06837606837606836
3481,-0.023419203747072515,0.04211921874206759,-0.05306122448979589,0.003401360544217691,-0.0892857142857143,0.032786885245901676,-0.02564102564102566
3482,0.0014637002341918448,0.014118910606445212,-0.028831383670093413,-0.007722007722007818,-0.0357142857142857,0.0,-0.017094017094017033
3483,0.035421545667447374,0.0752821315193195,0.047421584263689476,0.099582587954681,0.017857142857142794,0.08196721311475408,0.05128205128205132
3484,0.002634660421545698,0.006482826775890516,-0.01904761904761898,-0.020408163265306145,-0.017857142857142905,-0.016393442622950838,-0.017094017094017033
3485,-0.011124121779859553,0.0017214364057845932,-0.0695695695695695,-0.04790209790209787,-0.0892857142857143,-0.032786885245901565,-0.05982905982905984
3486,0.007318501170960223,0.015001268700166714,-0.043010752688172005,0.01634192331866746,-0.0714285714285714,0.032786885245901565,-0.017094017094017144
3487,-0.021370023419203688,0.007388169368073072,-0.023411686963088818,0.04559963520291832,-0.07142857142857151,0.06557377049180324,0.0
3488,-0.005269320843091396,0.012649442426401869,0.02564102564102566,0.0357142857142857,0.017857142857142905,0.032786885245901676,0.02564102564102566
3489,0.02810304449648693,0.01691507601058162,-0.018419489007724277,0.009605662285136485,-0.0357142857142857,0.016393442622950838,-0.008547008547008517
3490,0.00878220140515229,0.030116675844940155,-0.026464646464646524,-0.03964059196617331,-0.017857142857142794,-0.032786885245901676,-0.02564102564102555
3491,0.015807962529273856,0.05973219522868756,0.10204081632653061,0.11904761904761907,0.08928571428571419,0.08196721311475408,0.0854700854700855
3492,0.032786885245901676,0.03386618665599961,-0.00721500721500723,-0.019379844961240345,0.0,-0.016393442622950838,-0.008547008547008517
3493,0.009074941451990504,0.04957815880023386,-0.014979757085020196,0.08012820512820518,-0.07142857142857151,0.08196721311475408,0.008547008547008628
3494,-0.013466042154566815,-0.0031152724247154318,0.0066006600660066805,0.041269841269841234,-0.017857142857142905,0.049180327868852514,0.017094017094017144
3495,0.021077283372365252,0.058748093355685316,0.01654081265731755,0.060556464811783894,-0.017857142857142905,0.06557377049180324,0.02564102564102566
3496,0.07523419203747095,0.12281243271983155,0.027943197434722955,0.07008797653958942,-0.017857142857142905,0.09836065573770492,0.042735042735042805
3497,0.020784543325526927,0.04146818177179035,-0.011663807890223032,0.016296296296296253,-0.0357142857142857,0.032786885245901565,0.0
3498,-0.01756440281030447,-0.00045038497327976046,-0.02701754385964905,0.09326018808777425,-0.125,0.11475409836065575,0.0
3499,0.05269320843091341,0.06139349902112001,0.034438775510204134,0.0630952380952381,0.017857142857142905,0.0491803278688524,0.03418803418803418
3500,-0.00878220140515229,0.04143284446851547,-0.1031959953792837,-0.04190476190476189,-0.1428571428571428,0.0,-0.06837606837606836
3501,-0.0002927400468384356,0.03420800115069911,-0.03908241291418857,0.03328773369813043,-0.08928571428571419,0.0491803278688524,-0.017094017094017033
3502,0.05122950819672123,0.10511473974742991,0.10818307905686553,0.07801418439716312,0.125,0.032786885245901676,0.07692307692307687
3503,0.05298594847775184,0.07614787571592918,0.05434343434343436,0.05338266384778012,0.0535714285714286,0.032786885245901676,0.042735042735042805
3504,0.025175644028103017,0.052207488289150006,0.04356357927786492,0.11011904761904756,0.0,0.09836065573770492,0.05128205128205121
3505,-0.0002927400468384356,0.07484620101526074,0.0,0.0,0.0,0.0,0.0
3506,-0.037177985948477654,0.007939060845434387,-0.013456321215409739,-0.03877423389618506,0.0,-0.032786885245901565,-0.017094017094017144
3507,0.02517564402810324,0.013772720873030941,0.02010582010582007,0.0447409733124019,0.0,0.049180327868852514,0.02564102564102566
3508,0.01580796252927419,0.04119552938969462,0.03076923076923077,-0.0037878787878787845,0.0535714285714286,-0.016393442622950727,0.017094017094017033
3509,0.03366510538641687,0.08960382443353132,0.0313321204770568,0.0821845174973489,0.0,0.08196721311475419,0.042735042735042694
3510,0.0374707259953162,0.07916041072950952,0.05808477237048659,0.11904761904761907,0.017857142857142905,0.11475409836065564,0.06837606837606836
3511,0.04127634660421553,0.06844477247650671,0.001225490196078427,0.0641304347826086,-0.0357142857142857,0.06557377049180324,0.017094017094017144
3512,-0.02810304449648704,0.04694555879312301,-0.03241758241758241,-0.02763605442176864,-0.0357142857142857,-0.016393442622950838,-0.02564102564102555
3513,0.025175644028103128,0.044984417456752634,0.04166666666666674,0.08255813953488367,0.017857142857142794,0.06557377049180324,0.042735042735042694
3514,0.014344262295081789,0.029964357774029282,-0.01889866405995433,0.05091137649277189,-0.0535714285714286,0.049180327868852514,0.0
3515,0.03629976580796257,0.05519566622850025,0.0028011204481792618,0.03149955634427681,-0.017857142857142905,0.032786885245901676,0.008547008547008517
3516,-0.0029274004683841337,0.01986081332205769,0.05316742081447956,0.07699275362318836,0.0357142857142857,0.06557377049180324,0.05128205128205121
3517,0.049180327868852514,0.07640893471702304,0.12673992673992673,0.12755102040816324,0.125,0.09836065573770492,0.11111111111111116
3518,0.04625292740046849,0.04463199390605932,0.039148936170212756,-0.023923444976076458,0.07142857142857151,-0.032786885245901676,0.017094017094017033
3519,0.0014637002341919558,0.002292963355065125,-0.06727828746177378,0.012724879333040784,-0.125,0.049180327868852514,-0.03418803418803418
3520,0.025175644028102906,0.026962896660460922,0.09365079365079365,0.1204866562009419,0.0714285714285714,0.11475409836065575,0.09401709401709402
3521,0.04010538641686179,0.01762583625152747,0.037735849056603876,0.040000000000000036,0.0357142857142857,0.032786885245901676,0.03418803418803418
3522,-0.029859484777517542,0.01964476958761452,0.011578947368421022,0.06468531468531469,-0.017857142857142905,0.06557377049180324,0.02564102564102555
3523,0.03864168618266983,0.04083172913176425,0.04041237113402063,0.07760532150776056,0.017857142857142905,0.06557377049180324,0.042735042735042805
3524,-0.01990632318501173,0.014923512436494812,0.0005005005005005447,0.020629370629370647,-0.017857142857142905,0.032786885245901565,0.008547008547008628
3525,0.03922716627634648,0.09431116388143168,0.018867924528301883,0.020000000000000018,0.017857142857142905,0.016393442622950838,0.017094017094017144
3526,-0.003512880562060894,-0.0007030020281471039,-0.030740216878830773,0.0022675736961451642,-0.0535714285714286,0.016393442622950838,-0.017094017094017033
3527,0.021955503512880448,0.019159240952542622,0.01573426573426573,-0.03009259259259267,0.0535714285714286,-0.049180327868852514,0.0
3528,0.05620608899297419,0.06206325432384008,0.06000000000000005,0.06818181818181812,0.05357142857142849,0.049180327868852514,0.05128205128205132
3529,0.015222482435597096,0.03757317365836399,-0.021418468377449984,0.0031746031746031633,-0.0357142857142857,0.016393442622950838,-0.008547008547008517
3530,0.03688524590163933,0.037661056613039645,0.019230769230769273,0.02083333333333326,0.017857142857142905,0.016393442622950838,0.017094017094017144
3531,0.026053864168618324,0.07611044512516618,-0.04707626725975356,0.035980693286529086,-0.1071428571428572,0.06557377049180324,-0.017094017094017033
3532,0.025175644028103017,0.08189544963278705,0.06497386109036596,0.07978723404255317,0.05357142857142849,0.06557377049180324,0.05982905982905984
3533,0.03571428571428559,0.05183183638292854,0.01941747572815533,0.02127659574468077,0.017857142857142905,0.016393442622950727,0.017094017094017144
3534,0.004098360655737876,0.014374834382128165,-0.03492063492063491,-0.011773940345368938,-0.0535714285714286,0.0,-0.02564102564102555
3535,0.020784543325526816,0.027479661335915617,0.052865099594071596,0.12767897856817145,0.0,0.13114754098360648,0.06837606837606836
3536,0.06996487119437944,0.07183356770990312,0.07849293563579274,0.1428571428571429,0.0357142857142857,0.13114754098360648,0.0854700854700855
3537,0.007611241217798548,-0.0011085613554028262,-0.011529126213592256,0.05904255319148932,-0.0535714285714286,0.06557377049180324,0.008547008547008517
3538,0.04186182669789229,0.09405733538637495,0.04093678598629091,0.07361111111111107,0.017857142857142905,0.06557377049180324,0.042735042735042694
3539,0.0002927400468384356,-0.00696312301488744,0.07902554961378483,0.060161779575328644,0.0892857142857143,0.032786885245901565,0.05982905982905984
3540,-0.0017564402810301694,0.011252299356326212,0.04340425531914893,0.12200956937799046,0.0,0.09836065573770492,0.05128205128205132
3541,-0.009660421545667375,0.02216313949815163,-0.019385096404377244,0.042735042735042694,-0.0535714285714286,0.0491803278688524,0.0
3542,0.052107728337236425,0.06666093923124783,0.08675718568153767,0.08313725490196078,0.0892857142857143,0.06557377049180324,0.07692307692307687
3543,0.033372365339578214,0.052415907439629206,0.02703217209213782,0.039777983348751156,0.017857142857142905,0.032786885245901676,0.02564102564102566
3544,0.014637002341920335,0.048719069482335065,-0.0028571428571428914,0.04499072356215217,-0.0357142857142857,0.0491803278688524,0.008547008547008517
3545,-0.03747072599531609,-0.04205171576192224,-0.07828960958479658,0.007278835386338223,-0.125,0.032786885245901676,-0.042735042735042805
3546,0.03922716627634659,0.05488730924226359,0.01777777777777778,0.09090909090909094,-0.0357142857142857,0.09836065573770492,0.03418803418803418
3547,0.0401053864168619,0.03514591071748763,0.05002000800320128,0.10041407867494823,0.017857142857142905,0.08196721311475419,0.05128205128205132
3548,0.04186182669789229,0.04827236937361101,0.05902912621359224,0.03868471953578334,0.07142857142857151,0.016393442622950838,0.042735042735042805
3549,0.050936768149883016,0.07127811738428069,0.02465233881163087,0.03132832080200498,0.017857142857142794,0.032786885245901676,0.02564102564102555
3550,0.0008782201405150847,0.019335435383324162,-0.018382352941176516,0.04239130434782601,-0.0535714285714286,0.0491803278688524,0.0
3551,0.01639344262295095,0.033752642965280355,-0.019230769230769273,-0.02083333333333337,-0.017857142857142794,-0.016393442622950727,-0.017094017094017144
3552,0.045374707259953184,0.04602515195109391,-0.013535353535353511,-0.005813953488372103,-0.017857142857142905,0.0,-0.008547008547008628
3553,0.051522248243559665,0.07489768683553832,0.05699300699300702,0.10416666666666674,0.017857142857142794,0.11475409836065575,0.06837606837606836
3554,0.019028103044496536,0.02079174822323049,-0.10047095761381475,-0.03809523809523807,-0.12499999999999994,0.0,-0.05982905982905984
3555,-0.00936768149882905,0.03105310267146355,-0.062046444121915845,-0.04916666666666658,-0.0714285714285714,-0.032786885245901565,-0.05128205128205121
3556,0.0348360655737705,0.02706736497320439,-0.024428997020853993,0.0805128205128205,-0.0892857142857143,0.09836065573770492,0.008547008547008628
3557,-0.012002341920374637,0.012858914195632454,-0.04898036973508668,0.010697674418604586,-0.0892857142857143,0.032786885245901565,-0.02564102564102555
3558,0.021077283372365363,0.05096059782347473,0.006802721088435382,0.04658385093167705,-0.017857142857142794,0.0491803278688524,0.017094017094017033
3559,0.030152224824355867,0.11517276544365607,0.04468864468864464,0.056122448979591844,0.03571428571428581,0.049180327868852514,0.042735042735042694
3560,0.018442622950819665,0.06079536437334976,0.07547169811320764,0.07999999999999996,0.07142857142857151,0.06557377049180324,0.06837606837606847
3561,-0.02576112412178,-0.024009432329318736,0.05008865248226957,0.03815789473684217,0.0535714285714286,0.016393442622950727,0.03418803418803418
3562,0.07757611241217788,0.054806366969947784,0.01312959818902093,0.04019404019404016,0.0,0.032786885245901565,0.017094017094017033
3563,0.032201405152224916,0.10135366733080375,0.0061132561132560825,0.012337662337662314,0.0,0.016393442622950838,0.008547008547008517
3564,0.023419203747072403,0.03326321146349698,0.06841121495327107,0.1381461675579323,0.017857142857142905,0.1311475409836066,0.07692307692307687
3565,0.03747072599531631,0.08418979558398432,0.005424810530514579,0.0466901183242725,-0.0357142857142857,0.06557377049180335,0.017094017094017033
3566,0.06118266978922715,0.07251910623909363,0.0509880028228652,0.09158805031446549,0.017857142857142794,0.09836065573770492,0.05982905982905984
3567,-0.022833723653395865,-0.005418555868200392,-0.030037546933667114,0.04576659038901609,-0.0714285714285714,0.06557377049180324,0.0
3568,0.036592505854800894,0.020697833201171134,-0.06715758468335786,-0.0029865604778497312,-0.1071428571428572,0.032786885245901676,-0.03418803418803418
3569,0.04888758782201408,0.07880566251876642,0.0211988955197292,0.07025291047771987,-0.017857142857142905,0.08196721311475419,0.03418803418803418
3570,0.05386416861826693,0.10111567411559974,0.06159323542501105,0.04881952781112453,0.0714285714285714,0.032786885245901676,0.05128205128205121
3571,0.0017564402810302804,0.07095328148026647,0.019013666072489666,-0.008088978766430666,0.03571428571428581,-0.016393442622950727,0.008547008547008517
3572,-0.012295081967213184,-0.00765899018275884,-0.03436426116838487,0.00856954515491104,-0.05357142857142849,0.016393442622950838,-0.017094017094017033
3573,-0.028395784543325586,-0.010474061558486736,-0.034114732227939704,0.020930232558139528,-0.0714285714285714,0.049180327868852514,-0.008547008547008517
3574,0.05503512880562056,0.06398074209271587,0.021419277349614574,0.08458744161909704,-0.017857142857142905,0.08196721311475408,0.03418803418803418
3575,-0.024882903981264692,-0.01646107430493282,-0.025516621743036927,-0.03510204081632651,-0.017857142857142794,-0.032786885245901676,-0.02564102564102566
3576,0.04420374707259955,0.019776795815120263,0.002002002002001957,0.023776223776223793,-0.017857142857142794,0.032786885245901676,0.008547008547008517
3577,0.04742388758782201,0.06041737558584648,0.07257257257257255,0.054195804195804165,0.0892857142857143,0.032786885245901565,0.05982905982905984
3578,0.023419203747072737,0.07199913821497206,-0.03681993039018128,-0.014042553191489393,-0.05357142857142849,0.0,-0.02564102564102555
3579,0.037763466042154414,0.022847813214843082,0.018897364771151226,0.08396656534954405,-0.0357142857142857,0.11475409836065575,0.042735042735042694
3580,0.017857142857142905,0.01927020175843097,-0.04676870748299311,-0.030952380952380953,-0.0535714285714286,-0.016393442622950838,-0.03418803418803418
3581,-0.005269320843091285,0.0010672436677404695,-0.020020020020020013,-0.04195804195804198,0.0,-0.049180327868852514,-0.02564102564102555
3582,0.04069086651053855,0.06698237775496796,0.03669724770642202,0.037735849056603876,0.0357142857142857,0.032786885245901676,0.03418803418803418
3583,0.05298594847775162,0.10466550804860719,0.04036557501904037,0.07222222222222219,0.017857142857142794,0.06557377049180324,0.042735042735042805
3584,0.009074941451990504,0.014955851721816016,0.00633861551292747,0.01327742837176793,0.0,0.016393442622950727,0.008547008547008517
3585,-0.012295081967213073,-0.007747852292281476,0.0,0.0,0.0,0.0,0.0
3586,0.036592505854801005,0.06330726693875333,0.039215686274509776,0.07178968655207285,0.017857142857142905,0.06557377049180335,0.042735042735042694
3587,0.06411007025761128,0.07519474338958387,0.06614077669902918,0.14414893617021274,0.017857142857142905,0.1311475409836066,0.07692307692307698
3588,0.019028103044496425,0.0031331687157328814,-0.07306930693069302,-0.0732323232323232,-0.0714285714285714,-0.049180327868852514,-0.05982905982905984
3589,0.025175644028102906,0.05037996479210227,-0.028308097432521384,0.025096525096525157,-0.0535714285714286,0.032786885245901676,-0.008547008547008517
3590,-0.0002927400468384356,0.012761225678268318,-0.03076923076923077,-0.023809523809523725,-0.0357142857142857,-0.016393442622950838,-0.02564102564102566
3591,-0.01932084309133486,-0.010732766649341863,0.007092198581560294,0.02204836415362732,0.0,0.016393442622950838,0.008547008547008628
3592,0.05825526932084302,0.0809214691055179,0.02753751103265667,0.0835303388494878,-0.017857142857142905,0.09836065573770492,0.042735042735042694
3593,0.012587822014051508,0.010019013852802239,-0.005151575193184099,0.0435663627152989,-0.03571428571428581,0.0491803278688524,0.008547008547008517
3594,0.008782201405151957,0.036126976885435425,0.007577671129072927,0.03600713012477719,-0.017857142857142794,0.0491803278688524,0.017094017094017144
3595,-0.015807962529273967,0.006761708471251571,-0.0117687781239183,-0.004524886877828149,-0.017857142857142905,0.0,-0.008547008547008517
3596,0.019613583138173407,0.016827655992803225,-0.005043900616476749,0.0377777777777778,-0.0357142857142857,0.049180327868852514,0.008547008547008628
3597,0.06937939110070246,0.061219807212396504,0.03249062770354705,0.05342789598108744,0.017857142857142794,0.049180327868852514,0.03418803418803418
3598,-0.0064402810304448055,0.01250328153635738,-0.006802721088435382,-0.01827242524916939,0.0,-0.016393442622950727,-0.008547008547008517
3599,0.0017564402810303914,0.04171458102473369,0.09172701338599953,0.052767052767052736,0.1071428571428571,0.016393442622950838,0.05982905982905984
3600,0.012002341920374637,0.07574357420889388,0.0071450444013473335,0.04932249322493232,-0.017857142857142794,0.0491803278688524,0.017094017094017144
3601,0.038934426229508046,0.07482970372820963,0.014162240966364648,0.038570618264322176,0.0,0.032786885245901676,0.017094017094017033
3602,0.0011709601873536313,-0.016058853275716545,0.0024234031504241083,0.026415094339622636,-0.017857142857142794,0.032786885245901676,0.008547008547008517
3603,0.003512880562060783,0.07068956247048419,0.0011204481792717047,0.027506654835847466,-0.017857142857142794,0.032786885245901676,0.008547008547008517
3604,-0.004098360655737543,-0.007809086319345515,0.0,0.0,0.0,0.0,0.0
3605,0.057669789227166146,0.07911744781896013,-0.0053061224489795444,0.016233766233766156,-0.017857142857142794,0.016393442622950838,0.0
3606,0.029859484777517542,0.06336027436246383,0.005490196078431375,-0.013833992094861691,0.017857142857142794,-0.016393442622950838,0.0
3607,0.005854800936768156,0.024108933559200185,-0.03809523809523818,-0.015971606033717833,-0.0535714285714286,0.0,-0.02564102564102566
3608,0.02810304449648693,0.021995964652155475,0.03738317757009346,0.039215686274509776,0.0357142857142857,0.032786885245901676,0.03418803418803418
3609,0.04800936768149888,0.05349597601554135,-0.056359482102056435,-0.033333333333333326,-0.0714285714285714,-0.016393442622950838,-0.042735042735042694
3610,0.013466042154566815,0.060126146163501315,-0.009603841536614643,0.0331262939958592,-0.0357142857142857,0.032786885245901676,0.0
3611,0.010831381733021117,0.010296009050312915,-0.03323524320581617,-0.00905660377358497,-0.0535714285714286,0.0,-0.02564102564102566
3612,0.009074941451990726,5.117118967856715e-05,-0.012865497076023469,-0.08371040723981893,0.017857142857142794,-0.06557377049180335,-0.02564102564102566
3613,0.04303278688524581,0.07829971038476602,0.05120883304778223,0.04671600370027751,0.0535714285714286,0.032786885245901676,0.042735042735042805
3614,-0.005854800936768156,-0.003892074617403707,0.03313131313131312,0.02748414376321362,0.03571428571428581,0.016393442622950838,0.02564102564102555
3615,0.04947306791569084,0.05534571897307672,0.08843537414965985,0.11351052048726462,0.0714285714285714,0.08196721311475408,0.07692307692307687
3616,0.014344262295082011,0.033224410416012096,0.07462378890950316,0.07641196013289031,0.0714285714285714,0.0491803278688524,0.05982905982905984
3617,0.04800936768149888,0.050882935811739305,0.04993252361673417,0.12643678160919547,-0.017857142857142794,0.14754098360655732,0.06837606837606836
3618,0.05415690866510536,0.09647884314222799,0.063611859838275,0.0759183673469388,0.05357142857142849,0.06557377049180335,0.05982905982905984
3619,0.02049180327868838,0.042681924221856016,-0.0317913573196269,-0.025439407955596627,-0.0357142857142857,-0.016393442622950838,-0.02564102564102566
3620,0.018442622950819776,0.041892875048181955,0.027825424051839187,0.09395348837209305,-0.017857142857142905,0.09836065573770492,0.042735042735042694
3621,0.012880562060889833,0.06336771094139915,0.054702293288449444,0.05342624854819977,0.05357142857142849,0.032786885245901565,0.042735042735042805
3622,0.01053864168618257,0.020773725695613643,-0.013846153846153841,0.018939393939393923,-0.0357142857142857,0.032786885245901676,0.0
3623,0.04186182669789218,0.06643339567236717,0.049550343854699364,0.044313725490196076,0.0535714285714286,0.032786885245901676,0.042735042735042805
3624,0.009660421545667486,0.050881072509315395,0.006344851238960891,-0.007029226785053688,0.017857142857142905,-0.016393442622950838,0.0
3625,0.027810304449648715,0.07063759643054901,0.06162861184077595,0.042857142857142816,0.0714285714285714,0.016393442622950838,0.042735042735042694
3626,-0.030444964871194302,-0.0011640500633429696,-0.06475984889368591,-0.009844134536505345,-0.1071428571428571,0.016393442622950838,-0.042735042735042694
3627,0.0348360655737705,0.05219448436310281,0.025180598555211597,0.09921962095875136,-0.017857142857142794,0.09836065573770492,0.042735042735042694
3628,0.028981264637002235,0.025274095753162418,-0.00038080731150036407,0.02499999999999991,-0.017857142857142794,0.032786885245901676,0.008547008547008517
3629,0.036007025761124134,0.01853258374303368,0.04468864468864464,0.056122448979591844,0.03571428571428581,0.049180327868852514,0.042735042735042694
3630,0.0518149882903981,0.07780463854821762,0.09525521207764198,0.125,0.07142857142857151,0.11475409836065575,0.09401709401709402
3631,0.03278688524590179,0.052693565598464165,0.06649296508598224,0.022222222222222254,0.0892857142857143,-0.016393442622950838,0.03418803418803418
3632,0.05796252927400458,0.08167711676749367,0.028130360205831928,0.06074074074074065,0.0,0.06557377049180324,0.03418803418803418
3633,0.027224824355971955,0.0427758454401761,-0.012754616409670683,-0.005087881591119281,-0.017857142857142905,0.0,-0.008547008547008628
3634,-0.0038056206088992184,0.000476835106976492,-0.016801619433198356,0.07532051282051277,-0.0714285714285714,0.08196721311475408,0.008547008547008517
3635,0.004683840749414414,0.049902715179941715,-0.01244695898161241,0.02086167800453509,-0.03571428571428581,0.032786885245901676,0.0
3636,0.028395784543325475,0.04366540542051389,-0.011904761904761862,-0.003826530612244916,-0.017857142857142905,0.0,-0.008547008547008517
3637,0.04303278688524603,0.06912797009163363,0.07719298245614037,0.04949314251639836,0.0892857142857143,0.016393442622950838,0.05128205128205132
3638,0.04332552693208436,0.05073628569522459,-0.027897397491106535,0.05884995507637025,-0.0892857142857143,0.09836065573770492,0.008547008547008517
3639,0.03307962529274011,0.0641968150031419,0.04530744336569581,0.05827937095282143,0.0357142857142857,0.049180327868852514,0.042735042735042805
3640,0.007903981264636872,0.06524497047677846,0.007153376814643342,0.019744483159117254,0.0,0.016393442622950838,0.008547008547008517
3641,0.051814988290398434,0.025598927651631853,0.04456424079065591,0.05551020408163265,0.0357142857142857,0.049180327868852514,0.042735042735042694
3642,-0.022248243559719105,0.01782516462215611,0.04103535353535348,0.01569767441860459,0.05357142857142849,0.0,0.02564102564102566
3643,0.01932084309133486,0.016881955034981466,-0.00043869269576657377,-0.037227214377406836,0.017857142857142905,-0.032786885245901676,-0.008547008547008517
3644,0.032786885245901565,0.054055786871028855,-0.0063548102383054195,0.05200945626477538,-0.0535714285714286,0.06557377049180324,0.008547008547008517
3645,0.04303278688524592,0.07248454383850222,-0.009778911564625847,0.005952380952380931,-0.01785714285714285,0.016393442622950727,0.0
3646,-0.011416861826697877,-0.03260042904883287,-0.004806408544726248,0.011604641856742703,-0.017857142857142905,0.016393442622950838,0.0
3647,0.04420374707259933,0.079000732088787,-0.007381507381507335,0.035852713178294526,-0.0357142857142857,0.049180327868852514,0.008547008547008517
3648,-0.0023419203747072626,0.021613846655399116,0.09868421052631582,0.10897435897435892,0.08928571428571425,0.06557377049180335,0.07692307692307687
3649,0.037763466042154636,0.0417636738903705,0.025377295011054568,0.009456264775413725,0.0357142857142857,0.0,0.017094017094017033
3650,-0.017271662763466034,-0.015450781540687353,-0.03556666346246273,-0.06099290780141842,-0.017857142857142905,-0.0491803278688524,-0.03418803418803418
3651,0.03600702576112402,0.06466038021838316,0.038651767723026254,0.06595744680851068,0.017857142857142905,0.06557377049180335,0.042735042735042805
3652,-0.0023419203747071515,0.017695044746690813,0.032475247524752504,0.02626262626262621,0.0357142857142857,0.016393442622950838,0.02564102564102566
3653,-0.0064402810304450275,0.01408952952222442,-0.053894049198734306,-0.02168021680216803,-0.0714285714285714,0.0,-0.03418803418803429
3654,0.08050351288056201,0.09700262262790205,0.07075471698113212,0.09250000000000003,0.05357142857142849,0.08196721311475408,0.06837606837606836
3655,0.04713114754098369,0.022539445670566205,0.10431532449881076,0.10087082728592167,0.1071428571428572,0.08196721311475408,0.09401709401709402
3656,-0.037763466042154636,-0.024123221796928496,0.0,0.0,0.0,0.0,0.0
3657,0.017271662763466034,0.048178201995579206,-0.021134805788271094,-0.05138888888888882,0.0,-0.0491803278688524,-0.02564102564102566
3658,0.06703747072599509,0.05910972990394181,0.054982817869415834,0.08621667612024952,0.0357142857142857,0.06557377049180324,0.05128205128205132
3659,-0.007025761124121677,0.02880776347421854,0.029522488607093278,-0.009625126646403248,0.05357142857142849,-0.032786885245901676,0.008547008547008517
3660,0.03951990632318503,0.029914433942963115,0.015239477503628418,0.03500000000000003,0.0,0.032786885245901676,0.017094017094017144
3661,0.024882903981264692,0.07185337038146133,-0.02577228596646075,0.030732860520094496,-0.0714285714285714,0.0491803278688524,-0.008547008547008517
3662,0.033957845433255196,0.02805913628865131,0.0035714285714285587,0.0948979591836735,-0.0535714285714286,0.09836065573770492,0.02564102564102555
3663,0.04186182669789207,0.05078414341456794,0.014030612244897989,0.03928571428571426,0.0,0.032786885245901676,0.017094017094017144
3664,0.0357142857142857,0.056901540235889225,-0.05483870967741933,0.015356265356265442,-0.0892857142857143,0.032786885245901676,-0.02564102564102566
3665,0.055327868852458995,0.07491779180677416,-0.06736675252625324,-0.03039513677811545,-0.0892857142857143,0.0,-0.042735042735042694
3666,0.01990632318501173,0.040805463815234866,0.037753308041084566,0.0888888888888889,0.0,0.09836065573770492,0.05128205128205132
3667,0.03688524590163944,0.024533912927159007,-0.0008082440897151377,-0.031746031746031744,0.017857142857142905,-0.032786885245901565,-0.008547008547008517
3668,-0.014051522248243575,0.04321965247441262,0.0387957163063245,0.012698412698412653,0.0535714285714286,0.0,0.02564102564102566
3669,0.034250585480093854,0.037543154876061746,0.0568272913512069,0.10558008831794463,0.017857142857142905,0.11475409836065575,0.06837606837606847
3670,0.0032201405152223472,0.005119213399530587,0.012944983818770295,-0.022761009401286558,0.0357142857142857,-0.032786885245901676,0.0
3671,0.05532786885245922,0.08040332442976506,0.07973311092577151,0.08874912648497557,0.0714285714285714,0.08196721311475408,0.07692307692307687
3672,0.0023419203747071515,0.035309991931449014,0.008892115053080518,0.04380475594493116,-0.017857142857142794,0.0491803278688524,0.017094017094017144
3673,-0.0008782201405153067,0.03362807665397094,-0.012454212454212521,-0.005102040816326481,-0.017857142857142794,0.0,-0.008547008547008628
3674,0.03922716627634648,0.08411836588396548,-0.03308270676691727,0.06017791732077438,-0.0892857142857143,0.08196721311475408,0.0
3675,0.02459016393442648,0.04355521404240836,0.018684740795017474,0.04340425531914893,0.0,0.0491803278688524,0.02564102564102555
3676,0.004098360655737765,0.034637471102403006,-0.10113960113960108,-0.13782051282051277,-0.07142857142857151,-0.1311475409836066,-0.10256410256410253
3677,0.019613583138173296,0.04686658945135502,-0.025699600228440977,-0.036540240518038836,-0.017857142857142905,-0.032786885245901676,-0.02564102564102566
3678,0.055913348946135755,0.06909210195763016,0.012653061224489837,0.03354978354978355,0.0,0.032786885245901676,0.017094017094017033
3679,0.019028103044496536,0.019683280578327023,0.055123080159898974,0.05458768873403019,0.05357142857142849,0.032786885245901676,0.042735042735042805
3680,-0.02312646370023419,-0.029109210156413212,-0.06960391633288832,-0.08923569427771105,-0.0535714285714286,-0.08196721311475408,-0.06837606837606836
3681,0.022248243559718994,0.07787967443425403,-0.029264536003080432,0.03428571428571425,-0.0714285714285714,0.06557377049180324,0.0
3682,0.042740046838407375,0.058416585967179024,0.043772798332464835,0.11965811965811968,0.0,0.09836065573770492,0.05128205128205121
3683,0.017271662763465923,0.008601870688875302,0.03428571428571425,0.06060606060606066,0.017857142857142905,0.0491803278688524,0.03418803418803418
3684,0.03542154566744726,0.06323795864132387,0.054405440544054495,0.08268733850129195,0.0357142857142857,0.06557377049180324,0.05128205128205121
3685,0.011709601873536313,0.016454825954111074,-0.01207920792079209,-0.002525252525252486,-0.017857142857142905,0.0,-0.008547008547008517
3686,0.06762295081967218,0.05507628623664362,0.05296139074186379,0.1092258748674444,0.017857142857142905,0.09836065573770492,0.05982905982905984
3687,0.040398126463700335,0.057235111030494945,0.028721682847896446,0.10531914893617023,-0.017857142857142905,0.09836065573770492,0.042735042735042694
3688,0.02634660421545687,0.04450603753182436,0.05013564839934892,0.039399624765478425,0.05357142857142855,0.016393442622950838,0.03418803418803418
3689,0.08899297423887575,0.07433442609186636,0.012183514182371957,0.0037002775208140326,0.017857142857142794,0.0,0.008547008547008517
3690,-0.023419203747072626,-0.006856916260970292,-0.05940594059405935,-0.06666666666666676,-0.0535714285714286,-0.0491803278688524,-0.05128205128205132
3691,0.007025761124121788,0.056519548772719475,-0.044322344322344276,-0.055272108843537504,-0.0357142857142857,-0.0491803278688524,-0.042735042735042694
3692,0.0143442622950819,0.013988108638084529,0.037735849056603765,0.039999999999999925,0.0357142857142857,0.032786885245901565,0.03418803418803418
3693,0.03425058548009363,0.0031371379594200555,0.026353276353276334,0.059294871794871806,0.0,0.06557377049180335,0.03418803418803418
3694,-0.014637002341920446,0.022942335865530517,-0.011666666666666603,0.031818181818181746,-0.03571428571428581,0.032786885245901676,0.0
3695,0.019028103044496314,0.05590406206328313,0.027373325567850992,0.04106280193236711,0.017857142857142905,0.032786885245901676,0.02564102564102566
3696,0.019613583138172963,0.0621567238981684,0.05938375350140057,0.09139307897071869,0.0357142857142857,0.08196721311475408,0.05982905982905984
3697,0.05269320843091341,0.02489361061658668,0.050912327547841585,0.06962785114045611,0.0357142857142857,0.06557377049180335,0.05128205128205132
3698,0.004683840749414525,0.025575147833152956,0.005974607916355401,0.014184397163120588,0.0,0.016393442622950727,0.008547008547008517
3699,0.038934426229508046,0.10811761726756852,-0.0051948051948051965,0.030990173847316727,-0.0357142857142857,0.0491803278688524,0.008547008547008517
3700,-0.018442622950819665,-0.02847172646021079,-0.0074007400740073725,0.009819121447028345,-0.017857142857142794,0.016393442622950838,0.0
3701,0.05825526932084302,0.06379205145833544,0.006732589943193812,0.018583042973286945,0.0,0.016393442622950727,0.008547008547008517
3702,0.005269320843091285,0.002729709788283907,0.03160098991052729,0.024976873265494914,0.0357142857142857,0.016393442622950838,0.02564102564102566
3703,0.03249414519906335,0.10171497472484459,0.010980006555227795,0.04149797570850211,-0.017857142857142905,0.06557377049180335,0.02564102564102566
3704,-0.004098360655737765,-0.018865436459390983,-0.05912708825330182,-0.000773694390715729,-0.1071428571428571,0.032786885245901676,-0.03418803418803418
3705,0.017857142857142683,0.06727386964865534,0.011676396997497895,0.1013602457218079,-0.05357142857142849,0.11475409836065575,0.03418803418803418
3706,-0.004683840749414525,0.02586053393646448,-0.012454212454212521,-0.005102040816326481,-0.017857142857142794,0.0,-0.008547008547008628
3707,0.021370023419203688,0.03667336450844416,0.05380333951762528,0.05149501661129574,0.0535714285714286,0.032786885245901676,0.042735042735042805
3708,0.012002341920374526,0.043575682606545096,0.0028766630708377816,-0.03927986906710301,0.0357142857142857,-0.0491803278688524,-0.008547008547008628
3709,0.031030444964871173,0.033578070425235085,0.0060397792356555735,-0.015314804310833763,0.017857142857142905,-0.016393442622950838,0.0
3710,0.03073770491803285,0.07488810487823716,0.0008082440897151377,0.031746031746031744,-0.017857142857142905,0.032786885245901565,0.008547008547008517
3711,0.010245901639344246,0.04005644173309486,-0.04103535353535348,-0.01569767441860459,-0.05357142857142849,0.0,-0.02564102564102566
3712,0.042740046838407264,0.0703212775732226,0.06623931623931623,0.03685897435897434,0.0892857142857143,0.016393442622950838,0.05128205128205121
3713,0.0005854800936768711,0.0372385397335917,-0.042432814710042455,-0.022222222222222254,-0.0535714285714286,0.0,-0.02564102564102555
3714,0.05298594847775173,0.03881401548292762,0.016894320632638404,-0.007352941176470562,0.0357142857142857,-0.016393442622950838,0.008547008547008628
3715,0.054742388758782345,0.1265666358548594,0.03134796238244508,-0.007407407407407418,0.0714285714285714,-0.032786885245901565,0.017094017094017033
3716,0.020491803278688492,0.048079862032362586,-0.035573122529644285,-0.0003138731952291307,-0.0714285714285714,0.016393442622950838,-0.02564102564102566
3717,-0.022248243559718883,0.024722215284382787,0.06060606060606055,0.06976744186046513,0.0535714285714286,0.0491803278688524,0.05128205128205132
3718,0.0029274004683841337,0.027173970243033696,0.015767131594905948,0.07104984093319189,-0.017857142857142905,0.06557377049180324,0.02564102564102566
3719,0.05122950819672134,0.0556216630019537,-0.034542667347981615,-0.12274959083469716,0.017857142857142794,-0.11475409836065575,-0.05128205128205132
3720,0.02254098360655754,0.017163625685933992,0.015641855447680708,0.058510638297872286,-0.017857142857142794,0.06557377049180324,0.02564102564102566
3721,0.026346604215456648,0.015164107358892842,0.05153099327856603,0.0478723404255319,0.0535714285714286,0.032786885245901676,0.042735042735042694
3722,0.01932084309133486,0.0371544984920088,0.017429193899782147,-0.030100334448160626,0.0535714285714286,-0.049180327868852514,0.0
3723,-0.003512880562060783,-0.014631173828473676,0.03883495145631066,0.04255319148936165,0.03571428571428581,0.032786885245901676,0.03418803418803429
3724,0.031030444964871173,0.07777763154147255,0.0019040365575019313,0.030555555555555558,-0.017857142857142905,0.032786885245901565,0.008547008547008628
3725,-0.010831381733021228,0.05092575306562053,0.06529602132114976,0.08094357076780756,0.0535714285714286,0.06557377049180324,0.05982905982905984
3726,0.019028103044496536,0.03679050876197232,0.03942075623491559,0.061403508771929904,0.017857142857142905,0.06557377049180324,0.042735042735042805
3727,-0.01990632318501162,0.024917994794815712,-0.03669724770642202,-0.037735849056603876,-0.0357142857142857,-0.032786885245901676,-0.03418803418803418
3728,0.008489461358313743,0.025555271003508517,-0.006988934187536322,-0.017391304347826098,0.0,-0.016393442622950727,-0.008547008547008517
3729,0.011709601873536313,0.03214912356329824,0.005091937765205112,0.03764172335600913,-0.017857142857142905,0.0491803278688524,0.017094017094017144
3730,0.041569086651053744,0.05704447165615256,0.0676236044657097,0.1228384019081693,0.0357142857142857,0.09836065573770492,0.06837606837606847
3731,0.026639344262295084,0.021118519015628334,0.006122448979591799,-0.01406926406926412,0.017857142857142905,-0.016393442622950838,0.0
3732,0.002049180327869049,0.07180270580391945,0.02395118230358506,0.029514903565166617,0.017857142857142905,0.032786885245901565,0.02564102564102555
3733,0.007903981264636983,0.002465114501879029,0.08297872340425527,0.03229665071770327,0.1071428571428571,0.0,0.05128205128205132
3734,-0.012002341920374637,0.038359906274490374,0.08620862086208614,0.07803617571059429,0.0892857142857143,0.0491803278688524,0.06837606837606847
3735,0.046545667447306927,0.041739241727204335,0.1032770605759682,0.20923076923076922,0.0357142857142857,0.21311475409836056,0.1282051282051282
3736,0.010538641686182681,0.0461581277078974,0.05280528052805278,0.025396825396825418,0.0714285714285714,0.0,0.03418803418803418
3737,0.0017564402810303914,0.042833205889464154,0.032172092137826014,0.026364477335800163,0.0357142857142857,0.016393442622950838,0.02564102564102566
3738,0.02810304449648693,0.04739368455819881,0.07874865156418553,0.041734860883797076,0.1071428571428571,0.016393442622950838,0.05982905982905973
3739,0.037177985948477765,0.05068127786495091,-0.004720098178042087,0.06520747834017326,-0.0535714285714286,0.08196721311475408,0.017094017094017144
3740,0.02429742388758782,0.03480828136078418,0.037735849056603876,0.039999999999999925,0.0357142857142857,0.032786885245901565,0.03418803418803418
3741,0.010831381733021228,0.0538394343659363,-0.05930289641629849,0.016923842707814774,-0.1071428571428571,0.032786885245901676,-0.03418803418803418
3742,0.016100702576112513,0.035381038943943066,0.05418037043448165,0.03358490566037742,0.0714285714285714,0.016393442622950838,0.042735042735042805
3743,-0.01697892271662771,0.01148135625606339,-0.0707617625093353,-0.06870567375886527,-0.0714285714285714,-0.049180327868852514,-0.05982905982905984
3744,0.07962529274004693,0.07400501991057618,0.07921665490472829,0.04441823899371078,0.1071428571428571,0.016393442622950838,0.05982905982905984
3745,0.032786885245901676,0.07032242096646146,0.06144329896907219,0.04101995565410199,0.0714285714285714,0.016393442622950838,0.042735042735042694
3746,0.08577283372365319,0.07874867078400816,0.05139920045688173,0.04717853839037922,0.05357142857142849,0.032786885245901565,0.042735042735042694
3747,-0.01375878220140525,-0.0050783634397087996,-0.04464786101251628,-0.00666666666666671,-0.0714285714285714,0.016393442622950838,-0.02564102564102566
3748,-0.033957845433255196,-0.04266268555866792,-0.06261859582542695,0.02291421856639242,-0.1071428571428571,0.0491803278688524,-0.02564102564102566
3749,0.05181498829039821,0.05472997152497672,0.022875816993464082,0.07608695652173914,-0.017857142857142794,0.08196721311475408,0.03418803418803418
3750,0.028688524590164022,0.03263902208647618,0.06121768140116768,0.0695317959468903,0.0535714285714286,0.06557377049180324,0.05982905982905984
3751,0.017857142857142794,0.02482584137239463,-0.01851851851851849,-0.019230769230769273,-0.017857142857142794,-0.016393442622950838,-0.017094017094017144
3752,0.022248243559719105,0.029154581813928382,-0.013661814109742432,-0.003373819163292824,-0.017857142857142794,0.0,-0.008547008547008628
3753,0.022833723653395754,0.04599057460975953,-0.053968253968254,-0.032182103610675084,-0.0714285714285714,-0.016393442622950838,-0.042735042735042694
3754,-0.022248243559718994,0.04518450424101694,-0.014290088802694778,0.02276422764227648,-0.0357142857142857,0.032786885245901676,0.0
3755,0.059133489461358324,0.09903203013744,0.06666666666666665,0.10317460317460314,0.0357142857142857,0.11475409836065575,0.07692307692307687
3756,0.06381733021077296,0.05997166147295019,0.02685781689501865,0.06174384647476017,0.0,0.06557377049180335,0.03418803418803418
3757,0.01375878220140514,0.0661558224563642,0.03434065934065933,0.09523809523809523,-0.017857142857142794,0.11475409836065575,0.05128205128205121
3758,0.04244730679156894,0.06995699665492427,0.005269186712485774,0.09684361549497844,-0.0357142857142857,0.08196721311475408,0.02564102564102566
3759,0.07289227166276335,0.09562140284837162,0.05325936199722603,0.07642205818497616,0.0357142857142857,0.06557377049180324,0.05128205128205121
3760,-0.029859484777517542,0.013658031228735878,-0.0657051282051282,0.004166666666666652,-0.1071428571428571,0.032786885245901565,-0.03418803418803418
3761,0.0017564402810306134,0.036432676285886756,-0.09153846153846157,-0.06628787878787878,-0.1071428571428571,-0.032786885245901676,-0.06837606837606836
3762,0.042740046838407486,0.05716118114159996,0.06550946356771603,0.1098466105888174,0.0357142857142857,0.09836065573770492,0.06837606837606847
3763,0.017857142857142905,0.043859058379849825,0.05693069306930698,0.12222222222222223,0.017857142857142905,0.09836065573770492,0.05982905982905973
3764,-0.015222482435597207,-0.0049330526679451925,-0.03904170363797699,0.031746031746031744,-0.07142857142857151,0.032786885245901676,-0.017094017094017144
3765,-0.011124121779859442,0.003762863916292991,0.00565892137528945,-0.008509064002959699,0.017857142857142905,-0.016393442622950838,0.0
3766,-0.012002341920374526,0.0038345036194773474,-0.0037309769268533133,0.07416625186660031,-0.0535714285714286,0.08196721311475408,0.017094017094017033
3767,0.05386416861826693,0.08279746669349453,0.039029126213592225,0.015957446808510634,0.0535714285714286,0.0,0.02564102564102566
3768,-0.008196721311475308,0.0282175445505799,0.039215686274509776,0.04347826086956519,0.0357142857142857,0.032786885245901565,0.03418803418803418
3769,0.02488290398126458,0.07559924509019611,0.03809523809523807,0.04081632653061229,0.0357142857142857,0.032786885245901565,0.03418803418803418
3770,0.0064402810304448055,0.04500558864280124,0.006116207951070263,0.013062409288824406,0.0,0.016393442622950838,0.008547008547008517
3771,0.002049180327868827,0.02363775937758006,-0.020129403306973326,0.0,-0.0357142857142857,0.016393442622950838,-0.008547008547008517
3772,-0.026053864168618324,0.009644154179938802,-0.025867451610025904,0.054545454545454564,-0.08928571428571419,0.08196721311475408,0.0
3773,0.011416861826697877,0.025192288837345145,0.005490196078431375,-0.013833992094861691,0.017857142857142794,-0.016393442622950838,0.0
3774,0.020491803278688492,-0.0054435026897984296,-0.013425253991291797,-0.03083333333333338,0.0,-0.032786885245901676,-0.017094017094017144
3775,0.041569086651053966,0.033138085821998176,0.08080808080808088,0.1213346814964611,0.0535714285714286,0.09836065573770492,0.07692307692307687
3776,-0.050936768149882794,-0.00907824794238199,0.017864077669902945,-0.009671179883945946,0.0357142857142857,-0.016393442622950838,0.008547008547008628
3777,-0.013758782201405029,-0.0026394292588770574,-0.01993006993006996,0.02083333333333337,-0.0535714285714286,0.0491803278688524,0.0
3778,0.004391100702576312,0.02999359068690166,0.08594059405940602,0.10606060606060608,0.0714285714285714,0.08196721311475419,0.07692307692307687
3779,0.0017564402810305024,0.039338195553843325,0.013529149977748123,0.030412164865946334,0.0,0.032786885245901676,0.017094017094017033
3780,0.03190866510538637,0.06383486874342315,0.0336441411131404,0.056264775413711554,0.017857142857142794,0.0491803278688524,0.03418803418803418
3781,0.02634660421545687,0.027380517273319804,0.026921406860616504,0.07769423558897237,0.0,0.06557377049180324,0.03418803418803418
3782,0.02019906323185028,0.014511977311132962,0.02741702741702745,0.04263565891472876,0.017857142857142905,0.032786885245901676,0.02564102564102555
3783,0.052693208430913296,0.05132171986858203,0.052079207920792125,0.0479797979797979,0.0535714285714286,0.032786885245901676,0.042735042735042694
3784,0.020784543325526816,0.0730760137140879,-0.008597883597883604,0.02060439560439553,-0.03571428571428581,0.032786885245901676,0.0
3785,0.03190866510538648,0.02835595323062623,0.039999999999999925,0.045454545454545525,0.03571428571428581,0.032786885245901565,0.03418803418803418
3786,0.04625292740046827,0.07832099496947875,-0.01538461538461533,0.0010245901639344135,-0.0357142857142857,0.016393442622950838,-0.008547008547008517
3787,-0.026053864168618213,-0.011707075263878819,-0.08370370370370372,-0.02622377622377614,-0.125,0.016393442622950838,-0.05128205128205121
3788,0.033957845433255196,0.06845691258526976,0.03901813518959518,0.019148936170212738,0.0535714285714286,0.0,0.02564102564102566
3789,0.019028103044496425,0.060121271571717205,0.0058005800580057665,-0.013953488372092981,0.017857142857142905,-0.016393442622950838,0.0
3790,0.015515222482435531,0.03991990506440035,0.012307692307692242,-0.022727272727272707,0.03571428571428581,-0.032786885245901676,0.0
3791,-0.0043911007025760895,0.017506339097838608,0.029611844737895132,0.07660455486542439,0.0,0.06557377049180335,0.03418803418803418
3792,0.040983606557376984,0.04061237639380666,0.034117647058823475,0.05830039525691699,0.017857142857142794,0.0491803278688524,0.03418803418803418
3793,0.026639344262295084,0.029936097229238845,0.04089635854341733,0.0723158828748891,0.017857142857142794,0.06557377049180324,0.042735042735042694
3794,0.028688524590164022,0.03602468784655122,0.04101776705417848,0.0840821566110398,0.017857142857142905,0.06557377049180324,0.042735042735042694
3795,0.0392271662763467,0.05322400860766663,-0.0060606060606061,0.00712250712250706,-0.017857142857142794,0.016393442622950838,0.0
3796,-0.019028103044496536,-0.009221200719713663,-0.007268951194184803,-0.015837104072398134,0.0,-0.016393442622950727,-0.008547008547008628
3797,0.04800936768149866,0.058678802901823146,0.06201155283724091,0.07148040638606679,0.05357142857142849,0.06557377049180335,0.05982905982905984
3798,0.024882903981264692,0.08316822042300531,0.04370308590492078,0.052410901467505266,0.0357142857142857,0.0491803278688524,0.042735042735042694
3799,-0.015807962529274078,0.012569711652695936,-0.042126942520127386,0.049865229110512166,-0.1071428571428571,0.08196721311475408,-0.008547008547008628
3800,0.05327868852459017,0.06871933426840326,0.026921406860616504,0.07769423558897237,0.0,0.06557377049180324,0.03418803418803418
3801,0.028395784543325475,0.050492993857984336,-0.013529149977748123,-0.030412164865946334,0.0,-0.032786885245901676,-0.017094017094017033
3802,0.03454332552693218,0.062471535140809165,-0.012805122048819562,0.024844720496894346,-0.0357142857142857,0.032786885245901565,0.0
3803,-0.0099531615925057,-0.023393640051308173,0.0076030412164865835,0.04865424430641818,-0.017857142857142905,0.0491803278688524,0.017094017094017144
3804,0.0401053864168619,0.05082426451101407,0.02896354298223458,0.06131907308377893,0.0,0.06557377049180324,0.03418803418803418
3805,0.018442622950819776,0.023269155902668093,0.04957454679985196,0.019130434782608674,0.0714285714285714,0.0,0.03418803418803418
3806,0.0038056206088993294,0.035714194730777526,-0.0637037037037037,-0.0034965034965034336,-0.1071428571428572,0.032786885245901676,-0.03418803418803418
3807,0.005562060889929832,0.047904151329486444,-0.006403599861543707,-0.013951734539969785,0.0,-0.016393442622950838,-0.008547008547008517
3808,0.008489461358313743,0.025155503939325752,-0.007132950267485727,0.03850050658561288,-0.0357142857142857,0.049180327868852514,0.008547008547008628
3809,0.046545667447306815,0.06311037571329514,0.032631578947368456,0.09032634032634024,0.0,0.08196721311475408,0.042735042735042694
3810,0.018149882903981118,0.02522403635432302,-0.01904761904761898,-0.020408163265306145,-0.017857142857142905,-0.016393442622950838,-0.017094017094017033
3811,0.05327868852459017,0.0658851789251631,0.052865099594071596,0.12767897856817145,0.0,0.13114754098360648,0.06837606837606836
3812,0.009660421545667375,0.02097643749355904,-0.013879892662163384,0.04052287581699343,-0.05357142857142849,0.0491803278688524,0.0
3813,0.01112412177985933,0.04982613064513608,0.034117647058823475,0.05830039525691699,0.017857142857142794,0.0491803278688524,0.03418803418803418
3814,0.04127634660421553,0.016554606668857663,0.03076923076923077,-0.0185185185185186,0.0714285714285714,-0.032786885245901565,0.017094017094017144
3815,0.02049180327868838,0.0527071157327037,0.047539616346955804,0.04088050314465408,0.0535714285714286,0.032786885245901565,0.042735042735042805
3816,-0.0143442622950819,0.016078114005711575,-0.06680668066806672,-0.05684754521963831,-0.0714285714285714,-0.032786885245901676,-0.05128205128205132
3817,0.010245901639344135,0.032883445449618076,0.006794797126771446,0.016908212560386437,0.0,0.016393442622950838,0.008547008547008628
3818,-0.0043911007025760895,0.005448939149194421,-0.012454212454212521,-0.005102040816326481,-0.017857142857142794,0.0,-0.008547008547008628
3819,0.040398126463700224,0.07223465635776227,0.025314305130818893,0.03374455732946291,0.017857142857142794,0.032786885245901676,0.02564102564102566
3820,0.003512880562060894,0.04084222212674837,-0.012871287128712883,-0.00454545454545463,-0.017857142857142905,0.0,-0.008547008547008517
3821,0.023419203747072737,0.020948619524899237,-0.057731958762886615,0.020905923344947785,-0.1071428571428571,0.032786885245901676,-0.03418803418803418
3822,0.0213700234192038,0.025978699291662632,-0.019607843137254943,-0.021739130434782594,-0.017857142857142905,-0.016393442622950838,-0.017094017094017144
3823,0.03454332552693207,0.05992963352733005,0.058252427184465994,0.06382978723404253,0.0535714285714286,0.0491803278688524,0.05128205128205132
3824,0.0043911007025760895,0.04125115368311105,-0.05054219707685048,-0.01995464852607709,-0.07142857142857151,0.0,-0.03418803418803418
3825,0.0544496487119438,0.05234847656210828,0.06782106782106778,0.08914728682170547,0.0535714285714286,0.06557377049180324,0.05982905982905984
3826,0.01053864168618257,0.04465333264190785,-0.0809968847352025,-0.016871865025079757,-0.125,0.016393442622950838,-0.05128205128205132
3827,0.03425058548009374,0.04096543832976152,0.0015698587127158659,0.059523809523809534,-0.03571428571428581,0.06557377049180324,0.017094017094017144
3828,0.04303278688524592,0.07653742812715314,0.03921568627450989,0.04347826086956519,0.0357142857142857,0.032786885245901676,0.03418803418803418
3829,0.03805620608899285,0.06391826084709273,0.02148227712137485,-0.007326007326007411,0.0357142857142857,-0.016393442622950727,0.008547008547008628
3830,-0.0011709601873535203,0.0031236416758060326,-0.07202484954377786,-0.07101449275362326,-0.0714285714285714,-0.0491803278688524,-0.05982905982905984
3831,-0.006733021077283352,0.05264447785228321,-0.039029126213592225,-0.015957446808510634,-0.0535714285714286,0.0,-0.02564102564102566
3832,-0.003512880562061005,0.037131855344536224,-0.03597883597883589,-0.014128728414442793,-0.0535714285714286,0.0,-0.02564102564102555
3833,0.01610070257611229,0.03200625933991186,0.019607843137254943,0.04658385093167705,0.0,0.049180327868852514,0.02564102564102566
3834,0.0535714285714286,0.05618358822612657,0.046666666666666634,0.009740259740259716,0.0714285714285714,-0.016393442622950838,0.02564102564102555
3835,0.02751756440281017,0.02819218657278033,-0.018867924528301883,-0.020000000000000018,-0.017857142857142905,-0.016393442622950838,-0.017094017094017144
3836,-0.03190866510538637,-0.0056987942150558135,-0.024780397595931536,-0.009552757273121992,-0.0357142857142857,0.0,-0.017094017094017033
3837,0.03249414519906324,0.03087088195011134,-0.005860010851871933,0.01813633520950597,-0.017857142857142905,0.016393442622950838,0.0
3838,0.02254098360655732,0.01855822753456826,-0.015256588072122046,0.05167173252279633,-0.0714285714285714,0.08196721311475408,0.008547008547008628
3839,-0.0014637002341919558,0.03631791316610744,-0.02576197387518142,-0.012499999999999956,-0.0357142857142857,0.0,-0.017094017094017033
3840,0.04478922716627631,0.048841896187439615,0.10134073046694403,0.09205384281372131,0.1071428571428571,0.06557377049180324,0.0854700854700855
3841,0.0023419203747073736,0.029179246134123815,0.02082474226804132,-0.0060975609756097615,0.0357142857142857,-0.016393442622950838,0.008547008547008628
3842,0.059718969555035084,0.07083285004816631,0.03594832428384198,-0.0646900269541778,0.1071428571428571,-0.08196721311475408,0.008547008547008517
3843,-0.025761124121779777,-0.02995965463714656,-0.0174603174603174,0.005102040816326481,-0.0357142857142857,0.016393442622950838,-0.008547008547008517
3844,0.056498829039812515,0.08720151708657586,0.018387553041018356,0.10793650793650789,-0.0535714285714286,0.13114754098360648,0.042735042735042805
3845,-0.004683840749414414,0.0350371869088113,0.025392347028742712,0.03450980392156866,0.017857142857142905,0.032786885245901676,0.02564102564102566
3846,0.06820843091334905,0.11352953492959539,0.02208106473079252,0.009770114942528774,0.03571428571428581,0.0,0.017094017094017144
3847,0.025175644028103017,0.04555480231165743,0.0628756356911696,0.05036908380373428,0.0714285714285714,0.032786885245901565,0.05128205128205121
3848,-0.01990632318501162,0.003520106560141789,-0.06413780465457208,-0.02983802216538789,-0.0892857142857143,0.0,-0.042735042735042694
3849,0.036592505854800894,0.051354253752770584,0.02033339439457782,0.047234042553191524,0.0,0.049180327868852514,0.02564102564102566
3850,0.03688524590163933,0.06807118222615594,0.0403004213225866,0.06978723404255316,0.017857142857142794,0.06557377049180324,0.042735042735042694
3851,0.0213700234192038,0.010270675681852803,-0.019230769230769273,-0.02083333333333337,-0.017857142857142905,-0.016393442622950838,-0.017094017094017033
3852,0.09660421545667464,0.11289587136606227,0.12357217030114231,0.12141779788838614,0.125,0.09836065573770492,0.11111111111111105
3853,0.014344262295082011,0.04354221051010243,0.010310179117518525,0.04428186368887177,-0.017857142857142905,0.0491803278688524,0.017094017094017144
3854,-0.026639344262294973,-0.005407266007606104,0.05820105820105814,0.08555729984301419,0.0357142857142857,0.08196721311475408,0.05982905982905984
3855,-0.01492974238875866,-0.02021509641999475,-0.01556178026766264,0.05494505494505497,-0.0892857142857143,0.09836065573770492,0.008547008547008517
3856,0.009953161592506032,0.010292996473293181,-0.03436426116838487,-0.029268292682926744,-0.0357142857142857,-0.016393442622950838,-0.02564102564102566
3857,0.01932084309133486,0.03325250534941315,0.006959706959706935,0.016156462585034004,0.0,0.016393442622950838,0.008547008547008517
3858,-0.01170960187353609,0.016753045126015054,-0.11287128712871286,-0.005882352941176561,-0.16071428571428575,0.032786885245901676,-0.05982905982905984
3859,-0.002634660421545698,0.02989872873767463,-0.07322929171668668,-0.04451345755693581,-0.0892857142857143,-0.016393442622950838,-0.05128205128205132
3860,0.03161592505854793,0.03599372225688391,-0.03769992383853771,-0.01388888888888884,-0.0535714285714286,0.0,-0.02564102564102555
3861,0.0002927400468384356,0.04165397695196549,0.07088989441930615,-0.03913043478260869,0.125,-0.06557377049180324,0.02564102564102566
3862,0.013466042154566704,0.03771315476737813,0.0004168837936424641,0.06495726495726495,-0.0357142857142857,0.06557377049180324,0.017094017094017144
3863,0.031030444964871173,0.0837473088481866,0.05163853028798404,0.10758620689655174,0.0,0.1311475409836066,0.06837606837606836
3864,0.02078454332552704,0.055199465755608745,-0.0160160160160161,0.005594405594405605,-0.0357142857142857,0.016393442622950838,-0.008547008547008628
3865,0.08460187353629978,0.13482216092346455,0.09615384615384615,0.10416666666666663,0.0892857142857143,0.08196721311475408,0.0854700854700855
3866,-0.0029274004683841337,-0.0331327763193886,0.02152434721242069,-0.01808176100628922,0.05357142857142849,-0.032786885245901676,0.008547008547008628
3867,0.0017564402810305024,-0.0038989452552915527,-0.0070948469006721915,-0.016843971631205656,0.0,-0.016393442622950727,-0.008547008547008628
3868,0.019028103044496425,0.0682268429874403,0.034838177695320605,0.03156146179401986,0.035714285714285754,0.016393442622950838,0.02564102564102566
3869,0.026053864168618213,0.03220432974779652,0.10538461538461541,0.15340909090909094,0.0714285714285714,0.1311475409836066,0.10256410256410253
3870,-0.004683840749414414,0.015443545419383531,-0.037919032789888174,-0.01659574468085101,-0.0535714285714286,0.0,-0.02564102564102566
3871,-0.009660421545667375,0.006674070433978163,0.00392464678178972,0.06547619047619047,-0.0357142857142857,0.06557377049180324,0.017094017094017144
3872,0.03629976580796235,0.08211653601561242,-0.030633437175493272,-0.02450980392156865,-0.0357142857142857,-0.016393442622950838,-0.02564102564102566
3873,-0.004683840749414525,0.03984643759266426,0.05049415992812212,0.046122448979591835,0.0535714285714286,0.032786885245901676,0.042735042735042694
3874,-0.007903981264637094,0.04009068172636743,-0.02754111353279176,0.014690982776089156,-0.05357142857142849,0.032786885245901676,-0.008547008547008517
3875,-0.015515222482435753,0.018929359651757793,-0.012656935796672375,0.027100271002710064,-0.0357142857142857,0.032786885245901565,0.0
3876,0.012880562060890055,0.027965672884722625,0.013890396093326096,0.04002501563477168,0.0,0.032786885245901676,0.017094017094017144
3877,0.029566744730679217,0.033080238941514795,0.02679091438555614,0.03961352657004824,0.017857142857142794,0.032786885245901565,0.02564102564102566
3878,-0.0008782201405153067,0.03718673747135037,-0.025274725274725296,-0.03486394557823136,-0.017857142857142794,-0.032786885245901565,-0.02564102564102566
3879,0.0005854800936767601,0.034254687468995404,-0.02857142857142858,0.020408163265306145,-0.0714285714285714,0.0491803278688524,-0.008547008547008517
3880,-0.002634660421545698,0.01490782241704669,0.07346938775510203,0.10389610389610393,0.0535714285714286,0.08196721311475408,0.06837606837606836
3881,0.042740046838407486,0.06539658524470338,0.03883495145631077,0.042553191489361764,0.0357142857142857,0.032786885245901676,0.03418803418803418
3882,0.018149882903981118,0.06458220638042289,-0.012219227313566838,-0.004897959183673528,-0.017857142857142905,0.0,-0.008547008547008517
3883,0.009074941451990726,0.002537414601982202,-0.032956972841013066,-0.014035087719298178,-0.0535714285714286,0.0,-0.02564102564102555
3884,0.005562060889929721,0.02117044009099167,0.06120023767082594,0.042972699696663286,0.0714285714285714,0.016393442622950838,0.042735042735042694
3885,0.04186182669789229,0.049901383449064696,-0.06600660066006603,-0.022222222222222143,-0.0892857142857143,0.0,-0.042735042735042805
3886,0.027810304449648715,0.05510131288948927,0.04041237113402063,0.07760532150776056,0.017857142857142905,0.06557377049180324,0.042735042735042805
3887,0.0038056206088993294,-0.0006992987134472051,-0.04546561662742543,-0.018536908308507183,-0.07142857142857151,0.0,-0.03418803418803418
3888,0.037177985948477765,0.050923881581874664,0.03380338033803376,0.05839793281653749,0.017857142857142905,0.0491803278688524,0.03418803418803418
3889,0.008782201405152179,0.011290590706975356,0.020610224287734846,0.053968253968254,0.0,0.0491803278688524,0.02564102564102566
3890,0.03688524590163922,0.054885518077706696,0.018867924528301883,0.020000000000000018,0.017857142857142905,0.016393442622950838,0.017094017094017144
3891,-0.0008782201405153067,0.023070228634165635,-0.07731092436974796,-0.05944986690328302,-0.0892857142857143,-0.032786885245901676,-0.05982905982905984
3892,-0.01990632318501162,-0.018383788095645337,0.007195538765965126,-0.052502050861361726,0.05357142857142849,-0.06557377049180324,-0.008547008547008517
3893,0.02751756440281039,0.07956641295715494,0.06164767420138251,0.022222222222222254,0.0892857142857143,0.0,0.042735042735042694
3894,0.026053864168618435,0.047901275350420325,-0.026874247057733336,0.0592365072400175,-0.0892857142857143,0.08196721311475408,0.0
3895,-0.007318501170960334,0.000924476612977565,0.006930693069306937,0.017676767676767624,0.0,0.016393442622950727,0.008547008547008517
3896,0.010245901639344246,0.06561353287215566,0.06282450674974038,0.07352941176470584,0.0535714285714286,0.06557377049180324,0.05982905982905984
3897,0.050351288056206034,0.03320653979191901,-0.02209595959595967,0.0040697674418604946,-0.0357142857142857,0.016393442622950838,-0.008547008547008517
3898,0.01639344262295095,0.04044152336639306,0.04361370716510904,0.03081232492997199,0.0535714285714286,0.016393442622950838,0.03418803418803429
3899,-0.007903981264637094,0.036987019797472986,-0.07920792079207917,-0.0888888888888889,-0.0714285714285714,-0.06557377049180335,-0.06837606837606847
3900,-0.015807962529273856,-0.012882615058025237,-0.0446044604460446,-0.028423772609819098,-0.0535714285714286,-0.016393442622950838,-0.03418803418803418
3901,0.0032201405152225693,0.03367850284859952,0.02509518864659044,0.03355957767722473,0.017857142857142905,0.032786885245901676,0.02564102564102566
3902,-0.02693208430913341,-0.005471375140479129,0.006709080393290878,0.06227106227106227,-0.017857142857142905,0.049180327868852514,0.017094017094017144
3903,-0.015515222482435642,-0.001446739311942502,-0.043049733771383325,0.02369337979094077,-0.0714285714285714,0.032786885245901676,-0.017094017094017144
3904,0.04947306791569084,0.03085968554515739,0.0504005340453938,0.08613445378151252,0.017857142857142794,0.09836065573770492,0.05982905982905984
3905,0.04391100702576112,0.06909982857919061,-0.019521824961614365,0.014762516046213148,-0.0357142857142857,0.016393442622950838,-0.008547008547008628
3906,0.008489461358313743,0.0031137166286250295,0.006286102616377853,0.013425253991291797,0.0,0.016393442622950727,0.008547008547008628
3907,0.03629976580796246,0.06040332708759033,0.0827890556045896,0.030338849487785646,0.125,0.0,0.05982905982905973
3908,-0.027224824355971844,-0.010485483569659504,-0.07787509520182789,-0.05972222222222223,-0.0892857142857143,-0.032786885245901676,-0.05982905982905984
3909,0.0017564402810302804,0.01258509899677851,0.03036837376460022,0.023265306122448925,0.03571428571428581,0.016393442622950838,0.02564102564102566
3910,0.015515222482435531,0.03210134123413633,0.014285714285714235,0.06076066790352497,-0.017857142857142905,0.06557377049180324,0.02564102564102566
3911,-0.004683840749414525,0.05520458645830473,0.05282112845138065,0.020703933747412084,0.07142857142857151,0.0,0.03418803418803418
3912,0.05005854800936771,0.08186047526341711,0.024586288416075575,0.08049535603715163,0.0,0.06557377049180324,0.03418803418803418
3913,0.014929742388758882,0.03692763260187781,0.005882352941176561,-0.012845849802371467,0.017857142857142905,-0.016393442622950727,0.0
3914,0.01200234192037486,0.02426367684572317,0.03738317757009346,0.039215686274509776,0.0357142857142857,0.032786885245901676,0.03418803418803429
3915,0.009074941451990726,0.03803396446553209,0.0503663003663003,0.045493197278911546,0.0535714285714286,0.032786885245901565,0.042735042735042694
3916,0.026053864168618213,0.06873929610003138,-0.008826125330979706,0.046493301812450816,-0.0535714285714286,0.06557377049180335,0.008547008547008517
3917,0.03483606557377039,0.04981870456013715,0.005148005148005064,0.05269016697588125,-0.0357142857142857,0.06557377049180324,0.017094017094017033
3918,-0.0008782201405151957,0.03787265696436548,0.04611330698287219,0.1356589147286822,0.0,0.11475409836065575,0.05982905982905984
3919,0.014929742388758882,0.03983834593999602,0.006666666666666599,0.050000000000000044,-0.017857142857142905,0.0491803278688524,0.017094017094017033
3920,0.05415690866510525,0.0490507785356753,0.06451612903225812,0.11891891891891893,0.0357142857142857,0.08196721311475408,0.05982905982905984
3921,0.019613583138173185,0.050500927426739506,0.007355021216407298,0.04308390022675734,-0.017857142857142905,0.049180327868852514,0.017094017094017144
3922,0.037763466042154414,0.044859963374117906,-0.01960065946143974,0.0021276595744681437,-0.0357142857142857,0.016393442622950838,-0.008547008547008517
3923,0.021662763466042012,0.019489030512669814,0.05642484589853014,0.07680250783699061,0.0357142857142857,0.08196721311475419,0.05982905982905984
3924,0.04420374707259933,0.050539256784731035,-0.012307692307692242,0.022727272727272707,-0.03571428571428581,0.032786885245901676,0.0
3925,0.0383489461358314,0.06725452050121195,0.08809746954076858,0.08111174134997168,0.0892857142857143,0.0491803278688524,0.06837606837606847
3926,0.014051522248243575,0.023962718687626672,0.026002600260025988,0.009302325581395432,0.03571428571428581,0.0,0.017094017094017033
3927,0.03922716627634648,0.0448204476738705,-0.05929919137466311,0.01333333333333342,-0.1071428571428571,0.032786885245901676,-0.03418803418803418
3928,0.0064402810304450275,-0.014480175748725954,-0.03501773049645385,-0.06710526315789467,-0.017857142857142794,-0.049180327868852514,-0.03418803418803418
3929,0.04361826697892268,0.07963603847028489,0.07080610021786482,0.11622073578595316,0.0357142857142857,0.13114754098360648,0.0854700854700855
3930,0.03864168618266972,0.07812853932098252,0.05513830371862982,0.032765957446808436,0.0714285714285714,0.016393442622950727,0.042735042735042694
3931,0.05122950819672145,0.06884681787510782,0.03658067000385068,0.1171428571428571,-0.017857142857142794,0.11475409836065575,0.05128205128205132
3932,0.02371194379391095,0.041427629007106836,-0.014390869241584725,0.02786377708978327,-0.0535714285714286,0.049180327868852514,0.0
3933,0.042740046838407486,0.06641556032269946,0.02991452991452992,0.06730769230769229,0.0,0.06557377049180324,0.03418803418803429
3934,0.05064402810304447,0.04523182197823816,0.08488701778503305,0.017170586039567004,0.1428571428571428,-0.032786885245901565,0.05128205128205132
3935,-0.010538641686182793,0.021025034700404288,-0.007326007326007411,-0.017006802721088454,0.0,-0.016393442622950838,-0.008547008547008517
3936,0.05562060889929732,0.09123033759018884,0.03210612323368267,0.052482269503546064,0.017857142857142905,0.049180327868852514,0.03418803418803418
3937,0.02751756440281028,0.01255187344333386,0.038102216523172805,0.0646808510638297,0.017857142857142905,0.06557377049180324,0.042735042735042694
3938,0.028395784543325475,0.10738585091227537,0.05206942590120156,0.08963585434173671,0.017857142857142794,0.09836065573770492,0.05982905982905984
3939,0.029566744730678995,0.0441354654973769,0.004987975416406831,0.05620232838217576,-0.0357142857142857,0.06557377049180324,0.017094017094017033
3940,0.036007025761124134,0.0554023112583899,0.02576197387518142,0.012499999999999956,0.0357142857142857,0.0,0.017094017094017033
3941,0.03834894613583151,0.07673104005913722,-0.004851425106125018,0.04665959703075284,-0.03571428571428581,0.0491803278688524,0.008547008547008517
3942,0.014637002341920446,0.04833953665303092,0.013605442176870763,-0.022774327122153215,0.0357142857142857,-0.032786885245901676,0.0
3943,0.0427400468384076,0.07880116649750923,0.11188811188811187,0.07407407407407407,0.1428571428571429,0.032786885245901565,0.0854700854700855
3944,0.024004683840749497,0.051206530321624366,0.023284313725490113,0.09239130434782605,-0.017857142857142905,0.08196721311475408,0.03418803418803418
3945,0.02927400468384067,0.026787082787450567,0.040824742268041336,0.016629711751662946,0.05357142857142849,0.0,0.02564102564102566
3946,0.03395784543325531,0.08230124693094354,0.0013848018002422524,0.024150943396226476,-0.017857142857142794,0.032786885245901676,0.008547008547008517
3947,0.0043911007025760895,0.02776552182474301,0.004147812971342368,-0.015398550724637694,0.017857142857142794,-0.016393442622950838,0.0
3948,0.028688524590164022,0.007540390103869199,0.0074509803921568585,-0.008893280632411127,0.017857142857142794,-0.016393442622950838,0.0
3949,0.0029274004683841337,0.032446248403423805,0.03242835595776772,0.05253623188405798,0.017857142857142905,0.049180327868852514,0.03418803418803418
3950,0.020784543325526816,0.0032918132586033932,-0.007890222984562545,-0.0377777777777778,0.017857142857142794,-0.049180327868852514,-0.017094017094017144
3951,0.009660421545667375,0.018744632184637067,-0.013395457192778126,-0.006280193236714915,-0.017857142857142905,0.0,-0.008547008547008517
3952,-0.00878220140515229,-0.0013238084509836767,0.056022408963585346,0.03371783496007097,0.0714285714285714,0.016393442622950727,0.042735042735042694
3953,0.0187353629976581,0.0801504982721507,-0.007257036383249926,-0.04601682335477486,0.017857142857142905,-0.0491803278688524,-0.017094017094017144
3954,0.02195550351288056,0.05775163979208697,0.04166666666666663,0.050000000000000044,0.0357142857142857,0.032786885245901676,0.03418803418803418
3955,0.03893442622950816,0.07393740278896632,0.0062244062244062315,0.012794612794612803,0.0,0.016393442622950838,0.008547008547008628
3956,0.0064402810304448055,0.04569487835759789,0.011802779364172844,0.0027752081406106077,0.017857142857142794,0.0,0.008547008547008517
3957,-0.018442622950819554,-0.01062727475331271,-0.013201320132013139,0.04102564102564099,-0.0535714285714286,0.06557377049180324,0.008547008547008517
3958,0.04566744730679151,0.054140389768274955,-0.01759970043063097,0.08355795148247969,-0.08928571428571419,0.09836065573770492,0.008547008547008517
3959,0.0348360655737705,0.07353469971506221,0.06266132621272802,0.051220488195278135,0.07142857142857151,0.032786885245901676,0.05128205128205132
3960,0.037177985948477765,0.02884897564582045,0.014455782312925214,0.04047619047619044,0.0,0.032786885245901676,0.017094017094017033
3961,0.02195550351288067,0.05232977616989165,0.009700476514635792,0.08223684210526316,-0.0535714285714286,0.09836065573770492,0.02564102564102566
3962,0.027810304449648604,0.05175891115199571,0.026156299840510377,0.0523627075351214,0.0,0.06557377049180324,0.03418803418803418
3963,0.029274004683840782,0.04115868486277163,0.05128205128205121,0.10077519379844968,0.017857142857142905,0.09836065573770492,0.05982905982905984
3964,0.01258782201405162,0.040671707412205715,0.0013848018002422524,0.024150943396226476,-0.017857142857142794,0.032786885245901676,0.008547008547008517
3965,0.054742388758782234,0.09691011102179392,0.026798598227169568,0.04097452934662238,0.017857142857142794,0.032786885245901676,0.02564102564102566
3966,0.06586651053864157,0.07152610030443907,0.019017115403863416,0.07836014530358071,-0.017857142857142905,0.08196721311475408,0.03418803418803418
3967,0.057084309133489386,0.041336584575824786,0.037735849056603876,0.039999999999999925,0.0357142857142857,0.032786885245901565,0.03418803418803418
3968,-0.016100702576112402,-0.019283487973503655,-0.021770682148040676,-0.0033333333333334103,-0.0357142857142857,0.0,-0.017094017094017033
3969,0.04859484777517564,0.06484440972349415,0.032362459546925626,0.07364975450081834,0.0,0.08196721311475408,0.042735042735042805
3970,-0.011124121779859553,0.028902197609665725,-0.018018018018018056,-0.018181818181818188,-0.017857142857142794,-0.016393442622950838,-0.017094017094017144
3971,0.021370023419203688,0.012548334463767796,0.03287128712871279,0.027272727272727337,0.03571428571428581,0.016393442622950727,0.02564102564102566
3972,-0.0014637002341921779,0.0025987994075472587,0.06793206793206796,-0.019933554817275656,0.1071428571428572,-0.032786885245901676,0.03418803418803418
3973,0.025175644028102906,0.03382304727923702,-0.03561030235162377,-0.03171390013495268,-0.0357142857142857,-0.016393442622950838,-0.02564102564102566
3974,0.049180327868852514,0.10984038155863385,0.07176851323053501,0.07076780758556889,0.0714285714285714,0.049180327868852514,0.05982905982905984
3975,0.03571428571428559,0.0755845130002063,0.07568027210884354,0.11190476190476184,0.05357142857142849,0.08196721311475408,0.06837606837606836
3976,-0.00995316159250581,0.012704671022849556,-0.013574660633484226,-0.03260869565217395,0.0,-0.032786885245901676,-0.017094017094017144
3977,0.009953161592505921,0.00797777230328478,0.007233961545783374,0.01757631822386685,0.0,0.016393442622950838,0.008547008547008517
3978,0.0017564402810305024,0.03778438734305545,-0.0496678589678079,0.02018548827059463,-0.08928571428571419,0.049180327868852514,-0.017094017094017033
3979,0.016686182669789162,0.03203984367594004,0.024150943396226476,0.08363636363636362,-0.017857142857142794,0.08196721311475408,0.03418803418803418
3980,0.06118266978922726,0.10350025665581564,-0.05152181884855156,-0.00042735042735042583,-0.0892857142857143,0.032786885245901676,-0.02564102564102566
3981,0.028981264637002346,0.06702857565069176,-0.02437509703462193,-0.03055051421657584,-0.017857142857142794,-0.032786885245901676,-0.02564102564102566
3982,0.009660421545667597,-0.014139921999354543,-0.01380471380471382,-0.029202279202279136,0.0,-0.032786885245901676,-0.017094017094017144
3983,0.02693208430913352,0.033157887150744525,0.027911362564827846,0.0671201814058957,0.0,0.06557377049180324,0.03418803418803418
3984,0.01317330210772838,0.054457933768609856,0.012941176470588234,0.03260869565217395,0.0,0.032786885245901676,0.017094017094017144
3985,0.021077283372365363,0.03461735110251196,-0.004806305873305772,0.014657210401891274,-0.017857142857142794,0.016393442622950838,0.0
3986,0.03922716627634659,0.03829912104328226,0.0,0.0,0.0,0.0,0.0
3987,0.05562060889929743,0.055799259937611034,0.07549039033088956,0.13627152988855118,0.0357142857142857,0.11475409836065575,0.07692307692307687
3988,0.021662763466042123,0.04016393573542376,0.0314945780292315,-0.00045351473922905505,0.0535714285714286,-0.016393442622950838,0.017094017094017144
3989,0.08167447306791575,0.11609936458490144,-0.03508771929824561,0.05494505494505497,-0.0892857142857143,0.08196721311475408,0.0
3990,0.02751756440281039,0.06856910656672832,0.016931216931216908,-0.006279434850863352,0.0357142857142857,-0.016393442622950838,0.008547008547008517
3991,0.07084309133489464,0.07581935934443462,0.029970564624029916,0.11313131313131308,-0.0357142857142857,0.13114754098360648,0.05128205128205132
3992,0.010831381733021006,0.03961652517543879,-0.007008864151721306,-0.018826135105204922,0.0,-0.016393442622950838,-0.008547008547008517
3993,-0.010245901639344246,0.021468246439932503,-0.02020202020202022,-0.023255813953488413,-0.017857142857142794,-0.016393442622950838,-0.017094017094017033
3994,0.019028103044496536,0.057296069288960805,0.053333333333333344,0.07905138339920958,0.03571428571428581,0.06557377049180324,0.05128205128205121
3995,-0.012002341920374748,-0.021957909934270048,-0.05940594059405946,-0.06666666666666665,-0.0535714285714286,-0.049180327868852514,-0.05128205128205121
3996,0.03922716627634659,0.05943587991725674,0.07149039293751092,0.05018867924528303,0.0892857142857143,0.032786885245901565,0.05982905982905984
3997,0.025761124121779888,0.031082640808445805,0.03131868131868132,0.0250850340136054,0.0357142857142857,0.016393442622950838,0.02564102564102566
3998,0.04069086651053866,0.09935800818492724,0.08727272727272728,0.10993657505285415,0.07142857142857151,0.08196721311475408,0.07692307692307698
3999,-0.016393442622950838,-0.0005923626401378446,0.033102172907998106,0.053408597481545805,0.017857142857142905,0.0491803278688524,0.03418803418803418
4000,0.10099531615925061,0.11948852670077659,0.16124469589816126,0.15555555555555556,0.1607142857142857,0.09836065573770492,0.1282051282051282
4001,0.023419203747072626,0.05495721217136795,-0.02020202020202022,-0.023255813953488302,-0.017857142857142905,-0.016393442622950838,-0.017094017094017144
4002,0.010831381733021117,0.03818063343011291,-0.004589495155532974,0.030909090909090886,-0.0357142857142857,0.0491803278688524,0.008547008547008517
4003,0.03425058548009363,0.07110491715026646,0.006018248883711941,0.01497584541062802,0.0,0.016393442622950838,0.008547008547008517
4004,0.027810304449648715,0.04719154732480313,0.0024291497975709175,0.09615384615384615,-0.0535714285714286,0.09836065573770492,0.02564102564102566
4005,0.024882903981264692,0.03126768070557162,0.012337662337662314,0.025132275132275117,0.0,0.032786885245901676,0.017094017094017144
4006,0.0143442622950819,0.03736722848935847,0.007092198581560294,0.02204836415362732,0.0,0.016393442622950838,0.008547008547008628
4007,0.02195550351288056,0.03931464943949958,0.007012622720897643,0.022522522522522515,0.0,0.016393442622950838,0.008547008547008517
4008,0.016978922716627598,0.02534341645702809,0.05591223080048757,0.11432369557992694,0.0,0.13114754098360648,0.06837606837606836
4009,0.026053864168618213,0.019993209714892157,-0.006923076923076921,-0.04356060606060608,0.017857142857142905,-0.049180327868852514,-0.017094017094017033
4010,-0.030444964871194413,-0.0010813886778987536,0.010411350413391807,0.057994579945799485,-0.017857142857142905,0.049180327868852514,0.017094017094017144
4011,0.0008782201405153067,0.022898857218771274,-0.047272727272727244,-0.06448202959830873,-0.03571428571428581,-0.0491803278688524,-0.042735042735042805
4012,0.036007025761124134,0.07255143716624868,-0.012769501249190296,0.04313725490196085,-0.0535714285714286,0.049180327868852514,0.0
4013,0.05327868852459028,0.09059499291478224,0.029341792228390173,0.10365853658536583,-0.017857142857142905,0.09836065573770492,0.042735042735042805
4014,0.045374707259953295,0.02945290337132589,0.005490196078431375,-0.013833992094861691,0.017857142857142794,-0.016393442622950838,0.0
4015,0.07464871194379408,0.0797471885220723,0.09099378881987574,0.10956416464891039,0.0714285714285714,0.11475409836065575,0.09401709401709402
4016,0.06381733021077274,0.061068516087864566,0.05456628137040498,0.08508224617129889,0.0357142857142857,0.06557377049180324,0.05128205128205132
4017,0.033957845433255196,0.04677487071344899,0.02103092783505145,0.05654101995565408,0.0,0.0491803278688524,0.02564102564102566
4018,0.04303278688524592,0.05563168579976452,0.01714335694918223,0.081237911025145,-0.0357142857142857,0.09836065573770492,0.03418803418803418
4019,0.05737704918032782,0.10264169130957868,0.024797843665768204,0.033469387755102,0.017857142857142905,0.032786885245901676,0.02564102564102555
4020,0.0260538641686181,0.054152764879582094,0.012820512820512775,0.09166666666666667,-0.0357142857142857,0.09836065573770492,0.03418803418803418
4021,0.05766978922716626,0.10119975565710881,0.04166666666666663,0.08783783783783783,0.017857142857142905,0.06557377049180324,0.042735042735042805
4022,0.030444964871194302,0.047261526213504323,0.007692307692307665,0.045454545454545414,-0.017857142857142905,0.0491803278688524,0.017094017094017144
4023,0.017564402810304358,0.015225755544380104,-0.0521497919556172,-0.07381676074685184,-0.0357142857142857,-0.06557377049180324,-0.05128205128205132
4024,-0.0029274004683840227,0.015278129908814941,-0.043363499245852144,-0.028079710144927494,-0.05357142857142849,-0.016393442622950838,-0.03418803418803418
4025,-0.007903981264636983,-0.006348257145381786,-0.0073054706082228416,-0.015602322206095698,0.0,-0.016393442622950727,-0.008547008547008517
4026,0.06528103044496492,0.05590707912071646,0.0013440860215053752,0.04189189189189191,-0.017857142857142794,0.032786885245901676,0.008547008547008628
4027,0.03893442622950827,0.059308359878351036,0.013788098693759077,0.03166666666666662,0.0,0.032786885245901676,0.017094017094017033
4028,0.03307962529274011,0.05134012200440585,-0.014670896114195142,0.04776422764227639,-0.05357142857142849,0.06557377049180335,0.008547008547008517
4029,-0.011124121779859442,0.06311202364633983,-0.03799462515058849,0.03290917068889865,-0.08928571428571419,0.08196721311475408,0.0
4030,0.03571428571428581,0.05909949383663626,0.0007766990291262488,-0.025145067698259194,0.017857142857142905,-0.032786885245901676,-0.008547008547008517
4031,0.06001170960187352,0.08182365549844928,0.12436868686868685,0.11569767441860457,0.12499999999999994,0.06557377049180324,0.09401709401709402
4032,0.019028103044496536,0.04748596080848844,0.04093678598629091,0.07361111111111107,0.017857142857142905,0.06557377049180324,0.042735042735042694
4033,0.04566744730679151,0.018424377113743895,0.02301886792452834,0.08090909090909093,-0.017857142857142905,0.08196721311475408,0.03418803418803418
4034,0.03337236533957855,0.013232403189587738,0.0063775510204081565,-0.015476190476190421,0.017857142857142794,-0.016393442622950838,0.0
4035,-0.02429742388758771,-0.0032396686036970657,-0.012271062271062227,-0.0046768707482992555,-0.017857142857142905,0.0,-0.008547008547008517
4036,0.03190866510538637,0.06255972554770972,0.04941599281221931,0.04367346938775507,0.0535714285714286,0.032786885245901676,0.042735042735042805
4037,-1.1102230246251565e-16,0.025831645953290794,-0.0066628593184846485,-0.0161887141535616,0.0,-0.016393442622950838,-0.008547008547008517
4038,0.06323185011709598,0.06292440789907172,0.026353276353276334,0.059294871794871806,0.0,0.06557377049180335,0.03418803418803418
4039,0.06820843091334894,0.09879098882320458,0.06629400804158081,0.11182582879762493,0.0357142857142857,0.09836065573770492,0.06837606837606836
4040,0.025761124121779666,0.04662247287500709,0.001029601029601035,0.04378478664192953,-0.0357142857142857,0.06557377049180324,0.017094017094017144
4041,0.0143442622950819,0.03528640971116215,0.048419367747098874,0.09627329192546574,0.017857142857142905,0.08196721311475408,0.05128205128205132
4042,0.055913348946135755,0.08165593730443321,0.052417006406523026,0.049275362318840665,0.0535714285714286,0.032786885245901676,0.042735042735042805
4043,0.02693208430913341,0.06203572932029877,-0.020182787509520184,0.002777777777777768,-0.0357142857142857,0.016393442622950838,-0.008547008547008517
4044,0.06235362997658078,0.112448042111019,0.06243567753001711,0.09333333333333338,0.0357142857142857,0.09836065573770492,0.06837606837606836
4045,0.017857142857142905,0.059112167623794676,-0.005590496156533953,0.009230769230769265,-0.017857142857142905,0.016393442622950838,0.0
4046,0.02254098360655743,0.04395017554965852,0.05313131313131314,0.05021141649048633,0.0535714285714286,0.032786885245901676,0.042735042735042694
4047,0.012002341920374637,0.08376052000509082,0.06000000000000005,0.06818181818181812,0.05357142857142849,0.049180327868852514,0.05128205128205121
4048,0.020784543325526816,0.0823641919771243,-0.04087564719774739,0.023060796645702264,-0.0892857142857143,0.049180327868852514,-0.017094017094017033
4049,-0.0187353629976581,0.017786879828261437,0.026130448096356007,0.06937669376693767,0.0,0.06557377049180324,0.03418803418803418
4050,-0.003220140515222236,0.014546796564062547,0.008888888888888835,0.06993006993007,-0.0357142857142857,0.09836065573770492,0.03418803418803418
4051,0.021077283372365363,0.08095115727242419,0.07646559048428203,0.005927952576379347,0.125,-0.016393442622950838,0.05128205128205121
4052,0.07201405152224838,0.06480455324534129,0.08082440897150933,0.06349206349206349,0.0892857142857143,0.032786885245901676,0.05982905982905984
4053,0.03425058548009363,0.09292691164309996,0.055055055055055035,0.07622377622377619,0.0357142857142857,0.08196721311475408,0.05982905982905984
4054,0.04625292740046849,0.062466781185127496,-0.011020203706795795,0.03578947368421048,-0.05357142857142849,0.06557377049180324,0.008547008547008628
4055,-0.05796252927400469,-0.011998499778845928,-0.04043772798332457,0.017094017094017033,-0.0714285714285714,0.032786885245901565,-0.017094017094017144
4056,0.05005854800936749,0.06748892610532031,0.010000000000000009,0.051136363636363646,-0.017857142857142794,0.049180327868852514,0.017094017094017033
4057,0.018442622950819665,0.041453752015571776,0.03463203463203457,0.07558578987150422,0.0,0.08196721311475408,0.042735042735042694
4058,0.02693208430913352,0.058497167528778204,0.051744647105471886,-0.009654471544715437,0.0892857142857143,-0.032786885245901565,0.02564102564102566
4059,-0.021077283372365474,0.005211542051949958,-0.05769230769230771,-0.0625,-0.0535714285714286,-0.0491803278688524,-0.05128205128205132
4060,0.035421545667447374,0.02159265640670993,0.02680268026802679,0.01136950904392764,0.0357142857142857,0.0,0.017094017094017144
4061,-0.02693208430913341,-0.004506618828283848,-0.02020202020202011,-0.023255813953488413,-0.017857142857142905,-0.016393442622950838,-0.017094017094017144
4062,0.012295081967213184,0.0486965921125041,0.01237388159147157,0.004162812210915745,0.017857142857142905,0.0,0.008547008547008628
4063,0.023419203747072737,0.03442569716444155,0.04732673267326737,0.06414141414141417,0.0357142857142857,0.049180327868852514,0.042735042735042694
4064,-0.026639344262295195,-0.0199112861198828,0.007281553398058249,0.017287234042553168,0.0,0.016393442622950838,0.008547008547008517
4065,0.04683840749414525,0.05271151645462824,0.01884996191926891,0.04583333333333328,0.0,0.049180327868852514,0.02564102564102555
4066,0.002049180327868716,0.003149695588810175,0.02626262626262632,0.039112050739957716,0.017857142857142905,0.032786885245901676,0.02564102564102566
4067,0.042740046838407375,0.07659192166301598,0.05405405405405406,0.054545454545454564,0.0535714285714286,0.049180327868852514,0.05128205128205121
4068,0.017857142857143016,0.05137905952394162,-0.03309947832343951,0.016406890894175574,-0.07142857142857151,0.0491803278688524,-0.008547008547008517
4069,0.03629976580796246,0.03261062597870512,0.03982930298719778,0.0614420062695924,0.017857142857142905,0.06557377049180324,0.042735042735042694
4070,0.0017564402810305024,0.04117946581487719,-0.019548872180451093,0.012820512820512775,-0.0357142857142857,0.016393442622950838,-0.008547008547008517
4071,0.017271662763466145,0.025610636450687063,-0.02020202020202022,-0.023255813953488413,-0.017857142857142794,-0.016393442622950838,-0.017094017094017033
4072,0.0357142857142857,0.01875814605271675,0.013596491228070162,0.0038461538461538325,0.017857142857142794,0.0,0.008547008547008517
4073,-0.010245901639344246,-0.007058796943599899,-0.02885682574916759,-0.0678260869565217,0.0,-0.06557377049180324,-0.03418803418803418
4074,0.05181498829039821,0.04044873785639924,0.06334841628959276,0.050724637681159424,0.0714285714285714,0.032786885245901565,0.05128205128205121
4075,0.031030444964871173,0.05171794080843228,0.03076923076923077,-0.0037878787878787845,0.0535714285714286,-0.016393442622950727,0.017094017094017033
4076,0.0011709601873537423,0.01912676415227188,0.007517182130584166,0.021341463414634165,0.0,0.016393442622950838,0.008547008547008517
4077,0.024590163934426257,0.04189341794578094,0.026732673267326645,0.03989898989898988,0.017857142857142905,0.032786885245901565,0.02564102564102566
4078,-0.012002341920374637,0.015189519222704395,-0.02049622437971954,0.02209492635024546,-0.0535714285714286,0.032786885245901565,-0.008547008547008517
4079,0.0064402810304449165,-0.005061118423329347,0.07751556866601117,0.046221322537111975,0.1071428571428571,0.016393442622950838,0.05982905982905984
4080,0.015807962529273967,0.009191328687337186,-0.013267326732673279,-0.005555555555555536,-0.017857142857142794,0.0,-0.008547008547008517
4081,0.03512880562060894,0.09104692716449603,0.019607843137254943,0.021739130434782594,0.017857142857142905,0.016393442622950838,0.017094017094017144
4082,0.019613583138173296,0.049928830142081826,0.013329167968343159,0.03630175836642091,0.0,0.032786885245901565,0.017094017094017144
4083,0.04010538641686168,0.0622673854858643,0.07223001402524543,0.10585585585585577,0.0535714285714286,0.06557377049180324,0.05982905982905984
4084,-0.017857142857142905,-0.003147944894928867,-0.00952380952380949,0.057823129251700744,-0.0535714285714286,0.06557377049180324,0.008547008547008517
4085,0.03629976580796246,0.04502906500671977,0.006262626262626303,0.016384778012684897,0.0,0.016393442622950838,0.008547008547008517
4086,-0.005854800936768267,0.025286659297461878,0.06786309698931059,0.11578426521523999,0.0357142857142857,0.09836065573770492,0.06837606837606836
4087,0.0038056206088994404,0.020386958867359195,0.01980198019801982,0.022222222222222254,0.017857142857142905,0.016393442622950838,0.017094017094017033
4088,0.03307962529274,0.005328886962174151,0.019733425653453263,0.04301886792452836,0.0,0.049180327868852514,0.02564102564102566
4089,0.020491803278688492,0.03610018415909344,0.0212825020819839,0.0745098039215687,-0.017857142857142794,0.08196721311475408,0.03418803418803418
4090,0.008782201405152179,0.022545532946678493,-0.003809523809523818,0.042671614100185606,-0.0357142857142857,0.0491803278688524,0.008547008547008517
4091,0.026639344262294973,0.03588563538291434,-0.000572737686139746,0.10365853658536583,-0.0714285714285714,0.11475409836065575,0.02564102564102566
4092,0.06293911007025765,0.11861301991936002,0.040776699029126284,0.09101654846335694,0.0,0.11475409836065575,0.05982905982905984
4093,0.04566744730679151,0.05850945134220731,0.06315789473684219,0.13300492610837433,0.0,0.14754098360655732,0.07692307692307687
4094,0.01317330210772838,-0.017246611816462698,-0.02564102564102566,0.01744186046511631,-0.0535714285714286,0.032786885245901676,-0.008547008547008517
4095,0.03249414519906324,0.07599625486787376,0.0065346534653465405,0.01666666666666672,0.0,0.016393442622950838,0.008547008547008628
4096,-1.1102230246251565e-16,0.057641702613746015,0.03591855410661171,0.03200568990042674,0.0357142857142857,0.016393442622950838,0.02564102564102566
4097,0.09338407494145184,0.14526415784086977,0.08744588744588744,0.12736205593348449,0.0535714285714286,0.1311475409836066,0.09401709401709402
4098,0.004098360655737765,0.023239169389135284,0.049955076370170715,0.044897959183673564,0.0535714285714286,0.032786885245901676,0.042735042735042694
4099,0.005269320843091174,0.05821045136601333,-0.01600640256102437,0.0165631469979296,-0.0357142857142857,0.032786885245901676,0.0
4100,0.041569086651053966,0.026092006520041733,-0.0006313131313131493,0.030813953488372126,-0.017857142857142794,0.032786885245901565,0.008547008547008628
4101,-0.010245901639344246,-0.002686637339804454,-0.06568431568431565,-0.13482142857142854,-0.035714285714285754,-0.08196721311475408,-0.05982905982905984
4102,0.006733021077283352,0.012080953941498107,0.05307747269572316,0.019512195121951237,0.07142857142857151,0.0,0.03418803418803418
4103,-0.002634660421545587,0.04811203213002446,0.009618104667609595,0.04852607709750567,-0.017857142857142794,0.0491803278688524,0.017094017094017033
4104,0.04566744730679184,0.05884538794188343,0.04000808244089715,0.015873015873015928,0.0535714285714286,0.0,0.02564102564102566
4105,0.042154566744730615,0.03922898766705485,0.0824762087859271,0.07044917257683214,0.0892857142857143,0.049180327868852514,0.06837606837606836
4106,0.06674473067915676,0.04910574291281555,0.0427128427128427,0.10536307546274326,0.0,0.09836065573770492,0.05128205128205121
4107,0.02751756440281017,0.024112089047661045,0.03516237402015687,0.030364372469635637,0.0357142857142857,0.016393442622950838,0.02564102564102566
4108,-0.012295081967213073,-0.005214224406669632,0.0,0.0,0.0,0.0,0.0
4109,0.05210772833723665,0.06757098252543892,0.10857142857142865,0.10606060606060608,0.1071428571428571,0.06557377049180335,0.08547008547008539
4110,-0.022833723653395643,-0.011701817638670842,0.012499999999999956,-0.02954545454545454,0.0357142857142857,-0.032786885245901676,0.0
4111,0.02810304449648704,0.018608828607300953,-0.011456628477905073,0.09210526315789469,-0.07142857142857151,0.09836065573770492,0.017094017094017144
4112,0.043911007025761006,0.07716812581286059,-0.0444444444444444,0.040482342807924176,-0.1071428571428572,0.08196721311475408,-0.008547008547008628
4113,0.06206088992974257,0.08623151088274139,0.05585106382978722,0.09210526315789469,0.0357142857142857,0.06557377049180324,0.05128205128205132
4114,0.050936768149882794,0.03591060805678048,0.04538461538461547,0.08522727272727271,0.017857142857142794,0.08196721311475419,0.05128205128205121
4115,0.04127634660421542,0.08325116537949917,0.026512322628827523,0.03812056737588654,0.017857142857142794,0.032786885245901565,0.02564102564102566
4116,0.04859484777517564,0.059905730673931235,0.07940998181450798,0.11904761904761907,0.0535714285714286,0.09836065573770492,0.07692307692307687
4117,0.017857142857143016,0.07398552285453686,0.0027187765505521932,0.02614379084967322,-0.017857142857142905,0.032786885245901676,0.008547008547008517
4118,0.028688524590164022,0.03535021594583443,0.012578616352201255,0.005714285714285672,0.017857142857142905,0.0,0.008547008547008628
4119,0.002049180327868494,0.01937217128037716,0.0011204481792717047,0.027506654835847466,-0.017857142857142794,0.032786885245901676,0.008547008547008517
4120,0.025175644028103017,0.010384085908705432,0.07209636821287302,0.1182487725040916,0.0357142857142857,0.11475409836065575,0.07692307692307687
4121,0.005269320843091285,0.06558825863073459,-0.02637362637362639,-0.0374149659863946,-0.017857142857142905,-0.032786885245901565,-0.02564102564102555
4122,0.016686182669789273,0.03624020689411489,0.06106442577030813,0.09538598047914815,0.0357142857142857,0.08196721311475408,0.05982905982905984
4123,-0.006733021077283352,0.059346424537390474,-0.0022222222222222365,0.06818181818181823,-0.05357142857142849,0.08196721311475408,0.017094017094017033
4124,0.03395784543325531,0.012717335557560605,0.05451658433309803,0.0994496855345911,0.017857142857142794,0.09836065573770492,0.05982905982905984
4125,-0.0032201405152225693,0.0005872128981364577,0.06958981612446957,0.040362811791383235,0.0892857142857143,0.016393442622950838,0.05128205128205132
4126,0.04303278688524592,0.10253631757396686,-0.01721284342932794,0.04137931034482767,-0.0714285714285714,0.06557377049180335,0.0
4127,-0.015515222482435642,0.02101909973193239,0.01327742837176793,0.029230769230769282,0.0,0.032786885245901676,0.017094017094017144
4128,-0.011124121779859442,0.051771539949253986,-0.025952203136669127,-0.036790780141844004,-0.017857142857142905,-0.032786885245901676,-0.02564102564102566
4129,0.04947306791569084,0.04770488224969349,-0.006666666666666599,0.0357142857142857,-0.0357142857142857,0.049180327868852514,0.008547008547008628
4130,-0.005854800936768156,0.022589832635841134,-0.052277227722772324,-0.048484848484848464,-0.05357142857142849,-0.032786885245901676,-0.042735042735042805
4131,0.011416861826697766,0.023808013202682776,0.014285714285714235,0.06076066790352497,-0.017857142857142905,0.06557377049180324,0.02564102564102566
4132,0.06118266978922704,0.09233816683446205,0.019061719256037835,0.06928104575163396,-0.017857142857142905,0.08196721311475408,0.03418803418803418
4133,0.04830210772833732,0.05066558870668758,0.06601906817772984,0.012715340442986056,0.1071428571428571,-0.016393442622950838,0.042735042735042805
4134,0.01375878220140514,0.03805583817563729,0.07999999999999996,0.09090909090909094,0.0714285714285714,0.06557377049180324,0.06837606837606847
4135,0.03307962529274022,0.038382639958967624,0.03809523809523807,0.04081632653061229,0.0357142857142857,0.032786885245901565,0.03418803418803418
4136,-0.010831381733021006,0.024849267575090095,0.019230769230769273,0.02083333333333337,0.017857142857142794,0.016393442622950727,0.017094017094017144
4137,0.028981264637002235,0.03770422903685122,0.007623403849818966,0.07069767441860464,-0.03571428571428581,0.08196721311475408,0.02564102564102566
4138,0.008489461358313966,0.011513536660283874,0.0036673841983576594,-0.010526315789473717,0.017857142857142905,-0.016393442622950838,0.0
4139,0.01492974238875866,0.0501983225683601,0.03977562468128515,0.0036363636363636598,0.0714285714285714,-0.016393442622950838,0.02564102564102566
4140,0.04859484777517553,0.07898671935270296,0.07476635514018692,0.07843137254901955,0.0714285714285714,0.06557377049180335,0.06837606837606847
4141,0.01375878220140525,0.02342328367805091,0.03313131313131312,0.02748414376321362,0.03571428571428581,0.016393442622950838,0.02564102564102555
4142,0.052693208430913296,0.026308448310321753,0.013894919669995676,-0.03007518796992481,0.0357142857142857,-0.032786885245901676,0.0
4143,0.03600702576112402,0.060013177976629195,0.020020020020020013,0.04195804195804198,0.0,0.049180327868852514,0.02564102564102555
4144,0.03073770491803285,0.038329454649848715,0.012844611528821992,0.025246305418719195,0.0,0.032786885245901565,0.017094017094017144
4145,0.020199063231850056,0.00469712794596,0.04038834951456305,0.07350096711798848,0.017857142857142905,0.06557377049180324,0.042735042735042694
4146,0.023419203747072515,0.008135972451041473,0.014742898238043867,0.05646481178396079,-0.017857142857142905,0.06557377049180335,0.02564102564102566
4147,0.022248243559718994,0.022971684620969768,-0.018993736108304682,0.00952380952380949,-0.03571428571428581,0.016393442622950838,-0.008547008547008517
4148,0.031030444964871173,0.023099451319018804,-0.007849433592007848,0.07272727272727275,-0.0714285714285714,0.09836065573770492,0.017094017094017033
4149,0.014929742388758771,0.03604899900728953,0.008597883597883604,-0.02060439560439553,0.03571428571428581,-0.032786885245901676,0.0
4150,0.027224824355971733,0.04049218790443254,0.013951734539969785,0.03351449275362317,0.0,0.032786885245901565,0.017094017094017033
4151,-0.0032201405152224583,0.058045960176075995,-0.01139601139601143,0.019230769230769273,-0.0357142857142857,0.032786885245901676,0.0
4152,0.006147540983606481,0.018482028579549947,0.00220900594732365,0.025054466230936767,-0.017857142857142794,0.032786885245901676,0.008547008547008628
4153,0.0313231850117095,0.046397759979241116,0.07324810150918004,0.10070921985815606,0.05357142857142849,0.08196721311475408,0.06837606837606836
4154,0.0043911007025760895,0.013851925006217014,-0.019051042415528352,0.002450980392156854,-0.03571428571428581,0.016393442622950838,-0.008547008547008517
4155,0.10128805620608894,0.12463954106343489,0.07638761677963002,0.1059574468085106,0.0535714285714286,0.09836065573770492,0.07692307692307698
4156,0.05327868852459017,0.05399583225111293,0.07324810150918004,0.10070921985815606,0.05357142857142849,0.08196721311475408,0.06837606837606836
4157,-0.01112412177985933,0.0046118155707751685,-0.05981006263891697,-0.03809523809523818,-0.07142857142857151,-0.016393442622950727,-0.042735042735042694
4158,0.008489461358313855,0.03974534371917171,0.0,0.0,0.0,0.0,0.0
4159,0.01610070257611229,0.02139131701517305,-0.006828391734052142,-0.015510204081632617,0.0,-0.016393442622950838,-0.008547008547008517
4160,0.0014637002341920669,0.003349351111476939,-0.011422637590861928,-0.0037707390648566985,-0.017857142857142905,0.0,-0.008547008547008517
4161,0.0658665105386419,0.07966552188907405,0.032494758909853316,0.050000000000000044,0.017857142857142905,0.049180327868852514,0.03418803418803418
4162,0.0348360655737705,0.06413028787073738,-0.025150254276467887,-0.010421189752496729,-0.0357142857142857,0.0,-0.017094017094017144
4163,-0.0029274004683840227,0.005541200487860887,0.06206185567010314,0.04268292682926833,0.0714285714285714,0.016393442622950838,0.042735042735042805
4164,0.024004683840749608,0.024528447094016248,-0.04253758709204247,0.02051282051282055,-0.0892857142857143,0.032786885245901676,-0.02564102564102566
4165,0.05005854800936771,0.07546232545319098,0.04765513176728131,0.08092691622103387,0.017857142857142794,0.08196721311475408,0.05128205128205132
4166,0.032201405152224916,0.0495788138185449,0.027780792186652192,0.01000625390869303,0.0357142857142857,0.0,0.017094017094017144
4167,0.05005854800936782,0.05580906382794748,0.039175257731958735,0.074279379157428,0.017857142857142905,0.06557377049180335,0.042735042735042694
4168,0.0427400468384076,0.04248688489160901,-0.0017316017316018062,0.038548752834467126,-0.0357142857142857,0.0491803278688524,0.008547008547008517
4169,0.045960187353630055,0.03078299125940087,0.022779416584726264,-0.009784075573549322,0.0535714285714286,-0.032786885245901565,0.008547008547008517
4170,0.045960187353630055,0.08102565639233128,0.026674512111405257,0.06729341909945563,0.0,0.06557377049180324,0.03418803418803429
4171,0.007318501170960112,0.011766286405757054,0.0506638714185883,0.06846153846153846,0.0357142857142857,0.06557377049180335,0.05128205128205121
4172,0.050936768149883016,0.06571133809979335,0.026014366142496637,0.03768115942028982,0.017857142857142905,0.032786885245901676,0.02564102564102555
4173,-0.0401053864168619,-0.0009155277065482359,-0.01993006993006996,0.02083333333333337,-0.0535714285714286,0.0491803278688524,0.0
4174,-0.023419203747072515,-0.021787744649208962,-0.021546748749519118,-0.008325899494498912,-0.0357142857142857,0.0,-0.017094017094017033
4175,0.0011709601873537423,0.02931118833588986,0.04301886792452836,0.10363636363636364,0.0,0.09836065573770492,0.05128205128205121
4176,0.00878220140515229,0.060992407044251906,0.05864432597105862,0.03888888888888886,0.07142857142857151,0.016393442622950838,0.042735042735042694
4177,0.008196721311475308,0.07678923400663928,0.07847062356120516,0.14530358069538152,0.0357142857142857,0.13114754098360648,0.0854700854700855
4178,0.0011709601873536313,0.03943262192682684,0.08580858085808585,0.1053140096618358,0.07142857142857151,0.08196721311475408,0.07692307692307687
4179,-0.01932084309133486,0.02517874617751048,-0.0534391534391534,-0.0310047095761381,-0.07142857142857151,-0.016393442622950727,-0.042735042735042694
4180,0.030152224824355978,0.07339162212730699,0.07105064247921389,-0.007326007326007411,0.125,-0.049180327868852514,0.03418803418803418
4181,0.02195550351288056,0.01649939372900644,-0.0066489361702127825,0.017105263157894735,-0.017857142857142905,0.016393442622950838,0.0
4182,0.01053864168618257,0.04326453132580521,0.004623208506703613,-0.013460703430308252,0.017857142857142905,-0.016393442622950838,0.0
4183,0.06001170960187341,0.12172970577295306,0.007440341166863318,0.040467250730079285,-0.017857142857142794,0.049180327868852514,0.017094017094017144
4184,0.023419203747072515,0.024152375140296,0.050000000000000044,0.017045454545454586,0.0714285714285714,0.0,0.03418803418803418
4185,-0.00936768149882905,0.06532087064372416,-0.011390500752202826,0.036107711138310905,-0.035714285714285754,0.049180327868852514,0.008547008547008517
4186,0.0043911007025760895,0.02912881035891257,-0.01904761904761909,-0.020408163265306034,-0.017857142857142794,-0.016393442622950838,-0.017094017094017144
4187,-0.01873536299765799,0.001753979764365532,0.012424771888953634,0.0038647342995169476,0.017857142857142905,0.0,0.008547008547008517
4188,-0.006147540983606703,0.006996543521801457,-0.06875425459496254,-0.004385964912280715,-0.125,0.032786885245901676,-0.042735042735042805
4189,0.013173302107728158,0.026111339297453018,0.06312819608534659,0.0745098039215687,0.0535714285714286,0.06557377049180335,0.05982905982905984
4190,0.019028103044496425,0.03871020004828296,-0.01680672268907557,0.00976042590949422,-0.0357142857142857,0.016393442622950838,-0.008547008547008517
4191,0.010245901639344357,0.03811988255836152,0.013976240391334827,0.03076923076923077,0.0,0.032786885245901676,0.017094017094017144
4192,0.008489461358313743,0.02060223465554467,-0.02898550724637683,0.014341590612777066,-0.0714285714285714,0.049180327868852514,-0.008547008547008517
4193,0.05766978922716626,0.07339467071442352,0.05357784969435453,0.09901800327332244,0.017857142857142794,0.09836065573770492,0.05982905982905984
4194,0.026639344262294973,0.03997147130927614,-0.0006993006993006867,0.04166666666666674,-0.03571428571428581,0.06557377049180324,0.017094017094017033
4195,0.026053864168618324,0.01581579116570142,0.04203502919099256,0.04891684136967156,0.0357142857142857,0.0491803278688524,0.042735042735042805
4196,0.011416861826697877,0.02697344735684082,0.025654094461433852,0.03447024673439758,0.017857142857142905,0.032786885245901565,0.02564102564102566
4197,0.0017564402810303914,0.03971558474423886,0.014513788098693747,0.033333333333333326,0.0,0.032786885245901565,0.017094017094017033
4198,0.05327868852459028,0.037507512926837516,0.00205920205920207,0.046011131725417376,-0.0357142857142857,0.06557377049180324,0.017094017094017144
4199,-0.011124121779859442,0.014543079552257088,0.055561584373304496,0.09005628517823638,0.0357142857142857,0.06557377049180324,0.05128205128205132
4200,0.008196721311475419,0.046281967502318944,-0.0434406368985808,-0.05241327300150822,-0.0357142857142857,-0.0491803278688524,-0.042735042735042694
4201,0.0705503512880562,0.05548026513930726,0.05882909297266614,0.1688909341923608,-0.017857142857142905,0.180327868852459,0.0854700854700855
4202,0.03951990632318503,0.055144677172289436,0.027065527065527006,0.0608974358974359,0.0,0.06557377049180335,0.03418803418803418
4203,0.010245901639344357,0.03038724365515144,-0.02285714285714291,0.02226345083487946,-0.05357142857142849,0.032786885245901565,-0.008547008547008628
4204,0.05884074941451989,0.07555772300875763,0.052014278429372784,0.09090909090909094,0.017857142857142905,0.09836065573770492,0.05982905982905984
4205,0.06937939110070257,0.0927614394074664,0.0631349782293178,0.05166666666666664,0.07142857142857151,0.032786885245901676,0.05128205128205132
4206,0.03922716627634648,0.07340626409989137,0.026923076923076827,0.06628787878787878,0.0,0.06557377049180324,0.03418803418803418
4207,0.014929742388758771,0.014530382635281835,0.019574468085106322,0.08851674641148322,-0.017857142857142794,0.08196721311475408,0.03418803418803418
4208,0.02254098360655732,0.028485924581759692,0.016666666666666607,0.09411764705882353,-0.01785714285714285,0.08196721311475408,0.03418803418803418
4209,0.004976580796252961,0.012143622129915044,-0.011538461538461608,0.024621212121212044,-0.0357142857142857,0.032786885245901565,0.0
4210,0.050936768149882905,0.06587723490160369,0.03811188811188815,-0.0023148148148147696,0.0714285714285714,-0.032786885245901565,0.017094017094017033
4211,0.06645199063231855,0.08131190046711645,-0.027491408934707917,0.016967126193001114,-0.05357142857142849,0.032786885245901676,-0.008547008547008628
4212,0.01990632318501173,0.03287605603851351,-0.0704128665293714,-0.039089559623948555,-0.0892857142857143,-0.016393442622950838,-0.05128205128205121
4213,0.03688524590163933,0.06450236815757238,0.053069306930693005,0.0505050505050505,0.0535714285714286,0.032786885245901676,0.042735042735042805
4214,-0.029566744730679106,0.0047321865739188285,0.001465469866275937,0.027234042553191506,-0.017857142857142905,0.032786885245901676,0.008547008547008517
4215,-0.030444964871194302,0.040170269736063635,-0.017825311942959,0.011122345803842304,-0.0357142857142857,0.016393442622950838,-0.008547008547008517
4216,-0.011709601873536313,0.02926125343810504,-0.01904761904761909,0.03274798291409586,-0.0535714285714286,0.049180327868852514,0.0
4217,0.010831381733021117,0.07161990139961061,0.04845295345249978,0.08802670004171886,0.017857142857142794,0.08196721311475408,0.05128205128205121
4218,0.025761124121779777,0.04319546246790973,-0.03653826077878697,0.06037952846463479,-0.08928571428571419,0.08196721311475408,0.0
4219,0.030152224824355978,0.045404296753542184,0.044117647058823484,0.029891304347826053,0.05357142857142849,0.016393442622950727,0.03418803418803418
4220,-0.02429742388758782,-0.01973773738876139,-0.030687397708674347,0.07127192982456132,-0.0892857142857143,0.08196721311475408,0.0
4221,0.04391100702576123,0.10535643142184903,0.05714285714285716,0.08320251177394034,0.0357142857142857,0.08196721311475408,0.05982905982905984
4222,0.06469555035128804,0.06358008772694923,0.01921412497836239,0.041886792452830224,0.0,0.0491803278688524,0.02564102564102566
4223,0.08343091334894603,0.08886846840357543,0.05152394775036284,0.07166666666666666,0.0357142857142857,0.06557377049180335,0.05128205128205121
4224,0.02546838407494134,0.05210536709007929,0.06044226044226042,0.06767676767676767,0.05357142857142849,0.06557377049180324,0.05982905982905984
4225,-0.016100702576112402,-0.030734613992323134,-0.014285714285714346,-0.037878787878787956,0.0,-0.032786885245901676,-0.017094017094017033
4226,0.0187353629976581,0.026517538434982613,0.03864077669902921,0.06914893617021278,0.017857142857142905,0.06557377049180335,0.042735042735042805
4227,-0.006733021077283352,0.028223565133935757,0.01432201432201441,-0.02235469448584204,0.0535714285714286,-0.0491803278688524,0.0
4228,-0.027810304449648715,0.02101909603849972,0.014615384615384586,-0.017045454545454586,0.0357142857142857,-0.032786885245901676,0.0
4229,0.014344262295081678,0.030288071559148033,0.05090497737556565,0.07155797101449268,0.0357142857142857,0.06557377049180324,0.05128205128205121
4230,0.04859484777517553,0.053721109697357994,0.0017972681524083267,0.026960784313725505,-0.017857142857142794,0.032786885245901676,0.008547008547008517
4231,0.03161592505854793,0.021665805102958124,0.00019040365575018203,0.026388888888888906,-0.017857142857142905,0.032786885245901676,0.008547008547008517
4232,0.02868852459016391,0.08642758432090458,-0.017927170868347275,0.007098491570541321,-0.0357142857142857,0.016393442622950838,-0.008547008547008517
4233,-0.01873536299765799,-0.007816853793722989,0.013574660633484226,0.03260869565217395,0.0,0.032786885245901676,0.017094017094017144
4234,0.04449648711943788,0.07690868066662881,0.023457419683834857,-0.010909090909090868,0.05357142857142849,-0.032786885245901565,0.008547008547008517
4235,-0.0064402810304451386,0.02718306878518084,-0.08814102564102566,-0.025000000000000022,-0.125,0.016393442622950838,-0.05128205128205121
4236,-0.012295081967213073,0.020370581090219275,0.0,0.0,0.0,0.0,0.0
4237,0.06674473067915698,0.04645205098059868,0.1132075471698114,0.12,0.1071428571428572,0.09836065573770492,0.10256410256410264
4238,0.036007025761124134,0.06039877234283275,0.01645021645021638,0.057067271352985616,-0.017857142857142794,0.06557377049180324,0.02564102564102566
4239,0.012880562060889944,0.05631641688151501,0.00565892137528945,-0.008509064002959699,0.017857142857142905,-0.016393442622950838,0.0
4240,0.035421545667447374,0.08075409729853622,0.03397220455990546,0.10188679245283028,-0.017857142857142794,0.11475409836065564,0.05128205128205132
4241,0.012880562060890055,0.029075857140532402,-0.01328310864393345,0.05132113821138218,-0.0535714285714286,0.06557377049180324,0.008547008547008517
4242,0.03249414519906324,0.0489675187046954,0.04586834733893552,-0.028726708074534257,0.1071428571428571,-0.06557377049180335,0.017094017094017144
4243,0.04918032786885229,0.051359701181230344,0.06277552459883617,0.07372549019607844,0.0535714285714286,0.06557377049180324,0.05982905982905984
4244,0.0002927400468384356,0.027038767289641052,0.009355692850838482,0.0650118203309693,-0.0357142857142857,0.08196721311475419,0.02564102564102566
4245,0.07523419203747062,0.07190870821248019,0.0636153490522422,0.052105948762483645,0.07142857142857151,0.032786885245901676,0.05128205128205132
4246,0.004976580796252961,0.036489217108604866,0.05555555555555558,0.05769230769230771,0.05357142857142849,0.049180327868852514,0.05128205128205132
4247,0.025761124121779888,-0.00041520602949007834,0.04938695018434358,0.06511283758786535,0.0357142857142857,0.06557377049180324,0.05128205128205132
4248,0.03688524590163944,0.04161779154639278,0.059103740296400864,0.02161949685534592,0.0892857142857143,0.0,0.042735042735042694
4249,0.02751756440281028,0.06893847150860988,0.05152394775036284,0.07166666666666666,0.0357142857142857,0.06557377049180335,0.05128205128205121
4250,0.009074941451990504,0.0062883896436821685,0.014285714285714346,0.037878787878787956,0.0,0.032786885245901676,0.017094017094017033
4251,0.02429742388758782,0.06849403743863358,0.042609351432880804,0.026268115942029047,0.0535714285714286,0.016393442622950838,0.03418803418803418
4252,0.05766978922716637,0.04408558481460689,0.027959807776321455,0.06160954948016939,0.0,0.06557377049180324,0.03418803418803418
4253,0.011709601873536313,0.05128573980945672,-0.05073260073260066,-0.046343537414965996,-0.0535714285714286,-0.032786885245901676,-0.042735042735042694
4254,0.04361826697892268,0.07879056409691787,0.020728291316526537,0.04924578527063006,0.0,0.0491803278688524,0.02564102564102555
4255,-0.0008782201405151957,0.02695256467672391,0.047720797720797736,0.08493589743589736,0.017857142857142794,0.08196721311475408,0.05128205128205132
4256,0.0444964871194381,0.050050938397869005,-0.047496238985600736,0.001835985312117483,-0.0714285714285714,0.016393442622950838,-0.02564102564102566
4257,0.08957845433255285,0.11655260799480782,0.07724867724867723,0.10596546310832033,0.05357142857142849,0.09836065573770492,0.07692307692307698
4258,0.06059718969555028,0.08789462698416828,-0.0040943480195816395,0.013205282112845218,-0.017857142857142905,0.016393442622950838,0.0
4259,0.02751756440281028,0.01933819769876588,0.044494720965309154,0.030797101449275277,0.0535714285714286,0.016393442622950838,0.03418803418803418
4260,0.010538641686182793,0.04586031006816749,-0.06258172987110022,-0.02444444444444449,-0.0892857142857143,0.0,-0.042735042735042694
4261,0.019028103044496536,0.009977446848794869,-0.0647619047619048,-0.027829313543599188,-0.0892857142857143,0.0,-0.042735042735042805
4262,0.017857142857142905,0.0004934702302797911,0.020756234915527028,0.041910331384015564,0.0,0.049180327868852514,0.02564102564102555
4263,0.04508196721311475,0.07745591703692223,0.0386215092097445,0.013650151668351929,0.0535714285714286,0.0,0.02564102564102555
4264,0.03542154566744715,0.05570363361738384,0.06522983024985696,0.15966386554621848,0.0,0.14754098360655743,0.07692307692307687
4265,-0.0043911007025760895,0.02626890070123844,0.017433501078360836,-0.006127450980392246,0.0357142857142857,-0.016393442622950838,0.008547008547008517
4266,0.00995316159250581,0.012747507466264407,-0.02175602175602176,0.02713178294573637,-0.0535714285714286,0.032786885245901676,-0.008547008547008517
4267,0.024004683840749386,0.02792057420530447,-0.03202022329892562,0.042105263157894646,-0.07142857142857151,0.049180327868852514,-0.008547008547008517
4268,0.07201405152224838,0.08526091246658096,0.0713840676457499,0.09323729491796717,0.0535714285714286,0.08196721311475408,0.06837606837606836
4269,0.002049180327868827,0.029452265498616237,0.034649122807017596,0.029487179487179493,0.0357142857142857,0.016393442622950838,0.02564102564102555
4270,0.010831381733021117,0.07553865912804902,-0.04329004329004327,-0.009826152683295564,-0.07142857142857151,0.016393442622950727,-0.02564102564102566
4271,0.052693208430913296,0.032547366685362955,0.06288659793814433,0.10698447893569851,0.0357142857142857,0.08196721311475419,0.05982905982905984
4272,0.005269320843091396,0.048258313300561295,0.05555555555555547,0.05769230769230771,0.0535714285714286,0.049180327868852514,0.05128205128205121
4273,0.07201405152224827,0.11891822601048985,0.019805825242718456,0.049323017408123726,0.0,0.049180327868852514,0.02564102564102566
4274,0.014344262295082122,0.025681366783617654,-0.01683501683501687,0.059928443649373886,-0.07142857142857151,0.08196721311475408,0.008547008547008628
4275,0.014344262295082011,0.04562703731492468,0.01770186335403734,0.03450363196125916,0.0,0.049180327868852514,0.02564102564102566
4276,-0.0023419203747072626,0.06360696055132187,0.032576769025367214,0.05082032813125248,0.017857142857142794,0.049180327868852514,0.03418803418803418
4277,0.0731850117096019,0.06331546817506961,0.020563594821020548,0.050000000000000044,0.0,0.0491803278688524,0.02564102564102566
4278,-0.016393442622950727,-0.03444035873648277,0.006033182503770718,-0.010869565217391353,0.017857142857142905,-0.016393442622950838,0.0
4279,-0.008489461358313966,0.004400961368158929,-0.08008063038299429,-0.04305200341005966,-0.1071428571428571,-0.016393442622950838,-0.05982905982905984
4280,0.04771662763466045,0.08588130212801948,0.07999999999999996,0.09090909090909083,0.0714285714285714,0.06557377049180324,0.06837606837606836
4281,0.010831381733021006,0.004395684439773895,0.04542124542124548,0.057823129251700744,0.0357142857142857,0.0491803278688524,0.042735042735042694
4282,0.03629976580796257,0.03642981454622296,0.05142857142857149,0.0992578849721707,0.017857142857142794,0.09836065573770492,0.05982905982905984
4283,0.002634660421545587,0.0072431497182762206,-0.011949215832711024,-0.0035460992907802025,-0.017857142857142905,0.0,-0.008547008547008517
4284,0.03805620608899307,0.06777112098102434,0.026069847515986178,0.072684246112238,-0.017857142857142794,0.09836065573770492,0.042735042735042805
4285,-0.02371194379391095,0.014577994994358967,0.04040404040404033,0.046511627906976716,0.0357142857142857,0.032786885245901565,0.03418803418803429
4286,0.02195550351288056,0.07706843351167292,-0.01848739495798324,0.005767524401064872,-0.0357142857142857,0.016393442622950838,-0.008547008547008628
4287,0.0143442622950819,0.022945784269166936,0.039215686274509776,0.04347826086956519,0.0357142857142857,0.032786885245901565,0.03418803418803418
4288,0.03454332552693218,0.04218925927940376,-0.024991010427903637,0.011865793780687417,-0.0535714285714286,0.032786885245901676,-0.008547008547008628
4289,0.07201405152224827,0.091360249777926,0.05940594059405935,0.06666666666666676,0.0535714285714286,0.0491803278688524,0.05128205128205132
4290,-0.041569086651053855,-0.011693398537745758,-0.04833333333333334,-0.09999999999999998,-0.017857142857142794,-0.08196721311475408,-0.05128205128205121
4291,0.0023419203747072626,0.015378568081649835,-0.026395173453997,-0.012681159420289911,-0.0357142857142857,0.0,-0.017094017094017033
4292,0.0231264637002343,0.06728453140095869,0.0559407124073632,0.14194577352472093,0.017857142857142905,0.09836065573770492,0.05982905982905984
4293,0.0401053864168619,0.07844773745799982,0.08163265306122447,0.09523809523809523,0.0714285714285714,0.06557377049180324,0.06837606837606836
4294,0.013173302107728158,0.04583104730086274,-0.01584861028976936,-0.09557109557109555,0.01785714285714285,-0.08196721311475408,-0.03418803418803418
4295,0.05620608899297419,0.06481237513727955,0.0070948469006721915,0.016843971631205656,0.0,0.016393442622950727,0.008547008547008628
4296,0.037177985948477765,0.04545453017272816,0.033102172907998106,0.053408597481545805,0.017857142857142905,0.0491803278688524,0.03418803418803418
4297,0.0008782201405150847,0.015382643241552474,0.025921354258508278,0.035686274509803884,0.017857142857142794,0.032786885245901565,0.02564102564102555
4298,0.026053864168618213,0.03755527744371334,0.0007407407407407085,0.07517482517482521,-0.05357142857142849,0.08196721311475408,0.017094017094017033
4299,-0.01697892271662771,0.023794950146024285,0.035307017543859676,0.03141025641025641,0.0357142857142857,0.016393442622950727,0.02564102564102566
4300,0.00936768149882905,0.024101391070922906,-0.04677623261694053,-0.040100250626566414,-0.0535714285714286,-0.032786885245901565,-0.042735042735042805
4301,0.016100702576112402,0.032436667718199974,0.047825190682333596,0.06644518272425248,0.03571428571428581,0.049180327868852514,0.042735042735042694
4302,0.010538641686182793,0.03850694492422324,-0.0007905138339920903,0.03358443188951665,-0.0357142857142857,0.049180327868852514,0.008547008547008517
4303,0.026639344262295084,0.08266475508230442,0.001680672268907557,0.028837622005323915,-0.017857142857142905,0.032786885245901565,0.008547008547008517
4304,0.01697892271662782,0.031402734244135644,-0.004901960784313708,0.013586956521739135,-0.017857142857142794,0.016393442622950838,0.0
4305,0.06059718969555039,0.12188764523446116,0.09433962264150941,0.09999999999999998,0.0892857142857143,0.08196721311475408,0.0854700854700855
4306,0.0029274004683839117,0.018979010197023638,-0.052982656756241586,0.0009302325581395099,-0.0892857142857143,0.032786885245901676,-0.02564102564102566
4307,0.04361826697892268,0.10708839659891878,0.012046026609133453,0.05032733224222585,-0.017857142857142905,0.06557377049180324,0.02564102564102555
4308,0.028981264637002346,0.037486251630798995,-0.01980198019801971,-0.022222222222222254,-0.017857142857142905,-0.016393442622950838,-0.017094017094017144
4309,0.04069086651053866,0.036784061670177115,0.0632867132867132,0.11805555555555558,0.017857142857142905,0.11475409836065575,0.06837606837606836
4310,0.017857142857142905,0.047751904970663506,0.06194926568758341,0.04961984793917562,0.0714285714285714,0.032786885245901676,0.05128205128205132
4311,0.03747072599531609,0.013892961682773763,0.010000000000000009,0.051136363636363646,-0.017857142857142794,0.049180327868852514,0.017094017094017033
4312,0.0008782201405153067,0.0061754724086677815,-0.0008082440897151377,-0.031746031746031744,0.017857142857142905,-0.032786885245901565,-0.008547008547008517
4313,0.016978922716627598,0.002835325761169516,0.053939393939393954,0.05232558139534882,0.0535714285714286,0.032786885245901676,0.042735042735042805
4314,-0.029274004683840782,0.022655098718291855,-0.11020408163265305,-0.05782312925170063,-0.1428571428571428,-0.016393442622950838,-0.07692307692307698
4315,0.00936768149882905,0.04058446138702543,-0.08170894526034711,-0.07162865146058428,-0.0892857142857143,-0.0491803278688524,-0.06837606837606847
4316,0.0011709601873537423,0.04231113290597799,0.020408163265306145,0.023809523809523836,0.017857142857142905,0.016393442622950838,0.017094017094017033
4317,0.05240046838407486,0.0652309430507042,0.0,0.0,0.0,0.0,0.0
4318,0.011124121779859553,0.009815532924427384,-0.011098779134295134,0.022608695652173938,-0.0357142857142857,0.032786885245901676,0.0
4319,0.029566744730679106,0.06484591552258934,0.032362459546925626,0.0932301740812379,-0.017857142857142794,0.11475409836065575,0.05128205128205132
4320,0.0032201405152225693,0.014401515556099365,0.03355957767722473,0.055253623188405765,0.017857142857142905,0.0491803278688524,0.03418803418803418
4321,0.020491803278688492,0.04791774571995,-0.07051648561082513,-0.015813953488372112,-0.1071428571428572,0.016393442622950838,-0.042735042735042805
4322,0.02693208430913341,0.07571914507030231,0.020728291316526537,0.04924578527063006,0.0,0.0491803278688524,0.02564102564102555
4323,0.026053864168618213,0.0189407242048808,0.005362921867776205,-0.01172383847155889,0.017857142857142905,-0.016393442622950838,0.0
4324,0.02546838407494134,0.038968659179941856,0.0697214734950583,0.06693877551020411,0.07142857142857151,0.0491803278688524,0.05982905982905984
4325,0.013173302107728158,0.03698974181926751,0.049726679597954515,0.04470588235294115,0.05357142857142849,0.032786885245901676,0.042735042735042694
4326,-0.0043911007025762006,0.01156238666990217,-0.026885735623599638,-0.03900709219858156,-0.017857142857142794,-0.032786885245901676,-0.02564102564102566
4327,-0.012295081967213295,0.008191185805928591,-0.013193156050298915,-0.0044296788482834915,-0.017857142857142905,0.0,-0.008547008547008517
4328,0.01814988290398134,0.01995848612639739,0.07999999999999996,0.09090909090909083,0.0714285714285714,0.06557377049180324,0.06837606837606836
4329,0.00029274004683832455,0.0031070255479744846,0.006552006552006606,0.10993657505285415,-0.0714285714285714,0.1311475409836066,0.03418803418803418
4330,0.004098360655737876,0.02640866166318645,0.004300719543462006,0.047471620227038214,-0.0357142857142857,0.06557377049180335,0.017094017094017144
4331,-0.018442622950819776,-0.007601145130086917,-0.026658335936686428,-0.009075439591605172,-0.0357142857142857,0.0,-0.017094017094017033
4332,0.0038056206088993294,0.020204525445634447,-0.024613899613899703,-0.03149350649350657,-0.017857142857142905,-0.032786885245901676,-0.02564102564102566
4333,-0.011416861826697877,-0.005143492902636049,0.04183355585224746,0.02681072428971587,0.0535714285714286,0.016393442622950838,0.03418803418803418
4334,0.042154566744730615,0.09012030530856385,0.02540604300880145,0.05840634125990818,0.0,0.06557377049180324,0.03418803418803418
4335,-0.0011709601873537423,0.03149754052629061,-0.021390374331550777,-0.05460060667340749,0.0,-0.0491803278688524,-0.02564102564102566
4336,0.034543325526931845,0.06062650715360318,0.04107744107744116,0.027065527065527006,0.0535714285714286,0.016393442622950838,0.03418803418803418
4337,0.030444964871194413,0.040655855121682793,0.054982817869415834,0.05365853658536579,0.0535714285714286,0.032786885245901676,0.042735042735042805
4338,-0.0005854800936767601,0.02040153368868547,0.01904761904761909,0.020408163265306145,0.017857142857142794,0.016393442622950838,0.017094017094017144
4339,0.04215456674473084,0.03591676055119741,-0.006863417982155062,-0.02133712660028453,0.0,-0.016393442622950838,-0.008547008547008517
4340,0.02371194379391106,0.032915342524337365,0.001925298421255217,0.08476190476190482,-0.05357142857142849,0.08196721311475419,0.017094017094017144
4341,-0.0014637002341920669,0.022781191036740922,0.014742898238043867,0.05646481178396079,-0.017857142857142905,0.06557377049180335,0.02564102564102566
4342,0.03893442622950838,0.05210096260278019,0.030336662967073602,0.07130434782608697,0.0,0.06557377049180335,0.03418803418803429
4343,0.019028103044496647,0.027414724216338615,0.06481481481481477,0.033653846153846145,0.0892857142857143,0.016393442622950838,0.05128205128205132
4344,0.025468384074941453,0.008296889126061191,0.043649923228778253,0.09178433889602056,0.017857142857142905,0.06557377049180324,0.042735042735042694
4345,0.033372365339578325,0.0735707218837397,-0.016567204061637142,0.0301083902047371,-0.05357142857142849,0.049180327868852514,0.0
4346,0.02312646370023408,0.013502413014747194,-0.00846153846153841,-0.04734848484848486,0.017857142857142794,-0.0491803278688524,-0.017094017094017033
4347,-0.010831381733021006,0.008584781396806518,-0.03578643578643581,0.018035121025154255,-0.0714285714285714,0.032786885245901565,-0.017094017094017144
4348,0.028981264637002124,0.03893365246453662,0.07462378890950316,0.07641196013289031,0.0714285714285714,0.0491803278688524,0.05982905982905984
4349,0.03132318501170972,0.04236948485976566,0.011793611793611825,0.005387205387205385,0.017857142857142794,0.0,0.008547008547008517
4350,-0.0064402810304449165,0.0007070124781879406,0.006116207951070263,0.013062409288824406,0.0,0.016393442622950838,0.008547008547008517
4351,-0.0043911007025759785,0.028934096325490044,0.005518469069870857,-0.010004001600640189,0.017857142857142905,-0.016393442622950838,0.0
4352,0.040983606557377206,0.07268715216761457,0.014278429372768908,0.050909090909090904,-0.017857142857142794,0.06557377049180324,0.02564102564102566
4353,0.05766978922716626,0.10819434109308268,0.056471007392892125,0.01485347250100355,0.0892857142857143,-0.016393442622950838,0.03418803418803418
4354,0.028395784543325697,0.01123942266617528,-0.013184476342371076,0.029815146094215872,-0.0357142857142857,0.032786885245901676,0.0
4355,0.02371194379391106,0.032880806657397676,0.03481766538391062,0.08098891730605284,0.0,0.08196721311475408,0.042735042735042694
4356,0.01756440281030458,0.06694066000280774,-0.011977134561292013,0.019190654985398403,-0.0357142857142857,0.032786885245901676,0.0
4357,0.0005854800936768711,0.006191507765423099,0.02619047619047621,0.036989795918367374,0.017857142857142794,0.032786885245901565,0.02564102564102566
4358,0.02195550351288056,0.05701355634917771,0.02348178137651824,0.1217948717948718,-0.03571428571428581,0.11475409836065575,0.042735042735042805
4359,0.040398126463700335,0.04953805807268896,0.0066006600660066805,0.01642512077294689,0.0,0.016393442622950838,0.008547008547008517
4360,-0.0023419203747071515,0.009787268407196459,0.03242088914773833,0.02657004830917875,0.0357142857142857,0.016393442622950727,0.02564102564102555
4361,0.0043911007025760895,0.045017045888708584,0.014675052410901501,0.03230769230769226,0.0,0.032786885245901565,0.017094017094017144
4362,0.02810304449648693,0.03935497680383104,0.05252525252525253,0.04862579281183932,0.0535714285714286,0.032786885245901676,0.042735042735042805
4363,0.020199063231850167,0.06363615181515625,-0.025391370752195552,0.06894934333958724,-0.0892857142857143,0.09836065573770492,0.008547008547008517
4364,0.03571428571428581,0.05209856424172443,0.07215686274509814,0.09881422924901184,0.05357142857142849,0.08196721311475419,0.06837606837606836
4365,0.006147540983606481,-0.00155493502165438,-0.020408163265306145,-0.023809523809523725,-0.017857142857142905,-0.016393442622950838,-0.017094017094017144
4366,0.038348946135831286,0.09384058198849654,0.0006436041834272377,0.01949317738791423,-0.017857142857142794,0.032786885245901676,0.008547008547008628
4367,0.03366510538641676,0.038034707936762,0.0742074207420742,0.1049095607235142,0.0535714285714286,0.08196721311475408,0.06837606837606836
4368,0.0011709601873538533,0.015479709425870403,0.027911362564827846,0.0671201814058957,0.0,0.06557377049180324,0.03418803418803418
4369,0.06176814988290402,0.0903651085252728,0.036036036036036,0.036363636363636376,0.03571428571428581,0.032786885245901676,0.03418803418803418
4370,0.03542154566744715,0.07026217830692316,0.08080808080808077,0.09302325581395343,0.0714285714285714,0.06557377049180324,0.06837606837606847
4371,-0.017271662763465923,0.0006546031272814945,-0.03388878487174696,0.06963162623539976,-0.1071428571428572,0.08196721311475408,-0.008547008547008628
4372,-0.021077283372365252,0.008775472019104003,0.011904761904761973,-0.04285714285714293,0.0357142857142857,-0.0491803278688524,-0.008547008547008517
4373,0.04830210772833732,0.07776379521702992,0.0682419326397461,0.06392156862745102,0.0714285714285714,0.049180327868852514,0.05982905982905984
4374,0.055913348946135866,0.09125742078032784,0.0546938775510204,0.08441558441558439,0.03571428571428581,0.06557377049180324,0.05128205128205132
4375,0.05766978922716626,0.043614391974931,0.05407111298127498,0.05168408826945414,0.0535714285714286,0.032786885245901676,0.042735042735042694
4376,-0.015515222482435531,0.01968024208644381,0.010000000000000009,0.051136363636363646,-0.017857142857142794,0.049180327868852514,0.017094017094017033
4377,0.010245901639344246,0.013986333218185765,0.014880952380952328,0.04166666666666663,0.0,0.032786885245901676,0.017094017094017144
4378,-0.005854800936768045,0.04888187476444683,-0.05217391304347829,-0.05084745762711862,-0.0535714285714286,-0.0491803278688524,-0.05128205128205132
4379,-0.015807962529273967,-0.02812080857191046,-0.006930693069306937,-0.017676767676767624,0.0,-0.016393442622950727,-0.008547008547008517
4380,0.028395784543325586,0.015799305741213576,-0.04421052631578948,0.00815850815850816,-0.07142857142857151,0.016393442622950838,-0.02564102564102555
4381,0.036007025761124134,0.0772660057941641,0.052790346907994,0.07608695652173914,0.0357142857142857,0.06557377049180324,0.05128205128205132
4382,0.011124121779859442,0.015691009887448204,0.007596310363537695,-0.013133208255159512,0.017857142857142905,-0.016393442622950727,0.0
4383,-0.027224824355971844,0.012408607971468255,0.01581595974119332,-0.009803921568627527,0.0357142857142857,-0.016393442622950838,0.008547008547008628
4384,-0.010245901639344357,-0.014000872549865373,0.04938695018434358,0.06511283758786535,0.0357142857142857,0.06557377049180324,0.05128205128205132
4385,0.04127634660421542,0.05840643325642314,0.08963646228974498,0.08317698561601006,0.0892857142857143,0.049180327868852514,0.06837606837606836
4386,0.0357142857142857,0.04909251620513522,-0.011695906432748537,0.03183023872679047,-0.0535714285714286,0.049180327868852514,0.0
4387,0.05064402810304458,0.04201821202404743,0.0062893081761006275,0.03913043478260869,-0.017857142857142905,0.049180327868852514,0.017094017094017144
4388,0.022248243559718883,0.04098830710798396,-0.01244695898161241,0.02086167800453509,-0.03571428571428581,0.032786885245901676,0.0
4389,0.03483606557377039,0.047900309036920774,0.011734506784011778,0.07521367521367517,-0.0357142857142857,0.08196721311475408,0.02564102564102566
4390,-0.016686182669789273,0.0101470994928754,-0.03430308293530182,0.006265664160400974,-0.05357142857142849,0.016393442622950838,-0.017094017094017144
4391,-0.0023419203747073736,-0.01001498524060851,0.02110965813562493,-0.02444444444444449,0.05357142857142849,-0.032786885245901676,0.008547008547008517
4392,0.018442622950819665,0.03565877088112235,-0.06631795254997197,-0.033333333333333326,-0.0892857142857143,0.0,-0.042735042735042694
4393,0.02751756440281028,0.04414076932163247,-0.028106036410092683,0.05525525525525532,-0.0714285714285714,0.06557377049180324,0.0
4394,0.04127634660421553,0.08799209603190639,0.02348178137651824,0.1217948717948718,-0.03571428571428581,0.11475409836065575,0.042735042735042805
4395,-0.005269320843091285,0.03415690410655614,-0.01460080770425598,-0.045454545454545525,0.017857142857142905,-0.06557377049180324,-0.02564102564102566
4396,0.050936768149882905,0.09005101807614124,0.0690026954177898,0.0653061224489796,0.0714285714285714,0.049180327868852514,0.05982905982905984
4397,0.01990632318501173,0.07620732955780374,0.03421974850546283,0.029900332225913595,0.0357142857142857,0.016393442622950838,0.02564102564102555
4398,0.06293911007025765,0.07989816833290497,0.04329004329004327,0.009826152683295564,0.07142857142857151,-0.016393442622950727,0.02564102564102566
4399,0.005562060889929721,0.029067152846170452,0.0062893081761006275,0.03913043478260869,-0.017857142857142905,0.049180327868852514,0.017094017094017144
4400,0.033957845433255196,0.03903712727150754,0.02075471698113207,0.07545454545454544,-0.017857142857142905,0.08196721311475408,0.03418803418803418
4401,0.03366510538641676,0.06315227548099744,0.011851851851851891,0.07692307692307687,-0.0357142857142857,0.09836065573770492,0.03418803418803418
4402,0.016393442622950838,0.030368219693525544,0.012944983818770295,0.03039513677811545,0.0,0.032786885245901676,0.017094017094017144
4403,0.00936768149882894,0.017115161633138865,0.02020202020202022,0.023255813953488302,0.017857142857142794,0.016393442622950838,0.017094017094017033
4404,-0.011416861826697877,0.022209828539880516,-0.026732673267326645,-0.03989898989898988,-0.017857142857142905,-0.032786885245901565,-0.02564102564102566
4405,0.026639344262295195,0.018399237659880385,-0.021432496794284717,-0.04978723404255314,0.0,-0.0491803278688524,-0.02564102564102566
4406,0.03981264637002346,0.049602564270509464,0.0738942826321467,0.12234042553191493,0.0357142857142857,0.11475409836065575,0.07692307692307687
4407,0.015807962529273967,0.011906856851299219,0.009166666666666656,0.05681818181818177,-0.017857142857142905,0.049180327868852514,0.017094017094017144
4408,0.00878220140515229,0.05411539143090083,0.021216407355021283,0.05555555555555558,0.0,0.0491803278688524,0.02564102564102555
4409,0.007318501170960223,0.029502195103604967,0.06782106782106778,0.08914728682170547,0.0535714285714286,0.06557377049180324,0.05982905982905984
4410,0.017857142857142683,0.043176993444383305,0.016931216931216908,-0.006279434850863352,0.0357142857142857,-0.016393442622950838,0.008547008547008517
4411,0.016686182669789273,0.023018498664449716,0.006802721088435382,0.0714285714285714,-0.0357142857142857,0.08196721311475408,0.02564102564102566
4412,0.011709601873536313,0.03251105921094477,-0.04885701479157323,0.004065040650406582,-0.0714285714285714,0.016393442622950838,-0.02564102564102566
4413,0.042740046838407486,0.027181478229250655,-0.02499279054119008,-0.008510638297872242,-0.0357142857142857,0.0,-0.017094017094017144
4414,0.05240046838407508,0.025396540170617654,0.040641344422532866,0.025527192008879096,0.0535714285714286,0.016393442622950838,0.03418803418803418
4415,0.005269320843091396,0.034787074820985975,0.019623233908948157,0.07738095238095233,-0.017857142857142794,0.08196721311475408,0.03418803418803418
4416,0.04508196721311475,0.07003625728393581,0.012285012285012331,0.0063973063973064015,0.017857142857142905,0.0,0.008547008547008517
4417,0.026639344262295084,0.08389905103230233,0.047755102040816344,0.0357142857142857,0.0535714285714286,0.016393442622950838,0.03418803418803418
4418,-0.05122950819672134,-0.022421551084583324,-0.06164948453608243,-0.10365853658536583,-0.0357142857142857,-0.08196721311475408,-0.05982905982905984
4419,0.007025761124121788,0.06203023713900624,-0.06083202511773944,-0.014880952380952328,-0.0892857142857143,0.016393442622950838,-0.03418803418803418
4420,-0.022248243559718883,-0.01189568753307757,0.0050000000000000044,0.045454545454545414,-0.017857142857142905,0.049180327868852514,0.017094017094017033
4421,0.015807962529274078,0.05296621887531261,-0.009506928778601376,0.05392156862745101,-0.07142857142857151,0.08196721311475419,0.008547008547008517
4422,0.0518149882903981,0.048279385981164435,0.11041309727774606,0.11285846438482883,0.1071428571428572,0.08196721311475408,0.09401709401709402
4423,0.016100702576112402,0.024853160217631176,-0.03803423080772694,0.01764400622729634,-0.0714285714285714,0.032786885245901565,-0.017094017094017033
4424,-0.03425058548009363,-0.04036932885013611,-0.052249637155297624,-0.07333333333333336,-0.0357142857142857,-0.06557377049180324,-0.05128205128205121
4425,0.02488290398126458,0.03248590551575192,-0.072645571990264,0.02695417789757404,-0.1428571428571428,0.049180327868852514,-0.042735042735042694
4426,0.020491803278688603,0.04579400979901194,0.08851400603977921,0.08224617129892231,0.0892857142857143,0.0491803278688524,0.06837606837606836
4427,0.03893442622950816,0.07062270662739656,0.031620553359683834,0.06277463904582548,0.0,0.08196721311475408,0.042735042735042805
4428,0.01756440281030458,0.05007491089655236,0.0022887659736792187,0.08403361344537819,-0.0535714285714286,0.09836065573770492,0.02564102564102566
4429,0.016100702576112402,0.020702422922911246,-0.01134278565471225,-0.004192872117400381,-0.017857142857142905,0.0,-0.008547008547008517
4430,0.01317330210772838,0.027054911266627513,-0.04317289816153691,0.039753639417693165,-0.08928571428571419,0.06557377049180324,-0.008547008547008517
4431,0.015515222482435753,0.012239484368379405,-0.032733224222585955,0.06578947368421051,-0.0892857142857143,0.08196721311475408,0.0
4432,0.0,0.03632034983961463,0.02813573883161513,0.04573170731707321,0.017857142857142905,0.032786885245901676,0.02564102564102566
4433,0.021662763466042123,0.026527428100629802,-0.0377777777777778,0.07352941176470584,-0.0892857142857143,0.08196721311475408,0.0
4434,0.016978922716627598,0.05768900465453508,-0.011023782790650194,0.03143631436314365,-0.0357142857142857,0.032786885245901676,0.0
4435,0.01258782201405162,0.02777013899251224,-0.01067556296914085,-0.002795248078266921,-0.017857142857142794,0.0,-0.008547008547008517
4436,0.036592505854800894,0.06352682364359574,-0.0012145748987854033,0.08653846153846145,-0.05357142857142849,0.09836065573770492,0.02564102564102566
4437,0.041569086651053744,0.07609976619199577,0.021052631578947434,0.02564102564102566,0.017857142857142905,0.016393442622950838,0.017094017094017033
4438,0.004976580796252961,0.003764316907423515,0.04354136429608124,0.030000000000000027,0.05357142857142849,0.016393442622950838,0.03418803418803418
4439,0.041569086651053855,0.06732540505295403,-0.05144810217665052,-0.0024610336341263084,-0.0892857142857143,0.032786885245901565,-0.02564102564102555
4440,0.05562060889929743,0.06584505949664232,0.05280528052805278,0.07855297157622743,0.0357142857142857,0.06557377049180335,0.05128205128205132
4441,0.00497658079625285,0.02161740624335895,0.012820512820512775,0.05910852713178294,-0.017857142857142794,0.06557377049180335,0.02564102564102566
4442,-0.010245901639344246,0.020088065000138267,-0.03831015481500921,0.023597678916827847,-0.0892857142857143,0.049180327868852514,-0.017094017094017144
4443,0.01610070257611229,0.038881219579588344,-0.0365325077399381,0.02619843924191756,-0.0714285714285714,0.049180327868852514,-0.008547008547008517
4444,0.0286885245901638,0.05036208947412546,0.045816346340516456,0.05990338164251208,0.0357142857142857,0.049180327868852514,0.042735042735042694
4445,0.04771662763466056,0.04152452008661989,0.0016366612111292644,0.09649122807017552,-0.05357142857142849,0.11475409836065564,0.03418803418803418
4446,0.0005854800936768711,0.06920507450172442,-0.07750000000000001,-0.05227272727272725,-0.08928571428571425,-0.016393442622950838,-0.05128205128205121
4447,0.04566744730679162,0.043163817810821015,-0.030581039755351758,-0.0026954177897573484,-0.0535714285714286,0.016393442622950838,-0.017094017094017144
4448,0.0008782201405150847,0.02951225213642672,-0.01682814890362061,-0.05636363636363628,0.017857142857142905,-0.06557377049180324,-0.02564102564102555
4449,-0.010831381733021117,-0.017477899862244017,-0.012003772614250119,-0.02589715131335557,0.0,-0.032786885245901676,-0.017094017094017144
4450,0.014344262295082011,0.06129292774819761,-0.022779416584726264,0.009784075573549322,-0.0535714285714286,0.032786885245901565,-0.008547008547008517
4451,0.06615925058548,0.0956389557113746,0.03263937896965419,0.0727201257861636,0.0,0.08196721311475408,0.042735042735042805
4452,0.06293911007025765,0.07806398688980554,0.06179441473559111,0.10111223458038421,0.0357142857142857,0.08196721311475408,0.05982905982905984
4453,0.05386416861826693,0.09876455611164836,-0.017502124044180167,0.0032679738562091387,-0.0357142857142857,0.016393442622950838,-0.008547008547008517
4454,0.01990632318501162,0.07754951187714432,-0.03924586379376682,-0.025869759143621773,-0.0535714285714286,-0.016393442622950838,-0.03418803418803418
4455,0.031030444964871284,0.031020313243888098,-0.008041580857114816,-0.04799604156358239,0.017857142857142905,-0.0491803278688524,-0.017094017094017033
4456,-0.014051522248243575,0.04417614602800224,0.011680143755615546,0.003673469387755035,0.017857142857142794,0.0,0.008547008547008517
4457,0.0014637002341919558,0.041989919087004335,0.014756418031129925,0.06839872746553544,-0.017857142857142905,0.06557377049180324,0.02564102564102566
4458,-0.0023419203747070405,0.0712465694768889,-0.037735849056603765,-0.040000000000000036,-0.0357142857142857,-0.032786885245901676,-0.03418803418803418
4459,0.006733021077283574,0.028308292453708472,-0.0185185185185186,0.0027472527472527375,-0.0357142857142857,0.016393442622950838,-0.008547008547008628
4460,0.006147540983606481,0.0388531936311598,-0.016642089740888988,0.05204678362573101,-0.05357142857142849,0.06557377049180324,0.008547008547008517
4461,0.02868852459016391,0.06761099382611657,-0.02194174757281553,-0.0004835589941972751,-0.0357142857142857,0.016393442622950727,-0.008547008547008517
4462,0.04830210772833743,0.05968305107567273,-0.006017623038899633,0.05140758873929008,-0.0357142857142857,0.049180327868852514,0.008547008547008517
4463,0.02312646370023408,0.027467346451822583,0.03845327604726101,0.07509157509157505,0.01785714285714285,0.06557377049180335,0.042735042735042694
4464,0.0008782201405151957,0.02533780295600363,-0.0064102564102564985,-0.014880952380952328,0.0,-0.016393442622950838,-0.008547008547008628
4465,-0.03688524590163944,-0.014014364992992245,-0.014716981132075535,0.040909090909090895,-0.0535714285714286,0.0491803278688524,0.0
4466,0.06996487119437944,0.05405555147692587,0.027876248791492086,0.09313725490196079,-0.0357142857142857,0.11475409836065575,0.042735042735042694
4467,0.05269320843091341,0.06573199680750141,-0.022370486656200894,0.0267857142857143,-0.0535714285714286,0.049180327868852514,0.0
4468,0.008782201405152179,0.021665180059692868,0.04281567489114668,0.02833333333333332,0.05357142857142849,0.016393442622950727,0.03418803418803418
4469,-0.008489461358313855,0.03407261231896419,-0.012673267326732685,-0.004040404040403955,-0.017857142857142794,0.0,-0.008547008547008628
4470,0.022833723653395865,0.07091950337309061,-0.012805122048819562,0.024844720496894346,-0.0357142857142857,0.032786885245901565,0.0
4471,-0.007318501170960223,-0.010793527388982871,0.011814494798095598,0.004313725490196041,0.017857142857142905,0.0,0.008547008547008628
4472,-0.0038056206088995514,0.018563661115013286,-0.01980198019801982,-0.022222222222222254,-0.017857142857142794,-0.016393442622950838,-0.017094017094017144
4473,0.00936768149882894,0.05463708947198953,0.06441374159820767,0.07845744680851063,0.0535714285714286,0.06557377049180335,0.05982905982905984
4474,0.03249414519906324,0.07587183220476224,0.052790346907994,0.07608695652173914,0.0357142857142857,0.06557377049180324,0.05128205128205132
4475,-0.0029274004683841337,-0.0016816319712107397,0.01063264221158966,-0.036970781156827726,0.0357142857142857,-0.032786885245901676,0.0
4476,-0.0032201405152223472,0.012418866760366076,0.04223075368761364,0.08095238095238089,0.017857142857142794,0.06557377049180335,0.042735042735042694
4477,-0.037177985948477765,0.0038241300919483745,-0.02197802197802201,-0.08333333333333337,0.017857142857142905,-0.08196721311475408,-0.03418803418803418
4478,-0.03747072599531631,-0.018319985856056875,-0.05586963751247087,-0.018457481872115933,-0.0714285714285714,0.0,-0.03418803418803418
4479,0.028981264637002235,0.06584725807258662,-0.025490196078431393,-0.008893280632411127,-0.0357142857142857,0.0,-0.017094017094017033
4480,0.08079625292740067,0.09455473389455427,0.09151206382774202,0.11914893617021283,0.07142857142857151,0.09836065573770492,0.0854700854700855
4481,0.03629976580796257,0.054858011556701336,-0.026732673267326645,-0.03989898989898988,-0.017857142857142905,-0.032786885245901565,-0.02564102564102566
4482,0.007611241217798437,0.05348657718833871,-0.022406492589978844,0.016116352201257844,-0.0535714285714286,0.032786885245901676,-0.008547008547008517
4483,0.041569086651053966,0.037647027590844595,-0.00288968213496521,0.034545454545454546,-0.0357142857142857,0.049180327868852514,0.008547008547008517
4484,0.03366510538641676,0.03845096391762981,0.05459963472075369,0.08132387706855793,0.0357142857142857,0.06557377049180335,0.05128205128205132
4485,0.06293911007025776,0.051136926692297635,0.03921568627450989,0.09030100334448166,0.0,0.09836065573770492,0.05128205128205132
4486,0.019613583138173407,0.021851629917338244,0.0392013189228797,0.06723404255319154,0.017857142857142794,0.06557377049180335,0.042735042735042694
4487,0.017857142857142905,0.06346237992919701,0.01978384319472437,0.04595744680851066,0.0,0.049180327868852514,0.02564102564102566
4488,0.02254098360655743,0.053265752024107105,0.03977591036414574,0.01996450754214729,0.05357142857142849,0.0,0.02564102564102566
4489,0.025175644028102906,0.04809378090581462,0.04983164983164978,0.06552706552706555,0.0357142857142857,0.06557377049180324,0.05128205128205121
4490,0.010538641686182793,0.01806470876970101,0.052260896192712014,0.017344173441734334,0.0714285714285714,0.0,0.03418803418803418
4491,-0.005562060889929832,-0.015842499873834126,0.03368794326241131,0.06315789473684219,0.017857142857142905,0.0491803278688524,0.03418803418803418
4492,0.016686182669789162,0.05138862229804564,0.0337254901960784,0.05731225296442688,0.017857142857142905,0.0491803278688524,0.03418803418803418
4493,0.03864168618266983,0.038178290186122066,0.039175257731958735,-0.03802008608321372,0.07142857142857145,-0.0491803278688524,0.008547008547008517
4494,0.02371194379391095,0.058056703519625,0.0007547169811321641,0.052727272727272734,-0.03571428571428581,0.06557377049180335,0.017094017094017033
4495,0.006147540983606481,0.024822181041212144,0.0292218824328917,0.021770682148040676,0.0357142857142857,0.016393442622950838,0.02564102564102555
4496,0.003512880562060894,0.03033043275975489,-0.005569306930693019,0.047222222222222165,-0.0357142857142857,0.0491803278688524,0.008547008547008517
4497,0.019613583138173185,0.09637212586933608,0.06707070707070706,0.08668076109936573,0.0535714285714286,0.06557377049180324,0.05982905982905984
4498,0.0014637002341920669,0.030500322328684937,-0.05570463588414909,-0.009150326797385588,-0.0892857142857143,0.016393442622950838,-0.03418803418803418
4499,-0.0032201405152225693,0.022310540751736774,-0.04517326732673266,0.002777777777777768,-0.0714285714285714,0.016393442622950838,-0.02564102564102566
4500,0.0,-0.003852188808045387,0.0,0.0,0.0,0.0,0.0
4501,0.0401053864168619,0.0532783638814871,0.0403004213225866,0.06978723404255316,0.017857142857142794,0.06557377049180324,0.042735042735042694
4502,-0.0023419203747072626,0.025680414909606375,0.0,0.0,0.0,0.0,0.0
4503,0.0474238875878219,0.04384017415719077,-0.005846298915605841,-0.039455782312925125,0.017857142857142794,-0.049180327868852514,-0.017094017094017033
4504,0.055913348946135866,0.07207750042802685,0.06933662667607621,0.11045597484276737,0.0357142857142857,0.11475409836065575,0.07692307692307698
4505,-0.022833723653395865,0.009308081770999288,-0.06925323320817689,0.0022883295194507935,-0.1071428571428571,0.032786885245901565,-0.03418803418803418
4506,0.004683840749414525,0.05248864521157692,-0.011456628477905073,0.09210526315789469,-0.07142857142857151,0.09836065573770492,0.017094017094017144
4507,0.004683840749414525,0.048190931604332965,-0.10843941537010837,-0.08299319727891163,-0.125,-0.0491803278688524,-0.0854700854700855
4508,0.012295081967213184,0.0186714142963752,0.01941747572815533,0.021276595744680882,0.017857142857142794,0.016393442622950838,0.017094017094017033
4509,0.021077283372365252,0.03947014994475573,0.031090723751274196,0.02576197387518142,0.0357142857142857,0.016393442622950838,0.02564102564102555
4510,0.050936768149882905,0.0626126509491799,0.06484177829547655,0.0801932367149758,0.0535714285714286,0.06557377049180324,0.05982905982905984
4511,0.02517564402810324,0.04666081818874035,0.047684391080617505,0.0822222222222222,0.017857142857142905,0.08196721311475408,0.05128205128205132
4512,0.02751756440281039,0.06055026976824751,0.0,0.0,0.0,0.0,0.0
4513,0.0427400468384076,0.030060554044125665,0.018993736108304682,-0.00952380952380949,0.03571428571428581,-0.016393442622950838,0.008547008547008517
4514,0.026053864168618324,-0.0012724595575649422,0.029966703662597016,-0.00260869565217392,0.05357142857142849,-0.016393442622950838,0.017094017094017033
4515,0.004976580796253072,0.05032983718630735,0.005442670537010086,-0.010833333333333361,0.017857142857142905,-0.016393442622950838,0.0
4516,0.05532786885245922,0.04207943010707538,0.006406523005241693,0.01594202898550723,0.0,0.016393442622950838,0.008547008547008517
4517,-0.02429742388758782,0.03510625790872823,0.03940189937361083,0.014285714285714346,0.0535714285714286,0.0,0.02564102564102566
4518,0.0374707259953162,0.07609207325881762,0.026138909634055296,0.037234042553191515,0.017857142857142794,0.032786885245901676,0.02564102564102566
4519,0.04683840749414514,0.0498387713300501,0.03428571428571425,0.08348794063079779,0.0,0.08196721311475408,0.042735042735042694
4520,0.006147540983606703,0.047828093290488205,0.001465469866275937,0.027234042553191506,-0.017857142857142905,0.032786885245901676,0.008547008547008517
4521,0.0286885245901638,0.039319490452932926,0.02952460383653044,0.02271139063591887,0.03571428571428581,0.016393442622950838,0.02564102564102555
4522,0.0927985948477752,0.12973641200789054,0.1058046814713195,0.12467628560858313,0.08928571428571419,0.11475409836065575,0.10256410256410253
4523,0.011416861826697655,0.045057416500558944,0.045346534653465276,0.05909090909090908,0.035714285714285754,0.0491803278688524,0.042735042735042805
4524,0.029566744730679217,0.007624666814212699,0.02758370383812725,0.063412599082186,0.0,0.06557377049180324,0.03418803418803418
4525,0.03132318501170961,0.06727475769453461,0.013061224489795853,0.03463203463203457,0.0,0.032786885245901676,0.017094017094017144
4526,-0.005269320843091396,0.02388077415052514,-0.006122448979591799,0.01406926406926412,-0.017857142857142905,0.016393442622950838,0.0
4527,-0.005562060889929943,0.03871011786297851,0.008109382366808027,0.044897959183673564,-0.017857142857142794,0.0491803278688524,0.017094017094017033
4528,0.026639344262295084,0.01907611451006641,0.06267806267806264,0.09615384615384615,0.03571428571428581,0.09836065573770492,0.06837606837606836
4529,0.007903981264637205,-0.009976875316497824,0.0627721335268504,0.0508333333333334,0.0714285714285714,0.032786885245901676,0.05128205128205121
4530,0.017271662763466256,0.01986942353749588,0.06884377758164162,0.03513112320633349,0.08928571428571419,0.016393442622950838,0.05128205128205121
4531,0.003512880562061005,0.008151286803016022,-0.06996336996336994,-0.06717687074829926,-0.07142857142857151,-0.049180327868852514,-0.05982905982905984
4532,0.011416861826697988,0.1213594458638304,0.014170224361885642,0.07966457023060802,-0.0357142857142857,0.09836065573770492,0.03418803418803429
4533,0.021662763466042234,0.0030987089963069314,-0.04123711340206182,-0.04878048780487809,-0.0357142857142857,-0.032786885245901676,-0.03418803418803418
4534,0.010245901639344357,0.019583004795967085,0.008172043010752694,0.0921375921375922,-0.0357142857142857,0.08196721311475408,0.02564102564102566
4535,0.07318501170960201,0.09617150031543742,0.038938053097345215,0.060428849902534054,0.017857142857142794,0.06557377049180335,0.042735042735042694
4536,0.004683840749414525,0.010344282934879656,-0.014615384615384586,0.017045454545454586,-0.0357142857142857,0.032786885245901676,0.0
4537,0.00995316159250581,0.05247129630758518,-0.017864077669902945,0.009671179883945946,-0.0357142857142857,0.016393442622950838,-0.008547008547008628
4538,0.004976580796252961,0.038933502441992784,-0.031534263189812006,0.006362672322375418,-0.05357142857142855,0.032786885245901565,-0.008547008547008628
4539,0.036007025761124134,0.05681628792157656,0.040909090909090895,0.09027777777777779,0.0,0.09836065573770492,0.05128205128205132
4540,0.018442622950819665,0.07552240880884131,0.024893917963224932,0.05986394557823127,0.0,0.06557377049180324,0.03418803418803418
4541,-0.019613583138173407,-0.0006295497418473683,-0.00040036032429191515,0.057083549558899827,-0.0357142857142857,0.06557377049180324,0.017094017094017144
4542,0.024590163934426146,0.11174833603271594,0.006700758243695981,0.014901960784313717,0.0,0.016393442622950838,0.008547008547008517
4543,-0.014344262295081789,0.047568347410725687,-0.004317111459968603,0.044642857142857095,-0.0357142857142857,0.06557377049180324,0.017094017094017033
4544,0.0696721311475409,0.05690122491705185,0.07202111613876316,0.0969202898550725,0.0535714285714286,0.08196721311475408,0.06837606837606836
4545,0.042740046838407486,0.04754788209819505,-0.0032051282051281937,0.07916666666666661,-0.0535714285714286,0.08196721311475408,0.017094017094017033
4546,-0.027810304449648715,-0.015068264808589471,0.013193156050298915,0.0044296788482834915,0.017857142857142905,0.0,0.008547008547008517
4547,-0.013466042154566593,0.05592747869302128,0.05573827245975427,0.0369811320754716,0.07142857142857151,0.016393442622950727,0.042735042735042694
4548,-0.014051522248243686,0.01957781930307967,0.028140013726835944,0.04765291607396871,0.017857142857142794,0.032786885245901676,0.02564102564102566
4549,0.037177985948477765,0.038069018185594494,0.05357784969435453,0.09901800327332244,0.017857142857142794,0.09836065573770492,0.05982905982905984
4550,0.06440281030444961,0.05473426657812852,0.09782359679266894,0.025107604017216678,0.125,0.0,0.05982905982905984
4551,0.046545667447306704,0.0918291239259712,0.025724051088325206,0.08162428219852347,-0.017857142857142905,0.09836065573770492,0.042735042735042694
4552,0.058548009367681564,0.07246246909782228,0.04720676149247571,0.06478405315614622,0.0357142857142857,0.0491803278688524,0.042735042735042694
4553,0.04596018735362983,0.07376820646784887,0.04233870967741937,0.0141891891891891,0.0535714285714286,0.0,0.02564102564102566
4554,0.027224824355971955,0.025803557553753742,0.0012580877066858953,0.02573529411764708,-0.017857142857142905,0.032786885245901676,0.008547008547008517
4555,0.032786885245901454,0.0064329223240743305,0.050912327547841585,0.06962785114045611,0.0357142857142857,0.06557377049180335,0.05128205128205132
4556,0.022833723653395865,0.028692010950716162,0.03181818181818186,-0.01620370370370372,0.07142857142857151,-0.032786885245901565,0.017094017094017033
4557,0.007025761124121788,0.02485122834244391,0.0008082440897151377,0.031746031746031744,-0.017857142857142905,0.032786885245901565,0.008547008547008517
4558,0.002049180327868938,0.030554026551687596,0.0,0.0,0.0,0.0,0.0
4559,0.015222482435597207,0.020610965157963124,0.03068241932639748,0.02431372549019606,0.0357142857142857,0.016393442622950838,0.02564102564102566
4560,0.05503512880562067,0.07634996175792852,0.08552188552188555,0.10113960113960108,0.07142857142857151,0.09836065573770492,0.08547008547008539
4561,0.03805620608899274,0.07077421339475898,0.01869158878504673,0.019607843137254943,0.017857142857142905,0.016393442622950838,0.017094017094017144
4562,0.04127634660421553,0.05460523116118887,0.03402864558300489,0.05721040189125293,0.017857142857142905,0.0491803278688524,0.03418803418803418
4563,-0.017857142857142905,0.04005169194619296,-0.013692858647566974,0.06023391812865497,-0.05357142857142849,0.06557377049180324,0.008547008547008517
4564,0.017857142857143016,0.0146284591600776,0.006795786612300292,0.014513788098693747,0.0,0.016393442622950838,0.008547008547008517
4565,0.036592505854800894,0.02615512459037661,-0.07954901346695897,0.006325474410580734,-0.12499999999999994,0.049180327868852514,-0.03418803418803418
4566,0.036007025761124356,0.0672937666195993,0.0010582010582010914,0.024332810047095754,-0.017857142857142905,0.032786885245901676,0.008547008547008628
4567,0.04303278688524581,0.04786734309532026,0.0,0.0,0.0,0.0,0.0
4568,0.049765807962529274,0.09397729113268305,0.11061783203847575,0.0895652173913043,0.125,0.0491803278688524,0.0854700854700855
4569,0.030152224824355978,0.05895637718250013,0.012944983818770295,0.05237315875613746,-0.017857142857142905,0.06557377049180324,0.02564102564102566
4570,0.03425058548009374,0.07895208262439679,0.03242088914773833,0.02657004830917875,0.0357142857142857,0.016393442622950727,0.02564102564102555
4571,0.029274004683840893,0.0615040489374048,0.08769092542677448,0.08489795918367349,0.0892857142857143,0.06557377049180324,0.07692307692307687
4572,0.021077283372365252,0.09749870428986207,0.08333333333333337,0.09999999999999998,0.0714285714285714,0.06557377049180324,0.06837606837606836
4573,-0.004976580796252961,0.004991611589575173,0.0,0.0,0.0,0.0,0.0
4574,0.02576112412178,0.06884222385649064,0.02545787545787548,0.03528911564625847,0.017857142857142905,0.032786885245901676,0.02564102564102566
4575,0.04156908665105363,0.06350522865590658,0.088023088023088,0.11240310077519389,0.0714285714285714,0.08196721311475408,0.07692307692307687
4576,0.032786885245901565,0.03445075267344411,-0.036414565826330514,-0.011978704525288375,-0.0535714285714286,0.0,-0.02564102564102566
4577,0.022248243559719105,0.02197659523800566,-0.02083333333333337,-0.057558139534883646,0.0,-0.0491803278688524,-0.02564102564102566
4578,0.046545667447306815,0.07421650065580832,0.019061719256037835,0.06928104575163396,-0.017857142857142905,0.08196721311475408,0.03418803418803418
4579,0.032201405152224805,0.04089232185651548,-0.019599919175591007,0.007936507936507908,-0.0357142857142857,0.016393442622950727,-0.008547008547008628
4580,0.04098360655737687,0.03803792534233574,0.026052974381241878,0.07518796992481203,0.0,0.06557377049180324,0.03418803418803418
4581,0.019028103044496425,0.03109006919423707,0.0006313131313131493,-0.030813953488372126,0.017857142857142794,-0.032786885245901565,-0.008547008547008628
4582,0.0632318501170962,0.06246933302354496,0.037352245862884104,-0.007739938080495334,0.0535714285714286,-0.016393442622950838,0.017094017094017033
4583,0.02488290398126458,0.014268550763588683,0.008041580857114816,0.04799604156358239,-0.017857142857142905,0.0491803278688524,0.017094017094017033
4584,-0.0043911007025759785,0.03881410184898115,0.010642135642135675,0.11752491694352163,-0.0714285714285714,0.14754098360655732,0.042735042735042694
4585,-0.014344262295082011,0.023868372694468398,0.0315018315018315,0.025510204081632626,0.0357142857142857,0.016393442622950838,0.02564102564102566
4586,0.015807962529273967,0.038981538583693354,-0.007883565797453085,0.03870625662778371,-0.0357142857142857,0.049180327868852514,0.008547008547008517
4587,0.03629976580796268,0.06348294365501261,0.01978384319472437,0.04595744680851066,0.0,0.049180327868852514,0.02564102564102566
4588,0.01639344262295095,0.02727070625790906,0.0,0.0,0.0,0.0,0.0
4589,-0.011416861826697766,-0.0035589714439397957,-0.04461294304355501,-0.05529411764705883,-0.0357142857142857,-0.0491803278688524,-0.042735042735042694
4590,0.03425058548009363,0.0664222060901768,0.04408393581378944,0.05411764705882349,0.0357142857142857,0.049180327868852514,0.042735042735042805
4591,0.012587822014051508,0.034468508349740024,-0.013944954128440434,0.0634648370497427,-0.0714285714285714,0.08196721311475408,0.008547008547008517
4592,0.03454332552693207,0.03700301031023856,0.009618001996189118,0.0454735085523571,-0.017857142857142905,0.0491803278688524,0.017094017094017033
4593,0.026639344262295084,0.047657971987110526,0.03712871287128716,0.012499999999999956,0.05357142857142849,0.0,0.02564102564102566
4594,-0.012002341920374748,0.01015788712770127,-0.01692466460268316,0.047937569676700154,-0.05357142857142849,0.06557377049180335,0.008547008547008517
4595,0.049765807962529385,0.07236070921336935,0.032362459546925626,0.05167173252279633,0.017857142857142905,0.049180327868852514,0.03418803418803429
4596,0.05503512880562056,0.05071987496414976,0.0696264744429882,0.04885444743935308,0.0892857142857143,0.032786885245901676,0.05982905982905984
4597,0.030444964871194524,0.01823928569396227,-0.03980986333927505,-0.016683518705763456,-0.0535714285714286,0.0,-0.02564102564102566
4598,0.031030444964871173,0.0578633513709349,0.005922087535856435,0.06274509803921569,-0.0357142857142857,0.06557377049180324,0.017094017094017144
4599,0.03454332552693218,0.09174886797733628,-0.04320666319625188,0.03318077803203656,-0.1071428571428571,0.08196721311475408,-0.008547008547008517
4600,0.02429742388758771,0.043326037614495494,0.05598845598845603,0.0052206929283341585,0.0892857142857143,-0.016393442622950727,0.03418803418803418
4601,-0.03454332552693218,0.0048127955864998295,-0.06279717986555178,-0.015889114266396276,-0.1071428571428572,0.016393442622950838,-0.042735042735042694
4602,-0.021662763466042234,-0.006322652031388265,0.0008773853915331475,-0.033376123234916566,0.017857142857142905,-0.032786885245901565,-0.008547008547008628
4603,0.04156908665105408,0.0761790828636224,0.016626190920978945,0.06444444444444442,-0.017857142857142794,0.06557377049180324,0.02564102564102566
4604,0.030444964871194302,0.03710447849905407,-0.014838709677419404,0.060810810810810856,-0.0535714285714286,0.06557377049180324,0.008547008547008517
4605,0.037763466042154525,0.09149201916613714,0.051624388072986194,0.07122849139655862,0.0357142857142857,0.06557377049180324,0.05128205128205121
4606,0.0017564402810302804,0.03632920629648362,-0.0830469644902635,0.0060975609756097615,-0.1428571428571428,0.049180327868852514,-0.042735042735042805
4607,0.033372365339578436,0.07648797907640259,0.04390420899854852,0.03083333333333338,0.0535714285714286,0.016393442622950838,0.03418803418803418
4608,0.031030444964871395,0.018631452477533617,-0.024410540915395296,-0.008684324793747256,-0.0357142857142857,0.0,-0.017094017094017144
4609,0.026053864168618213,0.0853069540260849,0.07306930693069302,0.0732323232323232,0.0714285714285714,0.049180327868852514,0.05982905982905984
4610,0.029859484777517542,0.05945459171420653,-0.016642089740888988,0.05204678362573101,-0.05357142857142849,0.06557377049180324,0.008547008547008517
4611,0.008782201405152179,0.023964824819424524,0.0004168837936424641,0.06495726495726495,-0.0357142857142857,0.06557377049180324,0.017094017094017144
4612,0.027810304449648604,0.07087444401627252,-0.01883830455259028,0.0357142857142857,-0.0535714285714286,0.0491803278688524,0.0
4613,0.024590163934426257,0.05614865044553663,0.043740573152337925,0.02898550724637683,0.0535714285714286,0.016393442622950838,0.03418803418803418
4614,-0.011124121779859553,-0.0032673100328923788,0.0,0.0,0.0,0.0,0.0
4615,0.06352459016393452,0.09191246031234312,0.031463502337288785,0.07160392798690662,0.0,0.08196721311475408,0.042735042735042694
4616,0.05005854800936771,0.05342329547103308,0.06314140227183707,0.03790446841294293,0.0892857142857143,0.016393442622950838,0.05128205128205132
4617,0.005269320843091285,0.01699694868394097,0.0,0.0,0.0,0.0,0.0
4618,0.08694379391100704,0.10469326379807498,0.09968847352024923,0.178921568627451,0.017857142857142794,0.2295081967213115,0.1282051282051282
4619,0.046545667447306704,0.08281682368947607,0.02758370383812725,0.063412599082186,0.0,0.06557377049180324,0.03418803418803418
4620,0.04771662763466056,0.08161936835564587,-0.025072150072150023,0.08181063122923593,-0.1071428571428571,0.11475409836065575,0.008547008547008517
4621,0.014637002341920446,0.016655933222057828,-0.0031702001188824713,0.04863221884498481,-0.0357142857142857,0.049180327868852514,0.008547008547008517
4622,0.014051522248243575,0.013465024804811265,0.013842160915120583,0.03404255319148941,0.0,0.032786885245901565,0.017094017094017033
4623,0.002634660421545587,0.014866900745360567,-0.030997304582210172,0.014285714285714346,-0.0714285714285714,0.032786885245901676,-0.017094017094017033
4624,0.0784543325526933,0.12307916845712186,0.10604890604890604,0.06307977736549175,0.1428571428571429,0.032786885245901676,0.08547008547008539
4625,-0.03190866510538659,0.01247139449540735,0.09888039020064288,0.07251153592616999,0.1071428571428571,0.032786885245901676,0.06837606837606836
4626,0.024004683840749386,0.05474541752022022,0.0049930651872399645,-0.012592270950933515,0.017857142857142794,-0.016393442622950727,0.0
4627,0.024004683840749386,0.06736467682530167,-0.0043290043290042934,0.03287981859410427,-0.0357142857142857,0.049180327868852514,0.008547008547008628
4628,0.055913348946135866,0.10104203416941504,0.05217391304347829,0.05084745762711862,0.0535714285714286,0.0491803278688524,0.05128205128205121
4629,0.0143442622950819,0.04571745757583956,0.05469967110957252,0.03471698113207555,0.0714285714285714,0.016393442622950838,0.042735042735042694
4630,0.05064402810304447,0.06553757400240323,0.03172905525846703,0.09420289855072472,-0.017857142857142905,0.11475409836065575,0.05128205128205121
4631,0.009660421545667375,0.043126450448274234,0.09375306462685107,0.07026224641266698,0.1071428571428571,0.032786885245901676,0.06837606837606836
4632,0.07435597189695531,0.032104405978766404,0.03980986333927505,0.07330637007077856,0.017857142857142794,0.06557377049180324,0.042735042735042805
4633,0.016686182669789273,0.075744505249984,-0.09214046822742472,-0.01659604519774016,-0.1607142857142857,0.032786885245901676,-0.05982905982905984
4634,0.08284543325526916,0.11036069438351159,0.03340334033403336,0.05736434108527133,0.017857142857142794,0.0491803278688524,0.03418803418803429
4635,0.057669789227166146,0.07252544620083745,0.030858755069652632,0.024705882352941133,0.0357142857142857,0.016393442622950838,0.02564102564102566
4636,0.04800936768149888,0.08046323119282894,0.05215686274509812,0.07608695652173914,0.0357142857142857,0.06557377049180335,0.05128205128205132
4637,0.02429742388758782,0.02951734300062958,-0.03172425619480401,-0.047724750277469474,-0.017857142857142794,-0.049180327868852514,-0.03418803418803418
4638,-0.0008782201405153067,0.006702126995108304,-0.0570130138401157,0.033594624860022404,-0.1071428571428572,0.049180327868852514,-0.02564102564102566
4639,-0.008489461358313855,-0.0008828511714620291,-0.028368794326241065,-0.010526315789473717,-0.0357142857142857,0.0,-0.017094017094017033
4640,0.03981264637002335,0.07235264363478788,0.06510565391205025,0.08048103607770585,0.0535714285714286,0.06557377049180335,0.05982905982905984
4641,0.03307962529274011,0.04760909847847872,-0.015451472718493564,0.12385099177552006,-0.1071428571428571,0.1311475409836066,0.017094017094017033
4642,0.013466042154566593,0.037879956398476966,-0.0058005800580057665,0.013953488372092981,-0.017857142857142905,0.016393442622950838,0.0
4643,0.05884074941451989,0.0817259978590894,0.0755755755755756,0.09965034965034958,0.0535714285714286,0.09836065573770492,0.07692307692307687
4644,0.019028103044496647,0.029203863236955896,0.0,0.028311425682507663,-0.017857142857142794,0.032786885245901676,0.008547008547008517
4645,0.03512880562060894,0.06458947423398109,0.049360312131385475,0.020025031289111372,0.0714285714285714,0.0,0.03418803418803418
4646,0.016393442622950616,0.022311803748207848,-0.011098779134295134,0.022608695652173938,-0.0357142857142857,0.032786885245901676,0.0
4647,0.032786885245901565,0.051469590394794595,0.0880503144654089,0.032558139534883734,0.125,0.0,0.05982905982905984
4648,0.019613583138173296,0.03665876542893931,0.03175789277040919,0.07555555555555549,0.0,0.08196721311475408,0.042735042735042694
4649,0.021370023419203577,0.025234035097369767,-0.012230634828188647,-0.0033816425120772875,-0.017857142857142794,0.0,-0.008547008547008517
4650,0.004098360655737765,0.02065662221755271,0.03540354035403537,0.06253229974160202,0.017857142857142794,0.049180327868852514,0.03418803418803418
4651,-0.005854800936768378,0.021314516990902588,0.01896821261073478,0.08376068376068369,-0.017857142857142794,0.08196721311475408,0.03418803418803418
4652,0.032201405152224805,0.03437250466106112,0.03180592991913744,0.026530612244897944,0.0357142857142857,0.016393442622950727,0.02564102564102566
4653,0.07055035128805609,0.09499167188635671,0.03862433862433856,0.06397174254317106,0.017857142857142905,0.06557377049180335,0.042735042735042694
4654,0.09601873536299721,0.12783624570488117,0.044910441240716414,0.07739699653446286,0.017857142857142905,0.08196721311475408,0.05128205128205132
4655,0.00029274004683832455,0.008094367961690385,-0.019051042415528352,0.002450980392156854,-0.03571428571428581,0.016393442622950838,-0.008547008547008517
4656,-0.005854800936768267,0.026553338063597165,0.03205128205128205,0.05163043478260865,0.017857142857142794,0.049180327868852514,0.03418803418803418
4657,0.02868852459016369,0.04116300922011262,0.06676860346585123,0.061320754716981174,0.07142857142857151,0.049180327868852514,0.05982905982905984
4658,-0.00497658079625285,-0.001965885563184888,-0.03921568627450989,0.017391304347826098,-0.07142857142857151,0.032786885245901565,-0.017094017094017144
4659,0.00761124121779877,0.025916013529366233,-0.011814494798095598,-0.004313725490196041,-0.017857142857142905,0.0,-0.008547008547008628
4660,0.0038056206088994404,-0.008263901543549279,-0.07038834951456308,-0.06781914893617025,-0.0714285714285714,-0.0491803278688524,-0.05982905982905984
4661,-0.014051522248243575,0.0003857023957906103,-0.037919032789888174,-0.01659574468085101,-0.0535714285714286,0.0,-0.02564102564102566
4662,0.05415690866510536,0.09322025231708886,0.03702372393961184,0.06127450980392157,0.017857142857142794,0.06557377049180324,0.042735042735042694
4663,0.0043911007025760895,0.018590785848966895,0.005787901418969343,0.013741134751772965,0.0,0.016393442622950838,0.008547008547008517
4664,0.055327868852458995,0.06993574885823517,0.04400271831464486,0.05333817126269946,0.03571428571428581,0.0491803278688524,0.042735042735042694
4665,0.05064402810304447,0.02451615761452719,0.06806559689649094,0.06352941176470583,0.0714285714285714,0.0491803278688524,0.05982905982905984
4666,0.029859484777517542,0.053980371530141014,0.012820512820512775,0.030797101449275277,0.0,0.032786885245901676,0.017094017094017144
4667,0.06323185011709598,0.05969779939203601,0.019607843137254943,0.021739130434782705,0.017857142857142905,0.016393442622950838,0.017094017094017033
4668,0.007318501170960223,0.010860421594885317,0.047007426823940546,0.08201771274547554,0.017857142857142794,0.08196721311475408,0.05128205128205132
4669,-0.006733021077283463,-0.012097731514354892,0.0056776556776556575,0.013180272108843538,0.0,0.016393442622950838,0.008547008547008628
4670,0.032786885245901676,0.043675469634218644,0.04408393581378944,0.05411764705882349,0.0357142857142857,0.049180327868852514,0.042735042735042805
4671,0.06820843091334883,0.05582173921010669,0.028721682847896446,0.10531914893617023,-0.017857142857142905,0.09836065573770492,0.042735042735042694
4672,0.012587822014051508,0.049835002379401416,-0.011840411840411846,0.03673469387755102,-0.0535714285714286,0.0491803278688524,0.0
4673,-0.0008782201405151957,0.024195305730305372,-0.03491582791484815,0.011240465676435107,-0.0714285714285714,0.032786885245901676,-0.017094017094017033
4674,0.0313231850117095,0.10216911205297541,-0.005314275242807365,0.035379369138960004,-0.0357142857142857,0.049180327868852514,0.008547008547008517
4675,0.0017564402810303914,0.003716522547177248,-0.047453393988047377,0.028282828282828243,-0.1071428571428572,0.06557377049180335,-0.017094017094017144
4676,-0.009074941451990726,0.02457693159060903,-0.04653902798232701,0.021403683424589315,-0.0892857142857143,0.049180327868852514,-0.017094017094017144
4677,0.03629976580796246,0.11111354750469782,-0.024349533627884168,0.04977600796416137,-0.0714285714285714,0.06557377049180324,0.0
4678,0.07640515222482436,0.11260260990872539,-0.0012580877066858953,-0.02573529411764708,0.017857142857142905,-0.032786885245901676,-0.008547008547008517
4679,0.02429742388758782,0.01727711914559027,0.0,0.0,0.0,0.0,0.0
4680,0.04976580796252916,0.07271917402824202,0.025314305130818893,0.03374455732946291,0.017857142857142794,0.032786885245901676,0.02564102564102566
4681,0.012880562060889833,0.04129630257528538,-0.0194464047675057,0.03093102381688828,-0.07142857142857151,0.06557377049180324,0.0
4682,-0.016100702576112513,0.009374736613597445,0.009250693802035248,-0.011695906432748537,0.01785714285714285,-0.016393442622950838,0.0
4683,-0.0029274004683840227,0.0029946429005779374,-0.04371380534279834,-0.004444444444444473,-0.07142857142857151,0.016393442622950838,-0.02564102564102566
4684,0.01317330210772838,0.02818007886471463,0.0336441411131404,0.056264775413711554,0.017857142857142794,0.0491803278688524,0.03418803418803418
4685,0.01756440281030447,0.04426867532889833,0.06744818212708126,0.0627721335268504,0.0714285714285714,0.0491803278688524,0.05982905982905984
4686,0.01551522248243542,0.05009266893735642,0.02608033504663998,0.03746530989824237,0.017857142857142905,0.032786885245901676,0.02564102564102566
4687,-0.021077283372365474,0.003919659053082669,-0.008879023307436285,0.02782608695652178,-0.0357142857142857,0.032786885245901676,0.0
4688,0.02751756440281028,0.03333377419471417,0.014017728303442611,0.006644518272425182,0.017857142857142905,0.0,0.008547008547008517
4689,0.04508196721311486,0.05432637670574603,0.05929919137466311,0.10571428571428565,0.017857142857142794,0.11475409836065564,0.06837606837606836
4690,0.014637002341920446,0.05619157431178701,0.029183049366535596,-0.0003850596842509546,0.0535714285714286,-0.016393442622950838,0.017094017094017033
4691,0.02693208430913341,0.04910465606527803,-0.02619047619047621,0.025510204081632626,-0.0714285714285714,0.049180327868852514,-0.008547008547008517
4692,0.07699063231850123,0.08987973627526757,0.04815434903930471,0.06060606060606066,0.0357142857142857,0.06557377049180324,0.05128205128205132
4693,0.014051522248243353,0.02161795899355745,0.03337783711615483,0.07002801120448177,0.0,0.08196721311475408,0.042735042735042805
4694,0.08577283372365341,0.09976521811176786,0.024566088117489948,0.010404161664665845,0.0357142857142857,0.0,0.017094017094017144
4695,0.07611241217798592,0.09854328003385815,0.09017923823749074,0.08998226950354615,0.0892857142857143,0.06557377049180335,0.07692307692307698
4696,0.050351288056206145,0.10845142188556023,0.010067386538929912,-0.01655081098973843,0.0357142857142857,-0.032786885245901565,0.0
4697,0.03922716627634659,0.0195900721610498,0.013890396093326096,0.04002501563477168,0.0,0.032786885245901676,0.017094017094017144
4698,0.022833723653395865,0.04422275421817701,0.006116207951070263,0.03504043126684642,-0.017857142857142905,0.0491803278688524,0.017094017094017033
4699,0.046545667447306815,0.06202292356327188,0.007614696363982487,0.018501387604070274,0.0,0.016393442622950838,0.008547008547008517
4700,0.011709601873536424,0.023772226029134758,0.045816346340516456,0.05990338164251208,0.0357142857142857,0.049180327868852514,0.042735042735042694
4701,0.015222482435597096,0.021725954279633752,-0.02020202020202022,0.009302325581395432,-0.0357142857142857,0.016393442622950838,-0.008547008547008628
4702,0.005269320843091396,-0.003509010370118748,-0.01980198019801982,-0.022222222222222254,-0.017857142857142905,-0.016393442622950838,-0.017094017094017033
4703,0.026639344262294973,0.014645795095349246,0.040836753077769905,0.10586403736377781,0.0,0.09836065573770492,0.05128205128205132
4704,-0.03190866510538648,-0.022423481837850368,-0.0016018306636155222,-0.04487179487179482,0.017857142857142794,-0.032786885245901565,-0.008547008547008517
4705,-0.0017564402810302804,0.010682324159449141,0.05516705516705522,0.11046511627906974,0.017857142857142794,0.09836065573770492,0.05982905982905984
4706,-0.04800936768149877,-0.01636087927641816,0.007162235485621227,-0.014383989993746016,0.017857142857142794,-0.016393442622950838,0.0
4707,0.028688524590164022,0.03812502676927876,0.01624649859943983,-0.011091393078970668,0.0357142857142857,-0.016393442622950838,0.008547008547008628
4708,-0.006733021077283241,0.014241608281898466,0.019013666072489666,-0.008088978766430666,0.03571428571428581,-0.016393442622950727,0.008547008547008517
4709,0.05064402810304447,0.03754137541405611,0.014117647058823457,0.035573122529644285,0.0,0.032786885245901565,0.017094017094017033
4710,0.017271662763466034,0.02029942915858174,0.015294117647058902,0.038537549407114624,0.0,0.032786885245901676,0.017094017094017144
4711,0.035421545667447374,0.09668228975031401,0.02777777777777779,0.05769230769230771,0.0,0.06557377049180335,0.03418803418803418
4712,0.0392271662763467,0.06575523040246534,0.03756613756613758,0.06161695447409732,0.017857142857142905,0.06557377049180324,0.042735042735042694
4713,-0.04127634660421553,-0.030387206420228408,-0.0819131390874106,-0.04731457800511507,-0.1071428571428571,-0.016393442622950838,-0.05982905982905984
4714,0.050351288056206034,0.08578733330383204,0.045574986751457325,0.12411067193675884,-0.017857142857142794,0.1311475409836066,0.05982905982905984
4715,-0.0231264637002343,-0.007149023269039212,0.013254786450662803,0.004065040650406582,0.017857142857142905,0.0,0.008547008547008517
4716,0.026639344262295084,0.042051778197881085,0.02450980392156865,0.008152173913043459,0.0357142857142857,0.0,0.017094017094017144
4717,0.055327868852458884,0.08259307645247882,-0.0037019153388057058,0.028952504879635632,-0.0357142857142857,0.0491803278688524,0.008547008547008628
4718,0.045960187353630055,0.055764179449827256,0.01648258283772308,-0.005446623093681824,0.0357142857142857,-0.016393442622950838,0.008547008547008517
4719,0.01053864168618246,0.02543648200201687,-0.025559738458490244,0.019756838905775065,-0.0535714285714286,0.032786885245901565,-0.008547008547008628
4720,0.05386416861826704,0.08527317004025159,0.01851851851851849,0.019230769230769273,0.017857142857142905,0.016393442622950838,0.017094017094017144
4721,0.04800936768149888,0.07921529041268838,-0.033333333333333326,0.042383292383292415,-0.0714285714285714,0.049180327868852514,-0.008547008547008517
4722,0.04010538641686179,0.07415802403551086,0.07999999999999996,0.09090909090909094,0.07142857142857151,0.06557377049180324,0.06837606837606836
4723,0.004976580796252961,0.028250870059153388,-0.01904761904761909,-0.020408163265306145,-0.017857142857142794,-0.016393442622950838,-0.017094017094017144
4724,0.012295081967212962,0.004306365120080757,0.02802947927993238,0.09500409500409501,0.0,0.06557377049180335,0.03418803418803429
4725,0.05766978922716626,0.08783149338611507,-0.031211426556162936,-0.025490196078431393,-0.0357142857142857,-0.016393442622950838,-0.02564102564102566
4726,0.026346604215456648,0.026682405339931714,0.05120772946859897,0.03594771241830064,0.05357142857142849,0.016393442622950838,0.03418803418803418
4727,0.002049180327868827,0.008933075635774057,-0.008826125330979706,0.046493301812450816,-0.0535714285714286,0.06557377049180335,0.008547008547008517
4728,-0.02429742388758771,-0.008545337220357885,-0.006472491909385036,-0.015726179463459666,0.0,-0.016393442622950838,-0.008547008547008628
4729,0.04683840749414503,0.09591318301918206,0.06184486373165621,0.050000000000000044,0.0714285714285714,0.032786885245901676,0.05128205128205132
4730,0.035421545667447374,0.07090215877590234,0.022875816993464082,0.07608695652173914,-0.017857142857142794,0.08196721311475408,0.03418803418803418
4731,0.002634660421545698,0.0320838059239168,-0.01256424900057107,-0.0046253469010175685,-0.017857142857142794,0.0,-0.008547008547008517
4732,-0.016100702576112402,-0.012519882928160087,-0.0682419326397461,-0.06392156862745102,-0.0714285714285714,-0.049180327868852514,-0.05982905982905984
4733,0.0038056206088993294,0.015287626693771372,-0.032226752086973454,-0.02608695652173909,-0.0357142857142857,-0.016393442622950838,-0.02564102564102566
4734,0.011709601873536202,0.060883502262121136,-0.02020202020202011,0.029900332225913595,-0.0535714285714286,0.049180327868852514,0.0
4735,0.01375878220140525,0.02983817181920312,0.005805515239477477,-0.010000000000000009,0.017857142857142794,-0.016393442622950838,0.0
4736,-0.007025761124121788,0.003972318303838485,0.006286102616377853,0.013425253991291797,0.0,0.016393442622950727,0.008547008547008628
4737,0.04186182669789229,0.05374481285090116,0.02239289349495699,0.0771241830065359,-0.017857142857142905,0.08196721311475408,0.03418803418803418
4738,-0.015515222482435642,-0.013964089815039271,-0.017676767676767624,0.016279069767441867,-0.0357142857142857,0.016393442622950838,-0.008547008547008628
4739,0.05708430913348961,0.029905891311811206,0.0,0.0,0.0,0.0,0.0
4740,0.034543325526931956,0.018527492548836677,-0.04040404040404044,-0.046511627906976716,-0.0357142857142857,-0.032786885245901565,-0.03418803418803418
4741,0.020199063231849945,0.036979650349757365,0.04478927878681016,0.0556862745098039,0.0357142857142857,0.0491803278688524,0.042735042735042694
4742,0.04800936768149877,0.041117154176755544,0.06023166023166027,0.10946196660482377,0.017857142857142794,0.11475409836065575,0.06837606837606836
4743,0.012880562060889944,0.028926476785625543,0.021432496794284717,0.04978723404255314,0.0,0.0491803278688524,0.02564102564102566
4744,0.00878220140515229,0.0369968863148461,0.031864708500222605,0.049219687875149964,0.017857142857142794,0.049180327868852514,0.03418803418803429
4745,0.021077283372365252,0.06335688986436083,-0.0563114134542706,0.017399267399267337,-0.1071428571428571,0.06557377049180324,-0.017094017094017144
4746,0.03161592505854782,0.03076709244200626,0.0340136054421768,0.06190476190476191,0.017857142857142794,0.0491803278688524,0.03418803418803418
4747,0.0043911007025762006,0.0232142138804724,-0.0049930651872399645,0.012592270950933515,-0.017857142857142794,0.016393442622950727,0.0
4748,0.012587822014051508,0.033828809371292845,0.020552560646900253,0.06357142857142861,-0.017857142857142794,0.08196721311475408,0.03418803418803418
4749,0.002049180327868827,0.0567872091474072,0.02589715131335557,0.0608695652173914,0.0,0.06557377049180335,0.03418803418803418
4750,0.0562060889929743,0.051440733709289366,0.05078416728902169,0.046099290780141855,0.0535714285714286,0.032786885245901565,0.042735042735042694
4751,0.006147540983606592,0.006034424056177268,0.029440154440154354,0.02305194805194799,0.0357142857142857,0.016393442622950727,0.02564102564102566
4752,0.026053864168618324,0.07775157808794964,0.0587662337662338,0.045634920634920695,0.07142857142857151,0.032786885245901676,0.05128205128205132
4753,0.0032201405152224583,0.036382527786430696,-0.027623170480313375,-0.04318936877076407,-0.017857142857142905,-0.032786885245901676,-0.02564102564102566
4754,0.0544496487119438,0.09520626605130345,0.0534391534391534,0.0310047095761381,0.07142857142857151,0.016393442622950727,0.042735042735042694
4755,0.005269320843091507,0.026848620921035127,-0.012167166284605901,-0.005098039215686301,-0.017857142857142905,0.0,-0.008547008547008628
4756,-0.02634660421545676,0.04843168021596411,-0.01904761904761909,0.004436557231588201,-0.03571428571428581,0.016393442622950838,-0.008547008547008517
4757,0.07874707259953151,0.06593621088946144,0.09061488673139162,0.13747954173486088,0.05357142857142849,0.13114754098360648,0.09401709401709402
4758,0.08079625292740045,0.08597134386507899,-0.007346938775510181,0.010822510822510845,-0.017857142857142794,0.016393442622950838,0.0
4759,0.0017564402810305024,0.05082670923273147,-0.03168498168498168,-0.02593537414965985,-0.0357142857142857,-0.016393442622950838,-0.02564102564102566
4760,-0.004976580796252961,0.010626656618245911,0.025889967637540368,0.03700277520814055,0.017857142857142794,0.032786885245901676,0.02564102564102566
4761,0.005269320843091285,-0.002388909633788794,-0.011743886743886711,-0.00551948051948048,-0.017857142857142794,0.0,-0.008547008547008628
4762,0.014637002341920446,0.016761015376891564,0.0014144271570014633,0.033333333333333326,-0.017857142857142905,0.032786885245901676,0.008547008547008517
4763,0.01375878220140514,0.043875943587008415,-0.006355140186915853,0.059714795008912636,-0.05357142857142849,0.06557377049180324,0.008547008547008517
4764,0.0231264637002343,0.05440426348762373,0.03436426116838487,0.09013785790031814,0.0,0.08196721311475408,0.042735042735042694
4765,0.017271662763466145,0.02403894426299802,0.03883495145631066,0.04255319148936165,0.0357142857142857,0.032786885245901565,0.03418803418803418
4766,0.0374707259953162,0.03195805660576756,0.02450980392156865,0.008152173913043459,0.0357142857142857,0.0,0.017094017094017144
4767,0.04625292740046827,0.033737965970740746,0.08247422680412375,0.09756097560975607,0.0714285714285714,0.06557377049180324,0.06837606837606847
4768,-0.004683840749414525,0.040639846246077194,0.0210280373831776,0.047794117647058876,0.0,0.0491803278688524,0.02564102564102566
4769,0.02371194379391095,0.05813774553089912,-0.0020150210661293855,-0.02851063829787226,0.017857142857142794,-0.032786885245901565,-0.008547008547008628
4770,-0.0029274004683839117,0.03748526720575074,-0.017021276595744705,0.030959752321981338,-0.035714285714285754,0.032786885245901676,0.0
4771,0.009074941451990726,0.04639258505128918,-0.06222222222222218,0.0,-0.1071428571428571,0.032786885245901676,-0.03418803418803418
4772,0.023419203747072737,0.033396114060394666,0.006666666666666599,-0.0357142857142857,0.0357142857142857,-0.049180327868852514,-0.008547008547008628
4773,0.029859484777517653,0.061246962438264774,-0.033901665344964416,0.026930894308943132,-0.0714285714285714,0.049180327868852514,-0.008547008547008628
4774,-0.016978922716627598,-0.006160846841039791,0.06658901184236077,0.0845410628019323,0.0535714285714286,0.06557377049180335,0.05982905982905984
4775,0.0187353629976581,-0.009640148917202884,-0.06659340659340662,0.021428571428571463,-0.10714285714285715,0.0491803278688524,-0.02564102564102566
4776,-0.017857142857142905,-0.01688484620453823,-0.053333333333333344,-0.018181818181818188,-0.07142857142857151,0.0,-0.03418803418803418
4777,0.017271662763465923,0.005310925337693395,0.014705882352941124,-0.05217391304347829,0.05357142857142849,-0.049180327868852514,0.0
4778,0.014051522248243686,0.00651592199672979,0.0071428571428571175,0.01658163265306123,0.0,0.016393442622950727,0.008547008547008517
4779,0.07113583138173307,0.049833907789414655,0.0888476602762317,0.11461794019933558,0.0714285714285714,0.08196721311475408,0.07692307692307698
4780,-0.003512880562060783,-0.002950151206535079,-0.01328310864393345,0.05132113821138218,-0.0535714285714286,0.06557377049180324,0.008547008547008517
4781,-0.004976580796252961,0.05958218428867934,-0.011465557096625001,-0.026921406860616504,0.0,-0.032786885245901676,-0.017094017094017144
4782,-0.007318501170960112,-0.0037211285796302507,-0.027351146644224777,-0.04297328687572599,-0.017857142857142905,-0.032786885245901565,-0.02564102564102566
4783,0.015222482435597096,0.05144776907858262,0.03168498168498168,0.02593537414965985,0.0357142857142857,0.016393442622950838,0.02564102564102566
4784,0.04830210772833732,0.05184168633855857,0.0337619172570629,0.0963249516441006,-0.017857142857142905,0.11475409836065575,0.05128205128205132
4785,0.019613583138173407,0.06269464710793593,-0.004287061647946566,0.01146873843877172,-0.017857142857142905,0.016393442622950838,0.0
4786,0.04069086651053855,0.06205542255666263,0.05219780219780212,0.11309523809523803,0.0,0.1311475409836066,0.06837606837606836
4787,0.011709601873536313,0.03218478795502422,-0.06222222222222229,0.03743315508021383,-0.1071428571428571,0.06557377049180324,-0.017094017094017033
4788,0.025761124121779777,0.012475583206071783,0.04389233954451355,0.11103424420615704,-0.017857142857142905,0.14754098360655743,0.06837606837606847
4789,0.025468384074941564,0.03145242971306783,0.030025020850708906,0.12022817025010979,-0.0357142857142857,0.1311475409836066,0.05128205128205132
4790,0.020491803278688492,0.016180621160620245,-0.0817813765182186,-0.0064102564102563875,-0.125,0.032786885245901676,-0.042735042735042694
4791,0.005562060889929832,0.058252819671777534,0.03131868131868132,0.0250850340136054,0.0357142857142857,0.016393442622950838,0.02564102564102566
4792,0.037177985948477654,0.09841760317810067,-0.005314275242807365,0.035379369138960004,-0.0357142857142857,0.049180327868852514,0.008547008547008517
4793,0.04391100702576123,0.060225182169041935,0.03599320882852297,0.0713790713790714,0.017857142857142905,0.049180327868852514,0.03418803418803418
4794,0.052107728337236536,0.04137413742052043,0.013684210526315743,0.07051282051282048,-0.017857142857142905,0.06557377049180324,0.02564102564102566
4795,0.0679156908665105,0.09593181902755976,0.040000000000000036,0.045454545454545414,0.0357142857142857,0.032786885245901676,0.03418803418803418
4796,0.014051522248243686,-0.0015042200674725281,-0.06649296508598224,-0.022222222222222254,-0.0892857142857143,0.016393442622950838,-0.03418803418803418
4797,-0.012587822014051397,0.032041666019620885,0.009598383430159063,0.04028520499108734,-0.017857142857142905,0.049180327868852514,0.017094017094017033
4798,0.05474238875878212,0.10322490198150103,0.014742898238043867,0.05646481178396079,-0.017857142857142905,0.06557377049180335,0.02564102564102566
4799,0.012002341920374748,0.05688388436116343,0.059001818549201834,0.09523809523809523,0.0357142857142857,0.08196721311475419,0.05982905982905984
4800,0.044203747072599664,0.09415412768206621,-0.013729528292635074,0.020781791192478916,-0.0357142857142857,0.032786885245901676,0.0
4801,0.030444964871194413,0.06388445363567907,0.0728586171310629,0.009476031215161718,0.1071428571428571,-0.016393442622950838,0.042735042735042694
4802,0.03864168618266961,0.027182046938134863,-0.006794797126771446,-0.016908212560386437,0.0,-0.016393442622950838,-0.008547008547008628
4803,0.022833723653395754,0.03960793393070494,0.06145530977880087,0.13025428126621685,0.017857142857142905,0.11475409836065575,0.06837606837606847
4804,0.03747072599531609,0.06036793591508971,0.016852903462172608,-0.008510638297872242,0.0357142857142857,-0.016393442622950727,0.008547008547008517
4805,-0.0029274004683840227,0.013026099507118305,-0.010315925209542276,0.03916768665850667,-0.0357142857142857,0.049180327868852514,0.008547008547008628
4806,0.050351288056206034,0.07727347432333209,0.08693352142479283,0.08352941176470585,0.0892857142857143,0.06557377049180324,0.07692307692307698
4807,0.00819672131147553,0.039957020771179796,-0.04000808244089715,-0.015873015873015928,-0.0535714285714286,0.0,-0.02564102564102566
4808,0.015515222482435642,0.04231143739612275,-0.02285714285714291,0.02226345083487946,-0.05357142857142849,0.032786885245901565,-0.008547008547008628
4809,0.08108899297423866,0.0870976265418959,0.16161616161616166,0.18604651162790697,0.1428571428571428,0.1311475409836066,0.1367521367521367
4810,0.006733021077283352,0.014377891664601461,0.03685724559510961,0.0838788870703765,0.0,0.08196721311475408,0.042735042735042694
4811,0.013466042154566704,0.02568583080363185,0.02649132837812085,0.09069767441860466,-0.017857142857142905,0.09836065573770492,0.042735042735042805
4812,0.050936768149882794,0.029697883049569218,0.018095238095238164,0.07003710575139144,-0.017857142857142905,0.06557377049180335,0.02564102564102566
4813,0.06440281030444972,0.08588595146279265,0.06206185567010314,0.04268292682926833,0.0714285714285714,0.016393442622950838,0.042735042735042805
4814,0.0187353629976581,0.03556753958029368,0.014632268001540272,0.08952380952380956,-0.03571428571428581,0.09836065573770492,0.03418803418803418
4815,-0.004391100702576312,0.038042532084530345,-0.07328583325622284,-0.02614379084967322,-0.1071428571428571,0.0,-0.05128205128205121
4816,0.02751756440281039,0.012764228931952504,0.01904761904761909,-0.004436557231588201,0.03571428571428581,-0.016393442622950838,0.008547008547008517
4817,0.0017564402810305024,0.011203495089466053,0.033333333333333326,0.028012684989429104,0.0357142857142857,0.016393442622950727,0.02564102564102566
4818,0.026639344262295195,0.046257644959832644,0.07108092812676858,0.062370062370062374,0.0714285714285714,0.032786885245901676,0.05128205128205132
4819,0.049765807962529385,0.07292362324295742,0.04678703164434095,0.062318840579710155,0.0357142857142857,0.049180327868852514,0.042735042735042805
4820,0.07084309133489464,0.09580416676904502,0.09754689754689749,0.16089226388229716,0.0535714285714286,0.14754098360655732,0.10256410256410253
4821,0.09514051522248257,0.12089077992212482,0.09999999999999998,0.15306122448979587,0.05357142857142849,0.16393442622950827,0.11111111111111116
4822,0.06557377049180324,0.07977928780890453,0.10002020610224283,0.08412698412698405,0.1071428571428571,0.0491803278688524,0.07692307692307698
4823,0.032201405152224805,0.03934574954813985,0.06910743376489747,0.08694043655197936,0.05357142857142849,0.08196721311475419,0.06837606837606836
4824,-0.050936768149883016,-0.023963225050841586,-0.08163265306122447,-0.09523809523809523,-0.0714285714285714,-0.06557377049180324,-0.06837606837606836
4825,0.013758782201404918,0.016712662340864326,-0.024699244117960095,0.06486486486486487,-0.07142857142857151,0.06557377049180335,0.0
4826,0.0005854800936767601,0.01088340649356856,-0.009719626168224305,-0.07308377896613194,0.0357142857142857,-0.08196721311475408,-0.02564102564102555
4827,0.04010538641686179,0.058438721994035214,0.03492063492063491,0.011773940345368938,0.0535714285714286,0.0,0.02564102564102555
4828,0.09309133489461352,0.1148427912657688,0.0885756364401431,0.11440185830429739,0.0714285714285714,0.08196721311475408,0.07692307692307698
4829,0.008489461358313855,0.02202599930762994,0.006102635228848796,-0.009986973512809305,0.017857142857142905,-0.016393442622950838,0.0
4830,0.035421545667447374,0.05220306661388774,0.08018867924528306,0.13,0.0357142857142857,0.1311475409836066,0.0854700854700855
4831,-0.009074941451990615,0.0064396805821598235,-0.04184569400336269,0.0,-0.0714285714285714,0.016393442622950727,-0.02564102564102566
4832,0.026053864168618435,0.030406964898818223,0.03475462590506839,0.015594541910331383,0.05357142857142849,0.0,0.02564102564102566
4833,0.02576112412178,0.08737522984361745,0.04419787332408687,0.030829353017802874,0.0535714285714286,0.016393442622950838,0.03418803418803418
4834,0.027810304449648715,0.06367950701910197,0.006908140403286023,0.016400709219858145,0.0,0.016393442622950838,0.008547008547008517
4835,0.04683840749414503,0.05810281972018061,0.08777491579155938,0.054204660587639286,0.1071428571428571,0.016393442622950838,0.05982905982905984
4836,0.04244730679156894,0.09393712806782195,0.026153846153846194,0.06439393939393934,0.0,0.06557377049180335,0.03418803418803418
4837,0.02751756440281039,0.01904599644485394,0.040970873786407735,0.0749516441005803,0.017857142857142794,0.06557377049180324,0.042735042735042694
4838,0.02751756440281039,0.06042558397873521,0.0641025641025641,0.02422480620155032,0.0892857142857143,0.0,0.042735042735042694
4839,0.04947306791569073,0.053969458594225306,0.08767676767676758,0.11099365750528545,0.07142857142857151,0.08196721311475408,0.07692307692307698
4840,0.03307962529274,0.05977228668240675,0.007153376814643342,0.019744483159117254,0.0,0.016393442622950838,0.008547008547008517
4841,0.009074941451990615,0.02113938454020403,0.03786407766990296,0.013056092843326872,0.0535714285714286,0.0,0.02564102564102566
4842,0.03951990632318492,0.08428738577068384,0.04040404040404044,0.07482305358948438,0.017857142857142905,0.06557377049180324,0.042735042735042694
4843,0.06469555035128804,0.07341578460767995,0.10806825363387407,0.20175438596491235,0.0535714285714286,0.16393442622950827,0.11111111111111105
4844,-0.011416861826697877,0.01078345539352299,0.014693877551020473,0.03896103896103886,0.0,0.032786885245901676,0.017094017094017144
4845,-0.022248243559718883,0.03819051764514858,-0.013197586726998445,-0.03170289855072472,0.0,-0.032786885245901676,-0.017094017094017033
4846,0.009074941451990504,-0.002390305732835163,-0.041826215022091384,0.03334992533598802,-0.0892857142857143,0.0491803278688524,-0.017094017094017144
4847,0.029566744730679106,0.045294721359161905,0.0046176046176046315,0.06454674893213097,-0.0357142857142857,0.06557377049180324,0.017094017094017033
4848,-0.003512880562060894,0.03788116554758014,-0.011814494798095598,-0.004313725490196041,-0.017857142857142905,0.0,-0.008547008547008628
4849,0.04010538641686179,0.06760696823723122,-0.022727272727272707,0.0023255813953487747,-0.0357142857142857,0.016393442622950838,-0.008547008547008517
4850,0.0714285714285714,0.09882249954831557,0.13564213564213556,0.09539629805410543,0.1607142857142857,0.0491803278688524,0.10256410256410253
4851,0.0043911007025762006,0.005250713571620991,-0.02593537414965985,-0.005952380952380931,-0.0357142857142857,0.0,-0.017094017094017033
4852,0.007611241217798548,0.03736505062481754,0.0011894647408665637,0.022875816993464082,-0.017857142857142794,0.032786885245901676,0.008547008547008628
4853,0.061475409836065364,0.1177596801765507,0.07656362329259525,0.10539215686274506,0.0535714285714286,0.09836065573770492,0.07692307692307687
4854,0.04596018735362983,0.0714804947446922,0.027911362564827846,0.0671201814058957,0.0,0.06557377049180324,0.03418803418803418
4855,0.02429742388758782,0.08090177182260916,0.06159323542501105,0.04881952781112453,0.0714285714285714,0.032786885245901676,0.05128205128205121
4856,0.026346604215456648,0.06927328916163622,0.07307692307692315,0.04734848484848486,0.0892857142857143,0.016393442622950838,0.05128205128205132
4857,-0.014051522248243686,0.009648454802254403,-0.009910425004764578,0.05395348837209302,-0.0535714285714286,0.06557377049180324,0.008547008547008517
4858,0.08313817330210782,0.052084032614669096,0.11229162850338892,0.09404255319148935,0.125,0.06557377049180324,0.09401709401709402
4859,0.037763466042154525,0.016015948586378226,0.0,0.0,0.0,0.0,0.0
4860,0.009074941451990615,0.031358368550632565,-0.005079825834542806,0.011666666666666603,-0.017857142857142794,0.016393442622950838,0.0
4861,0.0023419203747072626,0.041710068727769056,0.0207961972667855,0.05308392315470167,0.0,0.0491803278688524,0.02564102564102566
4862,0.0008782201405153067,0.028662722254472417,0.045634920634920695,0.07554945054945061,0.017857142857142905,0.08196721311475419,0.05128205128205121
4863,0.05649882903981285,0.0832923543426809,0.02822273073989323,0.021332554061952003,0.0357142857142857,0.016393442622950838,0.02564102564102566
4864,0.014051522248243464,0.038062313505191514,-0.04476190476190478,-0.005102040816326481,-0.0714285714285714,0.016393442622950838,-0.02564102564102566
4865,0.016686182669789162,0.035821593233729576,0.05137254901960786,0.07411067193675891,0.0357142857142857,0.06557377049180324,0.05128205128205132
4866,0.057669789227166146,0.06519984956800318,0.08751229105211411,0.12348178137651822,0.0535714285714286,0.1311475409836066,0.09401709401709402
4867,0.021077283372365363,0.05253794447599214,0.026002600260025988,0.009302325581395432,0.03571428571428581,0.0,0.017094017094017033
4868,0.028981264637002346,0.013732412722489817,0.03995703544575724,0.01098901098901095,0.0535714285714286,0.0,0.02564102564102566
4869,-0.012587822014051508,0.0028261058113265847,-0.06937285223367695,-0.09451219512195119,-0.0535714285714286,-0.06557377049180335,-0.05982905982905984
4870,0.008196721311475308,0.017934647230651413,0.005721914934198047,0.09243697478991597,-0.05357142857142849,0.09836065573770492,0.02564102564102566
4871,-0.030444964871194302,-0.022481719470419215,-0.07916437603078608,-0.040920716112531896,-0.1071428571428571,-0.016393442622950727,-0.05982905982905984
4872,0.03864168618266972,0.029102716544980756,0.057281553398058294,0.034332688588007754,0.0714285714285714,0.016393442622950838,0.042735042735042694
4873,0.03688524590163933,0.06060655331974718,0.007834757834757844,0.040064102564102644,-0.017857142857142905,0.049180327868852514,0.017094017094017144
4874,-0.02049180327868838,0.004091770853217658,-0.019230769230769162,-0.02083333333333326,-0.017857142857142905,-0.016393442622950838,-0.017094017094017033
4875,0.031030444964871284,0.05074058927382974,0.05203619909502266,0.07427536231884058,0.03571428571428581,0.06557377049180335,0.05128205128205132
4876,0.012880562060889944,0.02659494447290356,0.02293747687754344,0.05391304347826087,0.0,0.06557377049180324,0.03418803418803418
4877,-0.0011709601873536313,-0.006403220081864558,-0.018382352941176516,0.04239130434782601,-0.0535714285714286,0.0491803278688524,0.0
4878,0.049765807962529274,0.10358436493675283,0.11098419950504479,0.11424606845513408,0.1071428571428571,0.08196721311475408,0.09401709401709402
4879,0.011416861826697988,0.01991899102339978,0.029166666666666674,0.07954545454545459,0.0,0.06557377049180335,0.03418803418803418
4880,0.03161592505854793,0.0704095848829479,0.013201320132013139,0.06666666666666676,-0.017857142857142905,0.06557377049180324,0.02564102564102566
4881,0.012587822014051508,0.03615870550003286,-0.011023782790650194,0.03143631436314365,-0.0357142857142857,0.032786885245901676,0.0
4882,0.055327868852458995,0.04691396705185347,0.04127149557060972,0.11282051282051286,0.0,0.09836065573770492,0.05128205128205132
4883,0.03512880562060894,0.0591112467820083,0.057501904036557416,0.036111111111111094,0.07142857142857151,0.016393442622950838,0.042735042735042694
4884,0.032201405152224805,0.0623653844577019,0.00015262515262515208,0.03307962529274011,-0.0357142857142857,0.049180327868852514,0.008547008547008517
4885,-0.017857142857142905,-0.017748083251882485,-0.07902554961378483,-0.060161779575328644,-0.0892857142857143,-0.032786885245901565,-0.05982905982905984
4886,0.01932084309133497,0.07192813817678101,-0.0691823899371069,-0.04086956521739138,-0.0892857142857143,-0.016393442622950838,-0.05128205128205121
4887,0.007611241217798548,0.036108774191619286,-0.012696041822255366,-0.005319148936170248,-0.017857142857142905,0.0,-0.008547008547008517
4888,0.04625292740046827,0.049238771595217834,0.014162240966364648,0.038570618264322176,0.0,0.032786885245901676,0.017094017094017033
4889,-0.020491803278688492,-0.009794221363533362,-0.017402454662025946,0.007234042553191489,-0.0357142857142857,0.016393442622950838,-0.008547008547008517
4890,0.055327868852459106,0.0702854166665392,0.026561817387505404,0.058529072006160976,0.0,0.06557377049180335,0.03418803418803418
4891,0.006733021077283241,-0.0048731832366897265,-0.010135430318916616,0.0207932229495571,-0.0357142857142857,0.032786885245901676,0.0
4892,0.025761124121779777,0.053560556452003194,-0.016816920943134472,0.048252279635258355,-0.0714285714285714,0.08196721311475408,0.008547008547008517
4893,0.002049180327868827,0.07924125102205737,0.044871794871794934,0.03170289855072472,0.0535714285714286,0.016393442622950838,0.03418803418803418
4894,0.036007025761124134,0.0699772925339397,0.059103740296400864,0.02161949685534592,0.0892857142857143,0.0,0.042735042735042694
4895,0.00029274004683832455,0.034841202847957664,0.024005864027854096,-0.01577152600170506,0.0535714285714286,-0.032786885245901676,0.008547008547008628
4896,0.01317330210772849,0.0379099442518106,-0.011313330054107285,0.03346855983772823,-0.05357142857142849,0.06557377049180324,0.008547008547008517
4897,0.007903981264636983,0.04829535544632724,0.0,0.0,0.0,0.0,0.0
4898,-0.003512880562061005,0.06571023681996346,-0.019599919175591007,0.007936507936507908,-0.0357142857142857,0.016393442622950727,-0.008547008547008628
4899,0.011709601873536313,0.04697760838287102,-0.06274101094319962,-0.011965811965811923,-0.08928571428571419,0.016393442622950838,-0.03418803418803418
4900,0.03161592505854793,0.07082054755785394,0.0003344481605350724,0.07980225988700562,-0.0714285714285714,0.11475409836065575,0.02564102564102555
4901,-0.010538641686182681,-0.010782224123263462,-0.04769342913672814,-0.03460011344299485,-0.05357142857142849,-0.016393442622950727,-0.03418803418803429
4902,-0.01375878220140514,-0.002184270559738133,-0.04141414141414146,-0.02777777777777779,-0.0535714285714286,-0.016393442622950838,-0.03418803418803418
4903,-0.007903981264636983,-0.012974638203212097,-0.040935672514619936,-0.08355437665782495,0.0,-0.09836065573770492,-0.05128205128205121
4904,0.021370023419203688,0.0838924310297875,0.04075471698113209,0.09818181818181826,0.0,0.09836065573770492,0.05128205128205121
4905,0.04069086651053855,0.04846005878312565,0.02333659926961784,0.07507025291047764,-0.017857142857142905,0.08196721311475408,0.03418803418803418
4906,0.04127634660421542,0.10290531828899341,0.0013328255902512742,0.029166666666666674,-0.017857142857142794,0.032786885245901565,0.008547008547008517
4907,0.014344262295082011,0.04541204204988747,-0.05664794007490637,0.028787878787878807,-0.08928571428571419,0.032786885245901676,-0.02564102564102555
4908,0.04420374707259955,0.029439902251702788,0.06600660066006603,0.1299145299145299,0.017857142857142794,0.13114754098360648,0.07692307692307698
4909,-0.011416861826697988,0.028400947090186146,-0.019607843137254943,-0.06856187290969906,0.017857142857142905,-0.08196721311475408,-0.03418803418803418
4910,0.03717798594847754,0.032865471062408,0.05265306122448987,0.07900432900432908,0.0357142857142857,0.06557377049180335,0.05128205128205121
4911,0.021662763466042123,0.05188805648798456,0.006390434961863534,0.017165005537098654,0.0,0.016393442622950838,0.008547008547008517
4912,0.0427400468384076,0.08179719031025456,0.048279113625648296,0.014512471655328874,0.0714285714285714,0.0,0.03418803418803418
4913,0.026053864168618213,0.046405712828982426,0.05508222706558352,0.11246200607902734,0.017857142857142905,0.09836065573770492,0.05982905982905984
4914,0.04303278688524603,0.07606442460956009,0.07474747474747478,0.1752799310938845,0.0,0.180327868852459,0.09401709401709402
4915,0.026053864168618324,0.037172408217628905,0.014223871366728535,0.007198228128460715,0.017857142857142794,0.0,0.008547008547008517
4916,0.02049180327868838,0.019756768691762794,0.02698505144632113,0.0400966183574879,0.017857142857142905,0.032786885245901676,0.02564102564102566
4917,0.07464871194379386,0.10382072694581446,0.06585275619681841,0.10608695652173916,0.0357142857142857,0.09836065573770492,0.06837606837606836
4918,0.01990632318501173,0.023454654488366145,0.0434782608695653,0.05555555555555558,0.0357142857142857,0.032786885245901565,0.03418803418803418
4919,0.015222482435597318,0.014527994902427954,0.02808080808080804,0.04386892177589852,0.017857142857142905,0.032786885245901565,0.02564102564102566
4920,0.031615925058548044,0.04845359838717789,-0.005279034690799378,0.012681159420289911,-0.017857142857142905,0.016393442622950727,0.0
4921,0.06615925058548011,0.07006227789010366,0.12897196261682242,0.08288770053475936,0.1607142857142857,0.032786885245901676,0.09401709401709402
4922,0.013466042154566704,0.005738798028776748,0.0,0.0,0.0,0.0,0.0
4923,0.0008782201405151957,0.006970707346042104,0.019230769230769273,0.02083333333333337,0.017857142857142794,0.016393442622950727,0.017094017094017144
4924,0.028981264637002235,0.0440627907239467,0.021410365335598924,0.04575163398692805,0.0,0.0491803278688524,0.02564102564102566
4925,0.016100702576112513,0.015085398130936234,0.04015444015444014,0.08682745825602967,0.0,0.09836065573770492,0.05128205128205132
4926,0.050936768149882794,0.08767549802025976,0.02353137516688919,-0.00945378151260512,0.05357142857142849,-0.032786885245901565,0.008547008547008628
4927,0.030152224824355756,0.028582529889981,-0.033333333333333326,0.00454545454545463,-0.0535714285714286,0.016393442622950838,-0.017094017094017144
4928,-0.006733021077283463,0.03610522687386042,0.012944983818770295,0.005550416281221104,0.017857142857142905,0.0,0.008547008547008517
4929,-0.0002927400468384356,0.01307074743565173,0.033877551020408125,0.059523809523809534,0.017857142857142794,0.0491803278688524,0.03418803418803418
4930,0.005269320843091285,0.041709258834866425,0.03230769230769226,0.0,0.0535714285714286,-0.016393442622950838,0.017094017094017033
4931,0.031030444964871062,0.07992091234740095,0.08250731615217588,0.020519835841313228,0.125,-0.016393442622950838,0.05128205128205132
4932,0.028395784543325586,0.07210193002443077,0.0337576614804338,0.0049886621315192725,0.05357142857142849,-0.016393442622950838,0.017094017094017144
4933,0.025468384074941453,0.02707919543532311,-0.07976190476190481,-0.028061224489795977,-0.125,0.0,-0.05982905982905984
4934,0.01610070257611229,0.04268255354237793,0.0639712488769093,0.07673469387755105,0.05357142857142849,0.06557377049180324,0.05982905982905984
4935,-0.02429742388758771,0.036946257198916976,0.020408163265306145,0.023809523809523836,0.017857142857142794,0.016393442622950838,0.017094017094017144
4936,-0.0038056206088992184,0.03417940229456762,0.05959634424980953,0.09305555555555556,0.0357142857142857,0.08196721311475408,0.05982905982905984
4937,0.01317330210772838,0.013084148365957615,0.08476474981329352,0.10195035460992907,0.0714285714285714,0.08196721311475408,0.07692307692307698
4938,-0.0014637002341919558,0.018880294895699867,0.045929798356982854,0.05939716312056742,0.0357142857142857,0.0491803278688524,0.042735042735042805
4939,0.03951990632318492,0.06926993930411585,0.07858582157904381,0.11106382978723406,0.0535714285714286,0.09836065573770492,0.07692307692307698
4940,0.030444964871194302,0.06859220428107637,0.0009708737864076999,0.02949709864603478,-0.017857142857142905,0.032786885245901565,0.008547008547008517
4941,0.01814988290398134,0.0021560768314728973,0.061129090255303775,0.02454991816693952,0.0892857142857143,0.0,0.042735042735042694
4942,0.06293911007025765,0.09934333974585452,0.07669902912621362,0.055609284332688635,0.0892857142857143,0.032786885245901676,0.05982905982905984
4943,0.02371194379391084,0.06295968733679291,-0.014545454545454528,0.06060606060606066,-0.07142857142857151,0.09836065573770492,0.017094017094017033
4944,0.05357142857142849,0.05492234174356547,-0.007470288624787824,0.015939015939016032,-0.017857142857142905,0.016393442622950838,0.0
4945,0.037177985948477876,0.08888551431300407,-0.00551948051948048,0.007275132275132323,-0.017857142857142794,0.016393442622950838,0.0
4946,0.021077283372365252,0.030421185015762076,0.0339366515837104,0.0561594202898551,0.017857142857142794,0.0491803278688524,0.03418803418803418
4947,0.05766978922716626,0.04780919415016116,0.05746927471005714,0.0830188679245284,0.0357142857142857,0.08196721311475419,0.05982905982905984
4948,-0.008196721311475308,0.019258839257656035,-0.05882352941176472,0.03349001175088129,-0.1071428571428571,0.049180327868852514,-0.02564102564102555
4949,0.06293911007025765,0.023399061636694807,0.08279113625648282,0.1229024943310657,0.05357142857142849,0.11475409836065575,0.0854700854700855
4950,-0.02488290398126447,-0.012011723524142481,-0.001977705861201051,0.04132569558101473,-0.0357142857142857,0.0491803278688524,0.008547008547008517
4951,0.01610070257611229,0.0064967502345715245,-0.025920471281296042,0.04579392732702836,-0.07142857142857151,0.06557377049180324,0.0
4952,0.037763466042154525,0.03277471974854784,0.052249637155297624,0.07333333333333336,0.0357142857142857,0.06557377049180324,0.05128205128205121
4953,0.010538641686182793,0.02787662233924193,0.06786309698931059,0.11578426521523999,0.0357142857142857,0.09836065573770492,0.06837606837606836
4954,0.030737704918032738,0.033932891645171326,0.014794267221451718,0.034737299174989134,0.0,0.032786885245901676,0.017094017094017144
4955,-0.035421545667447485,0.003494348026533589,-0.047755102040816344,-0.0357142857142857,-0.0535714285714286,-0.016393442622950838,-0.03418803418803418
4956,0.05971896955503497,0.054124466780265945,0.05373737373737375,0.051797040169133224,0.05357142857142849,0.032786885245901676,0.042735042735042694
4957,0.03190866510538659,0.029521615104776133,0.014880952380952328,0.04166666666666663,0.0,0.032786885245901676,0.017094017094017144
4958,0.014051522248243575,0.02590473779697855,-0.03300330033003296,-0.05633074935400517,-0.017857142857142905,-0.049180327868852514,-0.03418803418803418
4959,0.03629976580796257,0.056828149945406636,-0.01232262882748314,-0.004432624113475114,-0.017857142857142905,0.0,-0.008547008547008517
4960,0.05152224824355989,0.08730106290471873,0.04661820480404555,0.03978696741854637,0.0535714285714286,0.032786885245901676,0.042735042735042694
4961,0.04800936768149877,0.06297321799588795,0.03740981562305157,0.08430349257326375,0.0,0.09836065573770492,0.05128205128205132
4962,0.009660421545667375,0.02207749518343871,-0.01721284342932794,0.04137931034482767,-0.0714285714285714,0.06557377049180335,0.0
4963,0.0011709601873537423,0.039806012936417945,0.031152647975077885,0.07246376811594202,0.0,0.08196721311475408,0.042735042735042805
4964,-0.0014637002341921779,0.044257633325077594,0.012087912087912156,0.004251700680272141,0.017857142857142794,0.0,0.008547008547008628
4965,0.03805620608899296,0.03906199224696938,-0.01967081493376155,0.09578947368421054,-0.0892857142857143,0.11475409836065575,0.017094017094017033
4966,0.013173302107728269,0.02173422870526054,-0.033333333333333326,0.00454545454545463,-0.0535714285714286,0.016393442622950838,-0.017094017094017144
4967,0.007318501170960112,0.022815860177649472,-0.0070958809276565615,-0.015460030165912575,0.0,-0.016393442622950838,-0.008547008547008517
4968,0.0029274004683842447,0.02991331112653528,0.0072727272727273196,0.08754208754208748,-0.0535714285714286,0.11475409836065575,0.03418803418803418
4969,0.04713114754098369,0.0640654932310557,0.04461538461538461,0.08333333333333337,0.017857142857142905,0.08196721311475408,0.05128205128205132
4970,0.020784543325526816,0.0474544149646261,0.08164948453608245,0.12638580931263854,0.0535714285714286,0.09836065573770492,0.07692307692307698
4971,0.015222482435597207,0.056652613665126195,0.046954986760812,0.10480693459416857,0.0,0.11475409836065564,0.05982905982905984
4972,0.025761124121779888,0.040365159992834854,-0.05213032581453636,0.03976975405546834,-0.1071428571428571,0.06557377049180324,-0.017094017094017144
4973,0.0038056206088992184,0.03621101656347592,-0.039141414141414144,-0.010465116279069764,-0.0535714285714286,0.0,-0.02564102564102566
4974,0.02488290398126458,0.045370257196395536,0.007029226785053688,0.04086956521739138,-0.017857142857142905,0.049180327868852514,0.017094017094017033
4975,-0.01375878220140514,0.023697740660246214,-0.010280373831775713,0.05035650623885912,-0.0535714285714286,0.06557377049180324,0.008547008547008517
4976,0.013173302107728158,0.004836395938653482,0.03689167974882257,-0.017857142857142905,0.07142857142857151,-0.032786885245901565,0.017094017094017033
4977,0.023419203747072626,0.045026004827833255,-0.01741567410669609,0.04203425012973527,-0.0535714285714286,0.0491803278688524,0.0
4978,0.05679156908665095,0.04344811539626359,0.08163265306122458,0.09523809523809523,0.07142857142857151,0.06557377049180324,0.06837606837606836
4979,-0.028981264637002235,-0.02547339171560936,-0.0401941747572816,-0.018858800773694395,-0.05357142857142849,0.0,-0.02564102564102555
4980,0.023419203747072515,0.07057956028425383,0.007514198339886424,0.03812090874085483,-0.017857142857142905,0.049180327868852514,0.017094017094017144
4981,0.015222482435597207,0.04644500846606192,0.018867924528301883,0.020000000000000018,0.017857142857142794,0.016393442622950838,0.017094017094017033
4982,-0.029566744730679106,0.028291071737411078,0.0,0.0,0.0,0.0,0.0
4983,0.017271662763466034,0.057127001967548274,0.00038080731150036407,-0.02499999999999991,0.017857142857142794,-0.032786885245901676,-0.008547008547008517
4984,0.09514051522248224,0.0959639978188287,0.0929411764705882,0.12351778656126489,0.0714285714285714,0.09836065573770492,0.0854700854700855
4985,-0.016100702576112402,0.01842174319360823,-0.0639580602883355,-0.097805159799769,-0.0357142857142857,-0.09836065573770492,-0.06837606837606847
4986,0.022248243559718994,0.028853993896260866,0.023965141612200425,0.07859531772575246,-0.017857142857142905,0.08196721311475408,0.03418803418803418
4987,0.005854800936768267,0.013692166800209904,-0.046923076923076845,-0.0890151515151516,-0.017857142857142905,-0.08196721311475408,-0.05128205128205121
4988,0.047131147540983576,0.07253030988152909,0.017951327843064746,0.06666666666666665,-0.017857142857142794,0.08196721311475408,0.03418803418803418
4989,-0.011416861826697877,-0.02115356014960612,0.006472491909385036,0.015726179463459666,0.0,0.016393442622950838,0.008547008547008628
4990,0.03366510538641676,0.04071112713412406,-0.004467754467754492,0.043120155038759655,-0.0357142857142857,0.0491803278688524,0.008547008547008517
4991,0.00497658079625285,0.057921106634193587,0.00288968213496521,-0.034545454545454546,0.0357142857142857,-0.049180327868852514,-0.008547008547008517
4992,-0.015515222482435642,0.014666536553204046,-0.014578777465375392,-0.03970504821327281,0.0,-0.032786885245901676,-0.017094017094017144
4993,0.010831381733021228,0.034718394392364904,-0.05714285714285716,0.02448979591836742,-0.1071428571428572,0.0491803278688524,-0.02564102564102566
4994,0.03951990632318503,0.12108338975266375,0.011892626571525677,0.005079825834542806,0.017857142857142794,0.0,0.008547008547008628
4995,0.023419203747072515,0.046443816280236416,-0.03306930693069299,-0.02777777777777779,-0.0357142857142857,-0.016393442622950838,-0.02564102564102566
4996,0.08079625292740045,0.12489722022837857,0.05969125214408233,0.08740740740740749,0.0357142857142857,0.09836065573770492,0.06837606837606847
4997,0.045960187353630055,0.004750245606647052,0.06996336996336994,0.06717687074829926,0.07142857142857151,0.049180327868852514,0.05982905982905984
4998,0.0043911007025759785,-0.0004761012273588605,0.03743315508021383,0.10708534621578103,-0.017857142857142905,0.11475409836065575,0.05128205128205121
4999,0.04069086651053855,0.06800388199137997,0.06000000000000005,0.06818181818181812,0.05357142857142849,0.049180327868852514,0.05128205128205121
5000,0.05474238875878201,0.045407887910506095,0.029819694868238544,0.10790273556231,-0.0357142857142857,0.11475409836065575,0.042735042735042805
