SID,CGPA_Y1,GPA_S1,CA_AVG,EXAM_AVG,CLIN_AVG,LAB_AVG,ATT_RATE,FAIL_COUNT,WARN_STATUS,ASSIGN_LATE,Age_group,Gender,Year_study,Programme,SES,Financial_diff,Employment_hrs,Study_hrs_day,Sleep_hrs,Self_risk_percep,Reviews notes within 24h,Understands content pre-exam,Seeks help when stuck,Uses library regularly,Completes readings,Takes organised notes,Concentration in self-study,Participates in class,Clinical takes study time,Prepared for clinical assess,Rotations affect performance,Adequate supervision,Schedule conflicts,Confident in clinical skills,Anxious about assessments,Sleep difficulty,Burnt out,Hopeless/unmotivated,Physical health affected,Considered break,Emotionally supported,Lecturers approachable,Sleep affects concentration,Regular exercise,Balanced diet,Health interferes studies,Takes rest breaks,Sense of belonging,Participates in clubs,Adequate advisory support,Concerns taken seriously,Early intervention provided,Peer study groups effective,Knows where to get help,Programme prepares for career,Confident to complete prog,Can improve performance,Sets academic goals,Persists when difficult,Manages time effectively,Self-motivates,Feels prepared,RISK_LABEL
HS2026001,2.83,2.81,0.8,0.6,0.8,0.63,0.9,1,No,Rarely,21-23 years,Male,200,Nursing,Upper-middle income,Always,No,3-4 hours,4-5 hours,Low risk,2,2,4,2,3,2,2,2,3,3,4,5,4,3,4,4,4,4,4,5,2,3,4,1,4,4,1,3,3,3,3,4,2,2,2,1,2,2,2,3,2,2,Moderate Risk
HS2026002,3.2625,3.48,0.95,0.82,0.82,0.87,0.9,0,No,Almost never,21-23 years,Female,200,Nursing,Middle income,Always,No,2-3 hours,5-6 hours,Moderate risk,3,3,3,5,4,3,3,3,5,2,4,2,4,1,3,3,3,3,3,3,3,3,2,3,3,2,3,3,3,1,1,2,1,1,1,1,1,1,1,1,1,1,Low Risk
HS2026003,3.3475,3.26,0.78,0.83,0.83,0.4,0.92,0,No,Sometimes,18-20 years,Female,200,Nursing,High income,Rarely (once or twice a semester),No,2-3 hours,5-6 hours,Very low risk,5,3,5,5,3,1,2,1,4,3,3,3,3,2,3,4,3,5,5,5,1,3,4,3,3,5,1,3,2,2,3,5,1,5,1,1,1,1,1,1,3,3,Low Risk
HS2026004,2.805,2.52,0.81,0.95,0.95,0.77,0.78,0,No,Sometimes,18-20 years,Male,200,Nursing,Very low income,Often (weekly),Yes - fewer than 10 hours/week,Less than 1 hour,5-6 hours,Very low risk,5,4,4,4,5,5,5,5,5,5,4,4,4,4,5,5,4,4,4,4,4,3,4,5,5,5,5,5,5,4,4,4,4,4,5,5,5,5,3,4,4,4,Low Risk
HS2026005,2.215,3.33,0.63,0.49,0.66,0.64,0.7,2,No,Rarely,18-20 years,Female,200,Nursing,Very low income,Rarely (once or twice a semester),Yes - 10-20 hours/week,1-2 hours,Less than 4 hours,Very low risk,5,4,5,5,4,5,4,4,5,5,5,5,5,5,5,5,5,5,5,5,5,5,5,5,5,5,5,5,5,5,5,5,5,5,5,5,5,5,5,5,5,5,High Risk
HS2026006,2.415,2.81,0.89,0.73,0.71,0.56,0.89,3,No,Rarely,24-26 years,Male,200,Nursing,Very low income,Sometimes (monthly),Yes - fewer than 10 hours/week,More than 4 hours,Less than 4 hours,Very low risk,5,5,3,4,5,5,5,4,5,5,5,4,5,5,5,5,4,5,5,5,5,5,5,4,5,5,5,5,4,5,5,5,5,5,5,5,5,5,5,5,5,5,High Risk
HS2026007,3.1075,3.05,0.79,0.79,0.8,0.67,0.85,1,No,Rarely,24-26 years,Female,200,Nursing,Very low income,Sometimes (monthly),Yes - fewer than 10 hours/week,Less than 1 hour,4-5 hours,Very low risk,5,5,4,4,5,5,5,5,5,5,5,5,4,4,5,5,5,5,5,5,5,5,5,5,5,4,5,5,5,5,5,4,5,5,5,5,5,4,5,5,5,4,Moderate Risk
HS2026008,2.7525,2.5,0.34,0.75,0.75,0.79,0.69,2,No,Rarely,18-20 years,Female,200,Nursing,Middle income,Sometimes (monthly),Yes - more than 20 hours/week,2-3 hours,Less than 4 hours,Very low risk,5,5,4,4,5,5,5,5,5,5,4,4,5,5,5,5,5,4,4,5,5,5,5,3,5,4,4,5,5,5,3,5,4,5,4,5,4,5,5,3,5,5,High Risk
HS2026009,1.93,1.95,0.32,0.68,0.68,0.49,0.73,4,No,Almost never,24-26 years,Male,200,Nursing,Middle income,Never,No,More than 4 hours,5-6 hours,Low risk,5,5,5,5,5,5,5,5,5,5,5,5,5,5,5,4,5,5,5,4,5,5,5,5,5,5,4,5,5,5,5,5,5,5,5,5,4,5,5,5,5,4,High Risk
HS2026010,2.1925,2.17,0.57,0.77,0.73,0.65,0.69,2,No,Sometimes,21-23 years,Female,200,Nursing,Middle income,Often (weekly),No,1-2 hours,6-7 hours,High risk,5,4,3,5,4,3,3,2,3,2,4,2,2,1,3,3,2,3,5,5,3,3,2,4,5,2,5,4,5,3,4,2,3,2,1,2,2,3,3,2,2,3,High Risk
HS2026011,2.7275,1.5,0.67,0.63,0.68,0.63,0.68,3,No,Sometimes,27-29 years,Male,200,Nursing,Middle income,Sometimes (monthly),Yes - more than 20 hours/week,1-2 hours,More than 8 hours,High risk,2,2,2,2,1,1,1,1,2,2,2,2,2,2,5,5,4,3,3,5,3,3,2,2,2,2,2,3,3,3,3,3,3,3,3,2,3,3,3,2,1,1,High Risk
HS2026012,1.715,1.63,0.89,0.6,0.78,0.66,0.84,3,No,Rarely,27-29 years,Female,200,Nursing,Middle income,Never,No,1-2 hours,7-8 hours,Low risk,4,4,4,4,4,4,4,4,4,4,4,4,4,4,4,4,4,4,4,4,4,4,5,5,5,5,4,5,5,4,4,5,4,5,4,3,3,3,3,3,3,3,High Risk
HS2026013,3.0475,3.48,0.45,0.8,0.8,0.89,0.78,1,No,Rarely,24-26 years,Female,200,Nursing,Upper-middle income,Rarely (once or twice a semester),Yes - 10-20 hours/week,Less than 1 hour,6-7 hours,Low risk,3,3,3,3,4,2,2,4,2,2,2,3,2,3,2,3,3,3,3,3,2,3,3,3,2,3,3,3,3,2,2,2,2,3,2,3,2,3,3,3,2,3,Moderate Risk
HS2026014,2.355,2.78,0.77,0.81,0.81,0.72,0.7,2,No,Rarely,24-26 years,Female,200,Nursing,Middle income,Rarely (once or twice a semester),No,1-2 hours,5-6 hours,Moderate risk,4,5,4,1,3,3,3,4,5,3,4,1,5,2,5,3,4,5,4,5,4,3,2,4,4,4,3,3,4,4,4,5,3,5,1,2,3,3,2,3,3,3,High Risk
HS2026015,3.2075,3.33,0.87,0.8,0.8,0.81,0.9,0,No,Rarely,18-20 years,Female,200,Nursing,Middle income,Often (weekly),No,1-2 hours,7-8 hours,Low risk,3,2,2,2,2,2,3,3,3,3,3,3,3,2,3,4,3,4,4,4,2,1,3,3,4,2,2,3,4,4,3,4,4,4,5,5,5,3,4,4,3,3,Low Risk
HS2026016,2.8425,3.13,0.86,0.8,0.8,0.63,1,1,No,Almost never,21-23 years,Female,200,Nursing,High income,Rarely (once or twice a semester),No,1-2 hours,6-7 hours,Very low risk,3,5,4,1,3,3,2,3,5,3,4,2,5,2,5,3,4,5,5,5,2,3,4,3,3,4,2,4,5,3,2,3,3,3,1,1,2,2,2,2,1,1,Moderate Risk
HS2026017,2.8475,3.33,0.6,0.64,0.64,0.77,0.79,1,No,Sometimes,27-29 years,Female,200,Nursing,Low income,Never,Yes - fewer than 10 hours/week,1-2 hours,5-6 hours,High risk,5,5,5,3,4,3,3,4,5,4,5,2,3,2,2,5,4,2,2,1,2,2,2,5,3,4,5,5,5,5,4,4,2,4,1,2,4,3,2,3,3,2,Moderate Risk
HS2026018,2.2625,2.55,0.68,0.72,0.72,0.83,0.96,4,No,Sometimes,21-23 years,Female,200,Nursing,Middle income,Often (weekly),No,1-2 hours,6-7 hours,Moderate risk,3,5,3,1,3,3,3,3,5,3,4,2,5,2,4,3,4,4,5,4,3,4,4,4,3,4,4,5,4,4,4,4,2,3,2,1,2,2,2,2,2,2,High Risk
HS2026019,2.885,2.97,0.93,0.66,0.66,0.52,0.92,1,No,Rarely,21-23 years,Female,200,Nursing,Upper-middle income,Rarely (once or twice a semester),No,2-3 hours,6-7 hours,Low risk,4,5,3,1,2,2,2,3,5,2,4,1,5,2,4,4,4,4,4,4,1,3,4,4,2,4,3,4,4,3,4,4,2,3,2,1,2,2,2,2,2,2,Moderate Risk
HS2026020,3.2925,3.53,0.82,0.82,0.82,0.91,1,1,No,Rarely,24-26 years,Male,200,Nursing,Upper-middle income,Often (weekly),No,2-3 hours,4-5 hours,Low risk,2,3,3,1,3,2,2,3,5,2,5,1,5,1,4,4,4,4,4,5,2,3,5,2,2,4,2,3,2,3,4,4,2,3,1,1,2,2,2,1,2,1,Moderate Risk
HS2026021,2.57,3.58,0.89,0.76,0.76,0.76,0.89,2,No,Rarely,21-23 years,Female,200,Nursing,Middle income,Rarely (once or twice a semester),No,1-2 hours,6-7 hours,Low risk,3,4,3,1,2,2,2,3,5,5,4,2,5,2,4,3,4,5,5,5,2,3,2,3,3,4,3,4,3,5,5,5,2,3,1,1,2,2,1,2,3,1,High Risk
HS2026022,3.08,3.26,0.86,0.83,0.83,0.83,0.93,0,No,Rarely,24-26 years,Female,200,Nursing,Low income,Never,No,3-4 hours,4-5 hours,Very low risk,2,3,2,1,2,2,2,2,5,2,5,1,5,2,5,2,2,4,5,5,2,5,5,3,2,4,2,4,4,4,4,4,2,4,1,1,2,2,2,2,2,1,Low Risk
HS2026023,3.26,3.13,0.76,0.92,0.92,0.65,0.8,0,No,Almost never,21-23 years,Male,200,Nursing,Middle income,Often (weekly),No,2-3 hours,5-6 hours,Moderate risk,5,4,4,1,2,2,2,2,5,4,5,2,4,2,4,5,4,4,5,4,3,4,5,3,3,2,2,4,4,3,5,5,4,4,1,2,2,2,2,1,2,2,Low Risk
HS2026024,3.055,3.25,0.85,0.84,0.84,0.67,0.8,1,No,Sometimes,24-26 years,Female,300,Nursing,Middle income,Rarely (once or twice a semester),No,2-3 hours,4-5 hours,Moderate risk,5,4,4,2,3,2,2,3,5,3,4,2,5,2,5,4,4,5,5,5,4,5,3,2,3,4,3,4,4,5,4,5,3,3,2,2,2,1,2,2,1,1,Moderate Risk
HS2026025,2.765,2.81,0.66,0.69,0.69,0.55,0.89,2,No,Sometimes,27-29 years,Female,300,Nursing,Middle income,Often (weekly),Yes - 10-20 hours/week,2-3 hours,6-7 hours,Moderate risk,5,3,4,2,3,3,3,3,4,2,5,1,5,2,3,3,3,4,5,4,3,4,5,3,3,4,2,5,3,3,5,5,3,3,1,1,2,2,2,3,3,1,High Risk
HS2026026,2.7075,2.83,0.8,0.8,0.89,0.55,0.93,1,No,Rarely,30-35 years,Male,300,Nursing,Middle income,Sometimes (monthly),No,1-2 hours,4-5 hours,Moderate risk,2,2,3,3,3,1,1,3,2,3,1,2,2,2,4,4,4,4,4,4,4,2,2,1,1,4,2,1,2,1,2,1,1,2,2,1,1,2,2,1,1,2,Moderate Risk
HS2026027,2.735,2.53,0.8,0.9,0.93,0.6,0.9,3,No,Rarely,27-29 years,Female,300,Nursing,Middle income,Sometimes (monthly),No,1-2 hours,4-5 hours,Moderate risk,2,2,3,3,3,2,2,3,2,3,2,3,3,2,4,4,4,4,4,4,4,4,2,2,2,4,2,2,2,2,2,2,2,2,2,2,2,2,2,2,2,2,High Risk
HS2026028,3.4975,3.44,0.8,0.9,0.8,0.8,0.79,0,No,Rarely,21-23 years,Male,300,Nursing,Middle income,Rarely (once or twice a semester),No,2-3 hours,4-5 hours,Very low risk,2,2,2,3,3,3,1,1,5,3,5,2,5,1,4,3,2,2,4,4,1,2,2,5,4,2,4,2,3,2,2,4,4,5,1,1,2,1,2,1,1,2,Low Risk
HS2026029,2.5025,2.53,0.8,0.92,0.8,0.86,0.67,2,No,Rarely,24-26 years,Female,300,Nursing,Middle income,Sometimes (monthly),No,2-3 hours,4-5 hours,Low risk,2,2,2,2,2,4,4,2,4,2,4,4,4,2,1,2,2,3,4,2,1,2,2,3,4,4,4,3,4,2,3,2,2,2,2,1,2,1,2,1,1,2,High Risk
HS2026030,2.9175,3.17,0.8,0.78,0.89,0.8,0.72,0,No,Almost never,27-29 years,Male,300,Nursing,Middle income,Rarely (once or twice a semester),No,2-3 hours,4-5 hours,Low risk,3,2,3,2,3,4,2,3,2,4,2,1,3,4,2,1,2,1,2,1,2,3,2,3,2,4,2,1,4,3,3,3,3,2,1,1,2,2,1,2,2,1,Low Risk
HS2026031,2.4,2.11,0.8,0.7,0.93,0.95,0.69,2,No,Sometimes,27-29 years,Female,300,Nursing,Low income,Sometimes (monthly),Yes - 10-20 hours/week,2-3 hours,5-6 hours,Low risk,2,2,1,1,2,2,2,3,2,2,3,2,3,2,4,4,4,5,4,4,4,3,4,3,2,2,4,2,2,2,2,2,1,2,1,1,1,2,1,1,2,1,High Risk
HS2026032,3.505,3.36,0.63,0.89,0.9,0.99,1,0,No,Sometimes,18-20 years,Female,300,Nursing,Middle income,Sometimes (monthly),No,1-2 hours,5-6 hours,Moderate risk,3,4,3,3,3,2,3,3,4,3,3,3,3,2,3,3,4,4,4,5,2,3,3,4,2,3,3,2,3,3,3,2,3,2,2,2,2,2,3,2,3,1,Low Risk
HS2026033,2.375,2.36,0.64,0.85,0.79,0.96,0.59,2,No,Rarely,21-23 years,Female,300,Nursing,Low income,Always,Yes - 10-20 hours/week,Less than 1 hour,4-5 hours,Low risk,3,2,3,4,3,2,3,3,3,3,3,3,3,3,3,2,3,2,3,2,3,3,2,4,3,4,3,3,3,3,3,3,3,3,3,3,4,3,4,3,3,3,High Risk
HS2026034,2.6775,2.58,0.88,0.69,0.67,0.92,0.55,2,No,Rarely,24-26 years,Male,300,Nursing,Upper-middle income,Never,No,2-3 hours,4-5 hours,Moderate risk,2,3,2,3,2,3,3,3,2,3,3,2,2,3,4,4,3,3,3,4,4,2,3,3,2,2,2,3,4,3,4,5,1,3,3,2,3,3,2,3,2,3,High Risk
HS2026035,3.0225,3.28,0.9,0.73,0.72,1,0.96,0,No,Rarely,21-23 years,Male,300,Nursing,High income,Never,No,2-3 hours,4-5 hours,Low risk,2,2,2,2,2,2,2,2,3,3,3,3,3,3,3,3,3,4,2,3,2,2,4,2,2,4,2,2,2,2,2,2,2,2,2,2,2,2,2,2,2,2,Low Risk
HS2026036,2.5025,2.17,0.63,0.69,0.69,0.88,0.59,1,No,Rarely,18-20 years,Male,300,Nursing,Middle income,Sometimes (monthly),No,1-2 hours,5-6 hours,Low risk,2,1,2,2,3,4,3,1,2,3,2,2,4,2,5,5,4,5,4,5,4,1,2,3,1,5,2,3,2,2,2,3,1,4,2,2,2,2,1,1,1,1,Moderate Risk
HS2026037,2.07,1.81,1,0.68,1,0.86,0.93,2,No,Almost never,27-29 years,Female,200,Nursing,Upper-middle income,Never,No,2-3 hours,4-5 hours,Low risk,2,2,2,2,2,2,2,2,4,2,4,2,4,2,2,4,4,4,4,4,2,2,4,2,2,4,2,2,2,2,2,2,2,2,2,2,2,2,2,2,2,2,High Risk
HS2026038,2.4025,2.43,0.64,0.84,0.59,0.93,0.75,2,No,Sometimes,18-20 years,Male,200,Nursing,Low income,Often (weekly),Yes - 10-20 hours/week,1-2 hours,6-7 hours,Moderate risk,3,1,2,2,2,2,2,2,2,2,2,1,1,1,3,3,3,2,1,1,2,2,3,1,2,1,2,1,2,2,1,2,1,1,2,2,2,2,1,1,1,2,High Risk
HS2026039,3.095,3.07,0.64,0.78,0.55,1,0.57,0,No,Sometimes,30-35 years,Female,200,Nursing,Middle income,Sometimes (monthly),Yes - 10-20 hours/week,1-2 hours,4-5 hours,Moderate risk,2,2,1,1,2,2,2,2,3,2,2,1,1,2,3,3,3,2,2,1,1,2,4,2,2,2,1,2,2,2,1,1,1,2,1,3,3,2,2,1,1,3,Low Risk
HS2026040,2.2,1.76,0.8,0.7,0.96,0.84,0.89,3,No,Rarely,24-26 years,Female,200,Nursing,Middle income,Sometimes (monthly),No,1-2 hours,4-5 hours,Moderate risk,2,2,2,4,2,2,2,2,4,2,4,2,4,2,4,4,4,4,4,4,2,2,4,2,2,4,2,2,2,2,2,2,2,2,2,2,2,2,2,2,2,2,High Risk
HS2026041,1.75,1.33,0.8,0.9,0.59,0.82,1,4,No,Rarely,30-35 years,Female,200,Nursing,Middle income,Rarely (once or twice a semester),No,2-3 hours,5-6 hours,Low risk,2,1,3,1,2,2,2,1,2,2,2,1,3,2,2,1,2,1,2,1,2,3,2,1,2,1,2,2,1,1,2,2,2,2,3,2,2,2,1,1,1,1,High Risk
HS2026042,2.3675,1.79,0.8,1,0.93,0.96,0.89,0,No,Rarely,30-35 years,Male,200,Nursing,Middle income,Sometimes (monthly),No,1-2 hours,5-6 hours,Moderate risk,4,2,2,2,2,1,3,2,4,2,4,2,4,2,2,2,2,2,3,2,2,2,2,4,4,4,2,2,2,2,2,2,2,2,2,2,2,2,2,2,2,2,Moderate Risk
HS2026043,2.715,2.38,0.95,0.79,0.75,0.82,0.89,2,No,Rarely,21-23 years,Male,200,Nursing,Middle income,Sometimes (monthly),No,More than 4 hours,5-6 hours,Very low risk,2,1,2,1,1,1,1,1,2,1,4,1,4,1,2,3,3,3,3,3,2,3,2,1,2,1,2,1,1,1,2,2,2,1,1,1,1,1,1,1,1,1,High Risk
HS2026044,2.8175,2.67,0.79,0.96,0.57,0.65,0.89,1,No,Almost never,27-29 years,Male,200,Nursing,Middle income,Sometimes (monthly),No,2-3 hours,7-8 hours,Very low risk,2,2,2,3,2,2,2,2,3,2,2,1,3,1,4,4,3,3,3,2,2,2,3,1,2,2,3,3,2,3,3,2,2,2,3,1,2,1,2,3,2,2,Moderate Risk
HS2026045,1.6825,1.57,0.5,0.92,0.89,0.47,0.7,6,No,Sometimes,24-26 years,Male,200,Nursing,Middle income,Sometimes (monthly),No,1-2 hours,4-5 hours,Moderate risk,3,2,3,2,3,3,3,4,2,4,3,2,1,3,3,4,2,2,2,2,3,4,1,5,4,2,2,3,3,3,3,3,3,3,2,4,3,4,3,4,3,4,High Risk
HS2026046,2.2525,2,0.65,1,1,0.77,0.77,1,No,Sometimes,18-20 years,Female,200,Nursing,Low income,Always,No,More than 4 hours,4-5 hours,Low risk,2,3,2,1,1,2,3,3,3,2,2,2,2,2,2,4,4,4,4,4,4,1,5,3,3,4,4,2,2,2,2,2,2,3,1,2,2,2,2,2,2,2,Moderate Risk
HS2026047,2.8325,2.6,0.49,0.89,0.89,0.72,0.79,2,No,Rarely,21-23 years,Female,200,Nursing,Middle income,Sometimes (monthly),No,Less than 1 hour,6-7 hours,High risk,5,4,5,4,5,4,5,4,4,4,5,4,2,4,2,1,2,1,2,2,3,5,5,5,3,3,2,4,4,4,4,4,3,5,4,4,3,3,3,3,3,3,High Risk
HS2026048,1.8075,1.17,0.5,0.93,0.89,1,0.69,3,No,Rarely,24-26 years,Female,200,Nursing,Upper-middle income,Never,Yes - 10-20 hours/week,Less than 1 hour,6-7 hours,Moderate risk,4,4,4,4,4,4,3,4,4,4,4,4,4,4,2,4,4,4,4,4,2,2,5,1,1,5,4,2,1,2,3,2,2,2,2,2,1,1,2,1,2,2,High Risk
HS2026049,2.2425,2.21,0.53,0.8,0.89,0.72,0.6,1,No,Rarely,24-26 years,Female,200,Nursing,Upper-middle income,Never,No,1-2 hours,Less than 4 hours,Moderate risk,5,3,3,5,3,3,4,3,3,3,2,3,4,3,2,3,2,1,3,1,3,3,1,5,5,1,1,5,4,5,4,5,3,3,5,5,5,5,4,3,3,3,Moderate Risk
HS2026050,3.5625,3.74,0.78,0.8,0.7,0.68,0.79,0,No,Rarely,27-29 years,Male,200,Nursing,Middle income,Rarely (once or twice a semester),No,2-3 hours,More than 8 hours,High risk,3,3,3,3,3,3,3,3,3,2,3,2,3,2,5,4,4,5,4,4,2,2,5,1,3,5,5,3,4,3,3,4,3,5,3,3,3,3,3,3,3,2,Low Risk
HS2026051,2.0075,1.48,0.95,0.89,0.77,1,0.89,4,No,Almost never,18-20 years,Female,200,Nursing,Middle income,Rarely (once or twice a semester),No,3-4 hours,4-5 hours,Low risk,1,1,1,1,1,1,1,1,3,2,4,1,3,1,3,2,2,5,3,5,1,1,4,3,4,3,4,1,4,2,3,3,2,3,1,1,1,1,2,1,2,3,High Risk
HS2026052,2.0375,1.74,1,0.93,0.79,0.85,0.91,4,No,Sometimes,27-29 years,Female,200,Nursing,High income,Never,Yes - fewer than 10 hours/week,More than 4 hours,5-6 hours,Low risk,1,1,1,1,1,1,1,1,1,1,1,1,1,1,4,5,5,5,5,5,1,5,5,2,1,4,5,1,1,1,2,1,2,2,2,1,1,1,1,1,1,1,High Risk
HS2026053,2.585,2.17,0.66,0.9,0.69,1,0.66,2,No,Sometimes,21-23 years,Male,200,Nursing,Low income,Sometimes (monthly),No,3-4 hours,5-6 hours,Moderate risk,2,2,2,4,2,3,1,4,2,4,1,3,3,3,3,5,5,5,5,5,2,3,1,5,4,2,2,1,3,1,2,3,1,2,1,2,2,2,2,2,2,2,High Risk
HS2026054,3.4675,3,0.8,0.79,0.6,0.89,1,0,No,Rarely,30-35 years,Male,200,Nursing,Middle income,Never,Yes - 10-20 hours/week,3-4 hours,4-5 hours,Very low risk,2,2,2,2,2,2,2,2,3,2,2,2,2,2,4,4,4,4,4,4,1,2,5,1,3,3,3,1,3,3,2,3,2,1,1,2,2,2,2,2,2,2,Low Risk
HS2026055,3.2975,2.9,0.79,0.67,0.79,0.84,0.79,0,No,Rarely,27-29 years,Male,200,Nursing,Middle income,Always,Yes - 10-20 hours/week,More than 4 hours,4-5 hours,Moderate risk,2,2,2,2,2,2,2,1,2,2,2,2,4,2,4,2,4,4,4,4,2,1,2,3,2,4,2,2,2,4,4,4,2,2,2,2,2,1,2,2,2,2,Low Risk
HS2026056,2.0175,1.83,0.8,0.72,0.89,0.93,0.7,3,No,Rarely,18-20 years,Female,200,Nursing,Low income,Always,No,2-3 hours,5-6 hours,Moderate risk,2,3,2,1,3,2,2,1,3,2,3,4,2,2,3,3,2,1,2,3,2,2,2,2,3,3,2,3,2,2,2,3,2,3,1,1,2,2,2,2,1,2,High Risk
HS2026057,3.1275,2.74,0.78,0.69,0.91,0.89,0.93,0,No,Rarely,18-20 years,Male,200,Nursing,Middle income,Never,No,More than 4 hours,4-5 hours,Low risk,2,2,2,2,3,1,4,2,3,3,3,2,4,2,4,4,3,3,4,3,2,3,3,3,3,2,3,1,3,2,3,2,2,3,3,2,2,2,2,2,2,1,Low Risk
HS2026058,3.305,3.05,0.64,1,0.66,0.88,0.9,1,No,Almost never,21-23 years,Female,200,Nursing,Upper-middle income,Never,No,3-4 hours,7-8 hours,Moderate risk,3,2,2,1,2,2,2,2,3,3,2,4,3,2,4,3,3,2,3,3,2,3,4,3,2,1,3,2,2,2,3,2,3,4,3,3,2,2,3,2,3,3,Moderate Risk
HS2026059,2.7275,2.38,0.64,0.59,1,0.87,0.6,2,No,Sometimes,21-23 years,Male,200,Nursing,Low income,Sometimes (monthly),Yes - fewer than 10 hours/week,1-2 hours,6-7 hours,Moderate risk,3,2,3,2,1,3,2,2,2,2,4,3,3,2,2,2,1,3,2,3,2,2,3,2,3,4,3,2,3,1,3,3,2,3,2,3,2,3,2,2,1,3,High Risk
HS2026060,3.275,3.07,0.7,0.55,0.79,0.97,0.79,0,No,Sometimes,24-26 years,Male,200,Nursing,Middle income,Rarely (once or twice a semester),No,3-4 hours,Less than 4 hours,Moderate risk,2,2,2,2,2,2,2,2,3,2,3,2,2,2,3,3,3,2,2,3,2,2,2,2,2,3,3,3,3,2,3,2,3,4,3,1,1,2,2,2,2,1,Low Risk
HS2026061,1.665,0.93,0.9,0.96,0.7,0.91,0.87,5,No,Rarely,27-29 years,Male,200,Nursing,Upper-middle income,Rarely (once or twice a semester),Yes - 10-20 hours/week,3-4 hours,Less than 4 hours,Moderate risk,4,3,4,4,2,1,2,5,2,3,1,2,3,2,3,2,3,4,3,2,3,3,1,2,2,2,3,1,2,3,2,3,1,2,1,2,3,1,2,3,4,2,High Risk
HS2026062,2.915,2.4,0.75,0.59,0.93,0.92,0.78,0,No,Rarely,21-23 years,Male,200,Nursing,Middle income,Sometimes (monthly),Yes - fewer than 10 hours/week,3-4 hours,4-5 hours,Moderate risk,3,2,1,5,4,2,3,1,3,2,3,2,3,4,3,2,5,4,3,2,3,3,2,3,2,3,2,3,5,4,4,2,3,2,1,4,3,2,3,4,3,2,Low Risk
HS2026063,2.61,2.9,0.66,0.93,0.9,0.97,0.99,3,No,Rarely,21-23 years,Male,200,Nursing,High income,Never,No,1-2 hours,7-8 hours,High risk,4,2,4,1,2,2,3,1,3,2,3,3,2,1,3,4,2,4,4,3,3,1,1,2,3,3,2,2,3,2,4,3,2,1,2,2,3,2,3,1,2,3,High Risk
HS2026064,2.75,2.26,0.82,0.75,0.6,0.93,0.88,2,No,Rarely,24-26 years,Female,200,Nursing,Middle income,Sometimes (monthly),Yes - fewer than 10 hours/week,3-4 hours,5-6 hours,Moderate risk,4,3,2,2,3,2,2,3,2,3,1,3,2,3,2,3,2,3,4,3,3,4,2,3,4,2,3,2,4,4,4,4,2,4,2,2,3,3,2,3,4,3,High Risk
HS2026065,2.24,1.64,0.76,0.57,0.79,0.9,1,1,No,Almost never,24-26 years,Male,200,Nursing,High income,Never,No,3-4 hours,5-6 hours,Low risk,2,1,2,2,1,1,3,3,2,2,4,1,2,2,5,1,4,4,2,5,1,1,4,4,2,4,2,1,1,3,2,3,1,2,1,1,1,1,1,2,2,2,Moderate Risk
HS2026066,2.96,3.05,0.83,0.89,0.87,0.86,0.89,0,No,Sometimes,21-23 years,Female,200,Nursing,Middle income,Sometimes (monthly),No,2-3 hours,4-5 hours,Moderate risk,3,2,4,4,2,3,2,3,3,3,2,3,3,3,4,2,3,4,2,4,2,4,2,3,5,4,3,3,4,2,2,2,2,4,2,2,1,2,2,2,2,2,Low Risk
HS2026067,2.535,2.14,0.92,1,0.78,0.84,0.9,1,No,Sometimes,30-35 years,Female,200,Nursing,Middle income,Rarely (once or twice a semester),Yes - more than 20 hours/week,1-2 hours,4-5 hours,Low risk,2,2,1,2,2,1,5,1,2,1,5,1,2,1,5,5,2,5,4,5,1,2,2,4,1,2,2,2,4,2,4,3,1,1,1,1,1,1,1,2,2,2,Moderate Risk
HS2026068,3.1775,2.86,0.84,0.89,0.99,0.6,1,0,No,Rarely,21-23 years,Female,200,Nursing,Middle income,Rarely (once or twice a semester),Yes - fewer than 10 hours/week,3-4 hours,6-7 hours,Very low risk,5,1,1,3,5,1,1,3,1,1,2,2,2,2,4,5,5,5,5,5,2,4,5,3,2,5,1,3,1,2,4,5,1,1,1,1,1,1,1,1,1,1,Low Risk
HS2026069,3.03,2.86,0.69,0.78,0.88,0.85,1,1,No,Rarely,21-23 years,Female,200,Nursing,Middle income,Rarely (once or twice a semester),No,1-2 hours,4-5 hours,Low risk,2,2,2,1,2,3,1,2,5,2,4,2,5,2,4,4,2,4,3,5,1,2,2,4,2,4,2,2,4,4,4,3,1,1,1,1,1,1,1,1,1,1,Moderate Risk
HS2026070,2.68,2.62,0.89,0.49,1,0.94,0.7,2,No,Rarely,24-26 years,Female,200,Nursing,Middle income,Rarely (once or twice a semester),Yes - fewer than 10 hours/week,3-4 hours,6-7 hours,Low risk,1,3,2,2,3,4,2,3,5,3,4,1,1,1,1,1,2,5,2,3,4,5,4,3,3,4,5,1,1,1,1,3,3,3,5,1,2,1,1,1,3,3,High Risk
HS2026071,2.5,2.55,0.93,0.67,0.89,1,0.69,0,No,Rarely,30-35 years,Male,200,Nursing,Low income,Sometimes (monthly),Yes - fewer than 10 hours/week,3-4 hours,6-7 hours,High risk,3,4,3,2,2,1,5,4,1,1,2,5,4,3,1,1,2,4,2,1,1,1,1,1,5,4,1,1,1,1,1,1,1,4,4,1,2,3,2,2,3,2,Low Risk
HS2026072,3.03,2.69,0.8,0.5,0.9,0.93,0.7,0,No,Almost never,27-29 years,Male,200,Nursing,Low income,Often (weekly),Yes - fewer than 10 hours/week,Less than 1 hour,6-7 hours,High risk,5,4,2,2,3,1,2,1,3,2,2,4,2,3,3,5,3,4,2,3,1,3,5,2,1,2,3,4,3,2,1,2,1,1,1,1,1,1,2,4,1,1,Low Risk
HS2026073,3.2925,3.19,0.8,0.8,1,0.77,0.69,0,No,Sometimes,27-29 years,Female,200,Nursing,Upper-middle income,Rarely (once or twice a semester),No,1-2 hours,6-7 hours,Very low risk,2,3,3,3,2,1,2,3,2,4,2,4,4,2,2,2,3,4,4,4,2,3,2,3,3,4,2,2,3,4,4,3,2,2,2,1,1,1,2,1,1,2,Low Risk
HS2026074,2.945,2.4,0.89,0.78,1,0.86,0.79,0,No,Sometimes,21-23 years,Female,200,Nursing,Low income,Always,Yes - more than 20 hours/week,2-3 hours,6-7 hours,Low risk,1,1,3,5,3,1,1,4,1,1,1,4,4,3,1,3,3,2,1,2,1,1,5,4,3,5,5,1,1,1,1,1,1,4,1,1,1,1,3,5,5,4,Low Risk
HS2026075,2.695,2.36,0.93,0.35,0.7,0.94,0.69,0,No,Rarely,24-26 years,Female,200,Nursing,Low income,Always,Yes - more than 20 hours/week,1-2 hours,More than 8 hours,Low risk,1,1,3,4,3,5,4,3,4,4,3,2,2,2,4,3,5,1,3,1,1,3,1,1,4,2,5,3,3,3,3,2,2,4,4,1,1,1,3,3,4,5,Low Risk
HS2026076,3.7575,3.81,0.9,0.69,0.69,0.95,0.7,0,No,Rarely,27-29 years,Male,200,Nursing,Low income,Never,No,3-4 hours,6-7 hours,Low risk,1,1,1,1,2,1,3,4,5,5,2,2,2,2,1,1,1,3,3,2,1,1,3,2,2,3,4,2,2,3,3,2,2,3,3,1,1,2,1,1,1,1,Low Risk
HS2026077,2.9425,2.81,0.79,0.7,0.7,0.72,0.7,0,No,Rarely,27-29 years,Female,200,Nursing,Middle income,Sometimes (monthly),No,3-4 hours,More than 8 hours,Moderate risk,2,1,5,1,2,2,3,4,1,2,5,3,3,5,3,3,2,3,3,3,3,4,4,1,1,4,4,3,5,1,2,2,3,4,1,5,3,3,4,5,3,2,Low Risk
HS2026078,2.725,2.19,0.67,0.7,0.69,1,0.9,1,No,Rarely,21-23 years,Male,200,Nursing,Low income,Always,No,3-4 hours,More than 8 hours,Moderate risk,3,3,4,2,4,2,4,4,5,3,2,3,3,4,5,2,1,5,1,1,1,5,3,1,2,3,5,1,4,2,4,2,4,4,5,1,5,3,1,4,2,3,Moderate Risk
HS2026079,3.235,2.98,0.72,0.9,0.79,0.77,1,0,No,Almost never,30-35 years,Male,200,Nursing,Middle income,Sometimes (monthly),Yes - 10-20 hours/week,2-3 hours,6-7 hours,Moderate risk,2,3,4,2,4,1,1,2,3,1,2,5,3,4,3,3,2,1,1,3,1,2,3,3,2,5,2,1,4,2,4,1,1,2,3,4,5,3,4,2,4,2,Low Risk
HS2026080,2.7375,2.14,0.69,1,0.69,0.91,0.99,2,No,Sometimes,27-29 years,Male,200,Nursing,Upper-middle income,Never,No,2-3 hours,5-6 hours,Moderate risk,3,3,5,1,1,3,5,5,1,1,2,2,1,2,4,3,2,1,3,2,1,4,4,1,4,4,5,1,5,1,1,3,5,5,1,1,5,3,1,2,5,3,High Risk
HS2026081,3.0175,2.93,1,0.99,0.7,0.94,0.69,0,No,Sometimes,18-20 years,Female,200,Nursing,Upper-middle income,Never,No,Less than 1 hour,4-5 hours,Moderate risk,3,3,3,4,3,1,5,4,2,1,4,3,1,5,5,2,2,1,4,3,3,3,2,2,2,2,3,4,3,4,3,1,5,4,2,4,1,5,3,5,3,3,Low Risk
HS2026082,2.5375,2.48,0.59,0.45,0.7,0.75,0.6,3,No,Rarely,18-20 years,Male,200,Nursing,Middle income,Rarely (once or twice a semester),No,1-2 hours,6-7 hours,High risk,4,5,5,2,1,2,4,5,2,2,1,1,4,3,1,2,3,3,2,1,5,3,2,1,1,4,2,2,5,2,1,2,4,5,2,4,3,2,1,2,3,4,High Risk
HS2026083,3.1,2.52,0.55,0.7,0.9,0.89,0.79,1,No,Rarely,21-23 years,Female,200,Nursing,Middle income,Rarely (once or twice a semester),Yes - fewer than 10 hours/week,More than 4 hours,4-5 hours,Moderate risk,3,5,3,2,5,2,4,3,2,2,4,4,1,4,4,3,3,1,3,5,2,3,3,4,1,5,4,1,3,2,5,2,4,3,2,3,1,4,1,3,5,3,Moderate Risk
HS2026084,3.47,3.57,0.96,0.69,1,0.91,0.89,0,No,Rarely,21-23 years,Male,200,Nursing,High income,Never,No,Less than 1 hour,Less than 4 hours,Low risk,1,3,5,2,2,1,5,2,1,2,2,4,2,4,4,2,5,2,3,4,1,2,3,4,1,3,1,3,5,2,2,1,5,2,1,3,2,2,3,4,4,1,Low Risk
HS2026085,3.175,3.19,0.59,0.79,0.7,0.89,0.91,0,No,Rarely,24-26 years,Male,200,Nursing,Low income,Sometimes (monthly),Yes - 10-20 hours/week,2-3 hours,6-7 hours,Moderate risk,4,3,4,2,4,4,1,1,2,3,1,3,2,4,4,2,3,4,3,4,3,3,5,5,4,1,1,2,4,2,4,4,1,1,2,2,5,5,3,3,3,4,Low Risk
HS2026086,2.735,2.43,0.93,0.69,0.77,0.84,0.66,2,No,Almost never,27-29 years,Male,200,Nursing,Middle income,Never,Yes - 10-20 hours/week,More than 4 hours,4-5 hours,Low risk,4,5,2,4,3,3,3,4,3,2,5,3,4,4,4,2,3,3,2,3,1,2,2,2,4,3,2,5,2,4,3,3,3,4,3,3,4,2,2,4,3,4,High Risk
HS2026087,3.62,3.57,0.75,0.7,0.79,0.95,1,0,No,Sometimes,21-23 years,Male,200,Nursing,Middle income,Always,No,1-2 hours,6-7 hours,Very low risk,2,3,3,2,2,5,1,3,2,3,5,3,3,4,3,4,1,4,2,3,1,1,5,2,3,5,4,2,3,2,2,5,1,3,2,3,3,4,1,2,3,2,Low Risk
HS2026088,2.7125,2.26,0.57,0.72,0.69,0.99,0.79,1,No,Sometimes,21-23 years,Male,200,Nursing,Low income,Always,No,1-2 hours,4-5 hours,Low risk,3,1,4,3,2,2,1,2,3,2,4,3,4,2,3,4,3,5,3,1,2,2,1,4,1,2,2,2,4,3,2,2,1,2,3,5,5,3,5,3,5,3,Moderate Risk
HS2026089,1.9425,1.9,0.89,0.96,0.6,0.91,0.7,3,No,Rarely,24-26 years,Female,200,Nursing,Middle income,Never,No,1-2 hours,6-7 hours,Low risk,3,3,2,1,4,5,2,3,2,1,2,1,2,4,3,3,2,3,2,2,5,1,3,2,2,4,1,5,2,1,4,5,2,3,2,1,1,5,4,5,2,3,High Risk
HS2026090,1.94,1.52,1,0.67,0.79,0.78,0.93,3,No,Rarely,24-26 years,Male,200,Nursing,Upper-middle income,Never,Yes - fewer than 10 hours/week,Less than 1 hour,4-5 hours,High risk,2,3,4,1,2,3,5,1,2,2,2,5,4,3,1,5,2,3,4,1,1,5,2,1,1,2,3,1,4,1,2,3,5,1,2,3,1,4,3,5,2,2,High Risk
HS2026091,3.665,3.95,0.89,0.8,0.89,0.96,0.9,0,No,Rarely,21-23 years,Female,200,Nursing,Low income,Sometimes (monthly),No,1-2 hours,5-6 hours,High risk,4,5,3,2,4,1,2,4,1,1,3,3,1,3,3,5,2,2,4,3,4,2,1,4,3,3,5,1,3,2,4,1,2,4,1,5,5,5,5,1,2,4,Low Risk
HS2026092,3.2,3.17,0.89,0.78,0.91,0.86,0.6,0,No,Rarely,30-35 years,Female,200,Nursing,Middle income,Rarely (once or twice a semester),Yes - 10-20 hours/week,1-2 hours,4-5 hours,Very low risk,1,2,4,4,1,4,3,3,3,2,1,2,5,3,3,3,2,2,3,3,3,4,5,3,4,4,3,5,4,4,1,4,3,3,3,4,3,4,4,4,1,1,Low Risk
HS2026093,2.6375,2.5,0.89,0.79,0.66,0.84,0.79,2,No,Almost never,21-23 years,Female,200,Nursing,Upper-middle income,Rarely (once or twice a semester),Yes - fewer than 10 hours/week,1-2 hours,5-6 hours,Low risk,5,4,2,4,4,2,2,1,3,2,4,1,2,4,4,5,1,1,4,4,5,1,5,3,2,4,1,5,2,4,4,2,2,1,3,3,2,5,3,3,2,5,High Risk
HS2026094,3.1225,3.24,0.7,0.64,1,0.88,0.87,0,No,Sometimes,21-23 years,Female,200,Nursing,Middle income,Sometimes (monthly),No,1-2 hours,More than 8 hours,Low risk,5,5,1,3,5,4,4,1,2,2,3,1,1,2,1,4,3,1,2,4,4,4,3,3,3,3,3,3,1,3,5,4,4,1,2,5,5,5,3,4,2,5,Low Risk
HS2026095,3.66,3.6,0.77,0.65,0.79,0.88,0.78,0,No,Sometimes,24-26 years,Female,200,Nursing,High income,Never,Yes - fewer than 10 hours/week,1-2 hours,More than 8 hours,Low risk,2,3,3,3,2,4,4,4,4,3,5,4,2,2,3,2,1,2,4,1,3,4,3,2,2,3,3,1,3,3,2,4,4,4,4,3,5,5,2,4,3,2,Low Risk
HS2026096,3.1,2.95,0.79,1,0.7,0.94,0.9,0,No,Rarely,30-35 years,Male,200,Nursing,Middle income,Sometimes (monthly),No,2-3 hours,More than 8 hours,Moderate risk,4,2,2,2,3,5,2,1,3,3,1,2,5,1,3,3,1,3,3,2,5,3,2,1,1,2,4,1,2,2,3,5,2,1,3,2,3,3,2,2,1,4,Low Risk
HS2026097,2.185,1.69,0.69,0.99,0.93,0.94,0.9,0,No,Rarely,27-29 years,Male,200,Nursing,High income,Never,No,2-3 hours,6-7 hours,Moderate risk,3,3,3,3,4,2,2,4,2,2,4,4,2,4,3,5,2,3,2,2,4,2,1,2,2,2,3,2,3,3,4,2,2,4,2,1,3,4,4,2,3,3,Moderate Risk
HS2026098,3.1,3.4,0.6,0.8,0.9,0.96,0.92,0,No,Rarely,27-29 years,Female,200,Nursing,Middle income,Sometimes (monthly),Yes - more than 20 hours/week,1-2 hours,5-6 hours,Moderate risk,5,3,2,3,4,5,2,1,4,3,5,3,2,4,2,3,2,1,5,2,4,1,2,3,1,2,4,4,2,3,4,5,2,1,4,2,4,4,1,4,1,5,Low Risk
HS2026099,3.265,2.79,0.79,0.98,0.6,0.93,0.78,0,No,Rarely,21-23 years,Female,200,Nursing,Middle income,Rarely (once or twice a semester),Yes - fewer than 10 hours/week,3-4 hours,4-5 hours,Moderate risk,2,3,4,2,2,3,4,2,2,3,4,3,4,1,2,3,3,4,4,4,5,3,3,4,3,5,2,2,4,2,2,3,4,2,2,5,3,4,4,3,4,2,Low Risk
HS2026100,3.2725,2.64,0.89,0.99,0.79,0.95,0.7,0,No,Almost never,24-26 years,Female,200,Nursing,Middle income,Rarely (once or twice a semester),No,2-3 hours,6-7 hours,Moderate risk,2,2,3,4,4,3,1,1,4,2,1,3,3,2,4,2,3,5,1,3,3,3,2,2,3,3,2,3,3,4,4,3,1,1,4,4,3,3,3,3,5,2,Low Risk
HS2026101,2.435,1.98,0.91,1,0.87,0.76,0.89,2,No,Sometimes,27-29 years,Male,200,Nursing,Middle income,Rarely (once or twice a semester),Yes - fewer than 10 hours/week,2-3 hours,4-5 hours,High risk,4,3,4,5,2,4,2,1,2,2,3,5,1,4,4,3,1,3,3,4,2,2,2,4,2,3,2,1,4,5,2,4,2,1,2,4,4,4,3,2,3,4,High Risk
HS2026102,3.28,2.86,0.66,0.8,0.78,0.99,0.85,0,No,Sometimes,27-29 years,Female,200,Nursing,Middle income,Rarely (once or twice a semester),Yes - fewer than 10 hours/week,2-3 hours,Less than 4 hours,Moderate risk,3,3,4,2,1,2,3,1,3,2,1,2,4,4,1,2,4,4,3,3,5,3,3,2,2,4,5,3,4,2,1,2,3,1,3,4,4,3,4,2,4,3,Low Risk
HS2026103,3.0225,2.93,1,1,0.99,0.94,0.69,0,No,Rarely,21-23 years,Male,200,Nursing,Low income,Sometimes (monthly),Yes - fewer than 10 hours/week,1-2 hours,6-7 hours,Low risk,2,4,5,2,3,3,3,2,1,1,4,3,4,3,4,1,1,1,2,3,3,2,5,5,2,3,2,1,5,2,3,3,3,2,1,5,5,5,3,1,3,2,Low Risk
HS2026104,2.5425,2.19,0.79,0.8,0.88,0.73,0.73,1,No,Rarely,30-35 years,Male,200,Nursing,Low income,Often (weekly),No,1-2 hours,4-5 hours,Moderate risk,3,3,3,1,3,2,3,2,1,2,3,1,3,4,3,4,2,3,4,3,3,2,2,3,1,4,5,4,3,1,3,2,3,2,1,5,3,3,1,3,2,3,Moderate Risk
HS2026105,2.865,2.57,0.7,1,1,0.88,0.69,1,No,Rarely,27-29 years,Male,200,Nursing,Upper-middle income,Rarely (once or twice a semester),Yes - more than 20 hours/week,2-3 hours,6-7 hours,Low risk,4,3,5,1,2,1,1,3,3,1,4,4,5,2,4,2,2,2,4,3,3,4,1,3,1,2,3,1,5,1,2,1,1,3,3,4,4,2,3,2,5,4,Moderate Risk
HS2026106,2.9425,2.45,0.93,0.99,0.89,0.81,0.68,0,No,Rarely,18-20 years,Female,200,Nursing,Low income,Always,Yes - more than 20 hours/week,2-3 hours,4-5 hours,Very low risk,1,1,1,3,3,4,1,1,4,2,3,3,1,5,5,1,3,2,5,3,3,2,1,2,3,2,2,3,1,3,3,4,1,1,4,5,2,3,4,2,5,1,Low Risk
HS2026107,1.6875,1.31,0.9,0.45,0.9,0.94,0.84,4,No,Almost never,18-20 years,Male,200,Nursing,Low income,Always,No,2-3 hours,6-7 hours,Low risk,2,2,2,2,2,3,1,2,1,1,4,3,1,3,3,2,4,5,3,2,5,2,3,4,1,1,5,3,2,2,2,3,1,2,1,3,5,4,4,3,2,2,High Risk
HS2026108,2.0925,1.12,0.6,0.7,1,0.93,0.78,2,No,Sometimes,21-23 years,Female,200,Nursing,Low income,Never,No,2-3 hours,4-5 hours,Low risk,1,3,5,2,4,2,3,4,4,1,4,2,5,3,2,3,2,3,1,4,4,4,3,3,4,5,3,4,5,2,4,2,3,4,4,4,2,3,3,3,2,1,High Risk
HS2026109,2.9575,3.02,0.79,0.69,1,0.98,0.7,1,No,Sometimes,21-23 years,Male,200,Nursing,Middle income,Sometimes (monthly),No,1-2 hours,5-6 hours,High risk,2,3,3,3,3,2,4,4,3,3,2,3,2,4,4,2,3,1,3,3,1,3,3,2,3,3,2,4,3,3,3,2,4,4,3,2,1,3,3,3,3,2,Moderate Risk
HS2026110,2.55,1.88,0.87,0.79,0.7,0.98,0.9,0,No,Rarely,24-26 years,Male,200,Nursing,Low income,Always,Yes - 10-20 hours/week,Less than 1 hour,4-5 hours,High risk,3,2,4,2,3,3,2,4,3,2,1,2,5,1,3,3,3,5,3,3,4,4,1,3,3,4,2,3,4,2,3,3,2,4,3,3,2,1,1,4,2,3,Low Risk
HS2026111,3.3975,3.35,0.78,0.69,0.69,0.91,1,0,No,Rarely,27-29 years,Male,200,Nursing,Middle income,Sometimes (monthly),No,2-3 hours,5-6 hours,Very low risk,5,4,3,1,2,2,3,3,2,2,2,3,4,5,4,2,2,3,1,1,2,5,1,2,4,3,3,4,3,1,2,2,3,3,2,3,4,3,3,2,5,5,Low Risk
HS2026112,2.8175,2.52,0.99,0.7,0.7,0.78,0.79,4,No,Rarely,21-23 years,Male,200,Nursing,Upper-middle income,Never,No,2-3 hours,More than 8 hours,Low risk,2,3,2,1,4,2,5,2,2,2,2,1,3,5,2,2,5,3,3,4,4,1,3,1,1,5,5,4,2,1,4,2,5,2,2,3,4,1,4,4,2,2,High Risk
HS2026113,2.685,2.52,0.88,0.72,0.69,1,0.96,3,No,Rarely,21-23 years,Male,200,Nursing,Upper-middle income,Never,No,1-2 hours,More than 8 hours,Low risk,3,3,2,3,2,1,1,3,2,2,2,1,4,4,3,2,2,3,1,3,2,1,2,1,1,2,2,1,2,3,2,1,1,3,2,3,3,4,3,4,3,3,High Risk
HS2026114,2.76,2.96,1,0.96,0.79,0.65,0.92,0,No,Almost never,24-26 years,Female,200,Nursing,Middle income,Rarely (once or twice a semester),Yes - fewer than 10 hours/week,2-3 hours,More than 8 hours,Low risk,3,3,2,3,5,4,5,1,3,3,3,2,4,5,4,4,1,2,4,4,2,3,2,2,5,4,3,2,2,3,5,4,5,1,3,4,5,5,4,3,5,3,Low Risk
HS2026115,2.705,2.75,0.89,0.47,0.69,0.62,1,2,No,Sometimes,24-26 years,Male,200,Nursing,Middle income,Rarely (once or twice a semester),No,1-2 hours,6-7 hours,Moderate risk,5,5,5,2,2,4,5,5,2,1,3,2,1,3,5,4,5,2,5,2,1,3,4,4,3,3,4,5,5,2,2,4,5,5,2,4,5,4,3,3,3,5,High Risk
HS2026116,3.3275,3.31,0.9,0.79,0.7,0.94,0.89,0,No,Sometimes,21-23 years,Female,200,Nursing,High income,Never,Yes - 10-20 hours/week,1-2 hours,5-6 hours,Moderate risk,3,3,3,2,3,1,2,3,2,1,4,4,4,4,2,3,3,2,2,3,4,4,3,1,3,2,3,2,3,2,3,1,2,3,2,3,2,2,3,4,3,3,Low Risk
HS2026117,3.1275,3.19,1,0.69,0.7,1,0.9,0,No,Rarely,30-35 years,Female,200,Nursing,Low income,Sometimes (monthly),Yes - 10-20 hours/week,1-2 hours,4-5 hours,Moderate risk,4,5,3,4,2,4,2,1,4,1,3,4,2,4,3,5,4,1,2,3,4,2,1,5,3,3,3,4,3,4,2,4,2,1,4,1,3,4,4,5,5,4,Low Risk
HS2026118,2.64,2.75,1,0.7,0.89,1,1,4,No,Rarely,21-23 years,Female,200,Nursing,Middle income,Never,No,2-3 hours,6-7 hours,Moderate risk,2,2,2,3,3,2,2,3,5,2,1,2,3,2,1,2,5,3,2,3,2,1,2,1,3,1,3,4,2,3,3,2,2,3,5,1,1,1,2,3,3,2,High Risk
HS2026119,3.025,2.85,0.7,0.7,0.89,0.83,1,0,No,Rarely,21-23 years,Female,200,Nursing,Middle income,Always,No,1-2 hours,4-5 hours,Moderate risk,4,3,3,1,4,1,2,2,3,2,2,3,1,2,1,3,3,3,5,2,3,1,2,3,3,2,3,4,3,1,4,1,2,2,3,4,1,1,4,4,3,4,Low Risk
HS2026120,3.5175,3.5,0.69,0.9,0.89,0.77,0.7,0,No,Rarely,24-26 years,Female,200,Nursing,Low income,Always,No,More than 4 hours,Less than 4 hours,High risk,2,1,3,5,5,4,1,3,1,3,3,4,2,4,1,4,4,3,4,2,3,3,2,3,3,3,1,4,3,5,5,4,1,3,1,3,1,2,3,5,1,2,Low Risk
HS2026121,3.3025,3.35,0.7,1,0.7,0.93,0.69,0,No,Almost never,30-35 years,Male,200,Nursing,Middle income,Never,Yes - fewer than 10 hours/week,2-3 hours,6-7 hours,Moderate risk,1,3,3,3,1,4,3,1,3,2,3,5,2,5,3,5,2,2,4,2,4,1,2,3,3,2,3,4,3,3,1,4,3,1,3,3,3,2,5,2,1,1,Low Risk
HS2026122,3.3425,3.1,0.69,0.68,0.77,1,0.7,0,No,Sometimes,27-29 years,Male,200,Nursing,Upper-middle income,Never,No,1-2 hours,4-5 hours,Low risk,4,4,2,2,1,4,2,3,4,2,3,1,2,3,1,2,1,3,5,3,3,3,2,3,3,2,3,1,2,2,1,4,2,3,4,4,1,4,4,5,1,4,Low Risk
HS2026123,2.9075,2.67,0.79,0.98,0.79,0.91,0.69,0,No,Sometimes,27-29 years,Female,200,Nursing,Low income,Sometimes (monthly),Yes - 10-20 hours/week,More than 4 hours,6-7 hours,Moderate risk,2,1,3,3,2,4,3,4,3,3,2,4,2,4,5,2,2,1,3,3,3,2,4,4,3,5,4,4,3,3,2,4,3,4,3,2,2,2,2,3,4,2,Low Risk
HS2026124,3.1225,3.38,0.69,0.78,0.69,0.78,0.79,0,No,Rarely,21-23 years,Female,200,Nursing,Middle income,Rarely (once or twice a semester),Yes - fewer than 10 hours/week,Less than 1 hour,4-5 hours,Low risk,2,3,3,1,2,1,2,4,2,3,4,3,3,4,2,1,1,5,2,3,4,2,3,1,3,3,3,1,3,1,2,1,2,4,2,2,1,1,4,2,2,2,Low Risk
HS2026125,2.6075,3,0.7,0.77,0.6,0.86,0.69,3,No,Rarely,24-26 years,Female,200,Nursing,Upper-middle income,Rarely (once or twice a semester),No,Less than 1 hour,6-7 hours,Very low risk,3,3,4,2,3,2,2,4,3,2,4,5,4,3,3,3,2,2,1,3,2,3,3,4,4,3,3,2,4,2,3,2,2,4,3,3,4,1,5,4,1,3,High Risk
HS2026126,2.705,2.92,0.7,0.94,0.79,0.71,0.7,1,No,Rarely,27-29 years,Male,200,Nursing,Middle income,Sometimes (monthly),Yes - fewer than 10 hours/week,1-2 hours,4-5 hours,Low risk,5,5,3,5,3,3,3,1,5,2,3,3,1,4,5,2,2,3,4,2,2,5,3,4,2,3,2,1,3,5,3,3,3,1,5,3,4,1,3,1,3,5,Moderate Risk
HS2026127,2.635,2.35,0.9,0.95,0.89,0.91,0.7,3,No,Rarely,27-29 years,Female,200,Nursing,High income,Never,No,2-3 hours,5-6 hours,Low risk,2,4,3,4,4,1,2,2,5,2,2,2,4,4,3,5,3,3,2,3,3,3,2,3,3,4,2,1,3,4,4,1,2,2,5,5,5,4,1,1,2,2,High Risk
HS2026128,2.65,2.63,1,0.67,0.91,0.99,0.9,0,No,Almost never,21-23 years,Male,200,Nursing,Middle income,Sometimes (monthly),No,3-4 hours,4-5 hours,High risk,4,3,1,5,3,2,4,2,3,2,5,3,3,3,4,3,2,4,4,1,1,5,2,2,3,1,5,2,1,5,3,2,4,2,3,2,2,4,3,2,5,4,Low Risk
HS2026129,3.0625,3.19,0.7,0.76,0.66,0.97,1,0,No,Sometimes,30-35 years,Male,200,Nursing,High income,Never,Yes - more than 20 hours/week,More than 4 hours,5-6 hours,High risk,3,1,2,1,2,1,1,4,1,2,4,1,1,5,5,2,1,1,5,1,4,3,1,4,4,1,1,1,2,1,2,1,1,4,1,5,2,3,5,4,2,3,Low Risk
HS2026130,3.555,3.48,0.77,1,1,0.62,0.68,0,No,Sometimes,27-29 years,Male,200,Nursing,Middle income,Sometimes (monthly),Yes - fewer than 10 hours/week,3-4 hours,More than 8 hours,Very low risk,5,3,4,2,1,2,3,1,4,1,5,4,1,4,4,5,3,3,3,5,1,1,3,5,2,3,2,1,4,2,1,2,3,1,4,1,4,1,2,2,2,5,Low Risk
HS2026131,3.16,3.19,0.79,1,0.79,0.83,0.98,0,No,Rarely,18-20 years,Female,200,Nursing,Middle income,Rarely (once or twice a semester),No,3-4 hours,More than 8 hours,Low risk,2,2,3,3,4,4,5,2,2,1,2,4,5,3,3,4,2,2,4,5,5,1,4,4,3,1,3,4,3,3,4,4,5,2,2,3,2,2,4,1,5,2,Low Risk
HS2026132,2.5575,2.48,0.69,0.7,0.7,0.95,0.78,0,No,Rarely,18-20 years,Male,200,Nursing,Middle income,Rarely (once or twice a semester),Yes - fewer than 10 hours/week,More than 4 hours,More than 8 hours,Low risk,3,3,3,1,5,5,2,3,4,2,2,3,4,1,1,5,3,3,2,2,4,3,1,2,4,2,2,3,3,1,5,5,2,3,4,2,1,1,2,3,1,3,Low Risk
HS2026133,3.0875,3.08,0.6,0.69,0.93,1,0.77,0,No,Rarely,21-23 years,Female,200,Nursing,Middle income,Rarely (once or twice a semester),Yes - fewer than 10 hours/week,2-3 hours,6-7 hours,Low risk,2,2,2,3,2,1,5,4,3,2,2,2,4,2,5,3,2,3,2,3,4,1,5,5,3,3,1,3,2,3,2,1,5,4,3,1,4,3,3,5,1,2,Low Risk
HS2026134,2.665,2.42,0.79,0.8,0.9,0.75,0.94,2,No,Rarely,21-23 years,Male,200,Nursing,Middle income,Rarely (once or twice a semester),Yes - fewer than 10 hours/week,More than 4 hours,5-6 hours,Moderate risk,4,2,1,4,1,4,3,3,3,3,3,5,5,2,2,1,1,3,3,3,1,2,3,4,2,3,2,3,1,4,1,4,3,3,3,5,3,4,4,3,5,4,High Risk
HS2026135,2.8925,3.1,0.89,0.8,0.6,0.92,0.95,0,No,Almost never,24-26 years,Male,200,Nursing,Low income,Sometimes (monthly),No,3-4 hours,4-5 hours,Moderate risk,2,2,1,4,5,5,1,1,4,3,3,4,4,4,5,3,1,2,2,2,4,2,5,4,3,2,1,2,1,4,5,5,1,1,4,5,3,2,4,1,5,2,Low Risk
HS2026136,3.3475,3.35,0.91,0.8,0.79,0.84,0.67,0,No,Sometimes,27-29 years,Male,200,Nursing,Low income,Often (weekly),Yes - more than 20 hours/week,1-2 hours,6-7 hours,Moderate risk,5,4,3,3,4,2,5,5,4,1,3,4,2,3,3,2,2,3,3,2,1,2,3,2,4,2,2,4,3,3,4,2,5,5,4,3,3,3,3,3,3,5,Low Risk
HS2026137,2.97,2.69,0.66,0.8,0.87,0.93,0.76,0,No,Sometimes,21-23 years,Male,200,Nursing,Upper-middle income,Rarely (once or twice a semester),Yes - more than 20 hours/week,3-4 hours,4-5 hours,Moderate risk,3,3,3,3,3,2,1,5,2,3,2,3,5,1,2,3,3,5,2,1,3,1,2,1,4,2,5,1,3,3,3,2,1,5,2,3,2,2,3,3,1,3,Low Risk
HS2026138,3.4575,3.52,1,0.63,0.78,0.9,1,0,No,Rarely,21-23 years,Male,200,Nursing,Low income,Always,No,3-4 hours,Less than 4 hours,Moderate risk,4,2,3,5,3,2,5,3,5,1,3,2,1,3,3,2,5,2,2,1,2,5,1,4,4,2,3,1,3,5,3,2,5,3,5,2,1,1,2,4,1,4,Low Risk
HS2026139,2.74,2.88,0.79,0.64,0.99,1,1,1,No,Rarely,24-26 years,Female,200,Nursing,Low income,Always,No,3-4 hours,6-7 hours,High risk,3,5,2,5,5,3,3,1,4,2,1,2,5,3,4,1,1,3,1,5,4,4,3,3,1,4,2,1,2,5,5,3,3,1,4,1,2,2,2,3,2,3,Moderate Risk
HS2026140,2.6075,2.96,0.7,0.88,0.88,0.88,0.7,1,No,Rarely,24-26 years,Male,200,Nursing,Low income,Never,No,1-2 hours,4-5 hours,Moderate risk,2,4,3,3,1,2,3,5,2,3,4,4,4,2,2,1,3,3,3,2,1,4,2,1,1,1,4,1,3,3,1,2,3,5,2,2,3,1,2,4,4,2,Moderate Risk
HS2026141,3.2125,3.02,0.93,0.9,1,1,0.69,0,No,Rarely,21-23 years,Female,200,Nursing,Middle income,Sometimes (monthly),Yes - 10-20 hours/week,3-4 hours,6-7 hours,Low risk,3,2,5,1,1,5,4,3,4,2,3,1,5,5,3,3,4,5,3,3,1,2,3,2,3,4,4,5,5,1,1,5,4,3,4,3,4,3,5,2,2,3,Low Risk
HS2026142,2.845,3.08,0.9,0.63,0.89,0.9,0.7,1,No,Almost never,30-35 years,Female,200,Nursing,Low income,Always,No,3-4 hours,4-5 hours,Moderate risk,4,1,3,2,3,4,2,5,1,2,2,2,5,1,5,3,1,4,2,2,3,3,2,2,5,4,2,2,3,2,3,4,2,5,1,2,2,3,3,2,3,4,Moderate Risk
HS2026143,2.895,2.9,0.6,1,0.9,0.85,0.69,2,No,Sometimes,21-23 years,Female,200,Nursing,Middle income,Sometimes (monthly),No,2-3 hours,6-7 hours,Low risk,2,1,2,1,1,3,4,2,4,2,4,3,1,4,5,3,4,2,4,4,1,2,3,1,3,4,5,2,2,1,1,3,4,2,4,2,4,2,3,2,1,2,High Risk
HS2026144,2.665,2.69,0.79,0.64,1,0.77,0.79,0,No,Sometimes,21-23 years,Female,200,Nursing,Upper-middle income,Never,No,1-2 hours,4-5 hours,Very low risk,3,2,1,2,4,1,2,2,1,2,3,3,3,1,5,3,1,2,5,4,3,4,3,2,3,5,4,3,1,2,4,1,2,2,1,3,2,2,4,5,3,3,Low Risk
HS2026145,3.045,2.88,0.87,0.64,1,0.88,0.69,0,No,Rarely,24-26 years,Female,200,Nursing,Upper-middle income,Never,Yes - fewer than 10 hours/week,3-4 hours,5-6 hours,Low risk,2,2,2,1,4,4,3,1,2,2,2,3,2,4,1,5,3,5,3,5,2,2,1,3,4,2,3,4,2,1,4,4,3,1,2,5,5,2,3,2,1,2,Low Risk
HS2026146,2.9275,3.02,0.78,0.8,0.7,0.84,1,1,No,Rarely,30-35 years,Male,200,Nursing,Middle income,Rarely (once or twice a semester),No,1-2 hours,4-5 hours,Low risk,3,2,2,4,3,3,5,1,4,2,5,2,2,4,3,2,1,2,3,3,4,5,3,3,4,5,1,4,2,4,3,3,5,1,4,2,3,1,4,5,4,3,Moderate Risk
HS2026147,2.64,2.67,0.99,0.8,0.69,0.7,0.79,1,No,Rarely,27-29 years,Male,200,Nursing,Middle income,Rarely (once or twice a semester),Yes - 10-20 hours/week,3-4 hours,5-6 hours,High risk,4,4,4,1,1,4,3,3,4,3,2,4,3,3,1,4,1,3,5,3,4,3,3,3,4,5,4,1,4,1,1,4,3,3,4,1,3,1,2,3,1,4,Moderate Risk
HS2026148,2.385,2.52,0.88,0.8,0.7,0.73,0.9,3,No,Rarely,27-29 years,Female,200,Nursing,High income,Never,Yes - 10-20 hours/week,3-4 hours,More than 8 hours,High risk,4,3,5,2,3,4,2,3,5,2,2,5,3,3,2,2,3,4,4,4,4,2,3,1,1,5,3,3,5,2,3,4,2,3,5,1,2,3,2,2,3,4,High Risk
HS2026149,2.91,2.83,1,0.95,0.69,0.92,0.9,2,No,Almost never,21-23 years,Female,200,Nursing,Low income,Sometimes (monthly),No,Less than 1 hour,More than 8 hours,Very low risk,1,4,2,3,2,2,4,4,2,2,3,1,3,2,5,5,3,3,3,2,4,3,3,4,3,5,1,2,2,3,2,2,4,4,2,3,4,1,1,5,3,1,High Risk
HS2026150,3.01,3.17,0.89,0.79,0.79,0.69,0.92,0,No,Sometimes,24-26 years,Female,200,Nursing,Middle income,Never,No,1-2 hours,More than 8 hours,Low risk,3,4,3,3,2,5,3,1,4,1,3,1,1,3,4,2,2,4,3,5,1,2,5,5,4,2,4,4,3,3,2,5,3,1,4,3,3,4,5,3,4,3,Low Risk
HS2026151,3.145,3.23,0.9,0.5,0.69,0.89,0.78,0,No,Sometimes,27-29 years,Male,200,Nursing,Middle income,Always,No,2-3 hours,6-7 hours,Low risk,4,4,3,2,2,4,1,2,3,2,2,1,3,3,3,4,1,2,3,3,4,4,3,5,2,3,1,4,3,2,2,4,1,2,3,3,2,3,3,2,4,4,Low Risk
HS2026152,2.8125,3.25,1,0.65,0.7,0.73,0.7,2,No,Rarely,27-29 years,Female,200,Nursing,Low income,Always,Yes - fewer than 10 hours/week,1-2 hours,5-6 hours,Low risk,2,2,2,3,3,5,1,1,4,1,3,3,2,5,5,3,5,3,5,3,5,2,5,4,5,2,2,3,2,3,3,5,1,1,4,1,3,3,4,2,3,2,High Risk
HS2026153,2.9225,3.48,1,0.49,0.89,0.64,0.89,1,No,Rarely,21-23 years,Male,200,Nursing,Middle income,Never,No,3-4 hours,4-5 hours,Moderate risk,5,2,3,3,3,4,2,2,4,2,5,5,4,1,1,5,4,5,2,3,3,3,2,2,4,4,2,2,3,3,3,4,2,2,4,1,2,4,3,3,4,5,Moderate Risk
HS2026154,2.8625,2.92,0.7,0.5,0.7,0.89,0.85,1,No,Rarely,30-35 years,Male,200,Nursing,Upper-middle income,Never,Yes - 10-20 hours/week,3-4 hours,6-7 hours,Moderate risk,4,4,4,3,2,3,1,1,5,2,4,3,2,3,1,4,3,5,2,1,3,5,3,1,1,1,3,3,4,3,2,3,1,1,5,3,1,1,5,5,4,4,Moderate Risk
HS2026155,3.3025,3.38,0.69,0.53,0.77,0.66,0.69,0,No,Rarely,27-29 years,Male,200,Nursing,Low income,Sometimes (monthly),Yes - fewer than 10 hours/week,3-4 hours,4-5 hours,Moderate risk,2,3,2,3,1,5,3,3,2,2,3,4,2,5,5,5,5,1,2,5,4,2,4,4,2,3,4,2,2,3,1,5,3,3,2,2,1,1,2,2,1,2,Low Risk
HS2026156,2.7125,2.63,0.7,0.78,0.79,0.9,0.73,1,No,Almost never,18-20 years,Female,200,Nursing,Middle income,Rarely (once or twice a semester),No,2-3 hours,Less than 4 hours,Moderate risk,1,3,1,2,2,1,3,3,1,2,5,3,4,4,3,4,4,4,1,4,1,4,3,5,2,3,1,5,1,2,2,1,3,3,1,2,2,5,4,3,2,1,Moderate Risk
HS2026157,3.185,3.19,0.69,0.95,0.69,1,0.69,0,No,Sometimes,18-20 years,Male,200,Nursing,Upper-middle income,Rarely (once or twice a semester),Yes - fewer than 10 hours/week,2-3 hours,6-7 hours,Moderate risk,1,2,2,1,5,1,2,3,3,2,4,1,3,3,2,5,3,3,2,1,1,4,2,3,2,1,4,1,2,1,5,1,2,3,3,4,4,3,3,4,5,1,Low Risk
HS2026158,3.3175,3.38,0.79,1,0.6,0.81,0.68,0,No,Sometimes,21-23 years,Female,200,Nursing,Middle income,Sometimes (monthly),No,Less than 1 hour,4-5 hours,High risk,2,2,4,2,2,2,1,4,1,3,4,3,4,5,5,5,3,4,2,3,3,5,3,1,3,5,4,2,4,2,2,2,1,4,1,3,1,3,2,3,2,2,Low Risk
HS2026159,2.8275,2.77,0.69,0.66,0.79,1,0.84,0,No,Rarely,21-23 years,Male,200,Nursing,High income,Never,No,1-2 hours,6-7 hours,Moderate risk,3,3,2,1,3,4,3,1,3,2,4,1,2,2,4,5,2,3,1,2,3,3,3,1,2,1,5,3,2,1,3,4,3,1,3,1,5,3,3,3,4,3,Low Risk
HS2026160,3.055,3.04,0.7,0.8,0.89,0.8,0.78,0,No,Rarely,24-26 years,Male,200,Nursing,Middle income,Sometimes (monthly),Yes - more than 20 hours/week,More than 4 hours,4-5 hours,Low risk,4,4,4,1,2,4,1,4,4,5,2,1,5,4,5,2,1,5,4,4,5,4,1,3,4,3,4,3,4,1,2,4,1,4,4,2,1,3,1,3,4,4,Low Risk
HS2026161,2.9975,3.15,0.7,0.79,0.91,0.85,0.7,0,No,Rarely,27-29 years,Male,200,Nursing,High income,Never,Yes - fewer than 10 hours/week,Less than 1 hour,6-7 hours,Moderate risk,2,4,1,4,3,3,4,5,3,1,4,2,2,2,3,1,2,2,3,5,1,1,2,5,5,4,2,5,1,4,3,3,4,5,3,2,3,3,2,3,4,2,Low Risk
HS2026162,3,3.35,0.89,0.8,0.66,1,0.9,0,No,Rarely,21-23 years,Male,200,Nursing,Middle income,Sometimes (monthly),No,2-3 hours,4-5 hours,Low risk,2,3,5,4,2,1,1,5,4,3,3,4,2,2,5,1,4,3,3,4,3,1,5,2,4,2,2,3,5,4,2,1,1,5,4,2,3,3,3,1,4,2,Low Risk
HS2026163,2.8525,2.52,0.89,0.78,1,0.94,1,1,No,Almost never,21-23 years,Male,200,Nursing,Middle income,Rarely (once or twice a semester),Yes - fewer than 10 hours/week,More than 4 hours,5-6 hours,Very low risk,4,5,1,3,5,4,3,3,5,3,4,4,3,2,4,5,5,1,5,2,4,5,2,5,5,2,3,3,1,3,5,4,3,3,5,2,3,3,2,3,4,4,Moderate Risk
HS2026164,2.965,3.17,0.89,0.64,0.79,1,0.79,0,No,Sometimes,24-26 years,Female,200,Nursing,Middle income,Rarely (once or twice a semester),Yes - fewer than 10 hours/week,1-2 hours,4-5 hours,Low risk,5,4,3,5,3,4,4,2,3,4,4,1,5,3,4,2,4,2,3,3,3,3,1,4,4,4,4,4,3,5,3,4,4,2,3,2,3,3,2,3,1,5,Low Risk
HS2026165,2.655,2.56,0.7,0.64,0.7,0.9,0.96,1,No,Sometimes,24-26 years,Male,200,Nursing,Middle income,Rarely (once or twice a semester),Yes - fewer than 10 hours/week,1-2 hours,5-6 hours,Low risk,3,4,1,1,3,1,3,2,1,1,1,4,3,3,2,3,3,3,4,2,1,5,3,3,3,1,4,1,1,1,3,1,3,2,1,4,4,3,5,4,4,3,Moderate Risk
HS2026166,2.7025,2.77,0.77,0.7,0.93,0.81,0.92,1,No,Rarely,21-23 years,Female,200,Nursing,Middle income,Rarely (once or twice a semester),No,1-2 hours,More than 8 hours,High risk,4,5,1,4,2,1,1,4,3,2,2,5,2,1,1,1,2,4,3,4,1,3,1,1,2,1,5,3,1,4,2,1,1,4,3,3,1,3,3,3,1,4,Moderate Risk
HS2026167,2.5325,2.81,0.79,0.9,0.9,0.84,1,2,No,Rarely,30-35 years,Female,200,Nursing,Low income,Sometimes (monthly),Yes - more than 20 hours/week,Less than 1 hour,More than 8 hours,High risk,2,3,5,4,3,3,3,5,2,4,5,1,5,4,5,3,3,4,2,2,5,3,3,2,1,1,2,1,5,4,3,3,3,5,2,3,4,4,3,3,2,2,High Risk
HS2026168,2.615,2.58,0.69,0.75,1,0.86,0.89,0,No,Rarely,21-23 years,Female,200,Nursing,Low income,Often (weekly),Yes - more than 20 hours/week,1-2 hours,More than 8 hours,Very low risk,2,3,3,2,2,1,2,3,4,1,4,3,3,1,2,3,3,3,2,2,2,3,3,5,2,2,2,2,3,2,2,1,2,3,4,3,4,2,3,2,1,2,Low Risk
HS2026169,3.195,3.56,0.6,0.66,1,1,0.92,0,No,Rarely,21-23 years,Female,200,Nursing,Upper-middle income,Rarely (once or twice a semester),No,1-2 hours,6-7 hours,Low risk,5,4,3,4,4,5,3,1,3,3,4,3,1,4,2,4,2,4,4,3,2,2,4,2,3,1,4,3,3,4,4,5,3,1,3,2,3,3,4,2,1,5,Low Risk
HS2026170,3.1225,3.06,0.79,0.82,0.7,1,0.78,0,No,Almost never,24-26 years,Female,200,Nursing,Low income,Always,No,1-2 hours,5-6 hours,Low risk,3,4,3,1,4,4,4,4,5,3,3,1,1,3,4,5,1,3,1,5,3,2,3,2,2,4,2,3,3,1,4,4,4,4,5,2,2,3,1,5,2,3,Low Risk
HS2026171,3.19,3.04,0.89,0.76,0.69,0.76,0.7,0,No,Sometimes,30-35 years,Male,200,Nursing,Low income,Always,No,1-2 hours,4-5 hours,Low risk,4,4,5,3,2,2,1,3,3,4,2,1,3,4,4,4,3,4,4,5,2,1,3,2,4,2,5,2,5,3,2,2,1,3,3,1,4,4,1,1,1,4,Low Risk
HS2026172,3.4925,3.33,0.91,0.83,0.7,0.82,0.89,0,No,Sometimes,27-29 years,Male,200,Nursing,Low income,Never,Yes - 10-20 hours/week,1-2 hours,6-7 hours,Moderate risk,4,5,4,4,3,3,2,3,3,3,2,3,3,1,2,3,3,1,4,1,5,4,2,5,3,4,4,3,4,4,3,3,2,3,3,3,5,2,3,2,1,4,Low Risk
HS2026173,3.2525,3.19,0.66,0.92,0.69,0.86,0.85,0,No,Rarely,27-29 years,Female,200,Nursing,Middle income,Sometimes (monthly),No,2-3 hours,4-5 hours,Moderate risk,3,3,5,2,3,4,3,4,4,4,4,4,4,2,5,4,4,5,2,4,1,3,1,1,2,1,3,2,5,2,3,4,3,4,4,4,4,3,1,3,4,3,Low Risk
HS2026174,2.9575,2.85,1,0.84,0.79,0.74,0.69,0,No,Rarely,21-23 years,Female,200,Nursing,Low income,Always,No,2-3 hours,Less than 4 hours,Moderate risk,2,5,4,2,2,2,3,4,1,3,3,3,4,2,4,3,4,3,4,2,5,3,3,5,4,5,1,3,4,2,2,2,3,4,1,1,2,4,2,2,3,2,Low Risk
HS2026175,3.1475,3.19,0.79,0.69,0.69,0.95,0.73,0,No,Rarely,24-26 years,Female,200,Nursing,Middle income,Sometimes (monthly),No,1-2 hours,6-7 hours,Moderate risk,3,5,2,2,2,2,4,4,3,4,4,4,4,4,4,3,2,3,2,5,4,4,3,2,2,2,5,1,2,2,2,2,4,4,3,5,5,3,3,1,3,3,Low Risk
HS2026176,2.6075,2.65,0.7,0.89,1,0.96,0.69,0,No,Rarely,27-29 years,Male,200,Nursing,Upper-middle income,Never,Yes - fewer than 10 hours/week,3-4 hours,4-5 hours,Moderate risk,3,3,4,5,2,4,3,3,4,2,4,5,1,2,2,3,1,3,3,3,2,2,2,3,3,4,3,2,4,5,2,4,3,3,4,3,4,2,3,2,3,3,Low Risk
HS2026177,2.57,3.02,0.93,0.93,0.79,0.77,0.68,0,No,Almost never,27-29 years,Female,200,Nursing,Upper-middle income,Never,No,2-3 hours,6-7 hours,High risk,5,1,2,2,1,3,4,2,4,5,1,1,3,5,4,2,3,1,3,3,1,2,4,1,4,1,2,3,2,2,1,3,4,2,4,5,4,3,2,1,2,5,Low Risk
HS2026178,2.395,2.17,0.9,0.8,0.9,0.95,0.84,0,No,Sometimes,21-23 years,Male,200,Nursing,Middle income,Rarely (once or twice a semester),Yes - 10-20 hours/week,2-3 hours,4-5 hours,Moderate risk,2,2,5,4,4,5,3,1,4,4,3,1,2,2,2,4,2,2,3,1,4,1,3,3,5,3,2,1,5,4,4,5,3,1,4,3,2,4,2,2,4,2,Moderate Risk
HS2026179,3.215,3.08,0.6,0.8,0.9,0.98,0.78,0,No,Sometimes,30-35 years,Male,200,Nursing,Middle income,Rarely (once or twice a semester),Yes - 10-20 hours/week,2-3 hours,6-7 hours,Low risk,1,2,4,4,5,1,1,1,3,5,1,3,4,2,4,4,4,3,3,2,5,5,4,4,1,3,2,1,4,4,5,1,1,1,3,2,1,4,2,5,1,1,Low Risk
HS2026180,2.9275,3.04,0.79,0.89,0.92,0.88,0.7,0,No,Rarely,27-29 years,Male,200,Nursing,High income,Never,No,1-2 hours,4-5 hours,Moderate risk,4,4,3,2,4,2,5,4,1,3,2,4,5,3,5,3,5,2,2,2,4,4,2,4,4,3,2,2,3,2,4,2,5,4,1,1,4,4,2,3,1,4,Low Risk
HS2026181,2.4225,2.3,0.87,0.93,0.78,0.94,0.9,0,No,Rarely,18-20 years,Female,200,Nursing,Low income,Sometimes (monthly),No,1-2 hours,5-6 hours,Low risk,3,3,5,3,2,2,2,4,1,2,2,5,4,2,4,4,4,4,2,1,2,1,4,4,2,2,2,4,5,3,2,2,2,4,1,3,3,1,4,2,1,3,Moderate Risk
HS2026182,3.2,3.35,0.92,0.9,0.7,0.97,1,0,No,Rarely,18-20 years,Male,200,Nursing,Middle income,Never,No,2-3 hours,4-5 hours,Very low risk,1,3,4,4,2,3,3,3,2,4,3,4,5,2,5,2,3,5,3,3,3,3,2,4,3,1,3,2,4,4,2,3,3,3,2,2,1,1,1,4,1,1,Low Risk
HS2026183,2.2675,2.31,0.78,0.79,0.89,1,0.79,0,No,Rarely,21-23 years,Female,200,Nursing,Middle income,Always,Yes - fewer than 10 hours/week,2-3 hours,5-6 hours,Low risk,5,3,4,5,4,4,3,2,5,4,3,3,4,5,1,3,2,5,5,4,1,2,4,4,1,1,3,3,4,5,4,4,3,2,5,3,2,3,4,4,5,5,Moderate Risk
HS2026184,3.09,3.15,0.7,0.67,0.85,0.77,0.96,0,No,Almost never,21-23 years,Male,200,Nursing,Low income,Always,No,2-3 hours,More than 8 hours,Low risk,3,2,3,5,5,4,3,3,3,3,4,3,3,3,2,3,3,3,2,2,4,1,3,4,2,4,2,4,3,5,5,4,3,3,3,2,2,5,4,2,2,3,Low Risk
HS2026185,2.7675,2.48,0.89,0.72,0.69,0.82,0.92,1,No,Sometimes,24-26 years,Male,300,Nursing,Middle income,Never,Yes - 10-20 hours/week,2-3 hours,More than 8 hours,High risk,4,3,1,1,3,3,1,3,3,2,2,3,4,2,4,3,2,3,4,5,3,3,4,1,4,3,2,2,1,1,3,3,1,3,3,3,1,3,4,5,2,4,Moderate Risk
HS2026186,1.8775,1.6,0.85,0.69,0.73,0.92,1,2,No,Sometimes,27-29 years,Male,300,Nursing,Upper-middle income,Never,Yes - fewer than 10 hours/week,1-2 hours,More than 8 hours,High risk,2,4,2,3,2,3,3,4,3,1,3,1,4,5,3,2,2,2,1,1,2,2,4,1,1,3,3,2,2,3,2,3,3,4,3,3,2,3,5,4,3,2,High Risk
HS2026187,2.6425,1.88,0.69,1,0.69,0.66,0.89,1,No,Rarely,21-23 years,Male,300,Nursing,Low income,Sometimes (monthly),No,Less than 1 hour,6-7 hours,Very low risk,3,3,3,5,2,3,4,4,5,1,1,5,3,2,1,1,3,2,3,3,2,2,4,4,4,5,1,2,3,5,2,3,4,4,5,1,3,4,2,3,4,3,Moderate Risk
HS2026188,2.1975,1.69,0.73,0.59,0.68,0.89,0.93,1,No,Rarely,21-23 years,Male,300,Nursing,Middle income,Rarely (once or twice a semester),Yes - fewer than 10 hours/week,2-3 hours,5-6 hours,Low risk,3,3,4,1,2,3,2,4,1,3,5,1,4,4,3,2,3,5,2,3,3,2,1,1,1,2,5,3,4,1,2,3,2,4,1,3,3,4,5,1,4,3,Moderate Risk
HS2026189,1.8475,1.6,0.69,0.55,0.84,0.82,0.8,1,No,Rarely,24-26 years,Female,300,Nursing,Upper-middle income,Rarely (once or twice a semester),No,2-3 hours,4-5 hours,Low risk,4,2,3,5,1,5,3,2,3,4,4,1,4,3,3,5,2,5,3,2,4,2,5,3,1,2,1,4,3,5,1,5,3,2,3,3,3,4,5,4,1,4,High Risk
HS2026190,3.05,2.79,0.68,0.96,0.78,0.95,0.8,3,No,Rarely,24-26 years,Male,300,Nursing,Middle income,Sometimes (monthly),No,1-2 hours,6-7 hours,Low risk,1,1,5,1,3,1,3,4,2,4,5,4,3,1,5,2,1,3,3,1,1,2,3,3,3,1,4,1,5,1,3,1,3,4,2,3,1,1,5,3,3,1,High Risk
HS2026191,2.895,2.26,0.84,0.59,0.7,0.82,0.89,1,No,Almost never,21-23 years,Female,300,Nursing,High income,Never,Yes - more than 20 hours/week,2-3 hours,4-5 hours,Moderate risk,5,1,3,4,1,3,2,3,3,2,4,1,3,5,2,3,4,2,2,4,1,5,5,1,2,2,4,4,3,4,1,3,2,3,3,3,4,3,5,1,2,5,Moderate Risk
HS2026192,2.6225,2.5,0.78,0.93,0.9,0.76,0.93,3,No,Sometimes,30-35 years,Female,300,Nursing,Middle income,Sometimes (monthly),Yes - fewer than 10 hours/week,1-2 hours,Less than 4 hours,Moderate risk,4,1,3,2,4,2,2,3,2,2,2,2,1,5,4,2,4,2,3,1,1,4,3,2,3,4,5,2,3,2,4,2,2,3,2,5,5,4,2,4,4,4,High Risk
HS2026193,1.8275,1.07,0.7,0.75,1,0.79,0.9,3,No,Sometimes,21-23 years,Female,300,Nursing,High income,Never,No,1-2 hours,6-7 hours,Moderate risk,3,3,2,4,3,4,2,4,3,2,2,5,1,2,1,1,5,1,4,4,3,1,4,2,3,1,5,4,2,4,3,4,2,4,3,3,5,2,3,1,4,3,High Risk
HS2026194,2.0975,1.31,0.9,0.57,0.79,0.86,0.79,1,No,Rarely,21-23 years,Female,300,Nursing,Middle income,Sometimes (monthly),Yes - fewer than 10 hours/week,1-2 hours,4-5 hours,Moderate risk,2,2,2,1,5,1,2,3,2,3,3,3,3,3,1,3,2,3,1,3,1,3,3,2,3,4,4,4,2,1,5,1,2,3,2,5,4,5,2,2,3,2,Moderate Risk
HS2026195,3.5625,3.88,1,0.89,0.96,0.82,0.67,0,No,Rarely,24-26 years,Female,300,Nursing,Middle income,Rarely (once or twice a semester),Yes - fewer than 10 hours/week,2-3 hours,6-7 hours,Moderate risk,1,2,2,4,1,3,2,4,2,1,4,1,4,5,2,5,1,4,2,4,3,1,2,3,3,2,4,4,2,4,1,3,2,4,2,2,2,4,4,2,2,1,Low Risk
HS2026196,1.6,0.98,0.79,1,0.92,1,0.72,4,No,Rarely,30-35 years,Male,300,Nursing,Middle income,Rarely (once or twice a semester),Yes - fewer than 10 hours/week,1-2 hours,4-5 hours,High risk,5,3,4,4,4,5,2,1,2,3,1,2,4,4,2,3,2,1,3,2,4,2,2,2,4,2,4,3,4,4,4,5,2,1,2,3,1,1,1,3,3,5,High Risk
HS2026197,2.785,2.55,0.96,0.89,1,0.91,0.69,1,No,Rarely,27-29 years,Male,300,Nursing,Middle income,Rarely (once or twice a semester),No,More than 4 hours,6-7 hours,Moderate risk,1,2,3,5,3,5,3,1,4,1,4,2,2,4,1,2,3,2,2,3,3,2,2,1,4,4,3,4,3,5,3,5,3,1,4,4,4,2,3,4,2,1,Moderate Risk
HS2026198,3.2375,2.9,0.92,0.89,0.89,0.77,1,1,No,Almost never,27-29 years,Female,300,Nursing,Middle income,Rarely (once or twice a semester),Yes - more than 20 hours/week,2-3 hours,4-5 hours,Low risk,1,4,5,3,1,3,3,2,3,3,3,4,3,2,2,2,4,2,5,4,2,2,5,2,1,3,2,5,5,3,1,3,3,2,3,3,5,2,3,1,5,1,Moderate Risk
HS2026199,2.2925,1.83,1,0.89,0.92,1,0.59,1,No,Sometimes,21-23 years,Female,300,Nursing,Low income,Sometimes (monthly),Yes - more than 20 hours/week,1-2 hours,5-6 hours,Moderate risk,1,2,4,3,2,2,2,4,2,1,3,3,5,2,3,2,1,4,4,5,1,4,5,1,2,4,2,5,4,3,2,2,2,4,2,2,3,2,1,4,1,1,Moderate Risk
HS2026200,2.8575,2.6,0.89,0.7,0.78,1,0.55,2,No,Sometimes,24-26 years,Female,300,Nursing,Low income,Often (weekly),No,More than 4 hours,4-5 hours,Low risk,1,4,2,2,1,4,3,3,3,2,2,2,5,5,3,4,4,2,3,2,2,3,4,3,4,2,5,3,2,2,1,4,3,3,3,3,1,3,5,4,2,1,High Risk
HS2026201,3.165,3.43,0.92,0.77,0.7,0.92,0.96,3,No,Rarely,27-29 years,Male,300,Nursing,Upper-middle income,Rarely (once or twice a semester),No,Less than 1 hour,5-6 hours,Very low risk,2,3,2,1,3,2,2,2,1,4,2,4,4,1,5,2,2,2,5,4,3,3,4,2,4,2,1,4,2,1,3,2,2,2,1,3,1,2,1,5,3,2,High Risk
HS2026202,3.22,3.14,0.78,0.79,0.89,0.74,0.59,2,No,Rarely,27-29 years,Female,300,Nursing,Low income,Always,No,Less than 1 hour,More than 8 hours,Low risk,4,5,2,2,3,5,2,1,4,2,4,3,2,2,5,5,4,2,2,2,5,3,3,2,2,3,1,2,2,2,3,5,2,1,4,1,3,4,3,4,3,4,High Risk
HS2026203,2.935,2.9,0.7,0.69,0.85,0.92,0.93,3,No,Rarely,21-23 years,Male,300,Nursing,Low income,Always,Yes - 10-20 hours/week,1-2 hours,More than 8 hours,Low risk,2,2,5,5,4,3,3,1,1,1,4,4,1,3,3,5,3,2,3,1,4,2,2,1,2,4,2,2,5,5,4,3,3,1,1,2,5,5,4,2,5,2,High Risk
HS2026204,2.51,2.33,0.89,0.6,0.69,0.87,0.75,3,No,Rarely,30-35 years,Male,300,Nursing,Low income,Never,No,2-3 hours,More than 8 hours,High risk,4,2,1,5,5,5,4,1,3,3,2,4,5,2,3,5,3,2,3,4,5,3,1,3,2,2,4,4,1,5,5,5,4,1,3,5,2,4,2,2,3,4,High Risk
HS2026205,2.9825,3.24,0.85,0.79,0.73,1,0.57,2,No,Almost never,27-29 years,Male,300,Nursing,Middle income,Sometimes (monthly),No,3-4 hours,6-7 hours,High risk,2,2,4,1,2,1,2,5,2,3,1,4,2,3,3,4,4,2,4,3,2,4,2,5,4,1,3,2,4,1,2,1,2,5,2,2,5,5,2,3,3,2,High Risk
HS2026206,3.2375,3.26,0.69,0.89,0.69,0.92,0.89,2,No,Sometimes,18-20 years,Female,300,Nursing,Low income,Always,No,More than 4 hours,5-6 hours,Very low risk,5,1,5,1,4,4,3,3,1,5,4,3,4,3,5,3,2,3,2,2,3,2,2,3,1,3,2,4,5,1,4,4,3,3,1,1,4,4,4,4,4,5,High Risk
HS2026207,2.405,2.14,0.73,0.91,0.68,0.93,1,1,No,Sometimes,18-20 years,Male,300,Nursing,Middle income,Sometimes (monthly),Yes - fewer than 10 hours/week,3-4 hours,4-5 hours,Low risk,3,1,2,2,3,3,5,2,2,3,1,5,3,3,1,3,2,2,1,1,2,4,1,2,2,1,5,2,2,2,3,3,5,2,2,3,3,3,1,4,1,3,Moderate Risk
HS2026208,2.945,3.02,0.69,0.66,0.84,0.92,0.89,2,No,Rarely,21-23 years,Female,300,Nursing,Upper-middle income,Never,No,3-4 hours,6-7 hours,Low risk,4,3,4,2,3,3,3,5,3,4,2,1,4,4,1,3,3,4,1,5,3,4,3,3,2,2,3,5,4,2,3,3,3,5,3,1,1,2,1,5,3,4,High Risk
HS2026209,2.6825,2.57,0.68,1,0.78,0.93,0.89,2,No,Rarely,21-23 years,Male,300,Nursing,Upper-middle income,Never,Yes - 10-20 hours/week,More than 4 hours,4-5 hours,Low risk,4,4,2,5,5,4,3,1,3,2,3,5,1,4,4,2,4,4,2,4,4,5,1,3,4,1,4,3,2,5,5,4,3,1,3,3,2,1,1,2,1,4,High Risk
HS2026210,2.9775,2.81,0.84,0.79,0.7,0.89,0.89,2,No,Rarely,24-26 years,Male,300,Nursing,Middle income,Rarely (once or twice a semester),Yes - 10-20 hours/week,2-3 hours,Less than 4 hours,Moderate risk,3,2,3,3,1,3,4,3,4,4,2,2,3,1,3,4,3,3,4,4,3,3,3,4,2,3,4,5,3,3,1,3,4,3,4,3,5,2,2,2,2,3,High Risk
HS2026211,2.59,2.55,0.78,0.7,0.9,0.95,0.7,1,No,Rarely,27-29 years,Male,300,Nursing,Middle income,Rarely (once or twice a semester),No,More than 4 hours,6-7 hours,Moderate risk,2,3,3,3,1,1,2,2,4,2,5,4,4,1,3,2,2,2,1,4,3,3,1,1,3,2,5,4,3,3,1,1,2,2,4,4,2,3,1,4,3,2,Moderate Risk
HS2026212,2.4025,1.6,0.7,0.93,1,0.9,0.77,2,No,Almost never,21-23 years,Male,300,Nursing,High income,Never,No,3-4 hours,4-5 hours,Moderate risk,5,3,5,1,4,3,3,3,2,3,1,4,2,2,4,3,4,1,2,1,2,3,5,3,4,4,1,1,5,1,4,3,3,3,2,3,2,2,4,2,3,5,High Risk
HS2026213,2.9125,2.4,0.9,0.9,0.79,1,0.79,2,No,Sometimes,21-23 years,Male,300,Nursing,Low income,Sometimes (monthly),No,1-2 hours,6-7 hours,Moderate risk,1,4,5,2,2,2,4,4,2,1,2,4,1,2,2,1,4,3,4,2,2,2,3,4,1,2,3,2,5,2,2,2,4,4,2,3,2,4,2,5,2,1,High Risk
HS2026214,2.0575,1.93,1,0.6,0.96,0.84,0.69,5,No,Sometimes,24-26 years,Female,300,Nursing,Middle income,Never,Yes - fewer than 10 hours/week,3-4 hours,4-5 hours,Moderate risk,3,5,3,1,1,3,4,4,2,3,4,5,3,3,1,1,2,3,2,1,3,2,1,4,2,1,3,4,3,1,1,3,4,4,2,2,5,3,4,4,3,3,High Risk
HS2026215,2.1475,1.52,0.79,0.79,0.92,0.96,0.6,1,No,Rarely,24-26 years,Male,300,Nursing,Middle income,Always,No,3-4 hours,6-7 hours,High risk,2,2,5,3,3,4,2,2,5,1,2,5,3,3,3,3,4,3,3,3,2,3,1,2,3,3,5,4,5,3,3,4,2,2,5,1,1,2,1,3,2,2,Moderate Risk
HS2026216,2.3475,1.98,0.96,0.87,1,0.87,0.79,1,No,Rarely,21-23 years,Female,300,Nursing,Low income,Always,Yes - 10-20 hours/week,3-4 hours,4-5 hours,Moderate risk,1,3,4,5,1,1,5,4,1,4,5,1,2,2,1,4,4,2,3,1,3,4,3,3,2,5,5,4,4,5,1,1,5,4,1,3,5,4,5,1,3,1,Moderate Risk
HS2026217,3.6525,3.76,0.92,0.78,0.89,0.86,0.89,0,No,Rarely,30-35 years,Female,300,Nursing,Middle income,Never,Yes - fewer than 10 hours/week,1-2 hours,5-6 hours,Low risk,5,3,1,3,1,2,3,3,4,1,3,1,4,4,2,1,3,5,1,2,3,3,3,3,1,1,4,4,1,3,1,2,3,3,4,3,2,2,2,5,1,5,Low Risk
HS2026218,3.1675,1.67,1,0.99,0.93,0.6,0.91,0,No,Rarely,21-23 years,Female,300,Nursing,Upper-middle income,Never,No,3-4 hours,4-5 hours,Moderate risk,1,2,3,3,4,2,2,3,1,4,1,2,2,2,1,4,2,1,1,1,1,3,1,3,2,4,5,2,3,3,4,2,2,3,1,2,3,3,4,3,2,1,Low Risk
HS2026219,2.7925,2.43,0.89,0.88,0.8,0.95,0.66,2,No,Almost never,21-23 years,Female,300,Nursing,Low income,Sometimes (monthly),Yes - fewer than 10 hours/week,3-4 hours,5-6 hours,Low risk,3,3,3,3,3,2,4,3,2,1,2,3,4,1,3,1,2,4,3,4,4,3,4,4,4,4,1,4,3,3,3,2,4,3,2,4,1,4,1,2,3,3,High Risk
HS2026220,2.44,2.43,0.93,1,0.8,0.86,1,2,No,Sometimes,24-26 years,Female,300,Nursing,Middle income,Rarely (once or twice a semester),No,2-3 hours,More than 8 hours,Very low risk,4,2,3,2,2,3,1,4,2,1,5,3,4,2,1,5,3,2,1,5,5,3,5,3,3,4,1,4,3,2,2,3,1,4,2,3,3,5,3,2,1,4,High Risk
HS2026221,2.6725,2.29,0.8,0.89,0.89,0.8,0.79,3,No,Sometimes,30-35 years,Male,300,Nursing,Upper-middle income,Rarely (once or twice a semester),No,1-2 hours,More than 8 hours,Low risk,5,3,1,5,5,2,3,3,4,4,1,1,3,1,3,5,1,3,5,3,1,3,4,4,3,2,1,5,1,5,5,2,3,3,4,4,4,1,3,2,1,5,High Risk
HS2026222,2.1125,2.05,0.8,0.9,0.93,0.95,0.7,1,No,Rarely,27-29 years,Male,300,Nursing,Middle income,Sometimes (monthly),Yes - more than 20 hours/week,3-4 hours,More than 8 hours,Low risk,2,5,1,2,1,4,1,4,3,3,2,2,2,4,3,2,1,4,2,2,3,2,4,4,3,4,4,2,1,2,1,4,1,4,3,2,4,4,3,2,2,2,Moderate Risk
HS2026223,3.6925,3.74,0.89,1,0.9,0.88,0.93,0,No,Rarely,27-29 years,Female,300,Nursing,High income,Never,Yes - fewer than 10 hours/week,1-2 hours,6-7 hours,High risk,3,4,4,3,3,1,3,4,1,4,2,3,3,4,3,4,1,4,3,2,3,4,1,2,3,5,4,5,4,3,3,1,3,4,1,4,4,2,2,2,4,3,Low Risk
HS2026224,3.64,3.71,0.93,1,0.79,0.82,0.9,0,No,Rarely,21-23 years,Female,300,Nursing,Middle income,Sometimes (monthly),No,3-4 hours,5-6 hours,High risk,2,4,3,2,5,4,3,4,3,3,4,2,1,4,2,3,3,3,2,3,1,3,3,2,4,2,2,1,3,2,5,4,3,4,3,2,4,3,1,3,2,2,Low Risk
HS2026225,3.385,3.45,0.9,0.7,0.67,0.96,0.6,1,No,Rarely,24-26 years,Female,300,Nursing,High income,Never,Yes - fewer than 10 hours/week,3-4 hours,4-5 hours,Very low risk,3,4,2,5,5,3,3,2,3,5,2,5,3,3,4,5,1,1,4,5,4,1,4,5,5,5,3,3,2,5,5,3,3,2,3,4,4,1,1,3,3,3,Moderate Risk
HS2026226,3.4325,3.4,0.79,0.69,0.72,0.87,0.79,1,No,Almost never,27-29 years,Male,300,Nursing,Middle income,Sometimes (monthly),Yes - fewer than 10 hours/week,Less than 1 hour,6-7 hours,Low risk,5,1,2,3,4,2,3,3,2,3,3,1,4,5,2,4,2,5,4,3,1,3,4,4,3,4,5,1,2,3,4,2,3,3,2,3,4,2,4,2,4,5,Moderate Risk
HS2026227,2.6775,2.26,0.67,0.7,0.69,0.82,0.87,3,No,Sometimes,27-29 years,Female,300,Nursing,Middle income,Rarely (once or twice a semester),Yes - fewer than 10 hours/week,1-2 hours,4-5 hours,Low risk,3,4,4,5,3,4,1,4,3,4,2,2,3,2,1,5,5,1,2,1,5,5,3,5,4,4,3,2,4,5,3,4,1,4,3,4,1,4,3,2,2,3,High Risk
HS2026228,3.25,3.38,0.72,0.69,1,0.6,0.78,2,No,Sometimes,21-23 years,Male,300,Nursing,Middle income,Rarely (once or twice a semester),No,2-3 hours,Less than 4 hours,Low risk,1,2,5,3,1,3,3,4,2,2,3,3,3,4,2,1,2,5,2,1,2,3,1,5,2,2,4,3,5,3,1,3,3,4,2,4,1,1,3,3,2,1,High Risk
HS2026229,2.8775,2.93,0.69,0.79,0.59,0.72,0.99,3,No,Rarely,30-35 years,Male,300,Nursing,Middle income,Rarely (once or twice a semester),Yes - more than 20 hours/week,1-2 hours,6-7 hours,Moderate risk,2,2,4,2,4,1,1,5,3,3,1,2,4,3,3,2,1,3,2,1,5,2,4,5,1,3,2,5,4,2,4,1,1,5,3,4,4,4,5,1,2,2,High Risk
HS2026230,2.39,1.83,1,0.69,0.55,0.63,0.88,1,No,Rarely,27-29 years,Male,300,Nursing,Middle income,Rarely (once or twice a semester),Yes - more than 20 hours/week,3-4 hours,4-5 hours,Moderate risk,4,1,3,1,1,1,3,2,2,1,4,4,3,2,2,3,4,1,3,3,5,4,5,5,4,3,2,4,3,1,1,1,3,2,2,1,1,1,2,5,3,4,Moderate Risk
HS2026231,2.5525,2.5,0.59,0.7,0.96,0.95,1,1,No,Rarely,18-20 years,Female,300,Nursing,Low income,Sometimes (monthly),No,3-4 hours,6-7 hours,Moderate risk,4,2,3,2,3,1,2,2,2,4,3,3,3,2,4,2,4,4,2,4,1,1,4,3,2,5,1,3,3,2,3,1,2,2,2,5,3,1,2,1,4,4,Moderate Risk
HS2026232,2.605,2.48,0.55,0.7,0.59,0.88,0.89,1,No,Rarely,18-20 years,Male,300,Nursing,Low income,Often (weekly),No,3-4 hours,4-5 hours,Moderate risk,3,2,4,4,3,3,1,4,1,3,3,4,1,3,3,3,1,3,3,5,1,2,5,3,1,3,4,3,4,4,3,3,1,4,1,3,3,3,1,4,1,3,Moderate Risk
HS2026233,2.8975,2.45,0.96,0.9,0.93,0.75,0.9,3,No,Almost never,21-23 years,Female,300,Nursing,Upper-middle income,Rarely (once or twice a semester),No,2-3 hours,6-7 hours,Moderate risk,3,3,2,3,2,3,2,1,2,4,1,2,1,4,4,4,1,3,3,3,2,1,2,4,3,2,5,3,2,3,2,3,2,1,2,5,1,2,2,4,4,3,High Risk
HS2026234,2.8675,2.69,0.59,1,0.75,0.71,1,2,No,Sometimes,21-23 years,Male,300,Nursing,Low income,Always,Yes - 10-20 hours/week,2-3 hours,4-5 hours,High risk,2,1,4,3,1,2,4,4,5,3,5,2,5,3,4,4,3,3,4,1,1,5,1,2,2,1,4,2,4,3,1,2,4,4,5,3,2,3,4,5,2,2,High Risk
HS2026235,2.53,2.38,0.93,0.7,0.57,0.87,1,2,No,Sometimes,24-26 years,Male,300,Nursing,Low income,Always,No,Less than 1 hour,5-6 hours,Moderate risk,5,4,2,1,2,4,2,3,5,3,2,2,3,3,5,1,4,3,2,4,3,1,4,1,2,3,4,3,2,1,2,4,2,3,5,4,2,3,1,5,4,5,High Risk
HS2026236,2.3575,1.57,0.75,0.77,0.89,0.87,0.7,3,No,Rarely,27-29 years,Male,300,Nursing,Low income,Never,No,1-2 hours,4-5 hours,Low risk,2,4,2,3,5,4,3,3,2,4,3,3,3,3,4,2,4,3,4,2,2,3,2,3,4,3,3,3,2,3,5,4,3,3,2,3,2,3,4,4,4,2,High Risk
HS2026237,2.6925,2.26,0.57,0.79,1,0.71,0.69,2,No,Rarely,21-23 years,Male,300,Nursing,Middle income,Sometimes (monthly),No,More than 4 hours,5-6 hours,Moderate risk,3,1,3,1,2,3,2,4,4,3,2,4,2,4,1,2,4,4,3,4,3,3,3,5,2,3,2,2,3,1,2,3,2,4,4,2,3,3,2,4,4,3,High Risk
HS2026238,2.48,2.33,0.89,0.69,0.89,0.59,0.7,3,No,Rarely,21-23 years,Male,300,Nursing,Low income,Always,Yes - fewer than 10 hours/week,Less than 1 hour,More than 8 hours,Low risk,2,1,2,5,5,4,5,3,1,3,5,2,2,1,4,4,2,1,1,3,1,2,3,5,3,2,5,5,2,5,5,4,5,3,1,2,2,4,2,4,3,2,High Risk
HS2026239,1.9325,1.26,1,0.6,0.89,0.99,0.69,2,No,Rarely,24-26 years,Female,300,Nursing,Middle income,Sometimes (monthly),No,2-3 hours,More than 8 hours,Very low risk,3,2,3,2,3,5,3,3,1,1,2,4,4,2,4,3,4,1,5,3,2,5,1,3,3,3,3,1,3,2,3,5,3,3,1,2,1,4,4,3,4,3,High Risk
HS2026240,2.95,2.79,0.89,0.79,0.89,0.89,0.79,2,No,Almost never,24-26 years,Male,300,Nursing,Upper-middle income,Never,Yes - 10-20 hours/week,More than 4 hours,More than 8 hours,Low risk,4,4,2,4,2,5,2,4,3,2,4,3,3,2,2,4,3,5,5,4,2,2,3,2,2,3,3,3,2,4,2,5,2,4,3,5,2,1,3,2,5,4,High Risk
HS2026241,2.295,2.21,0.89,0.89,0.7,0.94,0.69,3,No,Sometimes,21-23 years,Female,300,Nursing,Upper-middle income,Never,Yes - 10-20 hours/week,1-2 hours,6-7 hours,Low risk,5,1,2,3,5,1,2,3,5,4,3,5,5,1,2,2,1,2,3,1,4,1,5,2,2,4,4,2,2,3,5,1,2,3,5,5,1,2,4,2,5,5,High Risk
HS2026242,2.6425,2.31,0.89,0.91,0.77,0.7,0.7,2,No,Sometimes,30-35 years,Female,300,Nursing,Middle income,Rarely (once or twice a semester),No,1-2 hours,5-6 hours,High risk,3,4,2,3,4,3,3,3,4,1,3,3,1,2,5,2,3,4,3,2,2,1,4,5,4,1,2,4,2,3,4,3,3,3,4,4,3,4,2,5,3,3,High Risk
HS2026243,3.24,3.14,0.7,0.66,0.79,1,0.7,2,No,Rarely,21-23 years,Female,300,Nursing,Middle income,Rarely (once or twice a semester),No,1-2 hours,4-5 hours,High risk,3,1,3,4,3,1,5,5,5,1,1,2,5,3,1,3,3,2,1,4,3,5,3,4,5,2,5,2,3,4,3,1,5,5,5,4,2,4,2,1,4,3,High Risk
HS2026244,3.225,3.02,0.77,1,0.69,0.83,0.9,2,No,Rarely,21-23 years,Female,300,Nursing,High income,Never,No,Less than 1 hour,6-7 hours,Very low risk,3,3,4,3,5,3,2,1,2,2,3,4,2,4,5,5,1,3,3,3,2,1,4,2,3,4,3,1,4,3,5,3,2,1,2,3,2,2,3,1,2,3,High Risk
HS2026245,3.2075,3.24,0.79,0.79,0.6,0.93,1,1,No,Rarely,24-26 years,Female,300,Nursing,Low income,Sometimes (monthly),No,1-2 hours,4-5 hours,Low risk,3,5,4,2,3,2,2,3,3,2,3,5,4,3,1,1,4,4,4,3,3,2,4,5,4,1,3,3,4,2,3,2,2,3,3,2,1,2,4,2,2,3,Moderate Risk
HS2026246,3.08,2.88,0.69,0.7,0.79,1,0.7,2,No,Rarely,30-35 years,Male,300,Nursing,Middle income,Never,No,1-2 hours,Less than 4 hours,Low risk,3,2,1,2,2,4,5,4,1,2,3,2,4,5,3,2,1,5,3,2,3,2,2,3,5,3,2,3,1,2,2,4,5,4,1,1,3,2,2,4,4,3,High Risk
HS2026247,1.9925,1.33,0.6,0.93,0.89,0.89,0.77,2,No,Almost never,27-29 years,Male,300,Nursing,Middle income,Always,No,1-2 hours,6-7 hours,Low risk,3,3,3,4,5,5,1,2,4,2,3,3,3,4,2,2,4,4,4,2,3,2,1,1,3,2,4,1,3,4,5,5,1,2,4,2,5,4,1,3,2,3,High Risk
HS2026248,2.0475,1.74,0.79,0.9,0.91,0.74,0.79,2,No,Sometimes,27-29 years,Female,300,Nursing,Low income,Always,No,1-2 hours,4-5 hours,Moderate risk,4,5,2,3,3,3,2,1,4,3,1,1,4,4,2,1,2,5,4,2,1,2,2,3,3,2,4,4,2,3,3,3,2,1,4,2,3,1,3,2,4,4,High Risk
HS2026249,2.1925,1.88,0.89,0.6,0.66,0.97,0.69,2,No,Sometimes,21-23 years,Female,300,Nursing,Middle income,Never,No,1-2 hours,6-7 hours,Moderate risk,2,4,5,1,2,4,2,5,3,5,3,3,2,2,2,2,1,1,3,3,3,2,3,3,2,5,2,2,5,1,2,4,2,5,3,1,2,2,1,5,2,2,High Risk
HS2026250,3.4,3.2,0.91,0.79,1,0.99,0.6,0,No,Rarely,24-26 years,Female,300,Nursing,Upper-middle income,Never,No,2-3 hours,4-5 hours,Moderate risk,4,3,2,3,2,3,2,2,2,3,1,3,1,5,5,2,4,4,3,4,1,3,4,1,3,4,3,3,2,3,2,3,2,2,2,3,3,2,2,3,5,4,Low Risk
HS2026251,3.1175,2.86,0.66,0.87,0.79,0.6,0.79,0,No,Rarely,27-29 years,Male,300,Nursing,Low income,Sometimes (monthly),No,2-3 hours,6-7 hours,Moderate risk,1,2,4,3,1,2,2,2,3,2,2,3,2,3,3,2,4,3,4,4,2,1,5,4,5,4,3,4,4,3,1,2,2,2,3,1,3,4,1,4,3,1,Low Risk
HS2026252,2.585,1.95,1,0.78,0.7,1,0.89,0,No,Rarely,27-29 years,Female,300,Nursing,Middle income,Rarely (once or twice a semester),No,1-2 hours,4-5 hours,Moderate risk,2,5,1,1,3,4,4,3,4,4,2,4,2,3,5,5,1,3,4,3,3,3,3,3,4,5,2,5,1,1,3,4,4,3,4,3,4,2,3,4,5,2,Low Risk
HS2026253,2.56,2.3,0.79,0.99,0.93,0.92,0.91,0,No,Rarely,21-23 years,Male,300,Nursing,Upper-middle income,Rarely (once or twice a semester),Yes - more than 20 hours/week,3-4 hours,5-6 hours,High risk,2,3,1,2,5,3,2,3,4,1,2,4,1,1,3,3,5,2,3,1,3,5,1,3,3,3,3,5,1,2,5,3,2,3,4,1,1,3,2,5,4,2,Low Risk
HS2026254,3.2875,2.89,0.7,0.88,0.9,0.81,0.66,0,No,Almost never,30-35 years,Male,300,Nursing,Middle income,Sometimes (monthly),Yes - fewer than 10 hours/week,2-3 hours,4-5 hours,Moderate risk,4,5,4,4,5,1,3,4,1,3,3,5,1,3,2,2,1,3,1,1,2,4,2,1,1,4,4,1,4,4,5,1,3,4,1,5,3,4,4,1,1,4,Low Risk
HS2026255,3.19,2.86,0.93,1,0.6,1,1,0,No,Sometimes,27-29 years,Male,300,Nursing,High income,Never,No,2-3 hours,5-6 hours,Low risk,1,1,1,2,3,3,3,5,2,1,3,2,2,2,2,3,1,4,3,3,1,1,3,4,2,1,1,5,1,2,3,3,3,5,2,3,4,1,2,3,2,1,Low Risk
HS2026256,3.3925,3.27,0.9,0.89,0.79,0.97,0.79,0,No,Sometimes,18-20 years,Female,300,Nursing,Middle income,Sometimes (monthly),No,2-3 hours,More than 8 hours,Moderate risk,4,2,4,2,4,3,2,3,5,3,2,4,2,3,3,2,4,2,3,1,4,2,2,4,3,5,5,4,4,2,4,3,2,3,5,1,4,2,1,3,4,4,Low Risk
HS2026257,2.5975,2.32,0.6,0.9,0.87,0.86,0.7,0,No,Rarely,18-20 years,Male,300,Nursing,High income,Never,No,1-2 hours,More than 8 hours,Low risk,3,5,2,2,4,2,1,3,2,5,2,2,5,2,3,4,1,5,4,1,2,2,3,3,4,3,3,2,2,2,4,2,1,3,2,1,2,3,3,5,4,3,Low Risk
HS2026258,2.705,1.95,0.79,1,0.78,0.73,0.93,0,No,Rarely,21-23 years,Female,300,Nursing,Middle income,Sometimes (monthly),Yes - fewer than 10 hours/week,1-2 hours,More than 8 hours,Very low risk,4,3,3,3,2,1,3,1,3,2,4,3,1,4,1,1,5,2,4,1,4,5,3,2,3,2,3,4,3,3,2,1,3,1,3,3,3,2,5,5,4,4,Low Risk
HS2026259,3.1075,2.82,0.87,1,0.99,1,0.9,0,No,Rarely,21-23 years,Male,300,Nursing,Middle income,Rarely (once or twice a semester),No,2-3 hours,6-7 hours,Low risk,1,2,1,4,4,2,3,3,2,5,2,2,5,2,2,4,4,1,2,4,5,1,2,3,2,4,1,2,1,4,4,2,3,3,2,3,3,1,1,4,4,1,Low Risk
HS2026260,3.04,3,0.78,0.7,0.88,0.67,0.6,1,No,Rarely,24-26 years,Male,300,Nursing,Middle income,Rarely (once or twice a semester),Yes - more than 20 hours/week,2-3 hours,5-6 hours,Low risk,1,4,3,3,4,4,4,2,5,4,5,1,5,5,3,3,2,4,4,1,3,5,3,4,1,5,1,4,3,3,4,4,4,2,5,1,3,2,4,5,2,1,Moderate Risk
HS2026261,2.435,1.91,0.99,0.69,1,0.94,0.79,1,No,Almost never,27-29 years,Male,300,Nursing,Middle income,Rarely (once or twice a semester),Yes - more than 20 hours/week,2-3 hours,4-5 hours,High risk,3,4,5,5,2,5,2,2,3,3,1,2,5,3,2,4,2,3,4,3,3,4,2,3,4,3,3,4,5,5,2,5,2,2,3,4,4,4,4,1,4,3,Moderate Risk
HS2026262,3.105,2.84,0.88,0.7,0.89,0.86,0.87,0,No,Sometimes,21-23 years,Male,300,Nursing,Middle income,Rarely (once or twice a semester),No,2-3 hours,6-7 hours,High risk,1,2,4,3,1,4,3,1,3,2,3,3,2,4,4,3,1,3,3,4,4,3,3,1,3,3,4,2,4,3,1,4,3,1,3,5,3,3,4,1,4,1,Low Risk
HS2026263,2.9925,2.02,1,0.7,0.9,0.96,0.78,2,No,Sometimes,21-23 years,Male,300,Nursing,Low income,Sometimes (monthly),No,1-2 hours,4-5 hours,Very low risk,5,2,3,3,1,1,1,3,4,3,4,3,4,3,3,1,3,2,1,4,2,2,2,1,2,4,3,4,3,3,1,1,1,3,4,4,4,3,2,1,5,5,High Risk
HS2026264,3.1425,2.68,0.89,0.93,1,0.89,0.99,0,No,Rarely,24-26 years,Female,300,Nursing,Low income,Often (weekly),No,Less than 1 hour,Less than 4 hours,Low risk,1,2,5,3,1,2,4,5,1,4,4,1,3,5,5,2,2,5,1,2,2,3,5,3,4,5,2,3,5,3,1,2,4,5,1,4,4,3,4,4,2,1,Low Risk
HS2026265,2.77,2.64,0.9,0.9,1,0.9,0.88,0,No,Rarely,24-26 years,Male,300,Nursing,Upper-middle income,Rarely (once or twice a semester),Yes - 10-20 hours/week,2-3 hours,6-7 hours,Low risk,3,4,1,2,4,2,3,4,5,4,1,4,4,2,3,1,3,3,4,3,2,3,4,1,3,2,3,4,1,2,4,2,3,4,5,1,2,3,5,4,5,3,Low Risk
HS2026266,3.115,2.98,0.89,0.6,0.7,0.91,1,0,No,Rarely,21-23 years,Female,300,Nursing,Low income,Always,No,2-3 hours,4-5 hours,Low risk,2,1,3,2,1,2,2,3,5,3,3,3,2,3,2,3,3,5,2,4,3,3,4,2,2,4,1,4,3,2,1,2,2,3,5,3,2,4,2,2,1,2,Low Risk
HS2026267,2.5375,2.09,0.7,0.79,0.69,0.94,0.89,0,No,Rarely,30-35 years,Female,300,Nursing,Low income,Always,No,1-2 hours,6-7 hours,Moderate risk,4,3,1,5,3,3,4,3,4,2,1,3,1,2,2,4,3,1,4,2,3,1,1,3,2,3,2,5,1,5,3,3,4,3,4,4,5,5,5,3,3,4,Low Risk
HS2026268,2.645,2.09,0.77,0.87,0.7,0.79,0.9,0,No,Almost never,21-23 years,Female,300,Nursing,Low income,Never,No,2-3 hours,4-5 hours,Moderate risk,3,3,2,1,1,4,3,3,4,5,3,2,3,1,3,2,1,2,4,4,4,3,5,3,2,2,4,2,2,1,1,4,3,3,4,4,4,3,4,5,1,3,Low Risk
HS2026269,3.09,2.73,0.79,0.78,0.69,0.9,1,0,No,Sometimes,21-23 years,Female,300,Nursing,Middle income,Sometimes (monthly),Yes - fewer than 10 hours/week,1-2 hours,6-7 hours,Moderate risk,4,2,4,3,4,3,4,3,1,2,5,1,5,5,4,1,2,5,2,5,3,3,3,1,1,1,2,5,4,3,4,3,4,3,1,3,5,4,4,3,2,4,Low Risk
HS2026270,2.29,2.05,0.69,0.99,0.79,0.93,1,1,No,Sometimes,24-26 years,Female,300,Nursing,Low income,Always,No,1-2 hours,4-5 hours,Moderate risk,3,1,1,4,4,4,4,2,5,3,1,4,2,2,3,4,3,2,4,2,1,2,3,4,3,3,3,2,1,4,4,4,4,2,5,1,5,2,2,4,3,3,Moderate Risk
HS2026271,3.4725,3.16,0.6,0.88,0.69,0.98,0.7,0,No,Rarely,30-35 years,Male,300,Nursing,Middle income,Sometimes (monthly),Yes - 10-20 hours/week,1-2 hours,5-6 hours,Moderate risk,2,3,5,2,2,1,2,4,1,3,1,2,1,2,3,2,2,4,3,2,2,4,2,4,2,2,3,3,5,2,2,1,2,4,1,4,5,1,3,2,5,2,Low Risk
HS2026272,3.025,2.32,0.79,0.9,0.7,0.97,0.69,0,No,Rarely,27-29 years,Male,300,Nursing,Upper-middle income,Never,Yes - 10-20 hours/week,2-3 hours,4-5 hours,High risk,3,2,2,5,2,2,2,4,3,2,3,5,4,1,3,3,2,5,4,2,5,2,2,2,1,2,5,5,2,5,2,2,2,4,3,5,5,4,3,2,4,3,Low Risk
HS2026273,3.0975,2.34,0.89,1,0.7,0.89,0.7,0,No,Rarely,27-29 years,Female,300,Nursing,Upper-middle income,Never,No,1-2 hours,5-6 hours,Moderate risk,3,1,1,1,3,5,5,4,4,2,2,4,2,2,4,3,5,4,5,1,3,5,4,3,3,4,4,1,1,1,3,5,5,4,4,4,3,2,5,1,3,3,Low Risk
HS2026274,2.155,2.45,0.91,0.79,0.9,0.69,0.69,0,No,Rarely,21-23 years,Female,300,Nursing,Middle income,Rarely (once or twice a semester),No,More than 4 hours,More than 8 hours,Low risk,3,1,5,3,3,3,4,2,1,3,4,1,4,4,5,5,4,1,1,1,2,4,1,1,1,2,3,1,5,3,3,3,4,2,1,5,3,1,3,4,3,3,Moderate Risk
HS2026275,2.74,2.41,0.66,0.96,1,0.8,0.79,0,No,Almost never,24-26 years,Female,300,Nursing,Middle income,Rarely (once or twice a semester),No,2-3 hours,More than 8 hours,Moderate risk,3,2,2,5,1,2,3,3,3,5,3,1,4,4,2,3,2,4,1,3,1,5,3,2,4,4,1,1,2,5,1,2,3,3,3,2,4,3,2,5,3,3,Low Risk
HS2026276,2.04,1.52,1,0.92,0.7,0.75,0.69,3,No,Sometimes,27-29 years,Male,300,Nursing,High income,Never,Yes - fewer than 10 hours/week,1-2 hours,More than 8 hours,Low risk,5,2,3,5,2,2,1,4,2,1,4,5,2,1,4,1,4,2,3,3,5,3,3,3,1,3,3,3,3,5,2,2,1,4,2,1,2,2,1,4,2,5,High Risk
HS2026277,2.6975,2.25,0.79,1,0.77,0.91,0.7,0,No,Sometimes,27-29 years,Female,300,Nursing,Low income,Sometimes (monthly),No,More than 4 hours,6-7 hours,Very low risk,3,3,2,3,3,5,5,4,3,5,3,5,1,3,1,5,1,5,3,5,3,4,3,3,2,1,4,4,2,3,3,5,5,4,3,4,1,2,3,4,3,3,Low Risk
HS2026278,3.72,3.45,0.7,0.89,0.79,0.76,0.7,0,No,Rarely,21-23 years,Male,300,Nursing,Middle income,Never,Yes - 10-20 hours/week,Less than 1 hour,5-6 hours,Low risk,2,2,3,3,4,3,2,3,3,4,3,3,4,2,1,3,3,5,5,3,1,4,2,3,2,1,1,5,3,3,4,3,2,3,3,2,3,4,3,3,3,2,Low Risk
HS2026279,3.25,3,0.93,0.92,0.69,0.91,0.9,0,No,Rarely,30-35 years,Male,300,Nursing,Middle income,Always,Yes - fewer than 10 hours/week,Less than 1 hour,4-5 hours,Low risk,2,4,1,4,5,3,2,1,5,5,3,2,2,2,3,2,1,2,5,4,4,2,4,3,2,3,2,3,1,4,5,3,2,1,5,3,5,2,3,2,2,2,Low Risk
HS2026280,2.58,2.23,0.9,0.78,0.6,0.93,1,0,No,Rarely,27-29 years,Male,300,Nursing,Low income,Always,No,1-2 hours,6-7 hours,High risk,5,5,2,2,2,3,3,4,3,2,3,4,3,1,1,1,5,2,3,2,5,3,3,4,3,4,3,2,2,2,2,3,3,4,3,3,5,3,2,5,5,5,Low Risk
HS2026281,3.09,2.61,0.6,0.93,0.79,0.98,0.69,0,No,Rarely,18-20 years,Female,300,Nursing,Middle income,Never,Yes - fewer than 10 hours/week,2-3 hours,4-5 hours,High risk,1,3,2,4,2,2,4,4,1,4,3,2,2,4,3,4,1,5,5,4,3,2,4,4,4,5,3,4,2,4,2,2,4,4,1,1,3,3,3,3,1,1,Low Risk
HS2026282,2.3125,1.95,0.79,0.9,0.89,0.96,0.6,0,No,Almost never,18-20 years,Male,300,Nursing,Upper-middle income,Never,No,3-4 hours,Less than 4 hours,Very low risk,2,2,1,3,1,2,3,1,2,1,3,4,2,2,4,3,2,3,3,5,2,4,3,2,4,4,3,3,1,3,1,2,3,1,2,3,2,2,3,3,3,2,Moderate Risk
HS2026283,2.3475,1.89,0.87,0.6,0.91,0.98,0.79,2,No,Sometimes,21-23 years,Female,300,Nursing,Low income,Sometimes (monthly),No,More than 4 hours,6-7 hours,Low risk,2,4,1,3,2,3,3,2,5,2,3,1,4,1,3,1,3,5,3,2,2,3,5,5,2,3,3,2,1,3,2,3,3,2,5,5,2,2,4,4,2,2,High Risk
HS2026284,2.69,2.27,0.78,0.79,0.66,0.88,0.89,0,No,Sometimes,21-23 years,Male,300,Nursing,Middle income,Rarely (once or twice a semester),Yes - more than 20 hours/week,3-4 hours,4-5 hours,Low risk,2,4,2,3,3,3,1,1,3,4,2,1,5,3,2,2,1,3,1,4,4,3,2,2,4,2,1,2,2,3,3,3,1,1,3,4,5,4,1,2,4,2,Low Risk
HS2026285,2.8725,2.55,0.99,0.87,1,0.9,0.91,0,No,Rarely,24-26 years,Male,300,Nursing,Upper-middle income,Rarely (once or twice a semester),Yes - fewer than 10 hours/week,3-4 hours,6-7 hours,Low risk,3,3,4,4,4,3,1,3,2,1,2,3,4,1,3,1,1,1,3,3,2,4,2,3,1,2,5,3,4,4,4,3,1,3,2,3,4,5,2,5,2,3,Low Risk
HS2026286,3,2.64,0.88,0.78,0.79,0.91,0.66,0,No,Rarely,27-29 years,Male,300,Nursing,Middle income,Sometimes (monthly),No,More than 4 hours,4-5 hours,Moderate risk,1,1,3,1,5,4,1,2,4,3,3,2,2,3,3,3,2,2,2,4,2,4,4,1,1,3,4,1,3,1,5,4,1,2,4,4,2,3,4,3,1,1,Low Risk
HS2026287,2.6925,2.34,1,0.99,0.7,0.66,1,0,No,Rarely,21-23 years,Male,300,Nursing,High income,Never,Yes - fewer than 10 hours/week,2-3 hours,6-7 hours,Moderate risk,4,5,3,4,4,5,5,2,3,4,3,4,2,2,3,2,5,1,1,2,2,5,2,5,3,5,1,4,3,4,4,5,5,2,3,4,5,4,1,3,3,4,Low Risk
HS2026288,2.5575,2.34,0.89,0.88,0.93,0.81,0.79,0,No,Rarely,21-23 years,Male,300,Nursing,Middle income,Sometimes (monthly),Yes - fewer than 10 hours/week,More than 4 hours,4-5 hours,Moderate risk,5,1,1,1,4,2,5,4,3,1,1,2,3,5,1,5,3,4,1,4,3,3,5,5,2,4,1,2,1,1,4,2,5,4,3,2,3,5,3,2,3,5,Low Risk
HS2026289,3.4475,3.14,0.9,0.9,0.63,0.69,0.7,0,No,Almost never,24-26 years,Female,300,Nursing,High income,Never,Yes - fewer than 10 hours/week,3-4 hours,5-6 hours,Moderate risk,3,1,2,2,1,3,4,5,3,3,5,2,2,1,2,1,2,4,2,2,3,4,4,2,2,2,5,5,2,2,1,3,4,5,3,1,1,3,2,4,1,3,Low Risk
HS2026290,2.985,2.89,1,0.87,0.87,0.99,0.93,0,No,Sometimes,24-26 years,Male,300,Nursing,Middle income,Sometimes (monthly),No,1-2 hours,4-5 hours,Moderate risk,2,4,3,4,5,1,3,2,2,3,3,3,2,4,1,3,2,1,4,5,3,3,2,4,5,2,3,1,3,4,5,1,3,2,2,2,3,3,2,4,4,2,Low Risk
HS2026291,2.255,1.45,1,0.78,0.4,0.78,0.9,2,No,Sometimes,21-23 years,Female,300,Nursing,Middle income,Rarely (once or twice a semester),Yes - more than 20 hours/week,3-4 hours,5-6 hours,High risk,4,2,4,5,2,4,3,1,5,3,5,1,5,2,4,4,4,5,3,2,5,1,3,1,4,2,2,3,4,5,2,4,3,1,5,3,3,2,5,2,2,4,High Risk
HS2026292,3.65,3.55,0.7,0.99,0.77,0.93,0.6,0,No,Rarely,30-35 years,Female,300,Nursing,Middle income,Rarely (once or twice a semester),Yes - more than 20 hours/week,3-4 hours,More than 8 hours,Moderate risk,1,1,3,3,1,1,2,4,3,2,3,3,3,2,3,3,4,5,3,5,2,2,4,3,2,3,2,5,3,3,1,1,2,4,3,4,1,3,4,3,3,1,Low Risk
HS2026293,2.8675,2.34,0.69,0.88,0.64,0.94,0.79,0,No,Rarely,21-23 years,Female,300,Nursing,Middle income,Rarely (once or twice a semester),No,3-4 hours,More than 8 hours,Low risk,2,3,4,1,1,1,2,4,2,2,4,4,2,1,1,3,3,2,5,3,2,4,3,2,3,1,5,4,4,1,1,1,2,4,2,5,4,5,4,3,4,2,Low Risk
HS2026294,3.1025,2.82,0.7,1,0.56,0.95,0.87,0,No,Rarely,21-23 years,Female,300,Nursing,Middle income,Rarely (once or twice a semester),No,1-2 hours,More than 8 hours,Moderate risk,3,3,3,3,4,2,1,3,2,5,3,1,5,5,1,2,1,4,4,3,5,2,1,4,2,2,3,3,3,3,4,2,1,3,2,3,3,4,5,2,5,3,Low Risk
HS2026295,3.0075,2.64,0.69,0.89,0.67,0.8,0.78,0,No,Rarely,24-26 years,Female,300,Nursing,Low income,Sometimes (monthly),No,3-4 hours,6-7 hours,Low risk,3,2,3,2,4,3,2,2,3,1,3,5,1,3,1,3,3,1,3,2,3,4,5,2,4,2,3,3,3,2,4,3,2,2,3,1,3,3,3,3,5,3,Low Risk
HS2026296,2.8775,2.41,0.79,0.9,0.79,0.7,0.99,0,No,Almost never,30-35 years,Male,300,Nursing,Low income,Often (weekly),Yes - 10-20 hours/week,3-4 hours,5-6 hours,Very low risk,3,3,5,2,4,3,2,3,1,3,5,2,5,5,4,5,4,5,5,2,4,4,3,4,3,5,3,3,5,2,4,3,2,3,1,2,1,1,4,4,1,3,Low Risk
HS2026297,2.91,2.41,0.69,1,0.49,0.96,0.88,0,No,Sometimes,27-29 years,Male,300,Nursing,Upper-middle income,Rarely (once or twice a semester),No,2-3 hours,4-5 hours,Low risk,3,5,3,1,4,2,3,2,1,4,2,4,1,1,2,2,4,2,2,2,5,3,2,2,3,5,1,4,3,1,4,2,3,2,1,3,4,2,1,1,5,3,Low Risk
HS2026298,2.885,2.68,0.7,1,0.65,0.96,1,2,No,Sometimes,27-29 years,Female,300,Nursing,Low income,Always,No,1-2 hours,6-7 hours,Low risk,3,4,3,3,4,1,3,3,3,2,2,4,1,2,2,1,1,2,3,5,3,4,4,2,3,2,3,3,3,3,4,1,3,3,3,2,4,3,5,5,4,3,High Risk
HS2026299,3.6075,3.27,0.7,0.7,0.63,0.73,0.89,0,No,Rarely,21-23 years,Female,300,Nursing,Low income,Always,No,3-4 hours,4-5 hours,High risk,1,2,2,1,1,3,2,5,3,4,5,3,3,4,5,2,3,4,1,1,1,4,4,2,1,3,5,1,2,1,1,3,2,5,3,3,3,4,3,3,2,1,Low Risk
HS2026300,2.9925,2.75,0.9,0.69,0.66,0.74,0.9,0,No,Rarely,24-26 years,Female,300,Nursing,Low income,Never,Yes - fewer than 10 hours/week,1-2 hours,Less than 4 hours,High risk,3,5,3,2,3,5,4,1,2,2,5,4,1,3,1,1,5,3,4,4,5,2,3,4,5,4,4,1,3,2,3,5,4,1,2,3,2,3,2,3,4,3,Low Risk
HS2026301,2.8525,2.61,1,0.7,0.89,1,1,0,No,Rarely,27-29 years,Male,300,Nursing,Middle income,Sometimes (monthly),No,3-4 hours,6-7 hours,Very low risk,4,5,4,4,4,3,1,3,3,4,1,2,3,1,3,4,3,2,1,2,1,3,2,3,3,4,3,1,4,4,4,3,1,3,3,2,3,2,4,1,2,4,Low Risk
HS2026302,3.4275,3.18,0.7,0.69,0.72,0.92,1,0,No,Rarely,27-29 years,Female,300,Nursing,Low income,Always,Yes - 10-20 hours/week,3-4 hours,4-5 hours,Low risk,3,1,3,1,1,3,3,5,2,5,3,5,3,3,3,3,2,2,1,3,5,1,5,5,3,3,1,3,3,1,1,3,3,5,2,3,4,1,5,1,4,3,Low Risk
HS2026303,2.64,2.18,0.77,0.79,0.81,0.91,0.7,0,No,Almost never,21-23 years,Male,300,Nursing,Middle income,Sometimes (monthly),Yes - 10-20 hours/week,Less than 1 hour,6-7 hours,Low risk,3,4,4,3,5,2,3,1,2,4,4,2,2,2,5,5,2,3,3,4,1,1,4,3,3,2,2,5,4,3,5,2,3,1,2,2,3,4,3,3,4,3,Low Risk
HS2026304,3.705,3.45,0.79,0.69,0.63,0.72,0.69,0,No,Sometimes,30-35 years,Male,300,Nursing,Upper-middle income,Never,No,1-2 hours,4-5 hours,Low risk,4,4,2,3,4,2,3,2,3,1,2,3,3,4,2,3,3,2,3,4,4,5,4,4,4,5,2,3,2,3,4,2,3,2,3,3,1,3,3,4,2,4,Low Risk
HS2026305,2.5875,2.48,0.69,0.7,0.77,0.96,0.7,0,No,Sometimes,27-29 years,Male,300,Nursing,Upper-middle income,Never,No,2-3 hours,6-7 hours,Moderate risk,2,3,3,1,2,4,1,1,1,2,1,2,3,1,2,4,3,1,1,4,1,4,2,4,4,2,2,3,3,1,2,4,1,1,1,2,1,2,4,3,4,2,Low Risk
HS2026306,3.4425,3.43,0.78,0.7,0.83,0.84,0.69,0,No,Rarely,18-20 years,Female,300,Nursing,Middle income,Rarely (once or twice a semester),No,1-2 hours,4-5 hours,Moderate risk,4,2,5,4,1,5,3,4,5,1,1,4,1,3,3,3,3,2,1,3,1,3,1,2,2,2,5,2,5,4,1,5,3,4,5,5,3,4,5,2,3,4,Low Risk
HS2026307,3.38,3.27,0.99,0.89,0.52,0.7,0.79,0,No,Rarely,18-20 years,Male,300,Nursing,Middle income,Rarely (once or twice a semester),Yes - fewer than 10 hours/week,3-4 hours,5-6 hours,Moderate risk,5,4,2,3,3,3,1,1,5,3,2,3,3,4,3,3,3,1,4,1,1,4,3,3,2,2,4,1,2,3,3,3,1,1,5,4,1,3,2,3,4,5,Low Risk
HS2026308,2.88,2.41,0.88,0.85,0.91,0.96,0.69,0,No,Rarely,21-23 years,Female,300,Nursing,High income,Never,No,3-4 hours,4-5 hours,Moderate risk,3,5,2,4,4,2,3,3,3,2,2,1,3,2,5,5,4,3,3,3,4,3,4,2,4,1,2,2,2,4,4,2,3,3,3,4,2,2,4,1,4,3,Low Risk
HS2026309,2.045,1.57,1,0.69,0.76,0.97,0.7,1,No,Rarely,21-23 years,Male,300,Nursing,Low income,Sometimes (monthly),Yes - 10-20 hours/week,3-4 hours,5-6 hours,Moderate risk,5,4,3,4,5,4,2,4,3,3,1,4,1,3,3,4,2,1,3,5,2,4,2,4,4,2,2,4,3,4,5,4,2,4,3,1,3,2,3,2,5,5,Moderate Risk
HS2026310,2.715,2.16,0.89,0.73,0.83,0.68,0.7,0,No,Almost never,24-26 years,Male,300,Nursing,Middle income,Never,Yes - fewer than 10 hours/week,2-3 hours,More than 8 hours,High risk,2,2,5,4,1,2,4,4,2,3,3,5,2,3,5,3,3,5,3,3,2,3,2,3,5,2,2,3,5,4,1,2,4,4,2,5,3,2,2,4,2,2,Low Risk
HS2026311,3.38,3.11,0.9,0.69,0.65,1,0.89,0,No,Sometimes,27-29 years,Male,300,Nursing,Middle income,Always,No,2-3 hours,More than 8 hours,Moderate risk,3,1,4,3,1,4,3,3,3,4,3,1,3,3,4,5,2,4,5,5,2,5,5,2,4,3,5,4,4,3,1,4,3,3,3,3,1,1,1,2,5,3,Low Risk
HS2026312,2.4075,2.2,1,1,0.67,0.89,0.85,0,No,Sometimes,21-23 years,Male,300,Nursing,Low income,Always,Yes - fewer than 10 hours/week,Less than 1 hour,More than 8 hours,Low risk,4,2,3,1,1,3,4,5,3,3,2,1,2,5,1,2,1,4,4,1,3,1,3,5,4,2,5,2,3,1,1,3,4,5,3,3,4,3,3,3,2,4,Moderate Risk
HS2026313,2.9675,2.75,1,0.7,0.55,0.9,0.69,0,No,Rarely,21-23 years,Male,300,Nursing,Middle income,Never,No,1-2 hours,6-7 hours,Moderate risk,3,4,1,3,4,3,4,1,4,4,1,1,4,4,2,2,4,5,3,2,1,2,4,2,3,2,5,4,1,3,4,3,4,1,4,2,4,2,2,3,3,3,Low Risk
HS2026314,2.545,2.27,0.7,0.69,0.55,0.87,0.73,0,No,Rarely,24-26 years,Female,300,Nursing,Upper-middle income,Never,No,More than 4 hours,5-6 hours,Low risk,4,5,5,3,3,2,3,3,2,1,4,1,4,2,2,3,1,3,3,3,4,2,4,4,2,4,2,4,5,3,3,2,3,3,2,2,2,1,2,5,5,4,Low Risk
HS2026315,3.5,3.25,0.69,0.7,0.6,0.9,0.69,0,No,Rarely,24-26 years,Male,300,Nursing,Low income,Sometimes (monthly),Yes - more than 20 hours/week,Less than 1 hour,4-5 hours,Very low risk,2,4,2,4,4,2,3,5,2,3,3,3,2,2,2,1,4,1,2,5,2,4,4,3,5,4,3,4,2,4,4,2,3,5,2,4,3,3,4,4,1,2,Low Risk
HS2026316,2.8575,2.7,0.7,0.69,0.79,1,0.68,0,No,Rarely,21-23 years,Female,300,Nursing,Middle income,Rarely (once or twice a semester),Yes - fewer than 10 hours/week,2-3 hours,6-7 hours,Low risk,2,2,2,5,5,3,4,4,4,3,2,2,5,2,3,5,4,4,3,4,4,3,2,4,3,5,3,2,2,5,5,3,4,4,4,1,1,1,2,3,1,2,Low Risk
HS2026317,2.97,2.89,0.69,0.79,0.7,0.8,0.84,0,No,Almost never,30-35 years,Female,300,Nursing,Upper-middle income,Rarely (once or twice a semester),No,More than 4 hours,4-5 hours,Low risk,2,3,3,1,3,2,3,1,2,1,4,4,1,2,5,2,4,2,4,2,3,2,4,4,2,2,1,4,3,1,3,2,3,1,2,3,2,4,4,1,1,2,Low Risk
HS2026318,3.17,2.93,0.79,0.69,0.93,0.7,0.78,0,No,Sometimes,21-23 years,Female,300,Nursing,Middle income,Sometimes (monthly),Yes - fewer than 10 hours/week,1-2 hours,Less than 4 hours,High risk,1,3,4,3,3,4,1,2,2,3,5,3,3,2,3,2,4,4,1,1,2,3,2,2,1,1,5,3,4,3,3,4,1,2,2,3,3,1,3,3,3,1,Low Risk
HS2026319,2.225,1.95,0.69,1,0.9,0.75,0.7,1,No,Sometimes,21-23 years,Female,300,Nursing,High income,Never,Yes - fewer than 10 hours/week,1-2 hours,6-7 hours,High risk,2,3,3,1,1,4,3,2,3,2,3,5,4,2,1,2,5,2,1,2,4,3,3,3,4,3,3,1,3,1,1,4,3,2,3,3,3,2,1,4,4,2,Moderate Risk
HS2026320,2.72,2,0.7,0.79,0.6,1,0.9,1,No,Rarely,24-26 years,Female,300,Nursing,Middle income,Sometimes (monthly),Yes - fewer than 10 hours/week,1-2 hours,4-5 hours,Very low risk,2,4,2,1,3,2,5,3,1,2,1,5,4,3,5,3,2,3,3,2,4,2,1,1,4,3,2,3,2,1,3,2,5,3,1,2,3,2,1,1,5,2,Moderate Risk
HS2026321,2.805,1.98,0.7,0.9,0.79,0.74,1,0,No,Rarely,30-35 years,Male,300,Nursing,High income,Never,No,Less than 1 hour,6-7 hours,Low risk,2,3,4,2,1,3,4,2,5,3,2,3,3,5,3,4,1,2,2,3,3,4,1,1,2,2,5,3,4,2,1,3,4,2,5,4,3,2,3,2,3,2,Low Risk
HS2026322,1.6675,1.1,0.89,0.9,0.87,0.87,0.79,0,No,Rarely,27-29 years,Male,300,Nursing,Middle income,Sometimes (monthly),Yes - more than 20 hours/week,1-2 hours,4-5 hours,Low risk,3,3,2,3,5,3,2,3,5,2,2,2,5,5,2,1,1,4,5,3,5,2,2,4,3,4,5,4,2,3,5,3,2,3,5,3,4,3,4,3,2,3,High Risk
HS2026323,2.96,2.59,0.85,0.92,0.78,0.9,0.96,0,No,Rarely,27-29 years,Female,300,Nursing,Middle income,Rarely (once or twice a semester),Yes - more than 20 hours/week,1-2 hours,6-7 hours,Low risk,2,1,1,3,2,1,3,3,2,4,4,3,2,3,3,1,5,1,3,4,4,3,2,2,2,2,2,4,1,3,2,1,3,3,2,4,4,4,5,3,4,2,Low Risk
HS2026324,2.725,2.36,0.69,0.78,0.99,0.98,0.92,0,No,Almost never,21-23 years,Female,300,Nursing,Middle income,Rarely (once or twice a semester),No,1-2 hours,4-5 hours,Moderate risk,1,1,5,1,2,1,1,5,1,4,3,4,3,1,1,1,5,2,3,3,1,4,3,2,3,2,3,3,5,1,2,1,1,5,1,3,2,4,4,3,3,1,Low Risk
HS2026325,2.5675,2.27,0.73,0.7,0.88,0.78,1,0,No,Sometimes,24-26 years,Female,300,Nursing,Middle income,Rarely (once or twice a semester),No,1-2 hours,5-6 hours,Moderate risk,2,2,4,3,2,1,3,2,4,3,1,1,3,4,3,2,1,3,1,2,2,2,3,5,4,2,1,3,4,3,2,1,3,2,4,5,5,2,3,3,2,2,Low Risk
HS2026326,3.2175,2.82,0.69,0.89,1,0.86,0.89,0,No,Sometimes,27-29 years,Male,300,Nursing,Middle income,Rarely (once or twice a semester),No,1-2 hours,4-5 hours,Moderate risk,3,2,2,3,2,3,3,3,2,2,1,4,3,2,4,2,4,1,5,2,3,3,3,4,2,3,2,2,2,3,2,3,3,3,2,2,2,4,2,1,2,3,Low Risk
HS2026327,2.3925,2.05,0.68,0.85,0.89,0.89,0.9,3,No,Rarely,27-29 years,Female,300,Nursing,Low income,Sometimes (monthly),Yes - 10-20 hours/week,2-3 hours,5-6 hours,Moderate risk,2,1,3,2,2,2,3,4,1,2,1,2,2,3,2,1,3,4,3,5,5,4,2,1,4,4,3,1,3,2,2,2,3,4,1,2,3,1,2,5,3,2,High Risk
HS2026328,2.92,2.36,0.84,0.69,0.9,0.61,1,1,No,Rarely,21-23 years,Male,300,Nursing,Low income,Often (weekly),No,2-3 hours,More than 8 hours,Moderate risk,5,2,1,3,3,2,2,3,4,5,2,3,2,1,2,3,2,3,3,3,2,4,3,3,1,3,5,3,1,3,3,2,2,3,4,4,1,1,3,4,1,5,Moderate Risk
HS2026329,2.5125,2,0.78,0.73,1,0.93,1,0,No,Rarely,30-35 years,Male,300,Nursing,Upper-middle income,Rarely (once or twice a semester),No,1-2 hours,More than 8 hours,High risk,3,4,3,3,5,4,2,3,3,4,1,3,4,4,2,4,2,3,2,4,3,4,3,3,2,5,5,3,3,3,5,4,2,3,3,2,5,3,5,1,4,3,Low Risk
HS2026330,3.01,2.45,0.7,0.69,1,1,0.7,0,No,Rarely,27-29 years,Male,300,Nursing,Low income,Always,No,3-4 hours,More than 8 hours,Moderate risk,2,2,4,1,2,2,1,5,1,2,4,1,2,2,1,3,5,2,4,3,3,2,4,2,2,5,1,4,4,1,2,2,1,5,1,5,5,2,4,1,2,2,Low Risk
HS2026331,2.7,2.41,0.9,0.68,0.7,0.88,0.69,0,No,Almost never,18-20 years,Female,300,Nursing,Low income,Always,Yes - fewer than 10 hours/week,2-3 hours,6-7 hours,Low risk,3,3,3,3,3,3,5,2,2,2,5,2,4,5,5,3,1,4,4,4,3,3,3,3,2,3,3,4,3,3,3,3,5,2,2,4,2,2,2,5,5,3,Low Risk
HS2026332,2.29,1.8,1,0.84,0.69,0.92,0.7,1,No,Sometimes,18-20 years,Male,300,Nursing,Low income,Never,No,2-3 hours,5-6 hours,Moderate risk,2,3,4,3,1,2,2,5,2,3,2,4,5,5,4,2,4,2,5,3,5,5,4,3,2,1,2,3,4,3,1,2,2,5,2,2,4,5,2,3,1,2,Moderate Risk
HS2026333,2.66,2.5,0.79,0.78,0.7,0.86,0.69,1,No,Sometimes,21-23 years,Female,300,Nursing,Middle income,Sometimes (monthly),Yes - 10-20 hours/week,2-3 hours,4-5 hours,Low risk,4,2,3,3,3,3,2,3,3,4,2,4,3,2,4,2,3,5,4,2,3,1,3,4,3,4,3,5,3,3,3,3,2,3,3,3,1,4,2,2,3,4,Moderate Risk
HS2026334,2.32,2.05,0.96,0.7,0.69,0.64,0.79,0,No,Rarely,21-23 years,Male,300,Nursing,Low income,Always,Yes - 10-20 hours/week,1-2 hours,6-7 hours,Very low risk,1,3,3,1,1,1,4,2,3,4,1,5,3,1,3,3,4,1,3,3,2,3,2,4,1,3,1,4,3,1,1,1,4,2,3,4,3,2,3,2,5,1,Moderate Risk
HS2026335,2.845,2.11,0.92,0.9,0.79,0.94,0.69,1,No,Rarely,24-26 years,Male,300,Nursing,Middle income,Sometimes (monthly),No,1-2 hours,4-5 hours,Low risk,4,3,4,3,1,4,4,5,3,4,2,3,3,4,1,3,4,1,4,3,4,1,5,3,5,4,4,3,4,3,1,4,4,5,3,3,2,3,1,5,4,4,Moderate Risk
HS2026336,3.625,3.23,1,1,0.69,1,0.7,0,No,Rarely,27-29 years,Male,300,Nursing,Upper-middle income,Never,No,2-3 hours,Less than 4 hours,Low risk,3,3,3,5,5,3,3,2,2,4,3,3,4,3,3,3,4,1,3,1,2,5,3,1,5,3,2,4,3,5,5,3,3,2,2,1,4,2,2,3,3,3,Low Risk
HS2026337,3.4025,3,0.89,0.79,0.7,0.96,0.7,0,No,Rarely,21-23 years,Male,300,Nursing,Upper-middle income,Never,No,2-3 hours,6-7 hours,High risk,3,2,3,4,3,2,4,2,3,3,1,1,3,5,4,2,1,4,2,1,2,5,1,2,1,1,3,1,3,4,3,2,4,2,3,5,2,4,2,3,3,3,Low Risk
HS2026338,2.915,2.64,0.9,0.96,0.7,0.88,0.9,0,No,Almost never,21-23 years,Male,300,Nursing,Middle income,Rarely (once or twice a semester),Yes - fewer than 10 hours/week,2-3 hours,4-5 hours,High risk,4,3,1,4,2,5,2,4,3,2,4,4,1,3,1,3,5,1,3,3,2,4,3,1,3,2,3,4,1,4,2,5,2,4,3,3,4,3,5,3,3,4,Low Risk
HS2026339,2.54,2.16,1,0.92,0.89,0.9,1,0,No,Sometimes,24-26 years,Female,300,Nursing,Middle income,Rarely (once or twice a semester),No,2-3 hours,6-7 hours,Very low risk,3,2,3,1,3,2,4,3,3,2,3,5,1,1,4,2,3,3,2,3,3,3,5,2,3,2,1,3,3,1,3,2,4,3,3,2,2,3,5,1,4,3,Low Risk
HS2026340,3.4125,3.17,1,1,0.85,0.7,0.68,0,No,Sometimes,24-26 years,Male,300,Nursing,High income,Never,Yes - 10-20 hours/week,1-2 hours,4-5 hours,Low risk,3,3,4,1,4,3,3,4,2,4,5,3,1,3,1,2,3,2,2,3,5,3,1,3,3,4,5,2,4,1,4,3,3,4,2,4,2,3,2,3,3,3,Low Risk
HS2026341,3.53,3.5,0.7,0.89,0.69,0.87,0.98,0,No,Rarely,21-23 years,Female,300,Nursing,Low income,Sometimes (monthly),Yes - fewer than 10 hours/week,Less than 1 hour,6-7 hours,Low risk,2,1,4,5,1,3,2,1,3,5,2,1,2,3,3,3,5,5,3,3,3,4,1,1,1,3,4,1,4,5,1,3,2,1,3,4,2,1,3,5,1,2,Low Risk
HS2026342,3.43,3.32,0.69,0.92,0.73,0.84,0.78,0,No,Rarely,30-35 years,Female,300,Nursing,Middle income,Never,No,2-3 hours,4-5 hours,Low risk,2,1,3,5,3,1,1,4,2,1,2,5,1,2,4,3,3,4,4,5,2,1,3,2,1,2,4,2,3,5,3,1,1,4,2,3,4,5,4,4,1,2,Low Risk
HS2026343,3.3925,3.09,0.7,0.78,0.69,0.84,0.77,0,No,Rarely,21-23 years,Female,300,Nursing,Middle income,Always,Yes - fewer than 10 hours/week,2-3 hours,5-6 hours,Moderate risk,2,3,4,3,2,3,3,3,1,2,4,4,2,1,5,2,3,2,2,4,2,5,1,2,1,1,4,3,4,3,2,3,3,3,1,2,3,3,4,3,1,2,Low Risk
HS2026344,2.34375,2.59,0.69,0.7,0.68,0.84,0.94,0,No,Rarely,21-23 years,Female,300,Nursing,Low income,Always,No,1-2 hours,4-5 hours,Moderate risk,5,2,2,3,2,4,3,3,2,4,3,2,1,3,3,2,5,2,3,3,5,1,5,2,2,2,4,2,2,3,2,4,3,3,2,5,5,3,3,1,3,5,Moderate Risk
HS2026345,3.4515,3.44,0.79,0.89,0.84,0.95,0.95,0,No,Almost never,24-26 years,Female,300,Nursing,Middle income,Never,No,2-3 hours,5-6 hours,Moderate risk,3,1,1,4,2,4,2,2,5,4,2,5,2,4,3,3,3,1,3,3,3,1,3,4,5,5,2,5,1,4,2,4,2,2,5,4,3,3,2,2,5,3,Low Risk
HS2026346,3.3945,3.3,0.69,0.85,0.78,1,0.67,0,No,Sometimes,30-35 years,Male,300,Nursing,Upper-middle income,Never,Yes - more than 20 hours/week,1-2 hours,More than 8 hours,Moderate risk,3,5,2,2,2,3,4,3,1,4,2,1,3,4,4,4,1,5,3,1,3,2,3,4,1,2,5,4,2,2,2,3,4,3,1,4,4,4,5,2,3,3,Low Risk
HS2026347,2.876,2.76,0.7,0.69,0.7,0.93,0.76,1,No,Sometimes,27-29 years,Male,300,Nursing,Low income,Sometimes (monthly),Yes - fewer than 10 hours/week,1-2 hours,More than 8 hours,Moderate risk,4,1,1,3,5,4,3,3,4,1,4,2,4,2,2,2,2,2,3,3,5,1,5,4,2,4,2,5,1,3,5,4,3,3,4,2,4,4,2,2,3,4,Moderate Risk
HS2026348,2.55425,2.22,0.7,0.73,0.9,0.88,1,1,No,Rarely,27-29 years,Female,300,Nursing,Middle income,Rarely (once or twice a semester),No,1-2 hours,More than 8 hours,High risk,5,1,1,4,2,4,4,1,3,4,4,4,1,3,4,3,2,2,1,4,4,3,4,3,3,3,2,4,1,4,2,4,4,1,3,1,2,2,2,5,2,5,Moderate Risk
HS2026349,2.88375,2.61,0.9,0.69,1,0.92,1,2,No,Rarely,21-23 years,Female,300,Nursing,Upper-middle income,Rarely (once or twice a semester),Yes - fewer than 10 hours/week,2-3 hours,6-7 hours,Moderate risk,3,2,2,5,5,2,2,4,3,4,4,4,4,3,5,4,2,3,2,3,3,1,4,5,2,4,1,5,2,5,5,2,2,4,3,3,3,2,2,4,1,3,High Risk
HS2026350,3.12775,3,1,0.68,0.79,0.76,0.7,0,No,Rarely,24-26 years,Female,300,Nursing,Middle income,Sometimes (monthly),Yes - fewer than 10 hours/week,1-2 hours,5-6 hours,Low risk,2,3,4,4,1,3,3,5,4,2,2,5,1,4,2,3,5,1,1,4,4,2,3,2,5,5,1,4,4,4,1,3,3,5,4,4,2,4,1,2,2,2,Low Risk
HS2026351,2.78925,2.76,0.68,0.84,0.96,0.84,0.69,2,No,Rarely,27-29 years,Male,300,Nursing,High income,Never,Yes - fewer than 10 hours/week,More than 4 hours,4-5 hours,Moderate risk,4,4,2,2,3,3,2,1,1,1,1,2,2,4,5,3,3,3,2,4,2,2,2,3,2,2,3,2,2,2,3,3,2,1,1,2,4,4,2,2,4,4,High Risk
HS2026352,3.0815,2.85,0.98,0.78,0.92,0.89,0.7,1,No,Almost never,27-29 years,Female,300,Nursing,Middle income,Sometimes (monthly),No,2-3 hours,6-7 hours,Low risk,3,3,1,2,1,5,4,3,3,5,3,1,4,3,3,2,2,5,2,3,3,3,5,3,2,2,2,2,1,2,1,5,4,3,3,2,3,5,2,2,3,3,Moderate Risk
HS2026353,3.12575,3.06,0.78,0.7,1,0.72,0.69,0,No,Sometimes,21-23 years,Male,300,Nursing,High income,Never,Yes - more than 20 hours/week,1-2 hours,4-5 hours,Very low risk,5,2,5,3,3,4,1,3,2,3,3,2,2,2,2,3,4,3,3,4,3,1,2,3,4,3,1,4,5,3,3,4,1,3,2,5,2,4,3,5,4,5,Low Risk
HS2026354,3.19125,3.07,0.69,0.9,0.89,0.95,0.79,0,No,Sometimes,30-35 years,Male,300,Nursing,Middle income,Sometimes (monthly),Yes - more than 20 hours/week,More than 4 hours,Less than 4 hours,Low risk,3,3,4,1,1,2,1,5,2,1,1,1,4,2,4,4,2,3,1,5,5,4,3,3,5,1,1,3,4,1,1,2,1,5,2,3,5,4,2,5,2,3,Low Risk
HS2026355,3.0845,2.89,0.6,1,0.9,1,0.69,0,No,Rarely,27-29 years,Male,300,Nursing,Middle income,Rarely (once or twice a semester),No,Less than 1 hour,6-7 hours,Low risk,3,1,2,3,3,4,3,2,3,2,1,3,3,3,1,1,2,5,3,3,3,2,1,3,3,4,3,2,2,3,3,4,3,2,3,4,2,3,2,5,4,3,Low Risk
HS2026356,2.40825,2.22,0.79,0.79,1,0.85,1,3,No,Rarely,18-20 years,Female,300,Nursing,Middle income,Rarely (once or twice a semester),No,Less than 1 hour,4-5 hours,High risk,2,4,3,2,2,2,2,2,2,4,4,1,4,4,3,1,3,5,4,3,5,4,4,3,2,3,2,3,3,2,2,2,2,2,2,4,4,2,4,2,4,2,High Risk
HS2026357,2.334,2.28,0.89,0.96,1,0.94,0.79,3,No,Rarely,18-20 years,Male,300,Nursing,Middle income,Rarely (once or twice a semester),No,1-2 hours,6-7 hours,High risk,4,1,2,3,2,4,4,4,3,1,2,4,5,4,3,5,3,3,3,1,3,4,4,3,2,2,4,1,2,3,2,4,4,4,3,4,3,5,4,3,4,4,High Risk
HS2026358,2.72875,2.56,0.91,0.92,0.7,0.88,0.9,2,No,Rarely,21-23 years,Female,300,Nursing,Middle income,Rarely (once or twice a semester),Yes - 10-20 hours/week,2-3 hours,4-5 hours,Very low risk,3,3,2,3,2,4,2,4,3,3,3,1,4,1,2,2,2,1,5,2,3,2,1,4,5,4,2,3,2,3,2,4,2,4,3,2,4,3,5,3,2,3,High Risk
HS2026359,2.75475,2.69,0.66,1,0.69,0.9,0.9,1,No,Almost never,21-23 years,Male,300,Nursing,Low income,Sometimes (monthly),No,3-4 hours,6-7 hours,Low risk,5,2,1,5,5,3,2,1,4,2,1,3,3,5,4,1,2,4,5,3,2,4,5,2,5,5,2,2,1,5,5,3,2,1,4,4,4,2,2,1,4,5,Moderate Risk
HS2026360,3.06675,2.91,1,0.89,0.7,0.84,0.92,0,No,Sometimes,24-26 years,Male,300,Nursing,Low income,Often (weekly),No,More than 4 hours,4-5 hours,Low risk,2,3,4,2,2,5,3,2,3,3,3,2,3,4,5,1,4,3,3,2,2,4,2,3,2,4,2,3,4,2,2,5,3,2,3,2,2,1,1,5,3,2,Low Risk
HS2026361,3.347,3.3,0.79,0.93,0.69,0.66,0.78,0,No,Sometimes,27-29 years,Male,300,Nursing,Upper-middle income,Rarely (once or twice a semester),No,3-4 hours,5-6 hours,Low risk,3,2,1,4,3,3,3,2,3,3,1,3,3,5,2,2,3,3,4,4,4,2,4,5,5,5,1,4,1,4,3,3,3,2,3,3,3,4,3,3,1,3,Low Risk
HS2026362,3.13025,3.43,0.7,0.8,0.79,0.77,0.7,0,No,Rarely,21-23 years,Male,300,Nursing,Low income,Always,Yes - fewer than 10 hours/week,3-4 hours,4-5 hours,Moderate risk,1,3,3,2,2,5,2,3,2,2,3,1,3,4,2,1,1,5,3,3,1,3,4,2,3,3,2,2,3,2,2,5,2,3,2,1,1,4,3,2,3,1,Low Risk
HS2026363,3.172,3.26,0.93,0.8,0.69,0.99,0.89,0,No,Rarely,21-23 years,Male,300,Nursing,Low income,Always,No,More than 4 hours,5-6 hours,Moderate risk,1,1,1,4,5,4,4,3,2,1,2,3,5,3,2,3,5,2,3,5,4,1,4,5,5,5,2,3,1,4,5,4,4,3,2,1,1,2,2,5,3,1,Low Risk
HS2026364,3.12125,2.81,0.9,0.89,0.7,0.8,0.85,0,No,Rarely,24-26 years,Female,300,Nursing,Low income,Never,Yes - 10-20 hours/week,2-3 hours,More than 8 hours,Moderate risk,2,3,4,4,2,3,4,4,1,2,3,3,2,4,2,2,4,2,5,1,4,3,2,1,3,2,4,2,4,4,2,3,4,4,1,2,4,3,4,5,4,2,Low Risk
HS2026365,2.6275,2.3,0.6,0.93,0.7,0.83,0.69,3,No,Rarely,24-26 years,Male,300,Nursing,Middle income,Sometimes (monthly),Yes - 10-20 hours/week,More than 4 hours,More than 8 hours,Moderate risk,2,1,4,3,2,2,2,3,5,2,3,1,2,5,1,2,1,4,1,3,3,1,4,4,5,2,2,5,4,3,2,2,2,3,5,2,2,2,2,2,4,2,High Risk
HS2026366,3.047,2.81,0.79,0.9,0.9,0.88,0.73,0,No,Almost never,21-23 years,Female,300,Nursing,Low income,Always,No,3-4 hours,More than 8 hours,Moderate risk,5,4,4,1,4,3,3,2,3,3,2,5,1,1,1,3,5,3,1,3,3,1,4,4,1,3,4,1,4,1,4,3,3,2,3,3,2,3,2,3,3,5,Low Risk
HS2026367,2.62125,2.67,0.87,0.79,1,0.84,0.69,4,No,Sometimes,30-35 years,Female,300,Nursing,Middle income,Sometimes (monthly),No,1-2 hours,6-7 hours,High risk,3,2,1,5,4,3,1,2,3,3,4,5,1,3,5,2,1,4,3,4,4,2,3,3,4,3,3,2,1,5,4,3,1,2,3,3,5,4,2,1,3,3,High Risk
HS2026368,3.2085,3.44,0.78,0.67,0.68,0.6,0.68,0,No,Sometimes,21-23 years,Female,300,Nursing,Upper-middle income,Never,No,3-4 hours,5-6 hours,Moderate risk,3,4,3,5,2,1,1,2,5,4,4,5,1,2,3,4,3,1,4,5,3,2,3,3,2,2,1,5,3,5,2,1,1,2,5,3,4,2,3,2,2,3,Low Risk
HS2026369,3.3085,3.28,0.99,0.72,0.98,0.98,0.84,0,No,Rarely,21-23 years,Female,300,Nursing,Upper-middle income,Never,Yes - fewer than 10 hours/week,3-4 hours,4-5 hours,Low risk,5,4,3,3,3,3,1,3,4,3,5,2,2,1,2,1,4,2,3,4,5,3,5,4,3,4,2,5,3,3,3,3,1,3,4,2,1,4,4,3,1,5,Low Risk
HS2026370,2.7725,2.78,0.88,0.69,0.78,0.57,0.78,1,No,Rarely,24-26 years,Female,300,Nursing,Middle income,Rarely (once or twice a semester),No,3-4 hours,6-7 hours,Moderate risk,4,5,1,5,2,1,4,3,4,2,3,4,4,3,5,3,5,4,4,2,2,1,1,1,4,2,5,4,1,5,2,1,4,3,4,3,3,1,3,5,3,4,Moderate Risk
HS2026371,3.36975,3.35,1,1,0.77,1,0.7,0,No,Rarely,30-35 years,Male,300,Nursing,Middle income,Rarely (once or twice a semester),Yes - 10-20 hours/week,1-2 hours,4-5 hours,Low risk,4,2,3,2,4,5,3,5,3,2,2,5,3,2,2,1,5,2,5,1,3,2,2,4,4,1,4,3,3,2,4,5,3,5,3,3,3,2,5,5,3,4,Low Risk
HS2026372,2.8405,2.65,0.89,0.59,0.94,0.86,0.9,0,No,Rarely,27-29 years,Male,300,Nursing,High income,Never,Yes - fewer than 10 hours/week,3-4 hours,Less than 4 hours,Very low risk,2,2,3,1,2,4,2,4,1,3,4,2,4,3,4,4,4,1,3,2,3,1,4,3,1,2,1,4,3,1,2,4,2,4,1,4,2,2,5,1,4,2,Low Risk
HS2026373,2.38,2.43,0.9,0.55,0.95,0.78,1,2,No,Almost never,27-29 years,Female,300,Nursing,Low income,Sometimes (monthly),No,3-4 hours,6-7 hours,Low risk,2,3,4,4,2,3,4,3,3,4,4,2,3,2,1,1,2,3,3,3,5,4,5,2,3,2,3,5,4,4,2,3,4,3,3,3,3,2,3,3,4,2,High Risk
HS2026374,2.7745,3.02,1,0.96,0.67,0.83,0.79,2,No,Sometimes,21-23 years,Female,300,Nursing,Middle income,Never,Yes - fewer than 10 hours/week,2-3 hours,4-5 hours,Low risk,4,1,1,4,4,5,2,2,3,3,2,2,2,3,3,3,5,1,3,1,1,5,1,1,1,3,5,1,1,4,4,5,2,2,3,4,3,2,1,2,3,4,High Risk
HS2026375,3.089,3.43,1,0.59,0.76,0.85,0.96,0,No,Sometimes,24-26 years,Female,300,Nursing,Middle income,Always,No,1-2 hours,6-7 hours,High risk,3,5,2,2,3,1,3,3,5,4,3,4,1,3,4,4,2,1,2,1,4,4,1,2,3,4,3,3,2,2,3,1,3,3,5,3,4,3,4,3,5,3,Low Risk
HS2026376,2.77175,2.5,0.7,0.93,1,0.89,0.92,0,No,Rarely,27-29 years,Male,300,Nursing,Low income,Always,No,3-4 hours,4-5 hours,High risk,3,2,5,4,2,3,4,2,4,5,5,3,4,5,3,2,1,3,3,4,5,1,4,5,2,4,3,3,5,4,2,3,4,2,4,2,4,1,3,1,4,3,Low Risk
HS2026377,2.73525,2.74,0.69,0.75,1,0.87,1,2,No,Rarely,27-29 years,Female,300,Nursing,Middle income,Never,Yes - more than 20 hours/week,1-2 hours,6-7 hours,Very low risk,3,4,3,3,2,2,4,3,4,3,4,3,3,4,5,5,3,5,2,4,3,1,5,5,4,4,3,4,3,3,2,2,4,3,4,5,3,5,4,4,3,3,High Risk
HS2026378,3.0145,3.17,0.7,0.57,0.7,0.79,0.89,0,No,Rarely,21-23 years,Male,300,Nursing,Upper-middle income,Never,Yes - fewer than 10 hours/week,3-4 hours,4-5 hours,Low risk,1,5,5,2,1,3,3,4,1,2,3,5,3,4,1,3,4,2,2,3,1,2,1,1,2,3,2,2,5,2,1,3,3,4,1,3,1,5,3,2,4,1,Low Risk
HS2026379,3.10675,2.91,0.69,0.89,0.69,0.8,0.92,0,No,Rarely,30-35 years,Male,300,Nursing,Low income,Sometimes (monthly),No,3-4 hours,5-6 hours,Low risk,3,2,3,2,1,1,2,5,4,3,4,2,3,2,2,3,3,2,4,4,3,3,5,3,5,1,2,4,3,2,1,1,2,5,4,1,2,1,1,3,1,3,Low Risk
HS2026380,3.18075,3.02,0.79,1,0.7,0.77,0.78,0,No,Almost never,27-29 years,Male,300,Nursing,Middle income,Rarely (once or twice a semester),Yes - fewer than 10 hours/week,Less than 1 hour,4-5 hours,Low risk,2,3,4,2,1,3,2,3,4,5,2,2,5,1,4,3,4,4,1,2,4,2,2,4,2,1,3,1,4,2,1,3,2,3,4,3,1,3,2,3,4,2,Low Risk
HS2026381,2.1415,2.37,0.69,0.89,0.69,0.92,0.7,3,No,Sometimes,18-20 years,Female,300,Nursing,Upper-middle income,Rarely (once or twice a semester),Yes - fewer than 10 hours/week,1-2 hours,5-6 hours,Moderate risk,3,3,3,3,3,3,4,3,2,2,2,2,3,4,3,2,1,5,1,1,1,4,4,4,1,3,4,3,3,3,3,3,4,3,2,5,2,3,2,1,3,3,High Risk
HS2026382,2.649,2.63,0.7,0.89,0.79,1,0.89,2,No,Sometimes,18-20 years,Male,300,Nursing,Middle income,Sometimes (monthly),Yes - fewer than 10 hours/week,2-3 hours,More than 8 hours,Moderate risk,2,3,3,4,5,1,2,2,3,4,2,1,3,3,5,5,3,1,3,1,2,3,2,1,3,4,4,2,3,4,5,1,2,2,3,1,3,3,4,5,2,2,High Risk
HS2026383,2.879,2.81,0.7,0.89,0.69,0.9,0.85,1,No,Rarely,21-23 years,Female,300,Nursing,High income,Never,No,1-2 hours,More than 8 hours,Moderate risk,4,5,2,3,2,5,5,1,5,1,3,5,5,2,4,2,2,4,4,4,3,4,4,1,2,1,4,1,2,3,2,5,5,1,5,1,1,1,3,4,1,4,Moderate Risk
HS2026384,2.875,2.61,0.9,0.7,1,0.87,0.69,2,No,Rarely,21-23 years,Male,300,Nursing,Middle income,Sometimes (monthly),Yes - more than 20 hours/week,3-4 hours,More than 8 hours,Moderate risk,1,3,4,4,3,3,1,3,4,5,3,5,5,5,4,5,3,3,2,5,3,4,1,2,3,3,2,2,4,4,3,3,1,3,4,3,2,1,2,4,2,1,High Risk
HS2026385,2.8115,2.89,1,0.77,0.79,0.78,0.73,3,No,Rarely,24-26 years,Male,300,Nursing,High income,Never,Yes - more than 20 hours/week,3-4 hours,6-7 hours,Moderate risk,2,5,2,1,2,3,2,1,4,5,2,1,3,4,5,2,1,4,5,3,5,3,5,4,1,4,1,3,2,1,2,3,2,1,4,1,2,1,1,4,3,2,High Risk
HS2026386,2.46225,2.74,0.7,0.79,0.9,1,0.69,4,No,Rarely,27-29 years,Male,300,Nursing,Middle income,Sometimes (monthly),No,3-4 hours,5-6 hours,High risk,2,4,1,2,3,2,2,5,4,1,4,2,1,2,1,3,5,4,2,4,3,3,2,4,4,1,3,5,1,2,3,2,2,5,4,5,2,2,2,4,2,2,High Risk
HS2026387,3.037,3.22,0.77,0.69,0.9,0.69,0.68,0,No,Almost never,21-23 years,Male,300,Nursing,Middle income,Rarely (once or twice a semester),No,2-3 hours,4-5 hours,Moderate risk,3,2,1,3,2,2,4,2,5,4,3,3,5,2,1,1,2,2,3,5,2,3,1,3,1,1,2,5,1,3,2,2,4,2,5,3,4,5,5,2,5,3,Low Risk
HS2026388,2.32725,2.46,0.79,0.6,0.92,1,0.84,2,No,Sometimes,21-23 years,Male,300,Nursing,Middle income,Rarely (once or twice a semester),No,2-3 hours,6-7 hours,Low risk,1,1,3,3,1,3,3,4,1,2,3,3,1,1,2,4,3,1,3,4,4,1,4,2,3,3,1,5,3,3,1,3,3,4,1,3,4,1,2,5,4,1,High Risk
HS2026389,2.2655,2.5,0.69,0.79,0.78,0.92,0.78,1,No,Sometimes,24-26 years,Female,300,Nursing,Middle income,Rarely (once or twice a semester),Yes - 10-20 hours/week,Less than 1 hour,4-5 hours,Moderate risk,4,5,2,4,4,4,5,1,2,4,3,1,2,4,4,2,2,4,4,2,2,2,3,3,1,5,5,3,2,4,4,4,5,1,2,5,4,2,4,2,5,4,Moderate Risk
HS2026390,2.8865,2.94,0.78,0.89,0.7,0.95,0.7,2,No,Rarely,24-26 years,Male,300,Nursing,Middle income,Rarely (once or twice a semester),No,1-2 hours,Less than 4 hours,Low risk,5,2,3,2,5,4,4,5,2,2,2,1,3,4,3,3,5,1,5,3,3,5,1,1,4,3,4,1,3,2,5,4,4,5,2,4,3,3,3,2,4,5,High Risk
HS2026391,2.88825,3,0.99,0.91,0.89,0.85,0.9,1,No,Rarely,21-23 years,Female,300,Nursing,Low income,Sometimes (monthly),No,More than 4 hours,6-7 hours,Very low risk,4,5,5,3,1,4,2,2,2,1,3,5,2,4,1,2,3,1,4,1,4,4,4,1,1,2,4,4,5,3,1,4,2,2,2,4,5,2,4,1,5,4,Moderate Risk
HS2026392,2.53625,2.2,0.88,0.66,0.85,0.9,1,2,No,Rarely,30-35 years,Female,300,Nursing,Low income,Often (weekly),No,Less than 1 hour,4-5 hours,Low risk,3,1,3,5,2,3,2,2,4,1,2,3,3,2,4,5,3,4,3,5,4,4,3,3,3,5,5,4,3,5,2,3,2,2,4,3,2,5,5,1,4,3,High Risk
HS2026393,2.466,2.44,1,1,0.69,0.7,0.79,0,No,Rarely,21-23 years,Female,300,Nursing,Upper-middle income,Rarely (once or twice a semester),Yes - fewer than 10 hours/week,2-3 hours,6-7 hours,Low risk,3,3,2,4,2,5,1,3,3,4,5,1,5,5,3,4,2,3,4,1,1,2,3,4,3,3,4,3,2,4,2,5,1,3,3,2,3,2,2,3,2,3,Moderate Risk
HS2026394,3.246,3.06,0.89,0.79,0.73,0.94,0.96,0,No,Almost never,21-23 years,Female,300,Nursing,Low income,Always,No,More than 4 hours,4-5 hours,High risk,3,3,1,2,1,5,5,1,4,5,3,4,1,1,5,2,1,4,1,1,3,1,3,1,3,5,3,4,1,2,1,5,5,1,4,5,3,2,2,2,2,3,Low Risk
HS2026395,2.44525,2.44,0.9,0.7,0.69,0.92,0.92,5,No,Sometimes,24-26 years,Female,300,Nursing,Low income,Always,Yes - 10-20 hours/week,1-2 hours,6-7 hours,High risk,3,2,4,1,1,4,2,3,4,4,2,2,1,2,2,4,2,2,2,1,4,3,4,2,1,1,2,3,4,1,1,4,2,3,4,2,3,4,3,1,4,3,High Risk
HS2026396,2.92725,2.78,1,0.93,0.68,0.94,1,2,No,Sometimes,30-35 years,Male,300,Nursing,Low income,Never,Yes - 10-20 hours/week,1-2 hours,4-5 hours,Very low risk,3,4,5,2,1,3,1,1,5,3,2,2,3,4,3,1,3,4,1,5,5,1,5,4,3,5,3,2,5,2,1,3,1,1,5,3,3,5,1,1,3,3,High Risk
HS2026397,3.2835,3.41,1,0.9,0.84,0.86,0.89,0,No,Rarely,27-29 years,Male,300,Nursing,Middle income,Sometimes (monthly),No,1-2 hours,5-6 hours,Low risk,5,3,4,2,4,4,3,5,5,3,4,1,5,4,3,2,3,5,1,1,3,5,3,1,3,1,3,1,4,2,4,4,3,5,5,1,3,3,4,3,2,5,Low Risk
HS2026398,3.137,3.11,0.7,0.6,0.78,0.97,0.93,0,No,Rarely,27-29 years,Female,300,Nursing,Low income,Always,No,Less than 1 hour,4-5 hours,Low risk,2,2,4,2,2,3,5,3,3,1,3,2,1,2,2,3,3,4,3,2,1,4,4,2,4,4,5,1,4,2,2,3,5,3,3,4,3,2,3,2,3,2,Low Risk
HS2026399,3.15525,3.46,0.69,0.79,0.7,0.6,0.8,0,No,Rarely,21-23 years,Female,300,Nursing,Middle income,Sometimes (monthly),No,1-2 hours,5-6 hours,Low risk,2,2,1,2,4,2,2,4,3,4,3,4,2,2,4,4,2,2,2,2,5,3,4,2,3,5,3,3,1,2,4,2,2,4,3,4,3,2,2,4,1,2,Low Risk
HS2026400,2.721,3.11,0.7,0.87,0.9,0.9,0.8,2,No,Rarely,24-26 years,Female,300,Nursing,Upper-middle income,Never,Yes - fewer than 10 hours/week,1-2 hours,More than 8 hours,Moderate risk,3,1,2,4,5,1,2,4,3,3,3,1,2,5,3,2,3,2,4,4,4,2,4,3,1,3,5,2,2,4,5,1,2,4,3,1,4,5,4,2,3,3,High Risk
HS2026401,2.82325,2.93,0.69,0.78,1,0.91,0.89,0,No,Almost never,27-29 years,Male,300,Nursing,Upper-middle income,Never,No,1-2 hours,More than 8 hours,Moderate risk,3,4,1,3,4,3,1,3,3,3,3,4,1,2,2,2,4,1,1,3,3,4,4,1,3,3,3,2,1,3,4,3,1,3,3,5,2,5,5,2,2,3,Low Risk
HS2026402,2.73325,2.65,0.79,0.99,0.79,0.76,0.93,2,No,Sometimes,27-29 years,Female,300,Nursing,Middle income,Rarely (once or twice a semester),Yes - 10-20 hours/week,1-2 hours,More than 8 hours,Moderate risk,5,5,3,5,3,2,2,1,4,4,4,4,4,1,5,4,3,5,1,1,1,4,3,5,4,5,3,5,3,5,3,2,2,1,4,2,3,2,4,2,3,5,High Risk
HS2026403,2.4035,2.56,0.69,0.88,0.96,0.95,0.9,0,No,Sometimes,21-23 years,Male,300,Nursing,Middle income,Rarely (once or twice a semester),Yes - fewer than 10 hours/week,1-2 hours,6-7 hours,Moderate risk,1,3,2,4,1,2,3,3,3,3,4,1,5,3,1,5,1,3,2,4,1,2,2,3,4,2,2,3,2,4,1,2,3,3,3,4,5,5,5,1,4,1,Moderate Risk
HS2026404,3.1095,3.02,0.7,1,0.92,0.91,0.79,1,No,Rarely,30-35 years,Male,300,Nursing,High income,Never,No,2-3 hours,5-6 hours,Moderate risk,3,4,3,3,2,4,4,4,1,2,4,5,3,3,3,4,2,5,3,1,2,4,2,3,2,5,3,1,3,3,2,4,4,4,1,4,2,3,3,2,2,3,Moderate Risk
HS2026405,2.89775,2.94,0.7,0.89,1,0.96,0.67,2,No,Rarely,27-29 years,Male,300,Nursing,Low income,Sometimes (monthly),Yes - fewer than 10 hours/week,2-3 hours,4-5 hours,High risk,2,1,4,3,3,2,5,1,2,4,2,4,3,2,4,1,3,3,2,3,1,4,1,5,1,5,3,4,4,3,3,2,5,1,2,4,5,5,5,2,3,2,High Risk
HS2026406,3.0265,2.91,0.89,0.9,0.89,1,0.72,0,No,Rarely,18-20 years,Female,300,Nursing,Middle income,Never,No,1-2 hours,6-7 hours,Moderate risk,4,1,2,2,3,2,1,5,2,3,3,4,3,3,2,3,1,3,5,3,4,1,5,3,1,3,4,2,2,2,3,2,1,5,2,2,1,3,2,4,2,4,Low Risk
HS2026407,3.119,3.24,0.85,1,0.92,0.92,0.69,0,No,Rarely,18-20 years,Male,300,Nursing,Middle income,Always,No,3-4 hours,4-5 hours,Low risk,1,2,2,3,4,1,3,2,3,3,4,4,2,2,2,2,1,5,1,3,1,3,3,2,5,3,2,3,2,3,4,1,3,2,3,4,4,5,2,2,5,1,Low Risk
HS2026408,3.089,3,0.69,1,0.78,0.99,1,0,No,Almost never,21-23 years,Female,300,Nursing,Low income,Always,Yes - more than 20 hours/week,2-3 hours,Less than 4 hours,Moderate risk,2,2,2,4,3,3,2,5,4,4,5,5,2,4,3,3,3,4,4,5,5,2,4,2,5,5,2,4,2,4,3,3,2,5,4,4,4,1,3,4,1,2,Low Risk
HS2026409,2.59325,2.63,0.73,0.7,0.7,1,0.59,0,No,Sometimes,21-23 years,Male,300,Nursing,Middle income,Never,Yes - fewer than 10 hours/week,2-3 hours,6-7 hours,Low risk,3,2,4,5,3,3,2,5,3,2,3,2,3,1,2,2,4,2,3,3,3,3,5,4,3,4,1,2,4,5,3,3,2,5,3,3,3,4,3,3,2,3,Low Risk
HS2026410,2.838,2.56,0.8,0.69,0.89,0.9,0.55,1,No,Sometimes,24-26 years,Male,300,Nursing,Upper-middle income,Never,No,2-3 hours,4-5 hours,Very low risk,3,4,1,5,3,4,4,1,5,4,4,5,3,3,4,2,1,3,1,3,4,3,1,4,3,1,3,2,1,5,3,4,4,1,5,3,3,2,2,1,5,3,Moderate Risk
HS2026411,3.05975,2.87,0.67,0.7,0.85,0.64,0.96,0,No,Rarely,27-29 years,Male,300,Nursing,Low income,Sometimes (monthly),Yes - fewer than 10 hours/week,1-2 hours,6-7 hours,Low risk,2,2,4,2,2,4,1,4,3,2,3,2,3,3,2,3,4,3,4,4,3,3,4,1,4,2,2,3,4,2,2,4,1,4,3,5,4,3,4,2,5,2,Low Risk
HS2026412,2.845,2.67,0.8,0.69,0.69,0.59,0.59,0,No,Rarely,21-23 years,Male,300,Nursing,Middle income,Rarely (once or twice a semester),Yes - fewer than 10 hours/week,1-2 hours,4-5 hours,Low risk,3,1,5,1,2,1,5,5,3,3,3,4,1,2,3,1,1,3,4,3,1,4,2,4,3,4,5,2,5,1,2,1,5,5,3,1,1,4,2,5,4,3,Low Risk
HS2026413,2.59375,2.19,0.75,0.79,0.73,0.95,0.93,2,No,Rarely,21-23 years,Male,300,Nursing,Upper-middle income,Rarely (once or twice a semester),Yes - fewer than 10 hours/week,2-3 hours,6-7 hours,High risk,3,3,1,3,3,2,2,3,5,2,3,2,3,3,4,4,4,4,3,4,3,4,3,2,4,3,4,2,1,3,3,2,2,3,5,2,4,4,1,4,3,3,High Risk
HS2026414,2.9005,2.87,0.8,0.69,0.69,0.82,0.75,6,No,Rarely,24-26 years,Female,300,Nursing,Middle income,Sometimes (monthly),No,2-3 hours,4-5 hours,High risk,1,2,5,4,2,4,2,2,2,3,4,5,2,4,2,3,4,1,3,4,2,3,3,2,3,2,5,2,5,4,2,4,2,2,2,4,3,1,2,1,4,1,High Risk
HS2026415,2.5525,1.9,0.78,0.7,0.68,1,0.57,4,No,Almost never,24-26 years,Male,300,Nursing,High income,Never,Yes - more than 20 hours/week,2-3 hours,5-6 hours,Very low risk,5,3,2,2,1,4,4,3,1,2,4,1,3,5,2,3,1,5,2,1,2,2,2,2,3,5,3,4,2,2,1,4,4,3,1,5,2,3,2,3,5,5,High Risk
HS2026416,3.12775,3.39,0.66,0.7,0.84,0.87,0.89,0,No,Sometimes,21-23 years,Female,300,Nursing,Middle income,Sometimes (monthly),Yes - more than 20 hours/week,2-3 hours,4-5 hours,Low risk,5,4,4,3,5,3,4,3,1,5,3,3,2,2,3,4,1,3,2,1,3,4,2,2,1,3,4,1,4,3,5,3,4,3,1,1,1,1,3,5,1,5,Low Risk
HS2026417,2.8935,2.96,0.5,0.9,0.78,0.92,1,1,No,Sometimes,30-35 years,Female,300,Nursing,High income,Never,No,1-2 hours,5-6 hours,Low risk,2,3,2,5,5,3,2,3,4,4,3,4,3,3,3,5,2,3,1,2,5,4,5,4,5,5,2,2,2,5,5,3,2,3,4,1,2,3,4,3,3,2,Moderate Risk
HS2026418,2.611,2.85,0.63,1,0.7,0.82,0.89,2,No,Rarely,21-23 years,Female,300,Nursing,Middle income,Sometimes (monthly),No,Less than 1 hour,More than 8 hours,Low risk,1,4,3,1,4,3,3,3,2,3,1,3,3,3,2,4,3,2,4,3,1,3,3,5,1,2,4,2,3,1,4,3,3,3,2,4,5,2,4,3,3,1,High Risk
HS2026419,2.71675,2.69,0.78,0.7,0.9,0.88,0.89,2,No,Rarely,21-23 years,Female,300,Nursing,Middle income,Rarely (once or twice a semester),No,2-3 hours,More than 8 hours,Moderate risk,3,4,1,3,2,4,5,3,2,2,3,5,4,2,1,4,2,2,2,4,2,3,4,5,4,1,2,3,1,3,2,4,5,3,2,5,5,4,4,3,4,3,High Risk
HS2026420,3.20025,3.48,0.99,0.77,1,0.85,0.89,0,No,Rarely,24-26 years,Female,300,Nursing,Middle income,Rarely (once or twice a semester),Yes - 10-20 hours/week,2-3 hours,More than 8 hours,Moderate risk,2,1,5,1,2,1,2,5,1,1,2,4,2,2,3,2,3,2,4,2,2,4,3,3,5,1,5,5,5,1,2,1,2,5,1,1,1,2,3,2,2,2,Low Risk
HS2026421,3.2,3.43,0.62,0.79,0.79,0.86,0.7,0,No,Rarely,30-35 years,Male,300,Nursing,Middle income,Rarely (once or twice a semester),No,1-2 hours,6-7 hours,Moderate risk,3,4,1,3,2,4,2,3,2,5,4,3,2,4,1,1,3,3,3,4,1,3,3,3,4,2,2,3,1,3,2,4,2,3,2,5,3,5,1,2,4,3,Low Risk
HS2026422,3.2845,3.61,0.88,0.69,0.96,0.92,0.77,0,No,Almost never,27-29 years,Male,300,Nursing,Middle income,Rarely (once or twice a semester),No,2-3 hours,5-6 hours,Moderate risk,3,2,3,4,5,1,1,2,3,3,2,4,1,1,4,2,4,3,4,3,3,1,2,3,4,2,2,3,3,4,5,1,1,2,3,2,4,2,1,3,1,3,Low Risk
HS2026423,3.1865,3.31,0.6,0.6,0.92,0.85,0.79,0,No,Sometimes,27-29 years,Female,300,Nursing,Low income,Sometimes (monthly),No,1-2 hours,4-5 hours,Moderate risk,1,1,3,4,2,1,3,2,4,3,4,3,2,2,3,2,4,2,3,3,3,5,1,3,3,2,5,2,3,4,2,1,3,2,4,4,4,1,3,4,3,1,Low Risk
HS2026424,2.73075,2.65,0.61,0.79,1,1,0.69,2,No,Sometimes,21-23 years,Female,300,Nursing,Low income,Often (weekly),Yes - fewer than 10 hours/week,1-2 hours,6-7 hours,High risk,2,3,4,3,2,2,4,4,2,5,1,2,2,2,1,4,2,1,2,1,2,5,1,3,3,5,5,1,4,3,2,2,4,4,2,2,1,3,4,4,2,2,High Risk
HS2026425,3.02975,3.02,0.7,0.89,0.89,0.87,0.6,0,No,Rarely,24-26 years,Female,300,Nursing,Upper-middle income,Rarely (once or twice a semester),No,1-2 hours,4-5 hours,Moderate risk,1,1,2,4,2,4,3,5,1,5,3,4,1,1,2,3,4,3,3,1,3,2,3,1,2,4,2,4,2,4,2,4,3,5,1,4,1,2,1,4,1,1,Low Risk
HS2026426,3.1525,2.89,0.9,0.91,0.93,1,0.79,0,No,Rarely,27-29 years,Male,300,Nursing,Low income,Always,Yes - 10-20 hours/week,2-3 hours,Less than 4 hours,Low risk,1,2,4,2,5,3,2,3,5,2,1,4,2,3,2,4,3,1,4,3,1,3,3,3,2,5,3,2,4,2,5,3,2,3,5,1,2,3,3,2,2,1,Low Risk
HS2026427,3.2805,3.06,1,0.66,0.8,0.88,0.89,0,No,Rarely,27-29 years,Female,300,Nursing,Low income,Always,Yes - 10-20 hours/week,1-2 hours,6-7 hours,Moderate risk,2,3,5,4,5,3,5,1,1,5,3,3,3,4,3,2,3,3,1,1,1,4,2,1,1,3,2,3,5,4,5,3,5,1,1,5,4,1,4,1,3,2,Low Risk
HS2026428,2.7115,2.76,0.79,1,0.8,0.8,0.91,0,No,Rarely,21-23 years,Male,300,Nursing,Low income,Never,No,More than 4 hours,4-5 hours,Low risk,4,3,3,4,2,4,4,2,3,2,1,4,2,1,3,1,5,1,3,2,3,3,2,2,1,5,1,4,3,4,2,4,4,2,3,2,4,4,1,3,5,4,Low Risk
HS2026429,2.50675,2.59,0.96,0.79,0.89,0.74,0.66,3,No,Almost never,30-35 years,Male,300,Nursing,Middle income,Sometimes (monthly),No,2-3 hours,6-7 hours,Very low risk,3,5,1,5,3,5,4,3,2,5,2,3,4,3,1,3,4,3,5,2,4,5,1,4,4,3,2,2,1,5,3,5,4,3,2,1,3,1,1,2,5,3,High Risk
HS2026430,2.841,3.09,0.92,0.7,0.93,1,1,0,No,Sometimes,27-29 years,Male,300,Nursing,Low income,Always,No,1-2 hours,4-5 hours,Low risk,2,3,5,2,2,5,3,4,4,3,3,3,3,4,5,3,3,5,3,4,3,5,4,2,1,4,3,3,5,2,2,5,3,4,4,4,2,3,3,1,5,2,Low Risk
HS2026431,2.7455,2.43,1,0.93,0.9,0.91,0.79,1,No,Sometimes,18-20 years,Female,300,Nursing,Middle income,Sometimes (monthly),Yes - fewer than 10 hours/week,More than 4 hours,6-7 hours,Low risk,3,1,5,2,3,2,1,4,1,4,2,3,3,3,4,3,2,5,5,1,4,3,4,4,2,4,2,5,5,2,3,2,1,4,1,3,3,1,5,5,3,3,Moderate Risk
HS2026432,2.89875,2.89,0.89,0.9,0.79,0.85,0.7,2,No,Rarely,18-20 years,Male,300,Nursing,Upper-middle income,Never,No,Less than 1 hour,4-5 hours,High risk,3,2,5,4,5,1,2,4,3,3,4,1,2,3,2,4,4,5,4,5,3,5,5,4,3,1,4,2,5,4,5,1,2,4,3,1,1,4,3,4,1,3,High Risk
HS2026433,2.7725,2.54,0.92,0.6,0.67,0.87,0.93,1,No,Rarely,21-23 years,Female,300,Nursing,Upper-middle income,Never,Yes - 10-20 hours/week,Less than 1 hour,5-6 hours,High risk,3,1,5,3,3,5,2,1,2,4,3,1,4,4,5,3,1,2,1,4,4,3,3,1,1,1,4,5,5,3,3,5,2,1,2,4,1,1,2,4,4,3,Moderate Risk
HS2026434,3.008,2.91,0.78,0.79,0.72,0.94,0.9,0,No,Rarely,21-23 years,Male,300,Nursing,Middle income,Rarely (once or twice a semester),Yes - fewer than 10 hours/week,1-2 hours,4-5 hours,Very low risk,4,2,3,2,5,2,2,3,5,4,3,1,3,2,2,1,3,3,2,4,2,2,2,4,2,4,3,3,3,2,5,2,2,3,5,3,3,3,5,5,4,4,Low Risk
HS2026435,2.531,2.78,0.7,0.87,0.69,0.92,0.6,2,No,Rarely,24-26 years,Male,300,Nursing,Middle income,Rarely (once or twice a semester),No,2-3 hours,5-6 hours,Low risk,3,2,1,3,1,4,1,2,2,3,2,2,5,5,2,5,3,4,2,5,4,2,3,1,3,4,1,2,1,3,1,4,1,2,2,3,4,3,3,4,3,3,High Risk
HS2026436,1.92275,1.94,0.89,0.78,1,0.91,0.79,8,No,Almost never,27-29 years,Male,300,Nursing,High income,Never,Yes - fewer than 10 hours/week,3-4 hours,More than 8 hours,Low risk,2,5,2,3,4,4,4,2,4,5,3,5,2,5,2,3,5,3,2,1,3,2,1,2,3,2,5,5,2,3,4,4,4,2,4,3,1,3,5,3,4,2,High Risk
HS2026437,2.57325,2.48,0.85,0.99,0.59,0.87,0.87,2,No,Sometimes,21-23 years,Male,300,Nursing,Low income,Sometimes (monthly),No,More than 4 hours,More than 8 hours,Low risk,4,1,1,2,2,3,2,4,1,2,1,4,2,3,2,1,4,2,3,3,5,1,2,2,3,2,1,3,1,2,2,3,2,4,1,4,2,1,1,2,3,4,High Risk
HS2026438,2.84525,2.46,0.69,0.88,0.55,0.84,0.78,2,No,Sometimes,21-23 years,Male,300,Nursing,Middle income,Never,No,3-4 hours,More than 8 hours,Moderate risk,3,4,4,2,4,5,1,1,3,3,3,4,3,2,3,4,3,1,5,5,2,1,4,4,3,3,3,5,4,2,4,5,1,1,3,5,4,3,5,3,2,3,High Risk
HS2026439,3.05025,3.19,0.73,1,0.96,1,0.99,1,No,Rarely,24-26 years,Female,300,Nursing,Middle income,Always,Yes - more than 20 hours/week,3-4 hours,6-7 hours,Moderate risk,1,4,1,3,4,3,3,1,1,2,4,1,3,3,3,2,4,2,3,3,3,5,3,2,1,1,5,1,1,3,4,3,3,1,1,3,1,3,1,3,1,1,Moderate Risk
HS2026440,2.48625,2.35,0.69,0.89,0.59,0.98,0.88,3,No,Rarely,24-26 years,Male,300,Nursing,Low income,Always,Yes - fewer than 10 hours/week,More than 4 hours,5-6 hours,Moderate risk,3,5,2,2,2,2,2,4,3,3,3,5,2,2,2,4,1,3,1,5,3,3,4,3,4,4,3,2,2,2,2,2,2,4,3,4,2,4,4,5,1,3,High Risk
HS2026441,2.825,2.96,0.68,0.9,0.93,0.91,1,2,No,Rarely,21-23 years,Female,300,Nursing,Middle income,Never,No,2-3 hours,4-5 hours,Moderate risk,2,3,2,1,2,4,1,3,1,3,3,4,2,4,4,2,4,5,5,5,3,2,3,2,4,2,1,3,2,1,2,4,1,3,1,4,2,3,5,3,3,2,High Risk
HS2026442,3.58425,3.91,0.84,1,0.75,1,0.89,0,No,Rarely,30-35 years,Female,300,Nursing,Upper-middle income,Never,Yes - fewer than 10 hours/week,More than 4 hours,6-7 hours,Moderate risk,4,1,2,5,2,3,3,1,4,3,5,4,2,5,3,2,2,2,3,4,2,1,2,2,5,1,2,3,2,5,2,3,3,1,4,4,3,1,3,5,2,4,Low Risk
HS2026443,2.92525,3.09,0.78,1,0.57,0.82,0.9,2,No,Almost never,21-23 years,Female,300,Nursing,Low income,Sometimes (monthly),Yes - fewer than 10 hours/week,3-4 hours,4-5 hours,High risk,3,2,4,3,2,4,2,2,3,5,2,2,2,2,2,1,2,3,2,4,3,4,2,3,1,4,3,1,4,3,2,4,2,2,3,4,1,3,3,3,2,3,High Risk
HS2026444,2.567,2.5,0.7,0.7,0.89,0.86,1,3,No,Sometimes,21-23 years,Female,300,Nursing,Middle income,Rarely (once or twice a semester),Yes - fewer than 10 hours/week,1-2 hours,Less than 4 hours,Moderate risk,2,3,1,2,2,1,3,3,2,4,3,1,2,4,5,3,1,5,3,4,2,4,5,3,3,3,3,2,1,2,2,1,3,3,2,3,5,4,5,3,5,2,High Risk
HS2026445,2.94975,2.85,0.9,0.69,1,0.85,1,1,No,Sometimes,24-26 years,Female,300,Nursing,Upper-middle income,Rarely (once or twice a semester),No,3-4 hours,6-7 hours,Low risk,4,2,2,3,4,1,2,1,3,1,3,3,4,2,3,3,4,2,1,3,4,2,3,3,2,5,5,3,2,3,4,1,2,1,3,2,3,4,2,2,3,4,Moderate Risk
HS2026446,2.4825,2.37,1,0.7,0.89,0.86,0.7,1,No,Rarely,30-35 years,Male,300,Nursing,Middle income,Sometimes (monthly),Yes - more than 20 hours/week,3-4 hours,4-5 hours,Moderate risk,3,5,2,3,1,2,3,3,2,1,2,3,3,4,4,3,3,1,3,2,1,2,4,2,5,2,1,3,2,3,1,2,3,3,2,2,3,2,5,3,1,3,Moderate Risk
HS2026447,3.03075,2.98,0.79,0.69,0.89,0.91,0.69,0,No,Rarely,27-29 years,Male,300,Nursing,High income,Never,Yes - more than 20 hours/week,3-4 hours,6-7 hours,Low risk,3,4,1,3,2,2,4,4,3,2,5,2,1,2,3,3,3,3,4,2,3,5,1,2,3,2,3,3,1,3,2,2,4,4,3,1,5,1,5,3,4,3,Low Risk
HS2026448,3.21375,3.31,0.96,0.79,0.89,0.73,0.7,0,No,Rarely,27-29 years,Female,300,Nursing,Middle income,Sometimes (monthly),No,1-2 hours,4-5 hours,Very low risk,2,3,3,5,5,3,1,1,5,4,4,1,5,3,5,1,1,5,2,3,3,2,2,3,3,3,2,1,3,5,5,3,1,1,5,5,3,1,3,4,2,2,Low Risk
HS2026449,3.241,3.17,0.92,0.69,0.7,0.81,0.69,0,No,Rarely,21-23 years,Female,300,Nursing,High income,Never,No,3-4 hours,6-7 hours,Low risk,1,2,2,4,1,1,2,2,1,4,4,5,2,4,3,5,4,3,2,1,2,3,4,3,3,4,2,5,2,4,1,1,2,2,1,3,2,5,3,2,3,1,Low Risk
HS2026450,2.97325,2.81,1,0.7,0.77,0.87,0.79,0,No,Almost never,24-26 years,Female,300,Nursing,Middle income,Sometimes (monthly),No,3-4 hours,4-5 hours,Low risk,1,3,3,1,2,1,1,2,4,2,3,2,2,3,2,3,5,4,2,2,3,3,3,1,1,4,5,4,3,1,2,1,1,2,4,4,2,5,5,2,4,1,Low Risk
HS2026451,3.107,3.2,0.89,0.7,0.79,0.92,0.69,0,No,Sometimes,27-29 years,Male,300,Nursing,Middle income,Rarely (once or twice a semester),Yes - 10-20 hours/week,2-3 hours,5-6 hours,High risk,1,4,2,3,3,1,2,1,3,2,1,4,2,1,1,3,5,1,1,3,3,2,3,2,5,2,4,2,2,3,3,1,2,1,3,5,4,3,4,1,2,1,Low Risk
HS2026452,2.6095,2.63,0.93,0.9,0.69,0.83,0.7,1,No,Sometimes,27-29 years,Female,300,Nursing,Middle income,Rarely (once or twice a semester),No,1-2 hours,4-5 hours,High risk,2,1,2,3,2,1,1,3,2,2,3,1,3,2,4,1,1,3,5,2,5,2,1,2,3,2,2,4,2,3,2,1,1,3,2,1,4,3,1,3,2,2,Moderate Risk
HS2026453,2.531,2.43,0.8,1,0.6,1,0.7,4,No,Rarely,21-23 years,Male,300,Nursing,Middle income,Rarely (once or twice a semester),No,3-4 hours,5-6 hours,Very low risk,3,4,1,4,1,4,1,3,2,2,3,5,2,4,4,2,4,3,4,3,3,2,5,3,2,3,3,4,1,4,1,4,1,3,2,4,1,4,2,2,3,3,High Risk
HS2026454,3.3815,3.31,0.8,0.69,0.79,0.74,0.9,0,No,Rarely,30-35 years,Male,300,Nursing,Middle income,Rarely (once or twice a semester),No,1-2 hours,More than 8 hours,Low risk,3,4,4,2,1,1,5,3,3,4,4,1,2,4,4,1,4,2,4,5,1,1,1,3,2,4,5,3,4,2,1,1,5,3,3,2,4,3,4,5,2,3,Low Risk
HS2026455,3.1525,3.17,0.89,0.6,0.89,0.95,1,0,No,Rarely,27-29 years,Male,300,Nursing,Low income,Sometimes (monthly),Yes - fewer than 10 hours/week,3-4 hours,More than 8 hours,Low risk,1,1,2,2,2,3,1,3,4,3,5,4,5,2,4,5,1,3,3,2,1,2,5,4,1,5,1,3,2,2,2,3,1,3,4,3,2,4,3,4,2,1,Low Risk
HS2026456,2.9825,2.91,0.93,0.79,0.91,0.88,0.7,0,No,Rarely,18-20 years,Female,300,Nursing,Low income,Often (weekly),No,3-4 hours,More than 8 hours,Low risk,5,1,2,2,4,3,4,2,2,2,4,2,3,3,1,1,3,2,1,2,4,3,2,1,2,5,2,5,2,2,4,3,4,2,2,3,2,3,2,5,2,5,Low Risk
HS2026457,2.931,3.11,0.9,0.89,0.66,0.81,0.77,2,No,Almost never,18-20 years,Male,300,Nursing,Upper-middle income,Rarely (once or twice a semester),Yes - 10-20 hours/week,Less than 1 hour,6-7 hours,Moderate risk,4,4,3,4,3,3,1,4,2,2,3,5,3,5,2,2,3,2,3,1,2,3,4,5,5,1,3,2,3,4,3,3,1,4,2,2,2,3,5,3,4,4,High Risk
HS2026458,2.796,2.89,0.79,0.91,1,0.82,0.79,0,No,Sometimes,21-23 years,Female,300,Nursing,Low income,Always,Yes - 10-20 hours/week,1-2 hours,5-6 hours,Moderate risk,2,4,4,2,3,4,2,3,2,1,3,4,3,2,5,3,2,1,4,5,1,3,4,4,4,4,1,4,4,2,3,4,2,3,2,2,2,1,3,4,1,2,Low Risk
HS2026459,2.61625,2.57,0.67,0.66,0.79,0.94,0.69,2,No,Sometimes,21-23 years,Male,300,Nursing,Low income,Always,No,2-3 hours,4-5 hours,Moderate risk,3,2,3,5,2,4,3,3,3,4,3,4,1,3,5,3,3,3,1,2,2,3,2,1,2,2,5,4,3,5,2,4,3,3,3,5,4,5,5,2,2,3,High Risk
HS2026460,2.87625,2.94,0.72,1,0.7,0.97,0.6,2,No,Rarely,24-26 years,Male,300,Nursing,Low income,Never,No,1-2 hours,6-7 hours,Moderate risk,3,3,1,4,2,4,3,2,3,4,3,1,2,3,5,3,2,3,4,3,4,3,4,2,4,3,1,4,1,4,2,4,3,2,3,3,5,1,2,4,2,3,High Risk
HS2026461,3.30375,3.57,0.69,0.79,0.93,1,0.79,0,No,Rarely,27-29 years,Male,300,Nursing,Middle income,Sometimes (monthly),No,3-4 hours,4-5 hours,Moderate risk,3,3,2,3,5,3,3,4,4,5,3,2,3,4,4,2,4,3,1,1,1,3,3,1,1,2,5,3,2,3,5,3,3,4,4,4,5,4,1,2,3,3,Low Risk
HS2026462,2.7395,2.8,1,0.7,0.9,0.89,0.89,1,No,Rarely,21-23 years,Male,300,Nursing,Low income,Always,Yes - fewer than 10 hours/week,3-4 hours,Less than 4 hours,High risk,1,3,3,3,2,1,1,4,3,3,2,5,2,3,5,5,2,4,3,3,1,2,5,1,4,5,3,4,3,3,2,1,1,4,3,3,3,5,1,5,5,1,Moderate Risk
HS2026463,2.89525,3.11,0.59,0.93,0.6,0.87,0.91,1,No,Rarely,21-23 years,Male,300,Nursing,Middle income,Sometimes (monthly),No,3-4 hours,6-7 hours,Moderate risk,3,4,1,4,4,3,4,3,4,3,3,2,4,4,5,4,1,5,4,4,3,4,2,3,2,2,2,3,1,4,4,3,4,3,4,3,3,4,2,2,3,3,Moderate Risk
HS2026464,2.93025,3.02,0.55,0.9,0.79,0.73,0.66,1,No,Almost never,24-26 years,Female,300,Nursing,Upper-middle income,Never,Yes - 10-20 hours/week,2-3 hours,4-5 hours,Low risk,5,5,3,5,2,2,5,3,5,4,2,3,3,2,2,2,5,3,5,4,2,3,1,1,4,5,4,2,3,5,2,2,5,3,5,2,3,4,2,2,3,5,Moderate Risk
HS2026465,2.956,2.98,0.96,0.6,0.87,0.98,1,1,No,Sometimes,24-26 years,Male,300,Nursing,Upper-middle income,Never,Yes - fewer than 10 hours/week,2-3 hours,6-7 hours,Moderate risk,2,5,2,3,3,1,2,1,4,3,2,1,3,4,5,4,3,2,3,1,4,1,4,4,4,3,3,5,2,3,3,1,2,1,4,1,3,3,2,5,2,2,Moderate Risk
HS2026466,2.9295,2.93,0.59,0.79,0.78,0.88,0.79,0,No,Sometimes,21-23 years,Female,300,Nursing,Middle income,Rarely (once or twice a semester),No,Less than 1 hour,4-5 hours,Low risk,3,4,5,1,3,4,3,3,2,1,4,3,3,4,5,2,2,2,3,4,3,2,2,2,3,2,4,1,5,1,3,4,3,3,2,1,3,3,5,5,1,3,Low Risk
HS2026467,2.44725,3,0.93,0.87,0.99,0.9,0.7,0,No,Rarely,30-35 years,Female,300,Nursing,Middle income,Rarely (once or twice a semester),Yes - fewer than 10 hours/week,1-2 hours,6-7 hours,Very low risk,1,1,2,3,3,2,4,2,1,5,4,2,4,3,2,2,2,3,4,2,3,3,5,1,3,3,5,3,2,3,3,2,4,2,1,3,1,2,4,2,4,1,Moderate Risk
HS2026468,2.375,2.39,0.75,0.78,0.88,0.88,0.93,2,No,Rarely,21-23 years,Female,300,Nursing,High income,Never,No,More than 4 hours,4-5 hours,Low risk,4,4,5,1,3,4,4,1,2,4,1,4,3,4,2,3,3,3,2,5,4,2,3,2,3,4,2,3,5,1,3,4,4,1,2,3,3,2,5,3,2,4,High Risk
HS2026469,2.9155,3.39,0.57,0.99,1,0.86,0.9,0,No,Rarely,21-23 years,Female,300,Nursing,Low income,Sometimes (monthly),No,Less than 1 hour,5-6 hours,Low risk,2,3,4,4,4,2,1,1,2,3,4,5,4,3,1,2,2,2,4,4,5,4,2,2,3,4,3,3,4,4,4,2,1,1,2,2,1,1,3,2,3,2,Low Risk
HS2026470,2.756,2.59,0.89,0.88,0.89,0.91,0.6,0,No,Rarely,24-26 years,Female,300,Nursing,Middle income,Never,Yes - more than 20 hours/week,2-3 hours,4-5 hours,High risk,3,4,3,3,2,3,3,1,1,2,2,3,2,3,3,4,3,3,5,1,3,5,4,4,3,1,1,2,3,3,2,3,3,1,1,2,2,1,5,1,4,3,Low Risk
HS2026471,2.66425,2.63,1,1,0.9,0.82,0.79,2,No,Almost never,30-35 years,Male,300,Nursing,Middle income,Always,Yes - fewer than 10 hours/week,More than 4 hours,5-6 hours,High risk,3,1,2,1,2,3,2,2,4,2,1,2,4,5,3,2,1,5,2,3,2,2,2,3,3,4,4,5,2,1,2,3,2,2,4,1,4,4,3,2,2,3,High Risk
HS2026472,2.62675,2.52,0.89,0.89,0.89,0.91,0.87,0,No,Sometimes,27-29 years,Male,300,Nursing,Low income,Always,No,1-2 hours,More than 8 hours,Very low risk,5,2,4,2,2,2,4,3,5,4,5,3,1,1,3,4,5,1,5,1,2,3,3,5,1,5,1,2,4,2,2,2,4,3,5,4,2,1,4,3,3,5,Low Risk
HS2026473,3.1355,3.19,0.89,0.9,0.7,0.84,0.78,0,No,Sometimes,27-29 years,Female,300,Nursing,Middle income,Never,Yes - fewer than 10 hours/week,1-2 hours,More than 8 hours,Low risk,1,2,2,3,4,5,3,2,3,3,4,2,1,2,2,2,3,3,3,2,3,4,2,4,2,3,4,3,2,3,4,5,3,2,3,4,4,2,4,2,5,1,Low Risk
HS2026474,2.726,3.07,0.89,0.69,0.77,0.73,0.99,1,No,Rarely,21-23 years,Female,300,Nursing,Upper-middle income,Never,Yes - fewer than 10 hours/week,1-2 hours,More than 8 hours,Low risk,1,2,3,5,4,3,3,5,3,2,4,3,5,3,3,2,1,2,2,3,4,3,4,2,1,2,3,3,3,5,4,3,3,5,3,5,4,3,1,4,2,1,Moderate Risk
HS2026475,2.4955,2.41,0.7,0.7,0.79,0.66,0.88,0,No,Rarely,24-26 years,Female,300,Nursing,Low income,Sometimes (monthly),Yes - fewer than 10 hours/week,Less than 1 hour,6-7 hours,Low risk,3,2,3,4,4,3,4,4,3,3,2,2,1,2,1,2,3,2,4,3,1,1,4,4,3,3,2,2,3,4,4,3,4,4,3,3,1,1,1,4,5,3,Moderate Risk
HS2026476,2.52025,2.54,0.77,0.69,0.69,0.49,1,0,No,Rarely,27-29 years,Male,300,Nursing,Middle income,Rarely (once or twice a semester),No,1-2 hours,5-6 hours,Moderate risk,5,5,2,3,1,1,4,1,3,1,2,3,4,5,3,3,3,2,1,4,3,1,3,3,2,4,4,3,2,3,1,1,4,1,3,2,4,2,4,3,3,5,Low Risk
HS2026477,2.7005,2.76,0.79,0.79,0.6,1,0.89,1,No,Rarely,27-29 years,Female,300,Nursing,Upper-middle income,Rarely (once or twice a semester),Yes - more than 20 hours/week,1-2 hours,4-5 hours,Moderate risk,3,2,3,2,3,3,3,5,2,1,3,2,1,1,4,1,3,4,3,2,3,2,3,3,5,4,2,3,3,2,3,3,3,5,2,3,1,3,4,1,2,3,Moderate Risk
HS2026478,2.3305,1.58,0.69,0.69,0.79,0.51,0.9,2,No,Almost never,21-23 years,Male,300,Nursing,Middle income,Sometimes (monthly),Yes - more than 20 hours/week,1-2 hours,6-7 hours,Moderate risk,4,2,1,3,5,3,3,4,3,1,1,4,2,1,2,2,3,4,3,5,2,5,1,2,2,2,1,2,1,3,5,3,3,4,3,1,2,3,2,5,5,4,High Risk
HS2026479,2.60075,1.5,0.6,0.7,0.89,0.85,1,2,No,Sometimes,30-35 years,Male,300,Nursing,High income,Never,No,1-2 hours,4-5 hours,Moderate risk,5,5,4,1,3,5,2,4,3,4,1,3,2,4,2,2,3,4,2,4,3,2,1,3,1,1,1,1,4,1,3,5,2,4,3,2,2,3,2,1,3,5,High Risk
HS2026480,3.21025,1.87,0.79,0.7,0.91,0.91,1,0,No,Sometimes,27-29 years,Male,300,Nursing,Middle income,Sometimes (monthly),No,1-2 hours,Less than 4 hours,Moderate risk,2,3,4,3,3,3,3,3,4,3,5,2,3,1,2,2,2,2,4,1,3,1,3,2,1,4,1,2,4,3,3,3,3,3,4,4,4,3,3,3,5,2,Low Risk
HS2026481,3.05875,3.07,0.89,0.9,0.66,1,0.7,0,No,Rarely,18-20 years,Female,300,Nursing,High income,Never,No,2-3 hours,6-7 hours,High risk,4,4,1,3,3,5,3,4,1,1,1,2,4,3,3,4,3,4,5,1,3,1,4,4,4,1,5,1,1,3,3,5,3,4,1,3,2,1,1,5,1,4,Low Risk
HS2026482,2.7915,3.22,0.91,1,1,0.86,0.69,0,No,Rarely,18-20 years,Male,300,Nursing,Middle income,Sometimes (monthly),Yes - 10-20 hours/week,2-3 hours,4-5 hours,Moderate risk,1,4,5,2,1,1,3,5,3,1,4,3,2,4,2,3,3,1,2,2,2,4,1,1,1,3,3,1,5,2,1,1,3,5,3,4,3,4,4,3,2,1,Low Risk
HS2026483,2.7835,2.7,0.66,0.7,0.79,0.92,0.7,0,No,Rarely,21-23 years,Female,300,Nursing,Middle income,Rarely (once or twice a semester),No,1-2 hours,6-7 hours,Low risk,2,2,5,3,1,4,1,4,2,3,4,5,1,2,3,2,3,3,2,2,2,4,4,2,3,5,1,2,5,3,1,4,1,4,2,3,2,4,2,1,3,2,Low Risk
HS2026484,2.55075,2.54,1,0.77,0.7,0.9,0.69,0,No,Rarely,21-23 years,Male,300,Nursing,Middle income,Rarely (once or twice a semester),No,3-4 hours,4-5 hours,Moderate risk,4,3,1,2,2,3,4,3,3,2,1,2,2,1,2,1,4,2,2,2,5,1,4,3,1,4,1,4,1,2,2,3,4,3,3,2,2,5,1,2,3,4,Low Risk
HS2026485,3.211,3.13,0.79,0.79,0.93,0.94,0.79,0,No,Almost never,24-26 years,Male,300,Nursing,Middle income,Rarely (once or twice a semester),No,2-3 hours,6-7 hours,Low risk,4,4,5,3,3,4,1,3,3,4,2,2,4,4,4,1,2,4,2,2,4,2,3,4,2,3,3,1,5,3,3,4,1,3,3,2,3,1,4,3,1,4,Low Risk
HS2026486,2.3665,2.3,0.7,0.69,0.9,0.82,0.69,0,No,Sometimes,27-29 years,Male,300,Nursing,Middle income,Rarely (once or twice a semester),Yes - fewer than 10 hours/week,2-3 hours,4-5 hours,Very low risk,1,2,1,4,2,3,2,4,4,1,5,2,2,1,3,3,1,3,1,2,4,3,1,2,1,3,5,4,1,4,2,3,2,4,4,5,3,3,3,3,2,1,Moderate Risk
HS2026487,3.1765,3.15,0.93,0.6,0.6,0.8,0.7,0,No,Sometimes,21-23 years,Male,300,Nursing,Low income,Sometimes (monthly),No,2-3 hours,5-6 hours,Low risk,2,1,3,3,4,1,2,1,3,3,4,2,5,5,5,2,1,4,1,1,1,2,5,3,2,4,2,3,3,3,4,1,2,1,3,3,3,2,5,5,3,2,Low Risk
HS2026488,3.58325,3.54,0.9,0.79,0.79,0.84,0.7,0,No,Rarely,21-23 years,Male,300,Nursing,Low income,Often (weekly),Yes - 10-20 hours/week,1-2 hours,4-5 hours,Low risk,3,2,3,2,2,1,3,2,2,5,2,4,5,4,3,3,3,5,5,5,1,3,2,3,3,5,1,5,3,2,2,1,3,2,2,4,2,5,2,1,3,3,Low Risk
HS2026489,3.1975,3.41,0.6,0.89,0.87,0.92,0.89,0,No,Rarely,24-26 years,Female,300,Nursing,Upper-middle income,Rarely (once or twice a semester),Yes - 10-20 hours/week,1-2 hours,5-6 hours,High risk,1,1,4,3,3,4,3,3,3,1,5,4,2,2,3,3,3,3,3,3,3,3,1,2,2,2,5,3,4,3,3,4,3,3,3,1,2,3,2,3,3,1,Low Risk
HS2026490,3.4255,3.74,0.79,0.91,0.78,0.77,0.89,0,No,Rarely,24-26 years,Male,300,Nursing,Low income,Always,No,2-3 hours,More than 8 hours,High risk,5,4,2,3,2,2,2,4,3,2,4,4,4,2,4,3,4,3,2,2,2,3,2,4,4,4,5,2,2,3,2,2,2,4,3,2,3,3,3,2,1,5,Low Risk
HS2026491,3.01375,3.43,0.87,0.66,0.99,0.93,0.89,0,No,Rarely,21-23 years,Female,300,Nursing,Low income,Always,No,2-3 hours,More than 8 hours,Very low risk,3,3,3,5,3,4,2,1,4,3,3,2,3,1,3,2,3,2,5,4,4,5,3,3,4,3,2,5,3,5,3,4,2,1,4,4,3,3,4,2,5,3,Low Risk
HS2026492,3.359,3.31,0.78,0.7,0.88,0.89,0.7,0,No,Almost never,30-35 years,Female,300,Nursing,Low income,Never,No,2-3 hours,More than 8 hours,Low risk,2,4,3,3,3,4,2,4,3,4,1,1,3,1,1,3,4,2,2,3,1,1,1,2,4,2,2,5,3,3,3,4,2,4,3,3,1,1,4,5,4,2,Low Risk
HS2026493,3.09925,3.15,0.99,0.69,1,0.86,0.77,0,No,Sometimes,21-23 years,Female,300,Nursing,Middle income,Sometimes (monthly),Yes - fewer than 10 hours/week,2-3 hours,6-7 hours,Low risk,1,5,2,3,4,4,2,2,4,2,1,3,5,3,3,5,1,4,4,2,1,4,2,1,5,4,4,3,2,3,4,4,2,2,4,3,2,5,2,4,2,1,Low Risk
HS2026494,3.015,2.78,0.88,0.79,0.89,0.97,0.79,0,No,Sometimes,21-23 years,Female,300,Nursing,Low income,Always,No,1-2 hours,5-6 hours,Low risk,2,3,1,4,3,1,5,2,3,4,3,2,1,3,4,4,2,3,1,4,4,4,2,1,2,3,2,5,1,4,3,1,5,2,3,1,2,3,2,2,4,2,Low Risk
HS2026495,2.9375,2.76,1,0.69,0.9,0.84,0.69,0,No,Rarely,24-26 years,Female,300,Nursing,Middle income,Sometimes (monthly),Yes - 10-20 hours/week,Less than 1 hour,4-5 hours,Moderate risk,2,2,2,5,2,2,3,1,3,1,3,1,1,1,3,3,4,2,3,3,1,2,5,3,4,2,1,4,2,5,2,2,3,1,3,5,3,2,3,3,4,2,Low Risk
HS2026496,2.77575,2.5,0.89,0.7,1,0.94,0.6,0,No,Rarely,30-35 years,Male,300,Nursing,Upper-middle income,Never,Yes - fewer than 10 hours/week,2-3 hours,6-7 hours,Moderate risk,4,2,2,3,4,3,3,3,4,2,3,3,3,3,1,3,1,2,4,5,3,4,2,1,3,3,4,2,2,3,4,3,3,3,4,1,3,2,4,5,3,4,Low Risk
HS2026497,2.2995,1.9,0.9,0.89,1,0.95,0.79,1,No,Rarely,27-29 years,Male,300,Nursing,Upper-middle income,Never,No,2-3 hours,4-5 hours,Moderate risk,4,4,1,4,5,5,2,3,2,4,3,5,3,2,1,2,3,2,3,4,3,4,3,3,1,3,4,2,1,4,5,5,2,3,2,5,4,1,5,1,3,4,Moderate Risk
HS2026498,3.05275,3.41,0.89,0.7,0.7,1,0.89,0,No,Rarely,27-29 years,Female,300,Nursing,Middle income,Rarely (once or twice a semester),Yes - fewer than 10 hours/week,1-2 hours,Less than 4 hours,Moderate risk,4,2,1,3,3,4,3,2,3,2,2,3,4,3,2,4,3,5,5,2,2,3,1,3,5,1,3,3,1,3,3,4,3,2,3,2,1,2,5,2,5,4,Low Risk
HS2026499,3.26525,3.37,0.7,0.77,0.69,0.88,0.91,0,No,Almost never,21-23 years,Female,300,Nursing,Middle income,Rarely (once or twice a semester),No,2-3 hours,6-7 hours,Moderate risk,2,3,2,4,4,1,3,1,2,4,1,1,3,4,3,3,4,2,1,2,3,5,2,1,3,2,3,2,2,4,4,1,3,1,2,4,5,5,1,3,2,2,Low Risk
HS2026500,3.00825,2.98,0.77,0.79,0.7,0.79,0.66,0,No,Sometimes,24-26 years,Female,300,Nursing,High income,Never,No,1-2 hours,4-5 hours,High risk,2,2,2,3,3,2,1,4,1,1,2,3,3,1,3,2,5,2,2,2,3,5,1,5,1,3,3,4,2,3,3,2,1,4,1,4,4,4,4,1,4,2,Low Risk
HS2026501,3.3365,3.09,0.79,0.69,0.69,1,1,0,No,Sometimes,27-29 years,Female,300,Nursing,Low income,Sometimes (monthly),Yes - more than 20 hours/week,1-2 hours,6-7 hours,Moderate risk,2,2,4,1,2,1,2,1,3,2,4,3,2,3,4,4,4,4,4,5,4,2,5,2,5,5,1,3,4,1,2,1,2,1,3,2,1,2,2,5,4,2,Low Risk
HS2026502,3.0745,3.19,0.69,0.6,0.79,0.96,0.79,0,No,Rarely,27-29 years,Female,300,Nursing,Middle income,Never,Yes - fewer than 10 hours/week,1-2 hours,4-5 hours,Low risk,3,3,2,1,3,5,1,2,1,1,3,3,2,4,4,4,1,4,3,5,5,2,3,4,5,4,3,5,2,1,3,5,1,2,1,4,2,4,3,1,4,3,Low Risk
HS2026503,3.19375,3.17,0.6,0.6,0.69,0.9,0.7,0,No,Rarely,21-23 years,Female,300,Nursing,Middle income,Always,No,2-3 hours,6-7 hours,Moderate risk,5,5,2,2,2,4,2,4,4,2,3,1,4,4,1,2,3,2,5,3,3,4,5,1,1,3,2,4,2,2,2,4,2,4,4,3,1,1,2,5,3,5,Low Risk
HS2026504,2.90825,2.74,0.79,0.79,0.7,1,0.93,0,No,Rarely,30-35 years,Female,300,Nursing,Low income,Always,Yes - fewer than 10 hours/week,1-2 hours,4-5 hours,Low risk,2,1,2,2,1,4,2,2,1,3,1,4,4,2,2,4,1,4,4,3,4,4,4,2,1,3,5,2,2,2,1,4,2,2,1,5,1,4,5,3,4,2,Low Risk
HS2026505,2.9785,3.04,0.89,0.89,0.7,0.94,0.9,0,No,Rarely,27-29 years,Female,300,Nursing,Middle income,Never,Yes - fewer than 10 hours/week,More than 4 hours,5-6 hours,Very low risk,2,4,1,1,1,3,3,3,3,2,3,3,4,1,2,4,3,3,4,3,4,3,3,4,2,3,3,4,1,1,1,3,3,3,3,2,3,2,2,2,3,2,Low Risk
HS2026506,2.88175,2.81,0.91,0.91,0.9,0.97,0.6,0,No,Almost never,18-20 years,Female,300,Nursing,Upper-middle income,Never,Yes - fewer than 10 hours/week,2-3 hours,4-5 hours,Low risk,3,4,4,1,1,5,3,2,2,2,2,4,4,4,5,4,5,3,5,3,2,3,4,1,4,2,1,2,4,1,1,5,3,2,2,1,1,4,5,4,2,3,Low Risk
HS2026507,2.58025,2.83,0.66,0.66,1,0.89,0.79,2,No,Sometimes,18-20 years,Female,300,Nursing,Low income,Sometimes (monthly),No,1-2 hours,5-6 hours,Low risk,2,2,3,3,1,2,4,4,2,1,5,4,5,4,4,2,3,2,1,3,3,2,2,2,5,1,2,1,3,3,1,2,4,4,2,4,4,4,3,3,5,2,High Risk
HS2026508,2.3845,2.11,0.7,1,0.7,0.85,0.87,4,No,Sometimes,21-23 years,Female,300,Nursing,Middle income,Rarely (once or twice a semester),Yes - more than 20 hours/week,More than 4 hours,More than 8 hours,High risk,1,3,1,3,3,1,2,2,4,2,3,3,3,4,5,2,4,2,1,5,3,4,2,1,3,4,5,3,1,3,3,1,2,2,4,2,2,3,2,4,1,1,High Risk
HS2026509,2.772,2.74,0.69,0.79,0.77,0.88,0.78,0,No,Rarely,21-23 years,Female,300,Nursing,Upper-middle income,Rarely (once or twice a semester),Yes - more than 20 hours/week,Less than 1 hour,More than 8 hours,High risk,2,4,3,1,2,4,3,3,1,2,5,2,2,3,3,1,2,2,2,5,4,3,1,3,2,4,2,4,3,1,2,4,3,3,1,5,1,3,3,5,3,2,Low Risk
HS2026510,3.41,3.48,0.79,0.7,0.79,0.93,0.99,0,No,Rarely,24-26 years,Female,300,Nursing,Middle income,Sometimes (monthly),No,Less than 1 hour,More than 8 hours,Very low risk,3,3,2,3,2,3,4,3,2,4,4,4,2,2,4,3,1,5,4,5,2,3,2,3,4,2,4,3,2,3,2,3,4,3,2,3,2,3,4,2,3,3,Low Risk
HS2026511,3.11025,3.3,0.69,0.93,0.69,0.88,0.88,0,No,Rarely,27-29 years,Female,300,Nursing,High income,Never,No,1-2 hours,6-7 hours,Low risk,2,3,3,1,1,4,4,5,2,4,3,3,3,4,2,4,4,2,3,1,5,3,1,3,5,4,1,1,3,1,1,4,4,5,2,2,2,3,4,3,3,2,Low Risk
HS2026512,3.33625,3.59,0.7,0.9,0.6,0.95,1,0,No,Rarely,21-23 years,Female,300,Nursing,Middle income,Sometimes (monthly),No,2-3 hours,5-6 hours,Low risk,4,4,2,1,4,4,1,3,1,5,3,3,1,2,5,3,4,2,1,2,4,4,4,1,1,4,2,2,2,1,4,4,1,3,1,4,4,3,1,1,2,4,Low Risk
HS2026513,3.19025,3.35,0.89,0.6,0.79,0.8,0.89,0,No,Almost never,21-23 years,Female,300,Nursing,High income,Never,Yes - 10-20 hours/week,3-4 hours,4-5 hours,Low risk,3,5,1,4,4,5,5,4,3,2,1,5,5,4,3,3,1,2,4,3,1,2,3,4,4,4,1,2,1,4,4,5,5,4,3,2,3,3,4,4,5,3,Low Risk
HS2026514,2.5625,2.46,0.7,0.79,0.89,0.8,0.9,0,No,Sometimes,24-26 years,Female,300,Nursing,Middle income,Sometimes (monthly),No,More than 4 hours,6-7 hours,Moderate risk,2,4,1,3,1,1,3,5,5,2,4,2,3,3,1,4,5,2,3,5,5,4,2,2,2,2,1,5,1,3,1,1,3,5,5,3,5,1,5,1,2,2,Low Risk
HS2026515,2.8815,2.94,0.77,0.87,0.91,0.85,1,0,No,Sometimes,24-26 years,Female,300,Nursing,Middle income,Rarely (once or twice a semester),No,3-4 hours,4-5 hours,Moderate risk,1,1,4,2,1,2,3,4,4,2,3,5,2,4,2,2,5,3,5,1,1,4,2,2,2,2,3,1,4,2,1,2,3,4,4,2,4,2,3,4,3,1,Low Risk
HS2026516,2.71075,2.89,0.79,0.78,0.66,0.96,1,0,No,Rarely,21-23 years,Female,300,Nursing,Middle income,Rarely (once or twice a semester),No,3-4 hours,Less than 4 hours,Moderate risk,4,1,2,2,2,4,3,1,3,3,3,1,3,2,1,5,3,2,2,2,4,2,3,2,4,4,3,3,2,2,2,4,3,1,3,4,2,1,2,3,3,4,Low Risk
HS2026517,3.43775,3.61,0.69,0.99,1,0.85,0.7,0,No,Rarely,30-35 years,Female,300,Nursing,Middle income,Rarely (once or twice a semester),Yes - fewer than 10 hours/week,More than 4 hours,6-7 hours,Moderate risk,3,2,2,2,5,4,3,4,3,1,4,4,5,3,1,5,3,3,3,5,2,3,3,2,1,4,3,2,2,2,5,4,3,4,3,4,4,3,3,2,2,3,Low Risk
HS2026518,3.0525,2.89,0.6,0.88,0.79,0.86,0.69,0,No,Rarely,21-23 years,Female,300,Nursing,Middle income,Rarely (once or twice a semester),No,2-3 hours,4-5 hours,Moderate risk,1,2,5,2,2,2,4,3,4,3,1,4,4,1,4,4,2,2,3,3,2,4,1,1,3,3,5,3,5,2,2,2,4,3,4,3,3,2,4,4,3,1,Low Risk
HS2026519,2.60825,2.54,0.79,1,0.7,0.99,0.7,1,No,Rarely,21-23 years,Female,300,Nursing,Low income,Sometimes (monthly),Yes - 10-20 hours/week,More than 4 hours,6-7 hours,High risk,3,1,2,2,4,5,3,5,5,3,1,2,3,5,3,5,1,2,2,5,5,2,4,3,3,3,4,4,2,2,4,5,3,5,5,3,3,5,4,2,3,3,Moderate Risk
HS2026520,2.645,2.57,0.89,0.89,0.93,1,0.69,0,No,Almost never,24-26 years,Female,300,Nursing,Low income,Often (weekly),Yes - 10-20 hours/week,3-4 hours,4-5 hours,Moderate risk,3,3,3,4,2,4,5,5,3,2,1,1,3,5,2,4,4,3,4,3,5,4,2,3,2,3,1,3,3,4,2,4,5,5,3,1,2,2,2,1,2,3,Low Risk
HS2026521,2.85525,2.8,0.91,0.9,0.9,0.8,0.79,0,No,Sometimes,30-35 years,Female,300,Nursing,Upper-middle income,Rarely (once or twice a semester),No,1-2 hours,6-7 hours,Low risk,1,2,2,4,4,5,1,3,2,3,2,3,4,4,3,5,2,3,3,3,3,2,5,3,3,1,1,4,2,4,4,5,1,3,2,1,3,1,1,1,1,1,Low Risk
HS2026522,2.815,1.94,0.66,0.89,0.6,0.86,0.69,1,No,Sometimes,27-29 years,Female,300,Nursing,Low income,Always,No,3-4 hours,4-5 hours,Moderate risk,1,1,2,1,2,3,2,3,2,2,1,5,3,3,3,2,1,3,2,5,2,2,1,1,2,1,5,1,2,1,2,3,2,3,2,3,2,1,4,1,2,1,Moderate Risk
HS2026523,2.513,1.82,1,0.7,0.79,0.85,0.7,0,No,Rarely,27-29 years,Female,300,Nursing,Low income,Always,No,3-4 hours,5-6 hours,Low risk,5,5,3,2,4,2,2,1,3,5,2,5,4,2,4,2,2,5,5,3,2,4,3,2,2,1,3,3,3,2,4,2,2,1,3,4,4,4,1,5,1,5,Low Risk
HS2026524,3.3085,1.76,0.79,0.77,0.87,0.71,0.89,0,No,Rarely,21-23 years,Female,300,Nursing,Low income,Never,Yes - fewer than 10 hours/week,3-4 hours,4-5 hours,Very low risk,2,3,4,4,4,5,3,4,4,4,3,1,3,3,4,3,3,2,1,2,4,1,2,2,4,5,2,3,4,4,4,5,3,4,4,1,1,1,3,3,1,2,Low Risk
HS2026525,3.13425,1.7,0.7,0.79,0.78,0.8,0.7,0,No,Rarely,24-26 years,Female,300,Nursing,Middle income,Sometimes (monthly),No,1-2 hours,5-6 hours,Low risk,3,5,3,2,3,4,4,2,5,4,2,3,5,3,2,4,4,3,3,5,2,1,5,4,5,2,1,5,3,2,3,4,4,2,5,4,2,3,5,1,2,3,Low Risk
HS2026526,2.766,1.91,0.93,0.69,0.99,1,0.77,1,No,Rarely,27-29 years,Female,300,Nursing,Low income,Always,Yes - 10-20 hours/week,3-4 hours,More than 8 hours,Low risk,3,1,2,3,4,2,3,3,3,3,5,5,2,1,1,2,2,2,4,1,4,2,2,2,3,1,2,2,2,3,4,2,3,3,3,4,3,1,4,1,4,3,Moderate Risk
HS2026527,2.72,2.28,0.9,0.6,0.88,0.73,0.79,0,No,Almost never,27-29 years,Female,300,Nursing,Middle income,Sometimes (monthly),Yes - fewer than 10 hours/week,3-4 hours,More than 8 hours,High risk,3,3,1,4,3,5,4,1,3,2,1,2,3,4,2,4,2,5,2,3,3,4,2,2,5,1,4,3,1,4,3,5,4,1,3,3,4,2,3,3,1,3,Low Risk
HS2026528,3.5905,3.69,0.6,0.79,1,1,0.69,1,No,Sometimes,21-23 years,Female,300,Nursing,Upper-middle income,Never,No,2-3 hours,More than 8 hours,High risk,3,1,2,3,1,4,3,3,1,1,1,4,1,2,1,3,4,2,2,3,4,4,3,2,4,5,5,1,2,3,1,4,3,3,1,1,2,1,3,5,4,3,Moderate Risk
HS2026529,2.653,3.09,0.79,0.89,0.89,0.74,0.6,0,No,Sometimes,30-35 years,Female,300,Nursing,Upper-middle income,Never,Yes - fewer than 10 hours/week,1-2 hours,6-7 hours,Very low risk,3,3,4,2,1,3,4,2,3,5,1,2,1,3,1,3,3,3,3,4,4,1,5,3,4,2,4,2,4,2,1,3,4,2,3,5,3,2,4,2,3,3,Low Risk
HS2026530,2.564,2.19,0.87,0.91,0.9,0.95,0.79,0,No,Rarely,27-29 years,Female,300,Nursing,Middle income,Rarely (once or twice a semester),No,3-4 hours,5-6 hours,Low risk,2,1,3,3,2,1,3,2,5,3,5,3,2,1,4,3,3,3,2,1,1,4,3,3,2,3,3,3,3,3,2,1,3,2,5,2,3,3,5,1,5,2,Low Risk
HS2026531,2.834,2.96,0.78,0.66,1,0.86,0.89,0,No,Rarely,18-20 years,Female,300,Nursing,Middle income,Rarely (once or twice a semester),No,1-2 hours,4-5 hours,Low risk,2,1,3,1,3,3,3,1,4,4,4,2,1,1,3,3,3,3,4,2,2,5,2,1,1,1,2,4,3,1,3,3,3,1,4,1,2,2,2,5,3,2,Low Risk
HS2026532,2.94875,2.98,0.99,0.7,0.89,0.91,0.91,0,No,Rarely,18-20 years,Female,300,Nursing,High income,Never,Yes - more than 20 hours/week,3-4 hours,6-7 hours,Low risk,3,4,1,3,1,3,2,2,2,2,4,2,3,3,4,3,5,2,2,4,5,1,5,4,5,3,3,4,1,3,1,3,2,2,2,2,4,4,4,5,2,3,Low Risk
HS2026533,2.7085,2.81,0.88,0.69,0.9,0.8,0.66,0,No,Rarely,21-23 years,Female,300,Nursing,Low income,Sometimes (monthly),Yes - fewer than 10 hours/week,3-4 hours,4-5 hours,Moderate risk,3,1,5,4,3,2,2,2,2,4,3,3,2,1,3,2,3,3,3,1,4,3,3,1,2,3,3,3,5,4,3,2,2,2,2,3,3,4,3,2,5,3,Low Risk
HS2026534,2.192,1.24,0.9,0.79,1,0.75,1,0,No,Almost never,21-23 years,Female,300,Nursing,Middle income,Never,No,Less than 1 hour,Less than 4 hours,Moderate risk,2,3,3,4,3,3,1,2,4,4,5,2,1,3,5,4,3,4,4,3,4,3,4,2,1,2,3,3,3,4,3,3,1,2,4,1,2,4,2,2,5,2,Moderate Risk
HS2026535,2.6645,2.76,1,0.69,1,0.78,0.79,0,No,Sometimes,24-26 years,Female,300,Nursing,Middle income,Always,Yes - fewer than 10 hours/week,1-2 hours,6-7 hours,Moderate risk,2,3,1,2,5,2,3,3,3,2,1,2,2,1,2,3,3,3,2,3,1,1,4,4,3,3,2,2,1,2,5,2,3,3,3,2,1,5,4,4,3,2,Low Risk
HS2026536,3.36525,3.44,0.79,0.7,0.7,0.88,0.7,0,No,Sometimes,27-29 years,Female,300,Nursing,Low income,Always,Yes - fewer than 10 hours/week,2-3 hours,4-5 hours,Moderate risk,5,1,4,5,3,2,3,3,2,5,3,5,4,1,3,2,2,1,2,4,3,1,3,3,2,4,4,3,4,5,3,2,3,3,2,2,1,2,3,2,5,5,Low Risk
HS2026537,2.917,3.06,0.96,0.89,0.69,0.72,0.93,0,No,Rarely,21-23 years,Female,300,Nursing,Middle income,Never,Yes - fewer than 10 hours/week,1-2 hours,6-7 hours,Moderate risk,5,3,4,2,2,4,3,3,2,1,3,4,2,1,1,4,5,1,3,2,3,2,3,3,5,4,2,3,4,2,2,4,3,3,2,5,3,4,2,1,4,5,Low Risk
HS2026538,2.96425,3.04,0.92,0.7,0.7,1,0.9,0,No,Rarely,21-23 years,Female,300,Nursing,Upper-middle income,Never,No,3-4 hours,4-5 hours,High risk,3,3,3,1,5,3,3,3,2,2,3,1,3,1,4,3,5,5,3,5,2,5,1,2,2,2,1,2,3,1,5,3,3,3,2,2,1,3,3,4,2,3,Low Risk
HS2026539,2.7595,3.02,1,0.77,0.69,0.82,0.6,0,No,Rarely,24-26 years,Female,300,Nursing,Low income,Sometimes (monthly),Yes - more than 20 hours/week,3-4 hours,6-7 hours,Moderate risk,3,4,2,5,4,2,3,2,3,2,4,4,5,2,4,5,4,4,2,4,3,2,1,3,1,1,1,1,2,5,4,2,3,2,3,3,3,1,3,4,2,3,Low Risk
HS2026540,3.1935,3.26,0.89,0.79,0.79,0.98,0.79,0,No,Rarely,24-26 years,Female,300,Nursing,Middle income,Rarely (once or twice a semester),Yes - more than 20 hours/week,3-4 hours,4-5 hours,Low risk,2,3,3,1,1,1,5,2,3,3,3,3,2,3,5,4,3,3,1,1,3,1,3,2,1,4,1,2,3,1,1,1,5,2,3,1,3,5,1,3,3,2,Low Risk
HS2026541,3.2475,3.35,0.92,0.69,0.69,0.55,0.87,0,No,Almost never,21-23 years,Female,300,Nursing,Upper-middle income,Rarely (once or twice a semester),No,2-3 hours,5-6 hours,Moderate risk,3,2,2,2,3,4,4,2,2,3,3,3,2,1,2,3,5,1,3,1,3,1,4,4,4,1,5,1,2,2,3,4,4,2,2,2,1,3,2,3,2,3,Low Risk
HS2026542,2.4445,2.57,0.78,0.6,0.7,0.63,0.78,0,No,Sometimes,30-35 years,Female,300,Nursing,Middle income,Sometimes (monthly),No,2-3 hours,4-5 hours,Low risk,1,2,1,5,4,3,4,2,2,1,1,4,1,1,4,3,4,1,1,2,2,4,1,1,1,3,3,1,1,5,4,3,4,2,2,1,5,1,3,3,4,1,Moderate Risk
HS2026543,3.2145,3.69,0.93,0.79,0.7,0.91,0.99,0,No,Sometimes,21-23 years,Female,300,Nursing,High income,Never,No,Less than 1 hour,5-6 hours,Very low risk,4,2,3,3,3,3,3,1,5,3,4,2,1,1,1,2,3,3,4,2,2,4,4,2,3,5,1,2,3,3,3,3,3,1,5,5,2,5,5,1,3,4,Low Risk
HS2026544,2.83825,3.11,0.9,0.89,0.9,0.82,0.88,0,No,Rarely,21-23 years,Female,300,Nursing,Middle income,Sometimes (monthly),Yes - 10-20 hours/week,1-2 hours,More than 8 hours,Low risk,4,2,2,2,4,1,3,4,3,1,3,4,4,2,1,3,5,4,3,2,5,1,4,3,1,4,1,4,2,2,4,1,3,4,3,3,4,5,4,3,5,4,Low Risk
HS2026545,2.732,2.91,0.6,0.91,1,0.83,0.9,0,No,Rarely,24-26 years,Female,300,Nursing,High income,Never,No,More than 4 hours,More than 8 hours,Low risk,4,3,2,2,1,1,4,3,1,1,3,1,2,3,3,3,4,2,1,2,4,2,3,4,2,3,3,1,2,2,1,1,4,3,1,5,1,1,3,2,4,4,Low Risk
HS2026546,2.5085,2.52,0.79,0.66,0.7,0.94,1,0,No,Rarely,30-35 years,Female,300,Nursing,Middle income,Sometimes (monthly),No,Less than 1 hour,More than 8 hours,High risk,5,2,4,1,4,4,2,3,2,2,3,3,4,3,3,1,4,4,2,2,4,3,1,2,1,3,5,4,4,1,4,4,2,3,2,4,2,1,3,5,2,5,Low Risk
HS2026547,2.71325,2.78,0.87,1,0.77,0.85,0.79,1,No,Rarely,27-29 years,Female,300,Nursing,Middle income,Rarely (once or twice a semester),No,2-3 hours,6-7 hours,High risk,1,4,5,2,3,2,3,4,4,3,1,5,1,2,2,2,3,3,2,1,1,2,5,3,2,4,2,3,5,2,3,2,3,4,4,3,4,2,3,3,4,1,Moderate Risk
HS2026548,3.1335,3.11,0.78,0.79,0.79,0.89,0.96,0,No,Almost never,27-29 years,Female,300,Nursing,Middle income,Rarely (once or twice a semester),Yes - fewer than 10 hours/week,More than 4 hours,5-6 hours,Very low risk,3,5,3,3,2,1,4,3,5,3,1,3,2,3,2,1,4,1,3,5,1,3,2,3,3,5,1,5,3,3,2,1,4,3,5,4,1,4,2,1,2,3,Low Risk
HS2026549,2.3795,2.39,0.99,0.7,0.69,0.96,0.92,1,No,Sometimes,21-23 years,Female,300,Nursing,Middle income,Rarely (once or twice a semester),No,1-2 hours,4-5 hours,Low risk,3,1,1,3,5,5,3,4,4,2,2,4,1,2,3,1,5,2,3,3,3,3,1,2,2,2,5,3,1,3,5,5,3,4,4,2,2,5,1,2,1,3,Moderate Risk
HS2026550,3.12175,3.22,0.88,0.93,0.6,0.69,1,0,No,Sometimes,24-26 years,Female,300,Nursing,Middle income,Rarely (once or twice a semester),Yes - 10-20 hours/week,1-2 hours,6-7 hours,Low risk,2,1,3,5,1,3,4,1,4,3,1,2,1,3,3,3,2,1,1,2,2,3,2,4,4,4,5,2,3,5,1,3,4,1,4,2,1,3,4,5,3,2,Low Risk
HS2026551,2.683,2.39,0.9,0.9,0.79,0.75,0.89,0,No,Rarely,27-29 years,Female,300,Nursing,Low income,Sometimes (monthly),Yes - 10-20 hours/week,1-2 hours,4-5 hours,Low risk,2,3,5,1,2,2,1,4,3,3,3,1,2,4,1,3,4,2,5,4,4,5,3,3,4,3,2,5,5,1,2,2,1,4,3,1,3,2,4,2,4,2,Low Risk
HS2026552,3.02725,3.04,1,0.6,0.89,0.64,0.92,0,No,Rarely,27-29 years,Female,300,Nursing,Low income,Often (weekly),No,Less than 1 hour,Less than 4 hours,Moderate risk,4,2,1,4,2,4,2,4,3,3,4,5,1,3,2,3,5,3,4,3,1,1,1,2,4,2,2,5,1,4,2,4,2,4,3,2,3,4,2,4,3,4,Low Risk
HS2026553,2.904,2.7,0.79,0.79,0.91,0.89,0.78,0,No,Rarely,21-23 years,Male,300,Nursing,Upper-middle income,Rarely (once or twice a semester),No,1-2 hours,6-7 hours,Moderate risk,4,2,4,1,1,1,3,3,4,4,3,4,4,3,2,4,3,4,2,2,1,4,2,1,5,4,4,3,4,1,1,1,3,3,4,1,3,5,4,1,1,4,Low Risk
HS2026554,2.48975,2.28,0.96,0.87,0.66,0.97,0.7,0,No,Rarely,30-35 years,Male,300,Nursing,Low income,Always,No,1-2 hours,4-5 hours,Moderate risk,3,4,4,2,1,2,3,3,3,4,3,2,4,5,3,5,2,4,5,4,4,4,2,1,2,3,2,5,4,2,1,2,3,3,3,4,1,1,4,2,2,3,Moderate Risk
HS2026555,3.10425,3.37,0.92,0.78,0.7,0.9,0.89,0,No,Almost never,27-29 years,Male,300,Nursing,Low income,Always,Yes - fewer than 10 hours/week,1-2 hours,6-7 hours,Moderate risk,4,3,3,4,2,2,3,1,3,2,3,1,4,3,1,4,1,3,2,3,1,2,5,3,4,2,1,4,3,4,2,2,3,1,3,3,4,4,4,1,2,4,Low Risk
HS2026556,3.16375,3.63,1,0.99,0.69,0.93,0.85,0,No,Sometimes,18-20 years,Female,300,Nursing,Low income,Never,No,1-2 hours,4-5 hours,Moderate risk,3,5,4,1,1,5,1,4,1,5,4,3,5,2,5,2,1,3,2,5,3,4,2,1,3,3,4,2,4,1,1,5,1,4,1,2,2,2,2,1,5,3,Low Risk
HS2026557,3.169,3.22,0.89,0.88,0.79,1,0.69,0,No,Sometimes,18-20 years,Male,300,Nursing,Middle income,Sometimes (monthly),Yes - 10-20 hours/week,1-2 hours,6-7 hours,High risk,1,3,1,2,5,3,3,1,4,3,4,4,3,4,5,4,5,5,2,4,3,4,3,3,1,3,4,2,1,2,5,3,3,1,4,2,2,2,2,3,1,1,Low Risk
HS2026558,2.7535,2.7,0.92,1,0.69,0.77,0.73,0,No,Rarely,21-23 years,Female,300,Nursing,Low income,Always,Yes - fewer than 10 hours/week,2-3 hours,4-5 hours,Moderate risk,4,4,3,3,5,2,3,1,1,1,1,5,3,3,2,1,4,1,2,2,2,3,1,3,5,1,3,3,3,3,5,2,3,1,1,3,2,4,4,3,3,4,Low Risk
HS2026559,3.219,2.96,0.78,0.89,0.7,0.65,0.69,0,No,Rarely,21-23 years,Male,300,Nursing,Middle income,Sometimes (monthly),No,2-3 hours,5-6 hours,Low risk,2,2,4,1,2,3,3,4,5,3,5,4,5,5,3,4,1,2,3,2,3,5,2,1,3,2,3,2,4,1,2,3,3,4,5,3,2,1,4,3,2,2,Low Risk
HS2026560,2.84375,2.81,0.73,0.9,0.89,0.88,0.68,0,No,Rarely,24-26 years,Male,300,Nursing,Upper-middle income,Never,Yes - fewer than 10 hours/week,1-2 hours,4-5 hours,Moderate risk,4,2,3,1,4,2,3,3,2,3,3,4,4,4,2,3,2,5,5,2,3,5,1,5,1,3,3,4,3,1,4,2,3,3,2,1,1,3,3,5,3,4,Low Risk
HS2026561,2.6355,2.35,0.69,1,0.7,0.47,0.84,0,No,Rarely,27-29 years,Male,300,Nursing,Upper-middle income,Never,No,3-4 hours,5-6 hours,Low risk,4,5,4,3,2,2,2,2,2,3,2,3,4,4,2,1,3,4,5,5,4,2,5,2,5,5,1,3,4,3,2,2,2,2,2,4,3,3,3,4,4,4,Low Risk
HS2026562,2.94425,1.82,0.68,1,0.77,0.99,0.78,0,No,Almost never,21-23 years,Male,300,Nursing,Middle income,Rarely (once or twice a semester),No,2-3 hours,More than 8 hours,Very low risk,2,3,2,2,3,2,5,3,2,1,3,4,4,1,2,3,3,3,4,5,5,2,3,4,5,4,3,5,2,2,3,2,5,3,2,2,3,2,3,1,3,2,Low Risk
HS2026563,2.614,3.04,0.84,0.7,0.79,0.92,0.7,1,No,Sometimes,21-23 years,Male,300,Nursing,Middle income,Rarely (once or twice a semester),Yes - more than 20 hours/week,2-3 hours,More than 8 hours,Low risk,4,2,4,2,2,1,3,1,3,4,2,1,4,5,1,4,3,4,4,3,3,4,5,1,1,3,2,4,4,2,2,1,3,1,3,5,3,3,1,1,4,4,Moderate Risk
HS2026564,2.97975,2.94,0.78,0.69,0.69,1,0.9,0,No,Sometimes,24-26 years,Female,300,Nursing,High income,Never,Yes - fewer than 10 hours/week,2-3 hours,More than 8 hours,Low risk,3,2,3,3,2,3,4,3,3,2,1,2,3,2,3,5,2,4,3,3,4,4,4,2,1,3,5,2,3,3,2,3,4,3,3,1,1,2,1,5,1,3,Low Risk
HS2026565,2.998,1.95,0.7,0.7,0.6,0.64,1,0,No,Rarely,24-26 years,Male,300,Nursing,Low income,Sometimes (monthly),No,1-2 hours,6-7 hours,High risk,3,5,3,5,3,1,4,1,1,4,1,2,5,4,5,1,4,3,3,3,4,3,3,4,2,3,3,4,3,5,3,1,4,1,1,3,2,2,1,3,3,3,Low Risk
HS2026566,2.50875,2.35,0.9,0.79,0.79,1,0.79,1,No,Rarely,21-23 years,Female,300,Nursing,Middle income,Never,Yes - fewer than 10 hours/week,1-2 hours,5-6 hours,High risk,3,4,2,2,1,1,4,4,4,1,4,4,2,2,4,3,5,1,4,3,2,3,4,1,4,2,1,2,2,2,1,1,4,4,4,2,2,4,5,2,3,3,Moderate Risk
HS2026567,2.43075,2.35,1,0.7,0.89,0.81,0.96,0,No,Rarely,30-35 years,Female,300,Nursing,Middle income,Always,Yes - fewer than 10 hours/week,2-3 hours,4-5 hours,Very low risk,3,3,3,5,3,3,3,1,3,2,5,2,5,3,4,1,1,1,5,3,3,2,2,2,5,1,2,1,3,5,3,3,3,1,3,5,4,5,2,1,5,3,Moderate Risk
HS2026568,2.71575,2.57,0.79,0.88,0.91,0.87,0.92,0,No,Rarely,21-23 years,Female,300,Nursing,Low income,Always,Yes - fewer than 10 hours/week,2-3 hours,6-7 hours,Low risk,4,4,4,1,1,5,4,5,4,3,4,4,4,1,1,3,1,1,4,5,3,4,2,1,3,4,5,3,4,1,1,5,4,5,4,2,2,3,1,2,2,4,Low Risk
HS2026569,3.12425,3.02,0.96,0.8,0.66,0.9,1,0,No,Almost never,21-23 years,Female,300,Nursing,Middle income,Never,No,2-3 hours,4-5 hours,Low risk,2,4,5,3,5,3,3,2,4,1,1,4,1,2,2,1,3,3,3,5,4,3,1,3,2,4,2,4,5,3,5,3,3,2,4,2,2,5,1,4,3,2,Low Risk
HS2026570,3.69,3.41,0.8,0.84,0.99,1,0.79,2,No,Sometimes,30-35 years,Male,300,ENT,Middle income,Rarely (once or twice a semester),Yes - fewer than 10 hours/week,1-2 hours,5-6 hours,Very low risk,2,3,2,4,2,2,3,2,2,3,2,2,3,2,5,5,4,4,5,5,5,5,5,3,2,5,4,2,2,3,3,3,3,3,3,2,3,3,2,3,3,3,High Risk
HS2026571,3.29,2.87,0.8,0.69,0.75,0.65,1,2,No,Rarely,30-35 years,Female,300,ENT,Middle income,Sometimes (monthly),No,3-4 hours,5-6 hours,Very low risk,2,2,2,3,2,1,4,2,3,4,1,2,3,2,2,3,2,3,4,1,1,1,3,5,3,2,2,3,1,2,2,3,1,3,1,1,1,2,3,2,2,2,High Risk
HS2026572,4,1.62,0.78,0.78,0.68,0.64,0.9,0,No,Rarely,30-35 years,Female,300,ENT,Low income,Often (weekly),No,1-2 hours,5-6 hours,Low risk,3,3,4,2,2,3,3,2,3,3,3,2,2,1,3,2,3,4,4,5,3,3,3,5,4,5,4,3,3,3,3,3,3,2,1,1,2,1,2,1,1,2,Low Risk
HS2026573,4,3.8,0.89,0.8,0.78,0.67,1,1,No,Always,24-26 years,Female,300,ENT,Middle income,Sometimes (monthly),Yes - fewer than 10 hours/week,2-3 hours,4-5 hours,Low risk,3,2,2,3,3,1,2,2,3,3,2,3,3,3,3,3,3,4,3,5,3,3,4,5,3,5,2,4,3,3,3,3,2,3,3,1,1,2,2,1,1,1,Moderate Risk
HS2026574,1.95,2.74,0.64,0.64,0.8,0.65,1,2,No,Always,30-35 years,Female,300,ENT,Middle income,Always,No,3-4 hours,4-5 hours,Low risk,2,2,1,2,2,2,5,2,5,2,4,3,2,3,2,2,2,5,2,1,2,2,5,5,3,2,2,2,2,2,2,2,2,2,1,1,1,1,1,1,1,1,High Risk
HS2026575,3.26,2.59,0.7,0.68,0.7,0.81,0.9,3,No,Always,18-20 years,Male,300,ENT,Very low income,Sometimes (monthly),Yes - fewer than 10 hours/week,2-3 hours,4-5 hours,Moderate risk,3,2,3,2,2,3,2,1,3,2,2,2,2,2,4,2,1,4,5,5,2,4,4,2,2,5,1,3,1,2,4,4,1,1,2,1,1,2,1,2,1,1,High Risk
HS2026576,3.69,3.41,0.81,0.65,0.76,0.67,1,1,No,Always,30-35 years,Female,300,ENT,Middle income,Rarely (once or twice a semester),Yes - more than 20 hours/week,3-4 hours,6-7 hours,Low risk,3,1,2,2,2,2,1,2,4,2,5,2,5,2,3,4,3,5,5,5,1,2,5,3,3,5,1,1,2,2,2,2,1,1,1,1,1,1,1,1,1,1,Moderate Risk
HS2026577,3.29,3.02,0.49,0.64,0.65,0.65,0.69,2,No,Almost never,21-23 years,Female,300,ENT,Middle income,Never,Yes - fewer than 10 hours/week,More than 4 hours,4-5 hours,Moderate risk,3,3,5,3,4,5,4,5,3,4,3,3,4,3,4,4,4,4,3,3,4,4,3,5,3,3,3,3,4,3,4,3,3,4,4,4,4,4,4,4,4,3,High Risk
HS2026578,3.08,2.54,0.77,0.76,0.74,0.68,1,2,No,Always,30-35 years,Female,300,ENT,Low income,Rarely (once or twice a semester),No,Less than 1 hour,6-7 hours,Moderate risk,3,3,4,4,3,2,2,4,2,3,4,3,4,4,2,3,2,2,2,2,1,3,2,4,3,4,2,2,2,3,3,4,3,3,2,2,2,3,3,4,3,3,High Risk
HS2026579,3.96,2.91,0.69,0.68,1,0.99,1,2,No,Always,30-35 years,Male,300,ENT,Middle income,Rarely (once or twice a semester),No,3-4 hours,4-5 hours,Low risk,4,3,4,3,3,4,3,4,4,4,3,4,3,3,4,4,4,5,5,5,3,5,4,4,4,4,3,5,3,4,4,5,4,4,4,3,3,3,3,3,4,3,High Risk
HS2026580,4,1.44,0.8,0.65,0.8,0.65,1,1,No,Always,30-35 years,Male,300,ENT,Low income,Sometimes (monthly),No,More than 4 hours,Less than 4 hours,Very low risk,2,2,2,2,2,2,4,2,4,2,5,2,5,2,3,3,2,5,4,4,2,2,4,3,2,5,2,2,2,3,2,3,2,2,2,1,1,2,2,2,2,2,Moderate Risk
HS2026581,3.15,1.95,0.76,0.64,0.66,0.78,0.89,1,No,Always,27-29 years,Female,300,ENT,Middle income,Sometimes (monthly),No,2-3 hours,5-6 hours,Moderate risk,3,3,3,3,3,5,5,3,5,3,5,3,5,3,3,3,3,5,5,5,5,3,5,5,4,5,5,3,5,3,3,3,3,3,2,2,3,3,3,4,3,3,Moderate Risk
HS2026582,3.04,2.87,0.65,0.81,0.85,0.85,1,4,No,Always,27-29 years,Female,300,ENT,Middle income,Often (weekly),No,2-3 hours,7-8 hours,Very low risk,2,2,5,2,2,5,3,2,3,3,3,4,4,1,2,5,2,2,5,4,2,2,5,5,5,5,5,1,1,1,1,1,1,1,1,2,2,2,2,2,2,2,High Risk
HS2026583,3.52,3.24,0.64,0.64,0.77,0.65,1,1,No,Always,30-35 years,Female,300,ENT,Middle income,Sometimes (monthly),No,2-3 hours,5-6 hours,Moderate risk,2,3,4,3,4,2,3,5,3,3,3,3,4,2,2,3,3,3,3,2,1,1,3,5,3,2,3,3,3,3,3,3,3,3,3,1,2,3,3,3,2,3,Moderate Risk
HS2026584,4,1.67,0.7,0.7,0.76,0.65,1,0,No,Always,30-35 years,Male,300,ENT,Very low income,Always,No,2-3 hours,7-8 hours,Moderate risk,4,2,2,4,3,2,2,2,4,1,5,1,5,1,1,4,5,5,5,5,2,4,5,2,2,5,2,2,2,3,4,3,2,2,2,1,1,1,1,1,1,1,Low Risk
HS2026585,1.95,3.72,0.83,0.83,1,0.85,0.89,6,No,Always,24-26 years,Female,300,ENT,Upper-middle income,Sometimes (monthly),No,1-2 hours,4-5 hours,Very low risk,2,2,2,2,2,2,2,2,2,2,2,1,2,2,5,4,3,5,5,5,3,3,3,3,3,3,3,2,3,3,3,3,3,3,3,1,1,1,1,1,1,1,High Risk
