SID,GPA_S1,CA_AVG,EXAM_AVG,CLIN_AVG,LAB_AVG,ATT_RATE,ASSIGN_LATE,Age_group,Gender,Year_study,Programme,SES,Financial_diff,Employment_hrs,Study_hrs_day,Sleep_hrs,Self_risk_percep,Reviews notes within 24h,Understands content pre-exam,Seeks help when stuck,Uses library regularly,Completes readings,Takes organised notes,Concentration in self-study,Participates in class,Clinical takes study time,Prepared for clinical assess,Rotations affect performance,Adequate supervision,Schedule conflicts,Confident in clinical skills,Anxious about assessments,Sleep difficulty,Burnt out,Hopeless/unmotivated,Physical health affected,Considered break,Emotionally supported,Lecturers approachable,Sleep affects concentration,Regular exercise,Balanced diet,Health interferes studies,Takes rest breaks,Sense of belonging,Participates in clubs,Adequate advisory support,Concerns taken seriously,Early intervention provided,Peer study groups effective,Knows where to get help,Programme prepares for career,Confident to complete prog,Can improve performance,Sets academic goals,Persists when difficult,Manages time effectively,Self-motivates,Feels prepared,RISK_LABEL
HS2026001,2.81,0.8,0.6,0.8,0.63,0.9,Rarely,21-23 years,Male,200,BSc Nursing,Upper-middle income,Always,No,3-4 hours,4-5 hours,Low risk,2,2,4,2,3,2,2,2,3,3,4,5,4,3,4,4,4,4,4,5,2,3,4,1,4,4,1,3,3,3,3,4,2,2,2,1,2,2,2,3,2,2,Not At-Risk
HS2026002,3.48,0.95,0.82,0.82,0.87,0.9,Almost never,21-23 years,Female,200,BSc Nursing,Middle income,Always,No,2-3 hours,5-6 hours,Moderate risk,3,3,3,5,4,3,3,3,5,2,4,2,4,1,3,3,3,3,3,3,3,3,2,3,3,2,3,3,3,1,1,2,1,1,1,1,1,1,1,1,1,1,Not At-Risk
HS2026003,3.26,0.78,0.83,0.83,0.4,0.92,Sometimes,18-20 years,Female,200,BSc Nursing,High income,Rarely (once or twice a semester),No,2-3 hours,5-6 hours,Very low risk,5,3,5,5,3,1,2,1,4,3,3,3,3,2,3,4,3,5,5,5,1,3,4,3,3,5,1,3,2,2,3,5,1,5,1,1,1,1,1,1,3,3,Not At-Risk
HS2026004,2.52,0.81,0.95,0.95,0.77,0.78,Sometimes,18-20 years,Male,200,BSc Nursing,Very low income,Often (weekly),Yes - fewer than 10 hours/week,Less than 1 hour,5-6 hours,Very low risk,5,4,4,4,5,5,5,5,5,5,4,4,4,4,5,5,4,4,4,4,4,3,4,5,5,5,5,5,5,4,4,4,4,4,5,5,5,5,3,4,4,4,Not At-Risk
HS2026005,3.33,0.63,0.49,0.66,0.64,0.7,Rarely,18-20 years,Female,200,BSc Nursing,Very low income,Rarely (once or twice a semester),Yes - 10-20 hours/week,1-2 hours,Less than 4 hours,Very low risk,5,4,5,5,4,5,4,4,5,5,5,5,5,5,5,5,5,5,5,5,5,5,5,5,5,5,5,5,5,5,5,5,5,5,5,5,5,5,5,5,5,5,At-Risk
HS2026006,2.81,0.89,0.73,0.71,0.56,0.89,Rarely,24-26 years,Male,200,BSc Nursing,Very low income,Sometimes (monthly),Yes - fewer than 10 hours/week,More than 4 hours,Less than 4 hours,Very low risk,5,5,3,4,5,5,5,4,5,5,5,4,5,5,5,5,4,5,5,5,5,5,5,4,5,5,5,5,4,5,5,5,5,5,5,5,5,5,5,5,5,5,At-Risk
HS2026007,3.05,0.79,0.79,0.8,0.67,0.85,Rarely,24-26 years,Female,200,BSc Nursing,Very low income,Sometimes (monthly),Yes - fewer than 10 hours/week,Less than 1 hour,4-5 hours,Very low risk,5,5,4,4,5,5,5,5,5,5,5,5,4,4,5,5,5,5,5,5,5,5,5,5,5,4,5,5,5,5,5,4,5,5,5,5,5,4,5,5,5,4,Not At-Risk
HS2026008,2.5,0.34,0.75,0.75,0.79,0.69,Rarely,18-20 years,Female,200,BSc Nursing,Middle income,Sometimes (monthly),Yes - more than 20 hours/week,2-3 hours,Less than 4 hours,Very low risk,5,5,4,4,5,5,5,5,5,5,4,4,5,5,5,5,5,4,4,5,5,5,5,3,5,4,4,5,5,5,3,5,4,5,4,5,4,5,5,3,5,5,At-Risk
HS2026009,1.95,0.32,0.68,0.68,0.49,0.73,Almost never,24-26 years,Male,200,BSc Nursing,Middle income,Never,No,More than 4 hours,5-6 hours,Low risk,5,5,5,5,5,5,5,5,5,5,5,5,5,5,5,4,5,5,5,4,5,5,5,5,5,5,4,5,5,5,5,5,5,5,5,5,4,5,5,5,5,4,At-Risk
HS2026010,2.17,0.57,0.77,0.73,0.65,0.69,Sometimes,21-23 years,Female,200,BSc Nursing,Middle income,Often (weekly),No,1-2 hours,6-7 hours,High risk,5,4,3,5,4,3,3,2,3,2,4,2,2,1,3,3,2,3,5,5,3,3,2,4,5,2,5,4,5,3,4,2,3,2,1,2,2,3,3,2,2,3,At-Risk
HS2026011,2.6,0.67,0.63,0.68,0.63,0.68,Sometimes,27-29 years,Male,200,BSc Nursing,Middle income,Sometimes (monthly),Yes - more than 20 hours/week,1-2 hours,More than 8 hours,High risk,2,2,2,2,1,1,1,1,2,2,2,2,2,2,5,5,4,3,3,5,3,3,2,2,2,2,2,3,3,3,3,3,3,3,3,2,3,3,3,2,1,1,At-Risk
HS2026012,1.63,0.89,0.6,0.78,0.66,0.84,Rarely,27-29 years,Female,200,BSc Nursing,Middle income,Never,No,1-2 hours,7-8 hours,Low risk,4,4,4,4,4,4,4,4,4,4,4,4,4,4,4,4,4,4,4,4,4,4,5,5,5,5,4,5,5,4,4,5,4,5,4,3,3,3,3,3,3,3,At-Risk
HS2026013,3.48,0.45,0.8,0.8,0.89,0.78,Rarely,24-26 years,Female,200,BSc Nursing,Upper-middle income,Rarely (once or twice a semester),Yes - 10-20 hours/week,Less than 1 hour,6-7 hours,Low risk,3,3,3,3,4,2,2,4,2,2,2,3,2,3,2,3,3,3,3,3,2,3,3,3,2,3,3,3,3,2,2,2,2,3,2,3,2,3,3,3,2,3,Not At-Risk
HS2026014,2.78,0.77,0.81,0.81,0.72,0.7,Rarely,24-26 years,Female,200,BSc Nursing,Middle income,Rarely (once or twice a semester),No,1-2 hours,5-6 hours,Moderate risk,4,5,4,1,3,3,3,4,5,3,4,1,5,2,5,3,4,5,4,5,4,3,2,4,4,4,3,3,4,4,4,5,3,5,1,2,3,3,2,3,3,3,At-Risk
HS2026015,3.33,0.87,0.8,0.8,0.81,0.9,Rarely,18-20 years,Female,200,BSc Nursing,Middle income,Often (weekly),No,1-2 hours,7-8 hours,Low risk,3,2,2,2,2,2,3,3,3,3,3,3,3,2,3,4,3,4,4,4,2,1,3,3,4,2,2,3,4,4,3,4,4,4,5,5,5,3,4,4,3,3,Not At-Risk
HS2026016,3.13,0.86,0.8,0.8,0.63,1,Almost never,21-23 years,Female,200,BSc Nursing,High income,Rarely (once or twice a semester),No,1-2 hours,6-7 hours,Very low risk,3,5,4,1,3,3,2,3,5,3,4,2,5,2,5,3,4,5,5,5,2,3,4,3,3,4,2,4,5,3,2,3,3,3,1,1,2,2,2,2,1,1,Not At-Risk
HS2026017,3.33,0.6,0.64,0.64,0.77,0.79,Sometimes,27-29 years,Female,200,BSc Nursing,Low income,Never,Yes - fewer than 10 hours/week,1-2 hours,5-6 hours,High risk,5,5,5,3,4,3,3,4,5,4,5,2,3,2,2,5,4,2,2,1,2,2,2,5,3,4,5,5,5,5,4,4,2,4,1,2,4,3,2,3,3,2,Not At-Risk
HS2026018,2.55,0.68,0.72,0.72,0.83,0.96,Sometimes,21-23 years,Female,200,BSc Nursing,Middle income,Often (weekly),No,1-2 hours,6-7 hours,Moderate risk,3,5,3,1,3,3,3,3,5,3,4,2,5,2,4,3,4,4,5,4,3,4,4,4,3,4,4,5,4,4,4,4,2,3,2,1,2,2,2,2,2,2,At-Risk
HS2026019,2.97,0.93,0.66,0.66,0.52,0.92,Rarely,21-23 years,Female,200,BSc Nursing,Upper-middle income,Rarely (once or twice a semester),No,2-3 hours,6-7 hours,Low risk,4,5,3,1,2,2,2,3,5,2,4,1,5,2,4,4,4,4,4,4,1,3,4,4,2,4,3,4,4,3,4,4,2,3,2,1,2,2,2,2,2,2,Not At-Risk
HS2026020,3.53,0.82,0.82,0.82,0.91,1,Rarely,24-26 years,Male,200,BSc Nursing,Upper-middle income,Often (weekly),No,2-3 hours,4-5 hours,Low risk,2,3,3,1,3,2,2,3,5,2,5,1,5,1,4,4,4,4,4,5,2,3,5,2,2,4,2,3,2,3,4,4,2,3,1,1,2,2,2,1,2,1,Not At-Risk
HS2026021,3.58,0.89,0.76,0.76,0.76,0.89,Rarely,21-23 years,Female,200,BSc Nursing,Middle income,Rarely (once or twice a semester),No,1-2 hours,6-7 hours,Low risk,3,4,3,1,2,2,2,3,5,5,4,2,5,2,4,3,4,5,5,5,2,3,2,3,3,4,3,4,3,5,5,5,2,3,1,1,2,2,1,2,3,1,At-Risk
HS2026022,3.26,0.86,0.83,0.83,0.83,0.93,Rarely,24-26 years,Female,200,BSc Nursing,Low income,Never,No,3-4 hours,4-5 hours,Very low risk,2,3,2,1,2,2,2,2,5,2,5,1,5,2,5,2,2,4,5,5,2,5,5,3,2,4,2,4,4,4,4,4,2,4,1,1,2,2,2,2,2,1,Not At-Risk
HS2026023,3.13,0.76,0.92,0.92,0.65,0.8,Almost never,21-23 years,Male,200,BSc Nursing,Middle income,Often (weekly),No,2-3 hours,5-6 hours,Moderate risk,5,4,4,1,2,2,2,2,5,4,5,2,4,2,4,5,4,4,5,4,3,4,5,3,3,2,2,4,4,3,5,5,4,4,1,2,2,2,2,1,2,2,Not At-Risk
HS2026024,3.25,0.85,0.84,0.84,0.67,0.8,Sometimes,24-26 years,Female,300,BSc Nursing,Middle income,Rarely (once or twice a semester),No,2-3 hours,4-5 hours,Moderate risk,5,4,4,2,3,2,2,3,5,3,4,2,5,2,5,4,4,5,5,5,4,5,3,2,3,4,3,4,4,5,4,5,3,3,2,2,2,1,2,2,1,1,Not At-Risk
HS2026025,2.81,0.66,0.69,0.69,0.55,0.89,Sometimes,27-29 years,Female,300,BSc Nursing,Middle income,Often (weekly),Yes - 10-20 hours/week,2-3 hours,6-7 hours,Moderate risk,5,3,4,2,3,3,3,3,4,2,5,1,5,2,3,3,3,4,5,4,3,4,5,3,3,4,2,5,3,3,5,5,3,3,1,1,2,2,2,3,3,1,At-Risk
HS2026026,2.83,0.8,0.8,0.89,0.55,0.93,Rarely,30-35 years,Male,300,BSc Nursing,Middle income,Sometimes (monthly),No,1-2 hours,4-5 hours,Moderate risk,2,2,3,3,3,1,1,3,2,3,1,2,2,2,4,4,4,4,4,4,4,2,2,1,1,4,2,1,2,1,2,1,1,2,2,1,1,2,2,1,1,2,Not At-Risk
HS2026027,2.53,0.8,0.9,0.93,0.6,0.9,Rarely,27-29 years,Female,300,BSc Nursing,Middle income,Sometimes (monthly),No,1-2 hours,4-5 hours,Moderate risk,2,2,3,3,3,2,2,3,2,3,2,3,3,2,4,4,4,4,4,4,4,4,2,2,2,4,2,2,2,2,2,2,2,2,2,2,2,2,2,2,2,2,At-Risk
HS2026028,3.44,0.8,0.9,0.8,0.8,0.79,Rarely,21-23 years,Male,300,BSc Nursing,Middle income,Rarely (once or twice a semester),No,2-3 hours,4-5 hours,Very low risk,2,2,2,3,3,3,1,1,5,3,5,2,5,1,4,3,2,2,4,4,1,2,2,5,4,2,4,2,3,2,2,4,4,5,1,1,2,1,2,1,1,2,Not At-Risk
HS2026029,2.53,0.8,0.92,0.8,0.86,0.67,Rarely,24-26 years,Female,300,BSc Nursing,Middle income,Sometimes (monthly),No,2-3 hours,4-5 hours,Low risk,2,2,2,2,2,4,4,2,4,2,4,4,4,2,1,2,2,3,4,2,1,2,2,3,4,4,4,3,4,2,3,2,2,2,2,1,2,1,2,1,1,2,At-Risk
HS2026030,3.17,0.8,0.78,0.89,0.8,0.72,Almost never,27-29 years,Male,300,BSc Nursing,Middle income,Rarely (once or twice a semester),No,2-3 hours,4-5 hours,Low risk,3,2,3,2,3,4,2,3,2,4,2,1,3,4,2,1,2,1,2,1,2,3,2,3,2,4,2,1,4,3,3,3,3,2,1,1,2,2,1,2,2,1,Not At-Risk
HS2026031,2.11,0.8,0.7,0.93,0.95,0.69,Sometimes,27-29 years,Female,300,BSc Nursing,Low income,Sometimes (monthly),Yes - 10-20 hours/week,2-3 hours,5-6 hours,Low risk,2,2,1,1,2,2,2,3,2,2,3,2,3,2,4,4,4,5,4,4,4,3,4,3,2,2,4,2,2,2,2,2,1,2,1,1,1,2,1,1,2,1,At-Risk
HS2026032,3.36,0.63,0.89,0.9,0.99,1,Sometimes,18-20 years,Female,300,BSc Nursing,Middle income,Sometimes (monthly),No,1-2 hours,5-6 hours,Moderate risk,3,4,3,3,3,2,3,3,4,3,3,3,3,2,3,3,4,4,4,5,2,3,3,4,2,3,3,2,3,3,3,2,3,2,2,2,2,2,3,2,3,1,Not At-Risk
HS2026033,2.36,0.64,0.85,0.79,0.96,0.59,Rarely,21-23 years,Female,300,BSc Nursing,Low income,Always,Yes - 10-20 hours/week,Less than 1 hour,4-5 hours,Low risk,3,2,3,4,3,2,3,3,3,3,3,3,3,3,3,2,3,2,3,2,3,3,2,4,3,4,3,3,3,3,3,3,3,3,3,3,4,3,4,3,3,3,At-Risk
HS2026034,2.58,0.88,0.69,0.67,0.92,0.55,Rarely,24-26 years,Male,300,BSc Nursing,Upper-middle income,Never,No,2-3 hours,4-5 hours,Moderate risk,2,3,2,3,2,3,3,3,2,3,3,2,2,3,4,4,3,3,3,4,4,2,3,3,2,2,2,3,4,3,4,5,1,3,3,2,3,3,2,3,2,3,At-Risk
HS2026035,3.28,0.9,0.73,0.72,1,0.96,Rarely,21-23 years,Male,300,BSc Nursing,High income,Never,No,2-3 hours,4-5 hours,Low risk,2,2,2,2,2,2,2,2,3,3,3,3,3,3,3,3,3,4,2,3,2,2,4,2,2,4,2,2,2,2,2,2,2,2,2,2,2,2,2,2,2,2,Not At-Risk
HS2026036,2.17,0.63,0.69,0.69,0.88,0.59,Rarely,18-20 years,Male,300,BSc Nursing,Middle income,Sometimes (monthly),No,1-2 hours,5-6 hours,Low risk,2,1,2,2,3,4,3,1,2,3,2,2,4,2,5,5,4,5,4,5,4,1,2,3,1,5,2,3,2,2,2,3,1,4,2,2,2,2,1,1,1,1,Not At-Risk
HS2026037,1.81,1,0.68,1,0.86,0.93,Almost never,27-29 years,Female,200,BSc Nursing,Upper-middle income,Never,No,2-3 hours,4-5 hours,Low risk,2,2,2,2,2,2,2,2,4,2,4,2,4,2,2,4,4,4,4,4,2,2,4,2,2,4,2,2,2,2,2,2,2,2,2,2,2,2,2,2,2,2,At-Risk
HS2026038,2.43,0.64,0.84,0.59,0.93,0.75,Sometimes,18-20 years,Male,200,BSc Nursing,Low income,Often (weekly),Yes - 10-20 hours/week,1-2 hours,6-7 hours,Moderate risk,3,1,2,2,2,2,2,2,2,2,2,1,1,1,3,3,3,2,1,1,2,2,3,1,2,1,2,1,2,2,1,2,1,1,2,2,2,2,1,1,1,2,At-Risk
HS2026039,3.07,0.64,0.78,0.55,1,0.57,Sometimes,30-35 years,Female,200,BSc Nursing,Middle income,Sometimes (monthly),Yes - 10-20 hours/week,1-2 hours,4-5 hours,Moderate risk,2,2,1,1,2,2,2,2,3,2,2,1,1,2,3,3,3,2,2,1,1,2,4,2,2,2,1,2,2,2,1,1,1,2,1,3,3,2,2,1,1,3,Not At-Risk
HS2026040,2.14,0.8,0.7,0.96,0.84,0.89,Rarely,24-26 years,Female,200,BSc Nursing,Middle income,Sometimes (monthly),No,1-2 hours,4-5 hours,Moderate risk,2,2,2,4,2,2,2,2,4,2,4,2,4,2,4,4,4,4,4,4,2,2,4,2,2,4,2,2,2,2,2,2,2,2,2,2,2,2,2,2,2,2,At-Risk
HS2026041,1.33,0.8,0.9,0.59,0.82,1,Rarely,30-35 years,Female,200,BSc Nursing,Middle income,Rarely (once or twice a semester),No,2-3 hours,5-6 hours,Low risk,2,1,3,1,2,2,2,1,2,2,2,1,3,2,2,1,2,1,2,1,2,3,2,1,2,1,2,2,1,1,2,2,2,2,3,2,2,2,1,1,1,1,At-Risk
HS2026042,1.79,0.8,1,0.93,0.96,0.89,Rarely,30-35 years,Male,200,BSc Nursing,Middle income,Sometimes (monthly),No,1-2 hours,5-6 hours,Moderate risk,4,2,2,2,2,1,3,2,4,2,4,2,4,2,2,2,2,2,3,2,2,2,2,4,4,4,2,2,2,2,2,2,2,2,2,2,2,2,2,2,2,2,Not At-Risk
HS2026043,2.38,0.95,0.79,0.75,0.82,0.89,Rarely,21-23 years,Male,200,BSc Nursing,Middle income,Sometimes (monthly),No,More than 4 hours,5-6 hours,Very low risk,2,1,2,1,1,1,1,1,2,1,4,1,4,1,2,3,3,3,3,3,2,3,2,1,2,1,2,1,1,1,2,2,2,1,1,1,1,1,1,1,1,1,At-Risk
HS2026044,2.67,0.79,0.96,0.57,0.65,0.89,Almost never,27-29 years,Male,200,BSc Nursing,Middle income,Sometimes (monthly),No,2-3 hours,7-8 hours,Very low risk,2,2,2,3,2,2,2,2,3,2,2,1,3,1,4,4,3,3,3,2,2,2,3,1,2,2,3,3,2,3,3,2,2,2,3,1,2,1,2,3,2,2,Not At-Risk
HS2026045,1.57,0.5,0.92,0.89,0.47,0.7,Sometimes,24-26 years,Male,200,BSc Nursing,Middle income,Sometimes (monthly),No,1-2 hours,4-5 hours,Moderate risk,3,2,3,2,3,3,3,4,2,4,3,2,1,3,3,4,2,2,2,2,3,4,1,5,4,2,2,3,3,3,3,3,3,3,2,4,3,4,3,4,3,4,At-Risk
HS2026046,2,0.65,1,1,0.77,0.77,Sometimes,18-20 years,Female,200,BSc Nursing,Low income,Always,No,More than 4 hours,4-5 hours,Low risk,2,3,2,1,1,2,3,3,3,2,2,2,2,2,2,4,4,4,4,4,4,1,5,3,3,4,4,2,2,2,2,2,2,3,1,2,2,2,2,2,2,2,Not At-Risk
HS2026047,2.6,0.49,0.89,0.89,0.72,0.79,Rarely,21-23 years,Female,200,BSc Nursing,Middle income,Sometimes (monthly),No,Less than 1 hour,6-7 hours,High risk,5,4,5,4,5,4,5,4,4,4,5,4,2,4,2,1,2,1,2,2,3,5,5,5,3,3,2,4,4,4,4,4,3,5,4,4,3,3,3,3,3,3,At-Risk
HS2026048,1.17,0.5,0.93,0.89,1,0.69,Rarely,24-26 years,Female,200,BSc Nursing,Upper-middle income,Never,Yes - 10-20 hours/week,Less than 1 hour,6-7 hours,Moderate risk,4,4,4,4,4,4,3,4,4,4,4,4,4,4,2,4,4,4,4,4,2,2,5,1,1,5,4,2,1,2,3,2,2,2,2,2,1,1,2,1,2,2,At-Risk
HS2026049,2.21,0.53,0.8,0.89,0.72,0.6,Rarely,24-26 years,Female,200,BSc Nursing,Upper-middle income,Never,No,1-2 hours,Less than 4 hours,Moderate risk,5,3,3,5,3,3,4,3,3,3,2,3,4,3,2,3,2,1,3,1,3,3,1,5,5,1,1,5,4,5,4,5,3,3,5,5,5,5,4,3,3,3,Not At-Risk
HS2026050,3.74,0.78,0.8,0.7,0.68,0.79,Rarely,27-29 years,Male,200,BSc Nursing,Middle income,Rarely (once or twice a semester),No,2-3 hours,More than 8 hours,High risk,3,3,3,3,3,3,3,3,3,2,3,2,3,2,5,4,4,5,4,4,2,2,5,1,3,5,5,3,4,3,3,4,3,5,3,3,3,3,3,3,3,2,Not At-Risk
HS2026051,1.48,0.95,0.89,0.77,1,0.89,Almost never,18-20 years,Female,200,BSc Nursing,Middle income,Rarely (once or twice a semester),No,3-4 hours,4-5 hours,Low risk,1,1,1,1,1,1,1,1,3,2,4,1,3,1,3,2,2,5,3,5,1,1,4,3,4,3,4,1,4,2,3,3,2,3,1,1,1,1,2,1,2,3,At-Risk
HS2026052,1.74,1,0.93,0.79,0.85,0.91,Sometimes,27-29 years,Female,200,BSc Nursing,High income,Never,Yes - fewer than 10 hours/week,More than 4 hours,5-6 hours,Low risk,1,1,1,1,1,1,1,1,1,1,1,1,1,1,4,5,5,5,5,5,1,5,5,2,1,4,5,1,1,1,2,1,2,2,2,1,1,1,1,1,1,1,At-Risk
HS2026053,2.17,0.66,0.9,0.69,1,0.66,Sometimes,21-23 years,Male,200,BSc Nursing,Low income,Sometimes (monthly),No,3-4 hours,5-6 hours,Moderate risk,2,2,2,4,2,3,1,4,2,4,1,3,3,3,3,5,5,5,5,5,2,3,1,5,4,2,2,1,3,1,2,3,1,2,1,2,2,2,2,2,2,2,At-Risk
HS2026054,3,0.8,0.79,0.6,0.89,1,Rarely,30-35 years,Male,200,BSc Nursing,Middle income,Never,Yes - 10-20 hours/week,3-4 hours,4-5 hours,Very low risk,2,2,2,2,2,2,2,2,3,2,2,2,2,2,4,4,4,4,4,4,1,2,5,1,3,3,3,1,3,3,2,3,2,1,1,2,2,2,2,2,2,2,Not At-Risk
HS2026055,2.9,0.79,0.67,0.79,0.84,0.79,Rarely,27-29 years,Male,200,BSc Nursing,Middle income,Always,Yes - 10-20 hours/week,More than 4 hours,4-5 hours,Moderate risk,2,2,2,2,2,2,2,1,2,2,2,2,4,2,4,2,4,4,4,4,2,1,2,3,2,4,2,2,2,4,4,4,2,2,2,2,2,1,2,2,2,2,Not At-Risk
HS2026056,1.83,0.8,0.72,0.89,0.93,0.7,Rarely,18-20 years,Female,200,BSc Nursing,Low income,Always,No,2-3 hours,5-6 hours,Moderate risk,2,3,2,1,3,2,2,1,3,2,3,4,2,2,3,3,2,1,2,3,2,2,2,2,3,3,2,3,2,2,2,3,2,3,1,1,2,2,2,2,1,2,At-Risk
HS2026057,2.74,0.78,0.69,0.91,0.89,0.93,Rarely,18-20 years,Male,200,BSc Nursing,Middle income,Never,No,More than 4 hours,4-5 hours,Low risk,2,2,2,2,3,1,4,2,3,3,3,2,4,2,4,4,3,3,4,3,2,3,3,3,3,2,3,1,3,2,3,2,2,3,3,2,2,2,2,2,2,1,Not At-Risk
HS2026058,3.05,0.64,1,0.66,0.88,0.9,Almost never,21-23 years,Female,200,BSc Nursing,Upper-middle income,Never,No,3-4 hours,7-8 hours,Moderate risk,3,2,2,1,2,2,2,2,3,3,2,4,3,2,4,3,3,2,3,3,2,3,4,3,2,1,3,2,2,2,3,2,3,4,3,3,2,2,3,2,3,3,Not At-Risk
HS2026059,2.38,0.64,0.59,1,0.87,0.6,Sometimes,21-23 years,Male,200,BSc Nursing,Low income,Sometimes (monthly),Yes - fewer than 10 hours/week,1-2 hours,6-7 hours,Moderate risk,3,2,3,2,1,3,2,2,2,2,4,3,3,2,2,2,1,3,2,3,2,2,3,2,3,4,3,2,3,1,3,3,2,3,2,3,2,3,2,2,1,3,At-Risk
HS2026060,3.07,0.7,0.55,0.79,0.97,0.79,Sometimes,24-26 years,Male,200,BSc Nursing,Middle income,Rarely (once or twice a semester),No,3-4 hours,Less than 4 hours,Moderate risk,2,2,2,2,2,2,2,2,3,2,3,2,2,2,3,3,3,2,2,3,2,2,2,2,2,3,3,3,3,2,3,2,3,4,3,1,1,2,2,2,2,1,Not At-Risk
HS2026061,0.93,0.9,0.96,0.7,0.91,0.87,Rarely,27-29 years,Male,200,BSc Nursing,Upper-middle income,Rarely (once or twice a semester),Yes - 10-20 hours/week,3-4 hours,Less than 4 hours,Moderate risk,4,3,4,4,2,1,2,5,2,3,1,2,3,2,3,2,3,4,3,2,3,3,1,2,2,2,3,1,2,3,2,3,1,2,1,2,3,1,2,3,4,2,At-Risk
HS2026062,2.4,0.75,0.59,0.93,0.92,0.78,Rarely,21-23 years,Male,200,BSc Nursing,Middle income,Sometimes (monthly),Yes - fewer than 10 hours/week,3-4 hours,4-5 hours,Moderate risk,3,2,1,5,4,2,3,1,3,2,3,2,3,4,3,2,5,4,3,2,3,3,2,3,2,3,2,3,5,4,4,2,3,2,1,4,3,2,3,4,3,2,Not At-Risk
HS2026063,2.9,0.66,0.93,0.9,0.97,0.99,Rarely,21-23 years,Male,200,BSc Nursing,High income,Never,No,1-2 hours,7-8 hours,High risk,4,2,4,1,2,2,3,1,3,2,3,3,2,1,3,4,2,4,4,3,3,1,1,2,3,3,2,2,3,2,4,3,2,1,2,2,3,2,3,1,2,3,At-Risk
HS2026064,2.26,0.82,0.75,0.6,0.93,0.88,Rarely,24-26 years,Female,200,BSc Nursing,Middle income,Sometimes (monthly),Yes - fewer than 10 hours/week,3-4 hours,5-6 hours,Moderate risk,4,3,2,2,3,2,2,3,2,3,1,3,2,3,2,3,2,3,4,3,3,4,2,3,4,2,3,2,4,4,4,4,2,4,2,2,3,3,2,3,4,3,At-Risk
HS2026065,1.64,0.76,0.57,0.79,0.9,1,Almost never,24-26 years,Male,200,BSc Nursing,High income,Never,No,3-4 hours,5-6 hours,Low risk,2,1,2,2,1,1,3,3,2,2,4,1,2,2,5,1,4,4,2,5,1,1,4,4,2,4,2,1,1,3,2,3,1,2,1,1,1,1,1,2,2,2,Not At-Risk
HS2026066,3.05,0.83,0.89,0.87,0.86,0.89,Sometimes,21-23 years,Female,200,BSc Nursing,Middle income,Sometimes (monthly),No,2-3 hours,4-5 hours,Moderate risk,3,2,4,4,2,3,2,3,3,3,2,3,3,3,4,2,3,4,2,4,2,4,2,3,5,4,3,3,4,2,2,2,2,4,2,2,1,2,2,2,2,2,Not At-Risk
HS2026067,2.14,0.92,1,0.78,0.84,0.9,Sometimes,30-35 years,Female,200,BSc Nursing,Middle income,Rarely (once or twice a semester),Yes - more than 20 hours/week,1-2 hours,4-5 hours,Low risk,2,2,1,2,2,1,5,1,2,1,5,1,2,1,5,5,2,5,4,5,1,2,2,4,1,2,2,2,4,2,4,3,1,1,1,1,1,1,1,2,2,2,Not At-Risk
HS2026068,2.86,0.84,0.89,0.99,0.6,1,Rarely,21-23 years,Female,200,BSc Nursing,Middle income,Rarely (once or twice a semester),Yes - fewer than 10 hours/week,3-4 hours,6-7 hours,Very low risk,5,1,1,3,5,1,1,3,1,1,2,2,2,2,4,5,5,5,5,5,2,4,5,3,2,5,1,3,1,2,4,5,1,1,1,1,1,1,1,1,1,1,Not At-Risk
HS2026069,2.86,0.69,0.78,0.88,0.85,1,Rarely,21-23 years,Female,200,BSc Nursing,Middle income,Rarely (once or twice a semester),No,1-2 hours,4-5 hours,Low risk,2,2,2,1,2,3,1,2,5,2,4,2,5,2,4,4,2,4,3,5,1,2,2,4,2,4,2,2,4,4,4,3,1,1,1,1,1,1,1,1,1,1,Not At-Risk
HS2026070,2.62,0.89,0.49,1,0.94,0.7,Rarely,24-26 years,Female,200,BSc Nursing,Middle income,Rarely (once or twice a semester),Yes - fewer than 10 hours/week,3-4 hours,6-7 hours,Low risk,1,3,2,2,3,4,2,3,5,3,4,1,1,1,1,1,2,5,2,3,4,5,4,3,3,4,5,1,1,1,1,3,3,3,5,1,2,1,1,1,3,3,At-Risk
HS2026071,2.55,0.93,0.67,0.89,1,0.69,Rarely,30-35 years,Male,200,BSc Nursing,Low income,Sometimes (monthly),Yes - fewer than 10 hours/week,3-4 hours,6-7 hours,High risk,3,4,3,2,2,1,5,4,1,1,2,5,4,3,1,1,2,4,2,1,1,1,1,1,5,4,1,1,1,1,1,1,1,4,4,1,2,3,2,2,3,2,Not At-Risk
HS2026072,2.69,0.8,0.5,0.9,0.93,0.7,Almost never,27-29 years,Male,200,BSc Nursing,Low income,Often (weekly),Yes - fewer than 10 hours/week,Less than 1 hour,6-7 hours,High risk,5,4,2,2,3,1,2,1,3,2,2,4,2,3,3,5,3,4,2,3,1,3,5,2,1,2,3,4,3,2,1,2,1,1,1,1,1,1,2,4,1,1,Not At-Risk
HS2026073,3.19,0.8,0.8,1,0.77,0.69,Sometimes,27-29 years,Female,200,BSc Nursing,Upper-middle income,Rarely (once or twice a semester),No,1-2 hours,6-7 hours,Very low risk,2,3,3,3,2,1,2,3,2,4,2,4,4,2,2,2,3,4,4,4,2,3,2,3,3,4,2,2,3,4,4,3,2,2,2,1,1,1,2,1,1,2,Not At-Risk
HS2026074,2.4,0.89,0.78,1,0.86,0.79,Sometimes,21-23 years,Female,200,BSc Nursing,Low income,Always,Yes - more than 20 hours/week,2-3 hours,6-7 hours,Low risk,1,1,3,5,3,1,1,4,1,1,1,4,4,3,1,3,3,2,1,2,1,1,5,4,3,5,5,1,1,1,1,1,1,4,1,1,1,1,3,5,5,4,Not At-Risk
HS2026075,2.36,0.93,0.35,0.7,0.94,0.69,Rarely,24-26 years,Female,200,BSc Nursing,Low income,Always,Yes - more than 20 hours/week,1-2 hours,More than 8 hours,Low risk,1,1,3,4,3,5,4,3,4,4,3,2,2,2,4,3,5,1,3,1,1,3,1,1,4,2,5,3,3,3,3,2,2,4,4,1,1,1,3,3,4,5,Not At-Risk
HS2026076,3.81,0.9,0.69,0.69,0.95,0.7,Rarely,27-29 years,Male,200,BSc Nursing,Low income,Never,No,3-4 hours,6-7 hours,Low risk,1,1,1,1,2,1,3,4,5,5,2,2,2,2,1,1,1,3,3,2,1,1,3,2,2,3,4,2,2,3,3,2,2,3,3,1,1,2,1,1,1,1,Not At-Risk
HS2026077,2.81,0.79,0.7,0.7,0.72,0.7,Rarely,27-29 years,Female,200,BSc Nursing,Middle income,Sometimes (monthly),No,3-4 hours,More than 8 hours,Moderate risk,2,1,5,1,2,2,3,4,1,2,5,3,3,5,3,3,2,3,3,3,3,4,4,1,1,4,4,3,5,1,2,2,3,4,1,5,3,3,4,5,3,2,Not At-Risk
HS2026078,2.19,0.67,0.7,0.69,1,0.9,Rarely,21-23 years,Male,200,BSc Nursing,Low income,Always,No,3-4 hours,More than 8 hours,Moderate risk,3,3,4,2,4,2,4,4,5,3,2,3,3,4,5,2,1,5,1,1,1,5,3,1,2,3,5,1,4,2,4,2,4,4,5,1,5,3,1,4,2,3,Not At-Risk
HS2026079,2.98,0.72,0.9,0.79,0.77,1,Almost never,30-35 years,Male,200,BSc Nursing,Middle income,Sometimes (monthly),Yes - 10-20 hours/week,2-3 hours,6-7 hours,Moderate risk,2,3,4,2,4,1,1,2,3,1,2,5,3,4,3,3,2,1,1,3,1,2,3,3,2,5,2,1,4,2,4,1,1,2,3,4,5,3,4,2,4,2,Not At-Risk
HS2026080,2.14,0.69,1,0.69,0.91,0.99,Sometimes,27-29 years,Male,200,BSc Nursing,Upper-middle income,Never,No,2-3 hours,5-6 hours,Moderate risk,3,3,5,1,1,3,5,5,1,1,2,2,1,2,4,3,2,1,3,2,1,4,4,1,4,4,5,1,5,1,1,3,5,5,1,1,5,3,1,2,5,3,At-Risk
HS2026081,2.93,1,0.99,0.7,0.94,0.69,Sometimes,18-20 years,Female,200,BSc Nursing,Upper-middle income,Never,No,Less than 1 hour,4-5 hours,Moderate risk,3,3,3,4,3,1,5,4,2,1,4,3,1,5,5,2,2,1,4,3,3,3,2,2,2,2,3,4,3,4,3,1,5,4,2,4,1,5,3,5,3,3,Not At-Risk
HS2026082,2.48,0.59,0.45,0.7,0.75,0.6,Rarely,18-20 years,Male,200,BSc Nursing,Middle income,Rarely (once or twice a semester),No,1-2 hours,6-7 hours,High risk,4,5,5,2,1,2,4,5,2,2,1,1,4,3,1,2,3,3,2,1,5,3,2,1,1,4,2,2,5,2,1,2,4,5,2,4,3,2,1,2,3,4,At-Risk
HS2026083,2.52,0.55,0.7,0.9,0.89,0.79,Rarely,21-23 years,Female,200,BSc Nursing,Middle income,Rarely (once or twice a semester),Yes - fewer than 10 hours/week,More than 4 hours,4-5 hours,Moderate risk,3,5,3,2,5,2,4,3,2,2,4,4,1,4,4,3,3,1,3,5,2,3,3,4,1,5,4,1,3,2,5,2,4,3,2,3,1,4,1,3,5,3,Not At-Risk
HS2026084,3.57,0.96,0.69,1,0.91,0.89,Rarely,21-23 years,Male,200,BSc Nursing,High income,Never,No,Less than 1 hour,Less than 4 hours,Low risk,1,3,5,2,2,1,5,2,1,2,2,4,2,4,4,2,5,2,3,4,1,2,3,4,1,3,1,3,5,2,2,1,5,2,1,3,2,2,3,4,4,1,Not At-Risk
HS2026085,3.19,0.59,0.79,0.7,0.89,0.91,Rarely,24-26 years,Male,200,BSc Nursing,Low income,Sometimes (monthly),Yes - 10-20 hours/week,2-3 hours,6-7 hours,Moderate risk,4,3,4,2,4,4,1,1,2,3,1,3,2,4,4,2,3,4,3,4,3,3,5,5,4,1,1,2,4,2,4,4,1,1,2,2,5,5,3,3,3,4,Not At-Risk
HS2026086,2.43,0.93,0.69,0.77,0.84,0.66,Almost never,27-29 years,Male,200,BSc Nursing,Middle income,Never,Yes - 10-20 hours/week,More than 4 hours,4-5 hours,Low risk,4,5,2,4,3,3,3,4,3,2,5,3,4,4,4,2,3,3,2,3,1,2,2,2,4,3,2,5,2,4,3,3,3,4,3,3,4,2,2,4,3,4,At-Risk
HS2026087,3.57,0.75,0.7,0.79,0.95,1,Sometimes,21-23 years,Male,200,BSc Nursing,Middle income,Always,No,1-2 hours,6-7 hours,Very low risk,2,3,3,2,2,5,1,3,2,3,5,3,3,4,3,4,1,4,2,3,1,1,5,2,3,5,4,2,3,2,2,5,1,3,2,3,3,4,1,2,3,2,Not At-Risk
HS2026088,2.26,0.57,0.72,0.69,0.99,0.79,Sometimes,21-23 years,Male,200,BSc Nursing,Low income,Always,No,1-2 hours,4-5 hours,Low risk,3,1,4,3,2,2,1,2,3,2,4,3,4,2,3,4,3,5,3,1,2,2,1,4,1,2,2,2,4,3,2,2,1,2,3,5,5,3,5,3,5,3,Not At-Risk
HS2026089,1.9,0.89,0.96,0.6,0.91,0.7,Rarely,24-26 years,Female,200,BSc Nursing,Middle income,Never,No,1-2 hours,6-7 hours,Low risk,3,3,2,1,4,5,2,3,2,1,2,1,2,4,3,3,2,3,2,2,5,1,3,2,2,4,1,5,2,1,4,5,2,3,2,1,1,5,4,5,2,3,At-Risk
HS2026090,1.52,1,0.67,0.79,0.78,0.93,Rarely,24-26 years,Male,200,BSc Nursing,Upper-middle income,Never,Yes - fewer than 10 hours/week,Less than 1 hour,4-5 hours,High risk,2,3,4,1,2,3,5,1,2,2,2,5,4,3,1,5,2,3,4,1,1,5,2,1,1,2,3,1,4,1,2,3,5,1,2,3,1,4,3,5,2,2,At-Risk
HS2026091,3.95,0.89,0.8,0.89,0.96,0.9,Rarely,21-23 years,Female,200,BSc Nursing,Low income,Sometimes (monthly),No,1-2 hours,5-6 hours,High risk,4,5,3,2,4,1,2,4,1,1,3,3,1,3,3,5,2,2,4,3,4,2,1,4,3,3,5,1,3,2,4,1,2,4,1,5,5,5,5,1,2,4,Not At-Risk
HS2026092,3.17,0.89,785,0.91,0.86,0.6,Rarely,30-35 years,Female,200,BSc Nursing,Middle income,Rarely (once or twice a semester),Yes - 10-20 hours/week,1-2 hours,4-5 hours,Very low risk,1,2,4,4,1,4,3,3,3,2,1,2,5,3,3,3,2,2,3,3,3,4,5,3,4,4,3,5,4,4,1,4,3,3,3,4,3,4,4,4,1,1,Not At-Risk
HS2026093,2.5,0.89,0.79,0.66,0.84,0.79,Almost never,21-23 years,Female,200,BSc Nursing,Upper-middle income,Rarely (once or twice a semester),Yes - fewer than 10 hours/week,1-2 hours,5-6 hours,Low risk,5,4,2,4,4,2,2,1,3,2,4,1,2,4,4,5,1,1,4,4,5,1,5,3,2,4,1,5,2,4,4,2,2,1,3,3,2,5,3,3,2,5,At-Risk
HS2026094,3.24,0.7,0.64,1,0.88,0.87,Sometimes,21-23 years,Female,200,BSc Nursing,Middle income,Sometimes (monthly),No,1-2 hours,More than 8 hours,Low risk,5,5,1,3,5,4,4,1,2,2,3,1,1,2,1,4,3,1,2,4,4,4,3,3,3,3,3,3,1,3,5,4,4,1,2,5,5,5,3,4,2,5,Not At-Risk
HS2026095,3.6,0.77,0.65,0.79,0.88,0.78,Sometimes,24-26 years,Female,200,BSc Nursing,High income,Never,Yes - fewer than 10 hours/week,1-2 hours,More than 8 hours,Low risk,2,3,3,3,2,4,4,4,4,3,5,4,2,2,3,2,1,2,4,1,3,4,3,2,2,3,3,1,3,3,2,4,4,4,4,3,5,5,2,4,3,2,Not At-Risk
HS2026096,2.95,0.79,1,0.7,0.94,0.9,Rarely,30-35 years,Male,200,BSc Nursing,Middle income,Sometimes (monthly),No,2-3 hours,More than 8 hours,Moderate risk,4,2,2,2,3,5,2,1,3,3,1,2,5,1,3,3,1,3,3,2,5,3,2,1,1,2,4,1,2,2,3,5,2,1,3,2,3,3,2,2,1,4,Not At-Risk
HS2026097,1.69,0.69,0.99,0.93,0.94,0.9,Rarely,27-29 years,Male,200,BSc Nursing,High income,Never,No,2-3 hours,6-7 hours,Moderate risk,3,3,3,3,4,2,2,4,2,2,4,4,2,4,3,5,2,3,2,2,4,2,1,2,2,2,3,2,3,3,4,2,2,4,2,1,3,4,4,2,3,3,Not At-Risk
HS2026098,3.4,0.6,0.8,0.9,0.96,0.92,Rarely,27-29 years,Female,200,BSc Nursing,Middle income,Sometimes (monthly),Yes - more than 20 hours/week,1-2 hours,5-6 hours,Moderate risk,5,3,2,3,4,5,2,1,4,3,5,3,2,4,2,3,2,1,5,2,4,1,2,3,1,2,4,4,2,3,4,5,2,1,4,2,4,4,1,4,1,5,Not At-Risk
HS2026099,2.79,0.79,0.98,0.6,0.93,0.78,Rarely,21-23 years,Female,200,BSc Nursing,Middle income,Rarely (once or twice a semester),Yes - fewer than 10 hours/week,3-4 hours,4-5 hours,Moderate risk,2,3,4,2,2,3,4,2,2,3,4,3,4,1,2,3,3,4,4,4,5,3,3,4,3,5,2,2,4,2,2,3,4,2,2,5,3,4,4,3,4,2,Not At-Risk
HS2026100,2.64,0.89,0.99,0.79,0.95,0.7,Almost never,24-26 years,Female,200,BSc Nursing,Middle income,Rarely (once or twice a semester),No,2-3 hours,6-7 hours,Moderate risk,2,2,3,4,4,3,1,1,4,2,1,3,3,2,4,2,3,5,1,3,3,3,2,2,3,3,2,3,3,4,4,3,1,1,4,4,3,3,3,3,5,2,Not At-Risk
HS2026101,1.98,0.91,1,0.87,0.76,0.89,Sometimes,27-29 years,Male,200,BSc Nursing,Middle income,Rarely (once or twice a semester),Yes - fewer than 10 hours/week,2-3 hours,4-5 hours,High risk,4,3,4,5,2,4,2,1,2,2,3,5,1,4,4,3,1,3,3,4,2,2,2,4,2,3,2,1,4,5,2,4,2,1,2,4,4,4,3,2,3,4,At-Risk
HS2026102,2.86,0.66,0.8,0.78,0.99,0.85,Sometimes,27-29 years,Female,200,BSc Nursing,Middle income,Rarely (once or twice a semester),Yes - fewer than 10 hours/week,2-3 hours,Less than 4 hours,Moderate risk,3,3,4,2,1,2,3,1,3,2,1,2,4,4,1,2,4,4,3,3,5,3,3,2,2,4,5,3,4,2,1,2,3,1,3,4,4,3,4,2,4,3,Not At-Risk
HS2026103,2.93,1,1,0.99,0.94,0.69,Rarely,21-23 years,Male,200,BSc Nursing,Low income,Sometimes (monthly),Yes - fewer than 10 hours/week,1-2 hours,6-7 hours,Low risk,2,4,5,2,3,3,3,2,1,1,4,3,4,3,4,1,1,1,2,3,3,2,5,5,2,3,2,1,5,2,3,3,3,2,1,5,5,5,3,1,3,2,Not At-Risk
HS2026104,2.19,0.79,0.8,0.88,0.73,0.73,Rarely,30-35 years,Male,200,BSc Nursing,Low income,Often (weekly),No,1-2 hours,4-5 hours,Moderate risk,3,3,3,1,3,2,3,2,1,2,3,1,3,4,3,4,2,3,4,3,3,2,2,3,1,4,5,4,3,1,3,2,3,2,1,5,3,3,1,3,2,3,Not At-Risk
HS2026105,2.57,0.7,1,1,0.88,0.69,Rarely,27-29 years,Male,200,BSc Nursing,Upper-middle income,Rarely (once or twice a semester),Yes - more than 20 hours/week,2-3 hours,6-7 hours,Low risk,4,3,5,1,2,1,1,3,3,1,4,4,5,2,4,2,2,2,4,3,3,4,1,3,1,2,3,1,5,1,2,1,1,3,3,4,4,2,3,2,5,4,Not At-Risk
HS2026106,2.45,0.93,0.99,0.89,0.81,0.68,Rarely,18-20 years,Female,200,BSc Nursing,Low income,Always,Yes - more than 20 hours/week,2-3 hours,4-5 hours,Very low risk,1,1,1,3,3,4,1,1,4,2,3,3,1,5,5,1,3,2,5,3,3,2,1,2,3,2,2,3,1,3,3,4,1,1,4,5,2,3,4,2,5,1,Not At-Risk
HS2026107,1.31,0.9,0.45,0.9,0.94,0.84,Almost never,18-20 years,Male,200,BSc Nursing,Low income,Always,No,2-3 hours,6-7 hours,Low risk,2,2,2,2,2,3,1,2,1,1,4,3,1,3,3,2,4,5,3,2,5,2,3,4,1,1,5,3,2,2,2,3,1,2,1,3,5,4,4,3,2,2,At-Risk
HS2026108,1.12,0.6,0.7,1,0.93,0.78,Sometimes,21-23 years,Female,200,BSc Nursing,Low income,Never,No,2-3 hours,4-5 hours,Low risk,1,3,5,2,4,2,3,4,4,1,4,2,5,3,2,3,2,3,1,4,4,4,3,3,4,5,3,4,5,2,4,2,3,4,4,4,2,3,3,3,2,1,At-Risk
HS2026109,3.02,0.79,0.69,1,0.98,0.7,Sometimes,21-23 years,Male,200,BSc Nursing,Middle income,Sometimes (monthly),No,1-2 hours,5-6 hours,High risk,2,3,3,3,3,2,4,4,3,3,2,3,2,4,4,2,3,1,3,3,1,3,3,2,3,3,2,4,3,3,3,2,4,4,3,2,1,3,3,3,3,2,Not At-Risk
HS2026110,1.88,0.87,0.79,0.7,0.98,0.9,Rarely,24-26 years,Male,200,BSc Nursing,Low income,Always,Yes - 10-20 hours/week,Less than 1 hour,4-5 hours,High risk,3,2,4,2,3,3,2,4,3,2,1,2,5,1,3,3,3,5,3,3,4,4,1,3,3,4,2,3,4,2,3,3,2,4,3,3,2,1,1,4,2,3,Not At-Risk
HS2026111,3.35,0.78,0.69,0.69,0.91,1,Rarely,27-29 years,Male,200,BSc Nursing,Middle income,Sometimes (monthly),No,2-3 hours,5-6 hours,Very low risk,5,4,3,1,2,2,3,3,2,2,2,3,4,5,4,2,2,3,1,1,2,5,1,2,4,3,3,4,3,1,2,2,3,3,2,3,4,3,3,2,5,5,Not At-Risk
HS2026112,2.52,0.99,0.7,0.7,0.78,0.79,Rarely,21-23 years,Male,200,BSc Nursing,Upper-middle income,Never,No,2-3 hours,More than 8 hours,Low risk,2,3,2,1,4,2,5,2,2,2,2,1,3,5,2,2,5,3,3,4,4,1,3,1,1,5,5,4,2,1,4,2,5,2,2,3,4,1,4,4,2,2,At-Risk
HS2026113,2.52,0.88,0.72,0.69,1,0.96,Rarely,21-23 years,Male,200,BSc Nursing,Upper-middle income,Never,No,1-2 hours,More than 8 hours,Low risk,3,3,2,3,2,1,1,3,2,2,2,1,4,4,3,2,2,3,1,3,2,1,2,1,1,2,2,1,2,3,2,1,1,3,2,3,3,4,3,4,3,3,At-Risk
HS2026114,2.96,1,0.96,0.79,0.65,0.92,Almost never,24-26 years,Female,200,BSc Nursing,Middle income,Rarely (once or twice a semester),Yes - fewer than 10 hours/week,2-3 hours,More than 8 hours,Low risk,3,3,2,3,5,4,5,1,3,3,3,2,4,5,4,4,1,2,4,4,2,3,2,2,5,4,3,2,2,3,5,4,5,1,3,4,5,5,4,3,5,3,Not At-Risk
HS2026115,2.75,0.89,0.47,0.69,0.62,1,Sometimes,24-26 years,Male,200,BSc Nursing,Middle income,Rarely (once or twice a semester),No,1-2 hours,6-7 hours,Moderate risk,5,5,5,2,2,4,5,5,2,1,3,2,1,3,5,4,5,2,5,2,1,3,4,4,3,3,4,5,5,2,2,4,5,5,2,4,5,4,3,3,3,5,At-Risk
HS2026116,3.31,0.9,0.79,0.7,0.94,0.89,Sometimes,21-23 years,Female,200,BSc Nursing,High income,Never,Yes - 10-20 hours/week,1-2 hours,5-6 hours,Moderate risk,3,3,3,2,3,1,2,3,2,1,4,4,4,4,2,3,3,2,2,3,4,4,3,1,3,2,3,2,3,2,3,1,2,3,2,3,2,2,3,4,3,3,Not At-Risk
HS2026117,3.19,1,0.69,0.7,1,0.9,Rarely,30-35 years,Female,200,BSc Nursing,Low income,Sometimes (monthly),Yes - 10-20 hours/week,1-2 hours,4-5 hours,Moderate risk,4,5,3,4,2,4,2,1,4,1,3,4,2,4,3,5,4,1,2,3,4,2,1,5,3,3,3,4,3,4,2,4,2,1,4,1,3,4,4,5,5,4,Not At-Risk
HS2026118,2.75,1,0.7,0.89,1,1,Rarely,21-23 years,Female,200,BSc Nursing,Middle income,Never,No,2-3 hours,6-7 hours,Moderate risk,2,2,2,3,3,2,2,3,5,2,1,2,3,2,1,2,5,3,2,3,2,1,2,1,3,1,3,4,2,3,3,2,2,3,5,1,1,1,2,3,3,2,At-Risk
HS2026119,2.85,0.7,0.7,0.89,0.83,1,Rarely,21-23 years,Female,200,BSc Nursing,Middle income,Always,No,1-2 hours,4-5 hours,Moderate risk,4,3,3,1,4,1,2,2,3,2,2,3,1,2,1,3,3,3,5,2,3,1,2,3,3,2,3,4,3,1,4,1,2,2,3,4,1,1,4,4,3,4,Not At-Risk
HS2026120,3.5,0.69,0.9,0.89,0.77,0.7,Rarely,24-26 years,Female,200,BSc Nursing,Low income,Always,No,More than 4 hours,Less than 4 hours,High risk,2,1,3,5,5,4,1,3,1,3,3,4,2,4,1,4,4,3,4,2,3,3,2,3,3,3,1,4,3,5,5,4,1,3,1,3,1,2,3,5,1,2,Not At-Risk
HS2026121,3.35,0.7,1,0.7,0.93,0.69,Almost never,30-35 years,Male,200,BSc Nursing,Middle income,Never,Yes - fewer than 10 hours/week,2-3 hours,6-7 hours,Moderate risk,1,3,3,3,1,4,3,1,3,2,3,5,2,5,3,5,2,2,4,2,4,1,2,3,3,2,3,4,3,3,1,4,3,1,3,3,3,2,5,2,1,1,Not At-Risk
HS2026122,3.1,0.69,0.68,0.77,1,0.7,Sometimes,27-29 years,Male,200,BSc Nursing,Upper-middle income,Never,No,1-2 hours,4-5 hours,Low risk,4,4,2,2,1,4,2,3,4,2,3,1,2,3,1,2,1,3,5,3,3,3,2,3,3,2,3,1,2,2,1,4,2,3,4,4,1,4,4,5,1,4,Not At-Risk
HS2026123,2.67,0.79,0.98,0.79,0.91,0.69,Sometimes,27-29 years,Female,200,BSc Nursing,Low income,Sometimes (monthly),Yes - 10-20 hours/week,More than 4 hours,6-7 hours,Moderate risk,2,1,3,3,2,4,3,4,3,3,2,4,2,4,5,2,2,1,3,3,3,2,4,4,3,5,4,4,3,3,2,4,3,4,3,2,2,2,2,3,4,2,Not At-Risk
HS2026124,3.38,0.69,0.78,0.69,0.78,0.79,Rarely,21-23 years,Female,200,BSc Nursing,Middle income,Rarely (once or twice a semester),Yes - fewer than 10 hours/week,Less than 1 hour,4-5 hours,Low risk,2,3,3,1,2,1,2,4,2,3,4,3,3,4,2,1,1,5,2,3,4,2,3,1,3,3,3,1,3,1,2,1,2,4,2,2,1,1,4,2,2,2,Not At-Risk
HS2026125,3,0.7,0.77,0.6,0.86,0.69,Rarely,24-26 years,Female,200,BSc Nursing,Upper-middle income,Rarely (once or twice a semester),No,Less than 1 hour,6-7 hours,Very low risk,3,3,4,2,3,2,2,4,3,2,4,5,4,3,3,3,2,2,1,3,2,3,3,4,4,3,3,2,4,2,3,2,2,4,3,3,4,1,5,4,1,3,At-Risk
HS2026126,2.92,0.7,0.94,0.79,0.71,0.7,Rarely,27-29 years,Male,200,BSc Nursing,Middle income,Sometimes (monthly),Yes - fewer than 10 hours/week,1-2 hours,4-5 hours,Low risk,5,5,3,5,3,3,3,1,5,2,3,3,1,4,5,2,2,3,4,2,2,5,3,4,2,3,2,1,3,5,3,3,3,1,5,3,4,1,3,1,3,5,Not At-Risk
HS2026127,2.35,0.9,0.95,0.89,0.91,0.7,Rarely,27-29 years,Female,200,BSc Nursing,High income,Never,No,2-3 hours,5-6 hours,Low risk,2,4,3,4,4,1,2,2,5,2,2,2,4,4,3,5,3,3,2,3,3,3,2,3,3,4,2,1,3,4,4,1,2,2,5,5,5,4,1,1,2,2,At-Risk
HS2026128,2.63,1,0.67,0.91,0.99,0.9,Almost never,21-23 years,Male,200,BSc Nursing,Middle income,Sometimes (monthly),No,3-4 hours,4-5 hours,High risk,4,3,1,5,3,2,4,2,3,2,5,3,3,3,4,3,2,4,4,1,1,5,2,2,3,1,5,2,1,5,3,2,4,2,3,2,2,4,3,2,5,4,Not At-Risk
HS2026129,3.19,0.7,0.76,0.66,0.97,1,Sometimes,30-35 years,Male,200,BSc Nursing,High income,Never,Yes - more than 20 hours/week,More than 4 hours,5-6 hours,High risk,3,1,2,1,2,1,1,4,1,2,4,1,1,5,5,2,1,1,5,1,4,3,1,4,4,1,1,1,2,1,2,1,1,4,1,5,2,3,5,4,2,3,Not At-Risk
HS2026130,3.48,0.77,1,1,0.62,0.68,Sometimes,27-29 years,Male,200,BSc Nursing,Middle income,Sometimes (monthly),Yes - fewer than 10 hours/week,3-4 hours,More than 8 hours,Very low risk,5,3,4,2,1,2,3,1,4,1,5,4,1,4,4,5,3,3,3,5,1,1,3,5,2,3,2,1,4,2,1,2,3,1,4,1,4,1,2,2,2,5,Not At-Risk
HS2026131,3.19,0.79,1,0.79,0.83,0.98,Rarely,18-20 years,Female,200,BSc Nursing,Middle income,Rarely (once or twice a semester),No,3-4 hours,More than 8 hours,Low risk,2,2,3,3,4,4,5,2,2,1,2,4,5,3,3,4,2,2,4,5,5,1,4,4,3,1,3,4,3,3,4,4,5,2,2,3,2,2,4,1,5,2,Not At-Risk
HS2026132,2.48,0.69,0.7,0.7,0.95,0.78,Rarely,18-20 years,Male,200,BSc Nursing,Middle income,Rarely (once or twice a semester),Yes - fewer than 10 hours/week,More than 4 hours,More than 8 hours,Low risk,3,3,3,1,5,5,2,3,4,2,2,3,4,1,1,5,3,3,2,2,4,3,1,2,4,2,2,3,3,1,5,5,2,3,4,2,1,1,2,3,1,3,Not At-Risk
HS2026133,3.08,0.6,0.69,0.93,1,0.77,Rarely,21-23 years,Female,200,BSc Nursing,Middle income,Rarely (once or twice a semester),Yes - fewer than 10 hours/week,2-3 hours,6-7 hours,Low risk,2,2,2,3,2,1,5,4,3,2,2,2,4,2,5,3,2,3,2,3,4,1,5,5,3,3,1,3,2,3,2,1,5,4,3,1,4,3,3,5,1,2,Not At-Risk
HS2026134,2.42,0.79,0.8,0.9,0.75,0.94,Rarely,21-23 years,Male,200,BSc Nursing,Middle income,Rarely (once or twice a semester),Yes - fewer than 10 hours/week,More than 4 hours,5-6 hours,Moderate risk,4,2,1,4,1,4,3,3,3,3,3,5,5,2,2,1,1,3,3,3,1,2,3,4,2,3,2,3,1,4,1,4,3,3,3,5,3,4,4,3,5,4,At-Risk
HS2026135,3.1,0.89,0.8,0.6,0.92,0.95,Almost never,24-26 years,Male,200,BSc Nursing,Low income,Sometimes (monthly),No,3-4 hours,4-5 hours,Moderate risk,2,2,1,4,5,5,1,1,4,3,3,4,4,4,5,3,1,2,2,2,4,2,5,4,3,2,1,2,1,4,5,5,1,1,4,5,3,2,4,1,5,2,Not At-Risk
HS2026136,3.35,0.91,0.8,0.79,0.84,0.67,Sometimes,27-29 years,Male,200,BSc Nursing,Low income,Often (weekly),Yes - more than 20 hours/week,1-2 hours,6-7 hours,Moderate risk,5,4,3,3,4,2,5,5,4,1,3,4,2,3,3,2,2,3,3,2,1,2,3,2,4,2,2,4,3,3,4,2,5,5,4,3,3,3,3,3,3,5,Not At-Risk
HS2026137,2.69,0.66,0.8,0.87,0.93,0.76,Sometimes,21-23 years,Male,200,BSc Nursing,Upper-middle income,Rarely (once or twice a semester),Yes - more than 20 hours/week,3-4 hours,4-5 hours,Moderate risk,3,3,3,3,3,2,1,5,2,3,2,3,5,1,2,3,3,5,2,1,3,1,2,1,4,2,5,1,3,3,3,2,1,5,2,3,2,2,3,3,1,3,Not At-Risk
HS2026138,3.52,1,0.63,0.78,0.9,1,Rarely,21-23 years,Male,200,BSc Nursing,Low income,Always,No,3-4 hours,Less than 4 hours,Moderate risk,4,2,3,5,3,2,5,3,5,1,3,2,1,3,3,2,5,2,2,1,2,5,1,4,4,2,3,1,3,5,3,2,5,3,5,2,1,1,2,4,1,4,Not At-Risk
HS2026139,2.88,0.79,0.64,0.99,1,1,Rarely,24-26 years,Female,200,BSc Nursing,Low income,Always,No,3-4 hours,6-7 hours,High risk,3,5,2,5,5,3,3,1,4,2,1,2,5,3,4,1,1,3,1,5,4,4,3,3,1,4,2,1,2,5,5,3,3,1,4,1,2,2,2,3,2,3,Not At-Risk
HS2026140,2.96,0.7,0.88,0.88,0.88,0.7,Rarely,24-26 years,Male,200,BSc Nursing,Low income,Never,No,1-2 hours,4-5 hours,Moderate risk,2,4,3,3,1,2,3,5,2,3,4,4,4,2,2,1,3,3,3,2,1,4,2,1,1,1,4,1,3,3,1,2,3,5,2,2,3,1,2,4,4,2,Not At-Risk
HS2026141,3.02,0.93,0.9,1,1,0.69,Rarely,21-23 years,Female,200,BSc Nursing,Middle income,Sometimes (monthly),Yes - 10-20 hours/week,3-4 hours,6-7 hours,Low risk,3,2,5,1,1,5,4,3,4,2,3,1,5,5,3,3,4,5,3,3,1,2,3,2,3,4,4,5,5,1,1,5,4,3,4,3,4,3,5,2,2,3,Not At-Risk
HS2026142,3.08,0.9,0.63,0.89,0.9,0.7,Almost never,30-35 years,Female,200,BSc Nursing,Low income,Always,No,3-4 hours,4-5 hours,Moderate risk,4,1,3,2,3,4,2,5,1,2,2,2,5,1,5,3,1,4,2,2,3,3,2,2,5,4,2,2,3,2,3,4,2,5,1,2,2,3,3,2,3,4,Not At-Risk
HS2026143,2.9,0.6,1,0.9,0.85,0.69,Sometimes,21-23 years,Female,200,BSc Nursing,Middle income,Sometimes (monthly),No,2-3 hours,6-7 hours,Low risk,2,1,2,1,1,3,4,2,4,2,4,3,1,4,5,3,4,2,4,4,1,2,3,1,3,4,5,2,2,1,1,3,4,2,4,2,4,2,3,2,1,2,At-Risk
HS2026144,2.69,0.79,0.64,1,0.77,0.79,Sometimes,21-23 years,Female,200,BSc Nursing,Upper-middle income,Never,No,1-2 hours,4-5 hours,Very low risk,3,2,1,2,4,1,2,2,1,2,3,3,3,1,5,3,1,2,5,4,3,4,3,2,3,5,4,3,1,2,4,1,2,2,1,3,2,2,4,5,3,3,Not At-Risk
HS2026145,2.88,0.87,0.64,1,0.88,0.69,Rarely,24-26 years,Female,200,BSc Nursing,Upper-middle income,Never,Yes - fewer than 10 hours/week,3-4 hours,5-6 hours,Low risk,2,2,2,1,4,4,3,1,2,2,2,3,2,4,1,5,3,5,3,5,2,2,1,3,4,2,3,4,2,1,4,4,3,1,2,5,5,2,3,2,1,2,Not At-Risk
HS2026146,3.02,0.78,0.8,0.7,0.84,1,Rarely,30-35 years,Male,200,BSc Nursing,Middle income,Rarely (once or twice a semester),No,1-2 hours,4-5 hours,Low risk,3,2,2,4,3,3,5,1,4,2,5,2,2,4,3,2,1,2,3,3,4,5,3,3,4,5,1,4,2,4,3,3,5,1,4,2,3,1,4,5,4,3,Not At-Risk
HS2026147,2.67,0.99,0.8,0.69,0.7,0.79,Rarely,27-29 years,Male,200,BSc Nursing,Middle income,Rarely (once or twice a semester),Yes - 10-20 hours/week,3-4 hours,5-6 hours,High risk,4,4,4,1,1,4,3,3,4,3,2,4,3,3,1,4,1,3,5,3,4,3,3,3,4,5,4,1,4,1,1,4,3,3,4,1,3,1,2,3,1,4,Not At-Risk
HS2026148,2.52,0.88,0.8,0.7,0.73,0.9,Rarely,27-29 years,Female,200,BSc Nursing,High income,Never,Yes - 10-20 hours/week,3-4 hours,More than 8 hours,High risk,4,3,5,2,3,4,2,3,5,2,2,5,3,3,2,2,3,4,4,4,4,2,3,1,1,5,3,3,5,2,3,4,2,3,5,1,2,3,2,2,3,4,At-Risk
HS2026149,2.83,1,0.95,0.69,0.92,0.9,Almost never,21-23 years,Female,200,BSc Nursing,Low income,Sometimes (monthly),No,Less than 1 hour,More than 8 hours,Very low risk,1,4,2,3,2,2,4,4,2,2,3,1,3,2,5,5,3,3,3,2,4,3,3,4,3,5,1,2,2,3,2,2,4,4,2,3,4,1,1,5,3,1,At-Risk
HS2026150,3.17,0.89,0.79,0.79,0.69,0.92,Sometimes,24-26 years,Female,200,BSc Nursing,Middle income,Never,No,1-2 hours,More than 8 hours,Low risk,3,4,3,3,2,5,3,1,4,1,3,1,1,3,4,2,2,4,3,5,1,2,5,5,4,2,4,4,3,3,2,5,3,1,4,3,3,4,5,3,4,3,Not At-Risk
HS2026151,3.23,0.9,0.5,0.69,0.89,0.78,Sometimes,27-29 years,Male,200,BSc Nursing,Middle income,Always,No,2-3 hours,6-7 hours,Low risk,4,4,3,2,2,4,1,2,3,2,2,1,3,3,3,4,1,2,3,3,4,4,3,5,2,3,1,4,3,2,2,4,1,2,3,3,2,3,3,2,4,4,Not At-Risk
HS2026152,3.25,1,0.65,0.7,0.73,0.7,Rarely,27-29 years,Female,200,BSc Nursing,Low income,Always,Yes - fewer than 10 hours/week,1-2 hours,5-6 hours,Low risk,2,2,2,3,3,5,1,1,4,1,3,3,2,5,5,3,5,3,5,3,5,2,5,4,5,2,2,3,2,3,3,5,1,1,4,1,3,3,4,2,3,2,At-Risk
HS2026153,3.48,1,0.49,0.89,0.64,0.89,Rarely,21-23 years,Male,200,BSc Nursing,Middle income,Never,No,3-4 hours,4-5 hours,Moderate risk,5,2,3,3,3,4,2,2,4,2,5,5,4,1,1,5,4,5,2,3,3,3,2,2,4,4,2,2,3,3,3,4,2,2,4,1,2,4,3,3,4,5,Not At-Risk
HS2026154,2.92,0.7,0.5,0.7,0.89,0.85,Rarely,30-35 years,Male,200,BSc Nursing,Upper-middle income,Never,Yes - 10-20 hours/week,0,6-7 hours,Moderate risk,4,4,4,3,2,3,1,1,5,2,4,3,2,3,1,4,3,5,2,1,3,5,3,1,1,1,3,3,4,3,2,3,1,1,5,3,1,1,5,5,4,4,Not At-Risk
HS2026155,3.38,0.69,0.53,0.77,0.66,0.69,Rarely,27-29 years,Male,200,BSc Nursing,Low income,Sometimes (monthly),Yes - fewer than 10 hours/week,3-4 hours,4-5 hours,Moderate risk,2,3,2,3,1,5,3,3,2,2,3,4,2,5,5,5,5,1,2,5,4,2,4,4,2,3,4,2,2,3,1,5,3,3,2,2,1,1,2,2,1,2,Not At-Risk
HS2026156,2.63,0.7,0.78,0.79,0.9,0.73,Almost never,18-20 years,Female,200,BSc Nursing,Middle income,Rarely (once or twice a semester),No,2-3 hours,Less than 4 hours,Moderate risk,1,3,1,2,2,1,3,3,1,2,5,3,4,4,3,4,4,4,1,4,1,4,3,5,2,3,1,5,1,2,2,1,3,3,1,2,2,5,4,3,2,1,Not At-Risk
HS2026157,3.19,0.69,0.95,0.69,1,0.69,Sometimes,18-20 years,Male,200,BSc Nursing,Upper-middle income,Rarely (once or twice a semester),Yes - fewer than 10 hours/week,2-3 hours,6-7 hours,Moderate risk,1,2,2,1,5,1,2,3,3,2,4,1,3,3,2,5,3,3,2,1,1,4,2,3,2,1,4,1,2,1,5,1,2,3,3,4,4,3,3,4,5,1,Not At-Risk
HS2026158,3.38,0.79,1,0.6,0.81,0.68,Sometimes,21-23 years,Female,200,BSc Nursing,Middle income,Sometimes (monthly),No,Less than 1 hour,4-5 hours,High risk,2,2,4,2,2,2,1,4,1,3,4,3,4,5,5,5,3,4,2,3,3,5,3,1,3,5,4,2,4,2,2,2,1,4,1,3,1,3,2,3,2,2,Not At-Risk
HS2026159,2.77,0.69,0.66,0.79,1,0.84,Rarely,21-23 years,Male,200,BSc Nursing,High income,Never,No,1-2 hours,6-7 hours,Moderate risk,3,3,2,1,3,4,3,1,3,2,4,1,2,2,4,5,2,3,1,2,3,3,3,1,2,1,5,3,2,1,3,4,3,1,3,1,5,3,3,3,4,3,Not At-Risk
HS2026160,3.04,0.7,0.8,0.89,0.8,0.78,Rarely,24-26 years,Male,200,BSc Nursing,Middle income,Sometimes (monthly),Yes - more than 20 hours/week,More than 4 hours,4-5 hours,Low risk,4,4,4,1,2,4,1,4,4,5,2,1,5,4,5,2,1,5,4,4,5,4,1,3,4,3,4,3,4,1,2,4,1,4,4,2,1,3,1,3,4,4,Not At-Risk
HS2026161,3.15,0.7,0.79,0.91,0.85,0.7,Rarely,27-29 years,Male,200,BSc Nursing,High income,Never,Yes - fewer than 10 hours/week,Less than 1 hour,6-7 hours,Moderate risk,2,4,1,4,3,3,4,5,3,1,4,2,2,2,3,1,2,2,3,5,1,1,2,5,5,4,2,5,1,4,3,3,4,5,3,2,3,3,2,3,4,2,Not At-Risk
HS2026162,3.35,0.89,0.8,0.66,1,0.9,Rarely,21-23 years,Male,200,BSc Nursing,Middle income,Sometimes (monthly),No,2-3 hours,4-5 hours,Low risk,2,3,5,4,2,1,1,5,4,3,3,4,2,2,5,1,4,3,3,4,3,1,5,2,4,2,2,3,5,4,2,1,1,5,4,2,3,3,3,1,4,2,Not At-Risk
HS2026163,2.52,0.89,0.78,1,0.94,1,Almost never,21-23 years,Male,200,BSc Nursing,Middle income,Rarely (once or twice a semester),Yes - fewer than 10 hours/week,More than 4 hours,5-6 hours,Very low risk,4,5,1,3,5,4,3,3,5,3,4,4,3,2,4,5,5,1,5,2,4,5,2,5,5,2,3,3,1,3,5,4,3,3,5,2,3,3,2,3,4,4,Not At-Risk
HS2026164,3.17,0.89,0.64,0.79,1,0.79,Sometimes,24-26 years,Female,200,BSc Nursing,Middle income,Rarely (once or twice a semester),Yes - fewer than 10 hours/week,1-2 hours,4-5 hours,Low risk,5,4,3,5,3,4,4,2,3,4,4,1,5,3,4,2,4,2,3,3,3,3,1,4,4,4,4,4,3,5,3,4,4,2,3,2,3,3,2,3,1,5,Not At-Risk
HS2026165,2.56,0.7,0.64,0.7,0.9,0.96,Sometimes,24-26 years,Male,200,BSc Nursing,Middle income,Rarely (once or twice a semester),Yes - fewer than 10 hours/week,1-2 hours,5-6 hours,Low risk,3,4,1,1,3,1,3,2,1,1,1,4,3,3,2,3,3,3,4,2,1,5,3,3,3,1,4,1,1,1,3,1,3,2,1,4,4,3,5,4,4,3,Not At-Risk
HS2026166,2.77,0.77,0.7,0.93,0.81,0.92,Rarely,21-23 years,Female,200,BSc Nursing,Middle income,Rarely (once or twice a semester),No,1-2 hours,More than 8 hours,High risk,4,5,1,4,2,1,1,4,3,2,2,5,2,1,1,1,2,4,3,4,1,3,1,1,2,1,5,3,1,4,2,1,1,4,3,3,1,3,3,3,1,4,Not At-Risk
HS2026167,2.81,0.79,0.9,0.9,0.84,1,Rarely,30-35 years,Female,200,BSc Nursing,Low income,Sometimes (monthly),Yes - more than 20 hours/week,Less than 1 hour,More than 8 hours,High risk,2,3,5,4,3,3,3,5,2,4,5,1,5,4,5,3,3,4,2,2,5,3,3,2,1,1,2,1,5,4,3,3,3,5,2,3,4,4,3,3,2,2,At-Risk
HS2026168,2.58,0.69,0.75,1,0.86,0.89,Rarely,21-23 years,Female,200,BSc Nursing,Low income,Often (weekly),Yes - more than 20 hours/week,1-2 hours,More than 8 hours,Very low risk,2,3,3,2,2,1,2,3,4,1,4,3,3,1,2,3,3,3,2,2,2,3,3,5,2,2,2,2,3,2,2,1,2,3,4,3,4,2,3,2,1,2,Not At-Risk
HS2026169,3.56,0.6,0.66,1,1,0.92,Rarely,21-23 years,Female,200,BSc Nursing,Upper-middle income,Rarely (once or twice a semester),No,1-2 hours,6-7 hours,Low risk,5,4,3,4,4,5,3,1,3,3,4,3,1,4,2,4,2,4,4,3,2,2,4,2,3,1,4,3,3,4,4,5,3,1,3,2,3,3,4,2,1,5,Not At-Risk
HS2026170,3.06,0.79,0.82,0.7,1,0.78,Almost never,24-26 years,Female,200,BSc Nursing,Low income,Always,No,1-2 hours,5-6 hours,Low risk,3,4,3,1,4,4,4,4,5,3,3,1,1,3,4,5,1,3,1,5,3,2,3,2,2,4,2,3,3,1,4,4,4,4,5,2,2,3,1,5,2,3,Not At-Risk
HS2026171,3.04,0.89,0.76,0.69,0.76,0.7,Sometimes,30-35 years,Male,200,BSc Nursing,Low income,Always,No,1-2 hours,4-5 hours,Low risk,4,4,5,3,2,2,1,3,3,4,2,1,3,4,4,4,3,4,4,5,2,1,3,2,4,2,5,2,5,3,2,2,1,3,3,1,4,4,1,1,1,4,Not At-Risk
HS2026172,3.33,0.91,0.83,0.7,0.82,0.89,Sometimes,27-29 years,Male,200,BSc Nursing,Low income,Never,Yes - 10-20 hours/week,1-2 hours,6-7 hours,Moderate risk,4,5,4,4,3,3,2,3,3,3,2,3,3,1,2,3,3,1,4,1,5,4,2,5,3,4,4,3,4,4,3,3,2,3,3,3,5,2,3,2,1,4,Not At-Risk
HS2026173,3.19,0.66,0.92,0.69,0.86,0.85,Rarely,27-29 years,Female,200,BSc Nursing,Middle income,Sometimes (monthly),No,2-3 hours,4-5 hours,Moderate risk,3,3,5,2,3,4,3,4,4,4,4,4,4,2,5,4,4,5,2,4,1,3,1,1,2,1,3,2,5,2,3,4,3,4,4,4,4,3,1,3,4,3,Not At-Risk
HS2026174,2.85,1,0.84,0.79,0.74,0.69,Rarely,21-23 years,Female,200,BSc Nursing,Low income,Always,No,2-3 hours,Less than 4 hours,Moderate risk,2,5,4,2,2,2,3,4,1,3,3,3,4,2,4,3,4,3,4,2,5,3,3,5,4,5,1,3,4,2,2,2,3,4,1,1,2,4,2,2,3,2,Not At-Risk
HS2026175,3.19,0.79,0.69,0.69,0.95,0.73,Rarely,24-26 years,Female,200,BSc Nursing,Middle income,Sometimes (monthly),No,1-2 hours,6-7 hours,Moderate risk,3,5,2,2,2,2,4,4,3,4,4,4,4,4,4,3,2,3,2,5,4,4,3,2,2,2,5,1,2,2,2,2,4,4,3,5,5,3,3,1,3,3,Not At-Risk
HS2026176,2.65,0.7,0.89,1,0.96,0.69,Rarely,27-29 years,Male,200,BSc Nursing,Upper-middle income,Never,Yes - fewer than 10 hours/week,3-4 hours,4-5 hours,Moderate risk,3,3,4,5,2,4,3,3,4,2,4,5,1,2,2,3,1,3,3,3,2,2,2,3,3,4,3,2,4,5,2,4,3,3,4,3,4,2,3,2,3,3,Not At-Risk
HS2026177,3.02,0.93,0.93,0.79,0.77,0.68,Almost never,27-29 years,Female,200,BSc Nursing,Upper-middle income,Never,No,2-3 hours,6-7 hours,High risk,5,1,2,2,1,3,4,2,4,5,1,1,3,5,4,2,3,1,3,3,1,2,4,1,4,1,2,3,2,2,1,3,4,2,4,5,4,3,2,1,2,5,Not At-Risk
HS2026178,2.17,0.9,0.8,0.9,0.95,0.84,Sometimes,21-23 years,Male,200,BSc Nursing,Middle income,Rarely (once or twice a semester),Yes - 10-20 hours/week,2-3 hours,4-5 hours,Moderate risk,2,2,5,4,4,5,3,1,4,4,3,1,2,2,2,4,2,2,3,1,4,1,3,3,5,3,2,1,5,4,4,5,3,1,4,3,2,4,2,2,4,2,Not At-Risk
HS2026179,3.08,0.6,0.8,0.9,0.98,0.78,Sometimes,30-35 years,Male,200,BSc Nursing,Middle income,Rarely (once or twice a semester),Yes - 10-20 hours/week,2-3 hours,6-7 hours,Low risk,1,2,4,4,5,1,1,1,3,5,1,3,4,2,4,4,4,3,3,2,5,5,4,4,1,3,2,1,4,4,5,1,1,1,3,2,1,4,2,5,1,1,Not At-Risk
HS2026180,3.04,0.79,0.89,0.92,0.88,0.7,Rarely,27-29 years,Male,200,BSc Nursing,High income,Never,No,1-2 hours,4-5 hours,Moderate risk,4,4,3,2,4,2,5,4,1,3,2,4,5,3,5,3,5,2,2,2,4,4,2,4,4,3,2,2,3,2,4,2,5,4,1,1,4,4,2,3,1,4,Not At-Risk
HS2026181,2.3,0.87,0.93,0.78,0.94,0.9,Rarely,18-20 years,Female,200,BSc Nursing,Low income,Sometimes (monthly),No,1-2 hours,5-6 hours,Low risk,3,3,5,3,2,2,2,4,1,2,2,5,4,2,4,4,4,4,2,1,2,1,4,4,2,2,2,4,5,3,2,2,2,4,1,3,3,1,4,2,1,3,Not At-Risk
HS2026182,3.35,0.92,0.9,0.7,0.97,1,Rarely,18-20 years,Male,200,BSc Nursing,Middle income,Never,No,2-3 hours,4-5 hours,Very low risk,1,3,4,4,2,3,3,3,2,4,3,4,5,2,5,2,3,5,3,3,3,3,2,4,3,1,3,2,4,4,2,3,3,3,2,2,1,1,1,4,1,1,Not At-Risk
HS2026183,2.31,0.78,0.79,0.89,1,0.79,Rarely,21-23 years,Female,200,BSc Nursing,Middle income,Always,Yes - fewer than 10 hours/week,2-3 hours,5-6 hours,Low risk,5,3,4,5,4,4,3,2,5,4,3,3,4,5,1,3,2,5,5,4,1,2,4,4,1,1,3,3,4,5,4,4,3,2,5,3,2,3,4,4,5,5,Not At-Risk
HS2026184,3.15,0.7,0.67,0.85,0.77,0.96,Almost never,21-23 years,Male,200,BSc Nursing,Low income,Always,No,2-3 hours,More than 8 hours,Low risk,3,2,3,5,5,4,3,3,3,3,4,3,3,3,2,3,3,3,2,2,4,1,3,4,2,4,2,4,3,5,5,4,3,3,3,2,2,5,4,2,2,3,Not At-Risk
HS2026185,2.48,0.89,0.72,0.69,0.82,0.92,Sometimes,24-26 years,Male,300,BSc Nursing,Middle income,Never,Yes - 10-20 hours/week,2-3 hours,More than 8 hours,High risk,4,3,1,1,3,3,1,3,3,2,2,3,4,2,4,3,2,3,4,5,3,3,4,1,4,3,2,2,1,1,3,3,1,3,3,3,1,3,4,5,2,4,Not At-Risk
HS2026186,1.6,0.85,0.69,0.73,0.92,1,Sometimes,27-29 years,Male,300,BSc Nursing,Upper-middle income,Never,Yes - fewer than 10 hours/week,1-2 hours,More than 8 hours,High risk,2,4,2,3,2,3,3,4,3,1,3,1,4,5,3,2,2,2,1,1,2,2,4,1,1,3,3,2,2,3,2,3,3,4,3,3,2,3,5,4,3,2,At-Risk
HS2026187,1.88,0.69,1,0.69,0.66,0.89,Rarely,21-23 years,Male,300,BSc Nursing,Low income,Sometimes (monthly),No,Less than 1 hour,6-7 hours,Very low risk,3,3,3,5,2,3,4,4,5,1,1,5,3,2,1,1,3,2,3,3,2,2,4,4,4,5,1,2,3,5,2,3,4,4,5,1,3,4,2,3,4,3,Not At-Risk
HS2026188,1.69,0.73,0.59,0.68,0.89,0.93,Rarely,21-23 years,Male,300,BSc Nursing,Middle income,Rarely (once or twice a semester),Yes - fewer than 10 hours/week,2-3 hours,5-6 hours,Low risk,3,3,4,1,2,3,2,4,1,3,5,1,4,4,3,2,3,5,2,3,3,2,1,1,1,2,5,3,4,1,2,3,2,4,1,3,3,4,5,1,4,3,Not At-Risk
HS2026189,1.6,0.69,0.55,0.84,0.82,0.8,Rarely,24-26 years,Female,300,BSc Nursing,Upper-middle income,Rarely (once or twice a semester),No,2-3 hours,4-5 hours,Low risk,4,2,3,5,1,5,3,2,3,4,4,1,4,3,3,5,2,5,3,2,4,2,5,3,1,2,1,4,3,5,1,5,3,2,3,3,3,4,5,4,1,4,At-Risk
HS2026190,2.79,0.68,0.96,0.78,0.95,0.8,Rarely,24-26 years,Male,300,BSc Nursing,Middle income,Sometimes (monthly),No,1-2 hours,6-7 hours,Low risk,1,1,5,1,3,1,3,4,2,4,5,4,3,1,5,2,1,3,3,1,1,2,3,3,3,1,4,1,5,1,3,1,3,4,2,3,1,1,5,3,3,1,At-Risk
HS2026191,2.26,0.84,0.59,0.7,0.82,0.89,Almost never,21-23 years,Female,300,BSc Nursing,High income,Never,Yes - more than 20 hours/week,2-3 hours,4-5 hours,Moderate risk,5,1,3,4,1,3,2,3,3,2,4,1,3,5,2,3,4,2,2,4,1,5,5,1,2,2,4,4,3,4,1,3,2,3,3,3,4,3,5,1,2,5,Not At-Risk
HS2026192,2.5,0.78,0.93,0.9,0.76,0.93,Sometimes,30-35 years,Female,300,BSc Nursing,Middle income,Sometimes (monthly),Yes - fewer than 10 hours/week,1-2 hours,Less than 4 hours,Moderate risk,4,1,3,2,4,2,2,3,2,2,2,2,1,5,4,2,4,2,3,1,1,4,3,2,3,4,5,2,3,2,4,2,2,3,2,5,5,4,2,4,4,4,At-Risk
HS2026193,1.07,0.7,0.75,1,0.79,0.9,Sometimes,21-23 years,Female,300,BSc Nursing,High income,Never,No,1-2 hours,6-7 hours,Moderate risk,3,3,2,4,3,4,2,4,3,2,2,5,1,2,1,1,5,1,4,4,3,1,4,2,3,1,5,4,2,4,3,4,2,4,3,3,5,2,3,1,4,3,At-Risk
HS2026194,1.31,0.9,0.57,0.79,0.86,0.79,Rarely,21-23 years,Female,300,BSc Nursing,Middle income,Sometimes (monthly),Yes - fewer than 10 hours/week,1-2 hours,4-5 hours,Moderate risk,2,2,2,1,5,1,2,3,2,3,3,3,3,3,1,3,2,3,1,3,1,3,3,2,3,4,4,4,2,1,5,1,2,3,2,5,4,5,2,2,3,2,Not At-Risk
HS2026195,3.88,1,0.89,0.96,0.82,0.67,Rarely,24-26 years,Female,300,BSc Nursing,Middle income,Rarely (once or twice a semester),Yes - fewer than 10 hours/week,2-3 hours,6-7 hours,Moderate risk,1,2,2,4,1,3,2,4,2,1,4,1,4,5,2,5,1,4,2,4,3,1,2,3,3,2,4,4,2,4,1,3,2,4,2,2,2,4,4,2,2,1,At-Risk
HS2026196,0.98,0.79,1,0.92,1,0.72,Rarely,30-35 years,Male,300,BSc Nursing,Middle income,Rarely (once or twice a semester),Yes - fewer than 10 hours/week,1-2 hours,4-5 hours,High risk,5,3,4,4,4,5,2,1,2,3,1,2,4,4,2,3,2,1,3,2,4,2,2,2,4,2,4,3,4,4,4,5,2,1,2,3,1,1,1,3,3,5,At-Risk
HS2026197,2.55,0.96,0.89,1,0.91,0.69,Rarely,27-29 years,Male,300,BSc Nursing,Middle income,Rarely (once or twice a semester),No,More than 4 hours,6-7 hours,Moderate risk,1,2,3,5,3,5,3,1,4,1,4,2,2,4,1,2,3,2,2,3,3,2,2,1,4,4,3,4,3,5,3,5,3,1,4,4,4,2,3,4,2,1,Not At-Risk
HS2026198,2.9,0.92,0.89,0.89,0.77,1,Almost never,27-29 years,Female,300,BSc Nursing,Middle income,Rarely (once or twice a semester),Yes - more than 20 hours/week,2-3 hours,4-5 hours,Low risk,1,4,5,3,1,3,3,2,3,3,3,4,3,2,2,2,4,2,5,4,2,2,5,2,1,3,2,5,5,3,1,3,3,2,3,3,5,2,3,1,5,1,Not At-Risk
HS2026199,1.83,1,0.89,0.92,1,0.59,Sometimes,21-23 years,Female,300,BSc Nursing,Low income,Sometimes (monthly),Yes - more than 20 hours/week,1-2 hours,5-6 hours,Moderate risk,1,2,4,3,2,2,2,4,2,1,3,3,5,2,3,2,1,4,4,5,1,4,5,1,2,4,2,5,4,3,2,2,2,4,2,2,3,2,1,4,1,1,Not At-Risk
HS2026200,2.6,0.89,0.7,0.78,1,0.55,Sometimes,24-26 years,Female,300,BSc Nursing,Low income,Often (weekly),No,More than 4 hours,4-5 hours,Low risk,1,4,2,2,1,4,3,3,3,2,2,2,5,5,3,4,4,2,3,2,2,3,4,3,4,2,5,3,2,2,1,4,3,3,3,3,1,3,5,4,2,1,At-Risk
HS2026201,3.43,0.92,0.77,0.7,0.92,0.96,Rarely,27-29 years,Male,300,BSc Nursing,Upper-middle income,Rarely (once or twice a semester),No,Less than 1 hour,5-6 hours,Very low risk,2,3,2,1,3,2,2,2,1,4,2,4,4,1,5,2,2,2,5,4,3,3,4,2,4,2,1,4,2,1,3,2,2,2,1,3,1,2,1,5,3,2,At-Risk
HS2026202,3.14,0.78,0.79,0.89,0.74,0.59,Rarely,27-29 years,Female,300,BSc Nursing,Low income,Always,No,Less than 1 hour,More than 8 hours,Low risk,4,5,2,2,3,5,2,1,4,2,4,3,2,2,5,5,4,2,2,2,5,3,3,2,2,3,1,2,2,2,3,5,2,1,4,1,3,4,3,4,3,4,At-Risk
HS2026203,2.9,0.7,0.69,0.85,0.92,0.93,Rarely,21-23 years,Male,300,BSc Nursing,Low income,Always,Yes - 10-20 hours/week,1-2 hours,More than 8 hours,Low risk,2,2,5,5,4,3,3,1,1,1,4,4,1,3,3,5,3,2,3,1,4,2,2,1,2,4,2,2,5,5,4,3,3,1,1,2,5,5,4,2,5,2,At-Risk
HS2026204,2.33,0.89,0.6,0.69,0.87,0.75,Rarely,30-35 years,Male,300,BSc Nursing,Low income,Never,No,2-3 hours,More than 8 hours,High risk,4,2,1,5,5,5,4,1,3,3,2,4,5,2,3,5,3,2,3,4,5,3,1,3,2,2,4,4,1,5,5,5,4,1,3,5,2,4,2,2,3,4,At-Risk
HS2026205,3.24,0.85,0.79,0.73,1,0.57,Almost never,27-29 years,Male,300,BSc Nursing,Middle income,Sometimes (monthly),No,3-4 hours,6-7 hours,High risk,2,2,4,1,2,1,2,5,2,3,1,4,2,3,3,4,4,2,4,3,2,4,2,5,4,1,3,2,4,1,2,1,2,5,2,2,5,5,2,3,3,2,At-Risk
HS2026206,3.26,0.69,0.89,0.69,0.92,0.89,Sometimes,18-20 years,Female,300,BSc Nursing,Low income,Always,No,More than 4 hours,5-6 hours,Very low risk,5,1,5,1,4,4,3,3,1,5,4,3,4,3,5,3,2,3,2,2,3,2,2,3,1,3,2,4,5,1,4,4,3,3,1,1,4,4,4,4,4,5,At-Risk
HS2026207,2.14,0.73,0.91,0.68,0.93,1,Sometimes,18-20 years,Male,300,BSc Nursing,Middle income,Sometimes (monthly),Yes - fewer than 10 hours/week,3-4 hours,4-5 hours,Low risk,3,1,2,2,3,3,5,2,2,3,1,5,3,3,1,3,2,2,1,1,2,4,1,2,2,1,5,2,2,2,3,3,5,2,2,3,3,3,1,4,1,3,Not At-Risk
HS2026208,3.02,0.69,0.66,0.84,0.92,0.89,Rarely,21-23 years,Female,300,BSc Nursing,Upper-middle income,Never,No,3-4 hours,6-7 hours,Low risk,4,3,4,2,3,3,3,5,3,4,2,1,4,4,1,3,3,4,1,5,3,4,3,3,2,2,3,5,4,2,3,3,3,5,3,1,1,2,1,5,3,4,At-Risk
HS2026209,2.57,0.68,1,0.78,0.93,0.89,Rarely,21-23 years,Male,300,BSc Nursing,Upper-middle income,Never,Yes - 10-20 hours/week,More than 4 hours,4-5 hours,Low risk,4,4,2,5,5,4,3,1,3,2,3,5,1,4,4,2,4,4,2,4,4,5,1,3,4,1,4,3,2,5,5,4,3,1,3,3,2,1,1,2,1,4,At-Risk
HS2026210,2.81,0.84,0.79,0.7,0.89,0.89,Rarely,24-26 years,Male,300,BSc Nursing,Middle income,Rarely (once or twice a semester),Yes - 10-20 hours/week,2-3 hours,Less than 4 hours,Moderate risk,3,2,3,3,1,3,4,3,4,4,2,2,3,1,3,4,3,3,4,4,3,3,3,4,2,3,4,5,3,3,1,3,4,3,4,3,5,2,2,2,2,3,At-Risk
HS2026211,2.55,0.78,0.7,0.9,0.95,0.7,Rarely,27-29 years,Male,300,BSc Nursing,Middle income,Rarely (once or twice a semester),No,More than 4 hours,6-7 hours,Moderate risk,2,3,3,3,1,1,2,2,4,2,5,4,4,1,3,2,2,2,1,4,3,3,1,1,3,2,5,4,3,3,1,1,2,2,4,4,2,3,1,4,3,2,Not At-Risk
HS2026212,1.6,0.7,0.93,1,0.9,0.77,Almost never,21-23 years,Male,300,BSc Nursing,High income,Never,No,3-4 hours,4-5 hours,Moderate risk,5,3,5,1,4,3,3,3,2,3,1,4,2,2,4,3,4,1,2,1,2,3,5,3,4,4,1,1,5,1,4,3,3,3,2,3,2,2,4,2,3,5,At-Risk
HS2026213,2.4,0.9,0.9,0.79,1,0.79,Sometimes,21-23 years,Male,300,BSc Nursing,Low income,Sometimes (monthly),No,1-2 hours,6-7 hours,Moderate risk,1,4,5,2,2,2,4,4,2,1,2,4,1,2,2,1,4,3,4,2,2,2,3,4,1,2,3,2,5,2,2,2,4,4,2,3,2,4,2,5,2,1,At-Risk
HS2026214,1.93,1,0.6,0.96,0.84,0.69,Sometimes,24-26 years,Female,300,BSc Nursing,Middle income,Never,Yes - fewer than 10 hours/week,3-4 hours,4-5 hours,Moderate risk,3,5,3,1,1,3,4,4,2,3,4,5,3,3,1,1,2,3,2,1,3,2,1,4,2,1,3,4,3,1,1,3,4,4,2,2,5,3,4,4,3,3,At-Risk
HS2026215,1.52,0.79,0.79,0.92,0.96,0.6,Rarely,24-26 years,Male,300,BSc Nursing,Middle income,Always,No,3-4 hours,6-7 hours,High risk,2,2,5,3,3,4,2,2,5,1,2,5,3,3,3,3,4,3,3,3,2,3,1,2,3,3,5,4,5,3,3,4,2,2,5,1,1,2,1,3,2,2,Not At-Risk
HS2026216,1.98,0.96,0.87,1,0.87,0.79,Rarely,21-23 years,Female,300,BSc Nursing,Low income,Always,Yes - 10-20 hours/week,3-4 hours,4-5 hours,Moderate risk,1,3,4,5,1,1,5,4,1,4,5,1,2,2,1,4,4,2,3,1,3,4,3,3,2,5,5,4,4,5,1,1,5,4,1,3,5,4,5,1,3,1,Not At-Risk
HS2026217,3.76,0.92,0.78,0.89,0.86,0.89,Rarely,30-35 years,Female,300,BSc Nursing,Middle income,Never,Yes - fewer than 10 hours/week,1-2 hours,5-6 hours,Low risk,5,3,1,3,1,2,3,3,4,1,3,1,4,4,2,1,3,5,1,2,3,3,3,3,1,1,4,4,1,3,1,2,3,3,4,3,2,2,2,5,1,5,At-Risk
HS2026218,2.9,1,0.99,0.93,0.6,0.91,Rarely,21-23 years,Female,300,BSc Nursing,Upper-middle income,Never,No,3-4 hours,4-5 hours,Moderate risk,1,2,3,3,4,2,2,3,1,4,1,2,2,2,1,4,2,1,1,1,1,3,1,3,2,4,5,2,3,3,4,2,2,3,1,2,3,3,4,3,2,1,At-Risk
HS2026219,2.43,0.89,0.88,0.8,0.95,0.66,Almost never,21-23 years,Female,300,BSc Nursing,Low income,Sometimes (monthly),Yes - fewer than 10 hours/week,3-4 hours,5-6 hours,Low risk,3,3,3,3,3,2,4,3,2,1,2,3,4,1,3,1,2,4,3,4,4,3,4,4,4,4,1,4,3,3,3,2,4,3,2,4,1,4,1,2,3,3,At-Risk
HS2026220,2.43,0.93,1,0.8,0.86,1,Sometimes,24-26 years,Female,300,BSc Nursing,Middle income,Rarely (once or twice a semester),No,2-3 hours,More than 8 hours,Very low risk,4,2,3,2,2,3,1,4,2,1,5,3,4,2,1,5,3,2,1,5,5,3,5,3,3,4,1,4,3,2,2,3,1,4,2,3,3,5,3,2,1,4,At-Risk
HS2026221,2.29,0.8,0.89,0.89,0.8,0.79,Sometimes,30-35 years,Male,300,BSc Nursing,Upper-middle income,Rarely (once or twice a semester),No,1-2 hours,More than 8 hours,Low risk,5,3,1,5,5,2,3,3,4,4,1,1,3,1,3,5,1,3,5,3,1,3,4,4,3,2,1,5,1,5,5,2,3,3,4,4,4,1,3,2,1,5,At-Risk
HS2026222,2.05,0.8,0.9,0.93,0.95,0.7,Rarely,27-29 years,Male,300,BSc Nursing,Middle income,Sometimes (monthly),Yes - more than 20 hours/week,3-4 hours,More than 8 hours,Low risk,2,5,1,2,1,4,1,4,3,3,2,2,2,4,3,2,1,4,2,2,3,2,4,4,3,4,4,2,1,2,1,4,1,4,3,2,4,4,3,2,2,2,Not At-Risk
HS2026223,3.74,0.89,1,0.9,0.88,0.93,Rarely,27-29 years,Female,300,BSc Nursing,High income,Never,Yes - fewer than 10 hours/week,1-2 hours,6-7 hours,High risk,3,4,4,3,3,1,3,4,1,4,2,3,3,4,3,4,1,4,3,2,3,4,1,2,3,5,4,5,4,3,3,1,3,4,1,4,4,2,2,2,4,3,At-Risk
HS2026224,3.71,0.93,1,0.79,0.82,0.9,Rarely,21-23 years,Female,300,BSc Nursing,Middle income,Sometimes (monthly),No,3-4 hours,5-6 hours,High risk,2,4,3,2,5,4,3,4,3,3,4,2,1,4,2,3,3,3,2,3,1,3,3,2,4,2,2,1,3,2,5,4,3,4,3,2,4,3,1,3,2,2,At-Risk
HS2026225,3.45,0.9,0.7,0.67,0.96,0.6,Rarely,24-26 years,Female,300,BSc Nursing,High income,Never,Yes - fewer than 10 hours/week,3-4 hours,4-5 hours,Very low risk,3,4,2,5,5,3,3,2,3,5,2,5,3,3,4,5,1,1,4,5,4,1,4,5,5,5,3,3,2,5,5,3,3,2,3,4,4,1,1,3,3,3,Not At-Risk
HS2026226,3.4,0.79,0.69,0.72,0.87,0.79,Almost never,27-29 years,Male,300,BSc Nursing,Middle income,Sometimes (monthly),Yes - fewer than 10 hours/week,Less than 1 hour,6-7 hours,Low risk,5,1,2,3,4,2,3,3,2,3,3,1,4,5,2,4,2,5,4,3,1,3,4,4,3,4,5,1,2,3,4,2,3,3,2,3,4,2,4,2,4,5,At-Risk
HS2026227,2.26,0.67,0.7,0.69,0.82,0.87,Sometimes,27-29 years,Female,300,BSc Nursing,Middle income,Rarely (once or twice a semester),Yes - fewer than 10 hours/week,1-2 hours,4-5 hours,Low risk,3,4,4,5,3,4,1,4,3,4,2,2,3,2,1,5,5,1,2,1,5,5,3,5,4,4,3,2,4,5,3,4,1,4,3,4,1,4,3,2,2,3,At-Risk
HS2026228,3.38,0.72,0.69,1,0.6,0.78,Sometimes,21-23 years,Male,300,BSc Nursing,Middle income,Rarely (once or twice a semester),No,2-3 hours,Less than 4 hours,Low risk,1,2,5,3,1,3,3,4,2,2,3,3,3,4,2,1,2,5,2,1,2,3,1,5,2,2,4,3,5,3,1,3,3,4,2,4,1,1,3,3,2,1,At-Risk
HS2026229,2.93,0.69,0.79,0.59,0.72,0.99,Rarely,30-35 years,Male,300,BSc Nursing,Middle income,Rarely (once or twice a semester),Yes - more than 20 hours/week,1-2 hours,6-7 hours,Moderate risk,2,2,4,2,4,1,1,5,3,3,1,2,4,3,3,2,1,3,2,1,5,2,4,5,1,3,2,5,4,2,4,1,1,5,3,4,4,4,5,1,2,2,At-Risk
HS2026230,1.83,1,0.69,0.55,0.63,0.88,Rarely,27-29 years,Male,300,BSc Nursing,Middle income,Rarely (once or twice a semester),Yes - more than 20 hours/week,3-4 hours,4-5 hours,Moderate risk,4,1,3,1,1,1,3,2,2,1,4,4,3,2,2,3,4,1,3,3,5,4,5,5,4,3,2,4,3,1,1,1,3,2,2,1,1,1,2,5,3,4,Not At-Risk
HS2026231,2.5,0.59,0.7,0.96,0.95,1,Rarely,18-20 years,Female,300,BSc Nursing,Low income,Sometimes (monthly),No,0,6-7 hours,Moderate risk,4,2,3,2,3,1,2,2,2,4,3,3,3,2,4,2,4,4,2,4,1,1,4,3,2,5,1,3,3,2,3,1,2,2,2,5,3,1,2,1,4,4,Not At-Risk
HS2026232,2.48,0.55,0.7,0.59,0.88,0.89,Rarely,18-20 years,Male,300,BSc Nursing,Low income,Often (weekly),No,3-4 hours,4-5 hours,Moderate risk,3,2,4,4,3,3,1,4,1,3,3,4,1,3,3,3,1,3,3,5,1,2,5,3,1,3,4,3,4,4,3,3,1,4,1,3,3,3,1,4,1,3,Not At-Risk
HS2026233,2.45,0.96,0.9,0.93,0.75,0.9,Almost never,21-23 years,Female,300,BSc Nursing,Upper-middle income,Rarely (once or twice a semester),No,2-3 hours,6-7 hours,Moderate risk,3,3,2,3,2,3,2,1,2,4,1,2,1,4,4,4,1,3,3,3,2,1,2,4,3,2,5,3,2,3,2,3,2,1,2,5,1,2,2,4,4,3,At-Risk
HS2026234,2.69,0.59,1,0.75,0.71,1,Sometimes,21-23 years,Male,300,BSc Nursing,Low income,Always,Yes - 10-20 hours/week,2-3 hours,4-5 hours,High risk,2,1,4,3,1,2,4,4,5,3,5,2,5,3,4,4,3,3,4,1,1,5,1,2,2,1,4,2,4,3,1,2,4,4,5,3,2,3,4,5,2,2,At-Risk
HS2026235,2.38,0.93,0.7,0.57,0.87,1,Sometimes,24-26 years,Male,300,BSc Nursing,Low income,Always,No,Less than 1 hour,5-6 hours,Moderate risk,5,4,2,1,2,4,2,3,5,3,2,2,3,3,5,1,4,3,2,4,3,1,4,1,2,3,4,3,2,1,2,4,2,3,5,4,2,3,1,5,4,5,At-Risk
HS2026236,1.57,0.75,0.77,0.89,0.87,0.7,Rarely,27-29 years,Male,300,BSc Nursing,Low income,Never,No,1-2 hours,4-5 hours,Low risk,2,4,2,3,5,4,3,3,2,4,3,3,3,3,4,2,4,3,4,2,2,3,2,3,4,3,3,3,2,3,5,4,3,3,2,3,2,3,4,4,4,2,At-Risk
HS2026237,2.26,0.57,0.79,1,0.71,0.69,Rarely,21-23 years,Male,300,BSc Nursing,Middle income,Sometimes (monthly),No,More than 4 hours,5-6 hours,Moderate risk,3,1,3,1,2,3,2,4,4,3,2,4,2,4,1,2,4,4,3,4,3,3,3,5,2,3,2,2,3,1,2,3,2,4,4,2,3,3,2,4,4,3,At-Risk
HS2026238,2.33,0.89,0.69,0.89,0.59,0.7,Rarely,21-23 years,Male,300,BSc Nursing,Low income,Always,Yes - fewer than 10 hours/week,Less than 1 hour,More than 8 hours,Low risk,2,1,2,5,5,4,5,3,1,3,5,2,2,1,4,4,2,1,1,3,1,2,3,5,3,2,5,5,2,5,5,4,5,3,1,2,2,4,2,4,3,2,At-Risk
HS2026239,1.26,1,0.6,0.89,0.99,0.69,Rarely,24-26 years,Female,300,BSc Nursing,Middle income,Sometimes (monthly),No,2-3 hours,More than 8 hours,Very low risk,3,2,3,2,3,5,3,3,1,1,2,4,4,2,4,3,4,1,5,3,2,5,1,3,3,3,3,1,3,2,3,5,3,3,1,2,1,4,4,3,4,3,At-Risk
HS2026240,2.79,0.89,0.79,0.89,0.89,0.79,Almost never,24-26 years,Male,300,BSc Nursing,Upper-middle income,Never,Yes - 10-20 hours/week,More than 4 hours,More than 8 hours,Low risk,4,4,2,4,2,5,2,4,3,2,4,3,3,2,2,4,3,5,5,4,2,2,3,2,2,3,3,3,2,4,2,5,2,4,3,5,2,1,3,2,5,4,At-Risk
HS2026241,2.21,0.89,0.89,0.7,0.94,0.69,Sometimes,21-23 years,Female,300,BSc Nursing,Upper-middle income,Never,Yes - 10-20 hours/week,1-2 hours,6-7 hours,Low risk,5,1,2,3,5,1,2,3,5,4,3,5,5,1,2,2,1,2,3,1,4,1,5,2,2,4,4,2,2,3,5,1,2,3,5,5,1,2,4,2,5,5,At-Risk
HS2026242,2.31,0.89,0.91,0.77,0.7,0.7,Sometimes,30-35 years,Female,300,BSc Nursing,Middle income,Rarely (once or twice a semester),No,1-2 hours,5-6 hours,High risk,3,4,2,3,4,3,3,3,4,1,3,3,1,2,5,2,3,4,3,2,2,1,4,5,4,1,2,4,2,3,4,3,3,3,4,4,3,4,2,5,3,3,At-Risk
HS2026243,3.14,0.7,0.66,0.79,1,0.7,Rarely,21-23 years,Female,300,BSc Nursing,Middle income,Rarely (once or twice a semester),No,1-2 hours,4-5 hours,High risk,3,1,3,4,3,1,5,5,5,1,1,2,5,3,1,3,3,2,1,4,3,5,3,4,5,2,5,2,3,4,3,1,5,5,5,4,2,4,2,1,4,3,At-Risk
HS2026244,3.02,0.77,1,0.69,0.83,0.9,Rarely,21-23 years,Female,300,BSc Nursing,High income,Never,No,Less than 1 hour,6-7 hours,Very low risk,3,3,4,3,5,3,2,1,2,2,3,4,2,4,5,5,1,3,3,3,2,1,4,2,3,4,3,1,4,3,5,3,2,1,2,3,2,2,3,1,2,3,At-Risk
HS2026245,3.24,0.79,0.79,0.6,0.93,1,Rarely,24-26 years,Female,300,BSc Nursing,Low income,Sometimes (monthly),No,1-2 hours,4-5 hours,Low risk,3,5,4,2,3,2,2,3,3,2,3,5,4,3,1,1,4,4,4,3,3,2,4,5,4,1,3,3,4,2,3,2,2,3,3,2,1,2,4,2,2,3,Not At-Risk
HS2026246,2.88,0.69,0.7,0.79,1,0.7,Rarely,30-35 years,Male,300,BSc Nursing,Middle income,Never,No,1-2 hours,Less than 4 hours,Low risk,3,2,1,2,2,4,5,4,1,2,3,2,4,5,3,2,1,5,3,2,3,2,2,3,5,3,2,3,1,2,2,4,5,4,1,1,3,2,2,4,4,3,At-Risk
HS2026247,1.33,0.6,0.93,0.89,0.89,0.77,Almost never,27-29 years,Male,300,BSc Nursing,Middle income,Always,No,1-2 hours,6-7 hours,Low risk,3,3,3,4,5,5,1,2,4,2,3,3,3,4,2,2,4,4,4,2,3,2,1,1,3,2,4,1,3,4,5,5,1,2,4,2,5,4,1,3,2,3,At-Risk
HS2026248,1.74,0.79,0.9,0.91,0.74,0.79,Sometimes,27-29 years,Female,300,BSc Nursing,Low income,Always,No,1-2 hours,4-5 hours,Moderate risk,4,5,2,3,3,3,2,1,4,3,1,1,4,4,2,1,2,5,4,2,1,2,2,3,3,2,4,4,2,3,3,3,2,1,4,2,3,1,3,2,4,4,At-Risk
HS2026249,1.88,0.89,0.6,0.66,0.97,0.69,Sometimes,21-23 years,Female,300,BSc Nursing,Middle income,Never,No,1-2 hours,6-7 hours,Moderate risk,2,4,5,1,2,4,2,5,3,5,3,3,2,2,2,2,1,1,3,3,3,2,3,3,2,5,2,2,5,1,2,4,2,5,3,1,2,2,1,5,2,2,At-Risk
HS2026250,3.2,0.91,0.79,1,0.99,0.6,Rarely,24-26 years,Female,300,BSc Nursing,Upper-middle income,Never,No,2-3 hours,4-5 hours,Moderate risk,4,3,2,3,2,3,2,2,2,3,1,3,1,5,5,2,4,4,3,4,1,3,4,1,3,4,3,3,2,3,2,3,2,2,2,3,3,2,2,3,5,4,Not At-Risk
HS2026251,2.86,0.66,0.87,0.79,0.6,0.79,Rarely,27-29 years,Male,300,BSc Nursing,Low income,Sometimes (monthly),No,2-3 hours,6-7 hours,Moderate risk,1,2,4,3,1,2,2,2,3,2,2,3,2,3,3,2,4,3,4,4,2,1,5,4,5,4,3,4,4,3,1,2,2,2,3,1,3,4,1,4,3,1,Not At-Risk
HS2026252,1.95,1,0.78,0.7,1,0.89,Rarely,27-29 years,Female,300,BSc Nursing,Middle income,Rarely (once or twice a semester),No,1-2 hours,4-5 hours,Moderate risk,2,5,1,1,3,4,4,3,4,4,2,4,2,3,5,5,1,3,4,3,3,3,3,3,4,5,2,5,1,1,3,4,4,3,4,3,4,2,3,4,5,2,Not At-Risk
HS2026253,2.3,0.79,0.99,0.93,0.92,0.91,Rarely,21-23 years,Male,300,BSc Nursing,Upper-middle income,Rarely (once or twice a semester),Yes - more than 20 hours/week,3-4 hours,5-6 hours,High risk,2,3,1,2,5,3,2,3,4,1,2,4,1,1,3,3,5,2,3,1,3,5,1,3,3,3,3,5,1,2,5,3,2,3,4,1,1,3,2,5,4,2,Not At-Risk
HS2026254,2.89,0.7,0.88,0.9,0.81,0.66,Almost never,30-35 years,Male,300,BSc Nursing,Middle income,Sometimes (monthly),Yes - fewer than 10 hours/week,2-3 hours,4-5 hours,Moderate risk,4,5,4,4,5,1,3,4,1,3,3,5,1,3,2,2,1,3,1,1,2,4,2,1,1,4,4,1,4,4,5,1,3,4,1,5,3,4,4,1,1,4,Not At-Risk
HS2026255,2.86,0.93,1,0.6,1,1,Sometimes,27-29 years,Male,300,BSc Nursing,High income,Never,No,2-3 hours,5-6 hours,Low risk,1,1,1,2,3,3,3,5,2,1,3,2,2,2,2,3,1,4,3,3,1,1,3,4,2,1,1,5,1,2,3,3,3,5,2,3,4,1,2,3,2,1,Not At-Risk
HS2026256,3.27,0.9,0.89,0.79,0.97,0.79,Sometimes,18-20 years,Female,300,BSc Nursing,Middle income,Sometimes (monthly),No,2-3 hours,More than 8 hours,Moderate risk,4,2,4,2,4,3,2,3,5,3,2,4,2,3,3,2,4,2,3,1,4,2,2,4,3,5,5,4,4,2,4,3,2,3,5,1,4,2,1,3,4,4,Not At-Risk
HS2026257,2.32,0.6,0.9,0.87,0.86,0.7,Rarely,18-20 years,Male,300,BSc Nursing,High income,Never,No,1-2 hours,More than 8 hours,Low risk,3,5,2,2,4,2,1,3,2,5,2,2,5,2,3,4,1,5,4,1,2,2,3,3,4,3,3,2,2,2,4,2,1,3,2,1,2,3,3,5,4,3,Not At-Risk
HS2026258,1.95,0.79,1,0.78,0.73,0.93,Rarely,21-23 years,Female,300,BSc Nursing,Middle income,Sometimes (monthly),Yes - fewer than 10 hours/week,1-2 hours,More than 8 hours,Very low risk,4,3,3,3,2,1,3,1,3,2,4,3,1,4,1,1,5,2,4,1,4,5,3,2,3,2,3,4,3,3,2,1,3,1,3,3,3,2,5,5,4,4,Not At-Risk
HS2026259,2.82,0.87,1,0.99,1,0.9,Rarely,21-23 years,Male,300,BSc Nursing,Middle income,Rarely (once or twice a semester),No,2-3 hours,6-7 hours,Low risk,1,2,1,4,4,2,3,3,2,5,2,2,5,2,2,4,4,1,2,4,5,1,2,3,2,4,1,2,1,4,4,2,3,3,2,3,3,1,1,4,4,1,Not At-Risk
HS2026260,3,0.78,0.7,0.88,0.67,0.6,Rarely,24-26 years,Male,300,BSc Nursing,Middle income,Rarely (once or twice a semester),Yes - more than 20 hours/week,2-3 hours,5-6 hours,Low risk,1,4,3,3,4,4,4,2,5,4,5,1,5,5,3,3,2,4,4,1,3,5,3,4,1,5,1,4,3,3,4,4,4,2,5,1,3,2,4,5,2,1,Not At-Risk
HS2026261,1.91,0.99,0.69,1,0.94,0.79,Almost never,27-29 years,Male,300,BSc Nursing,Middle income,Rarely (once or twice a semester),Yes - more than 20 hours/week,2-3 hours,4-5 hours,High risk,3,4,5,5,2,5,2,2,3,3,1,2,5,3,2,4,2,3,4,3,3,4,2,3,4,3,3,4,5,5,2,5,2,2,3,4,4,4,4,1,4,3,Not At-Risk
HS2026262,2.84,0.88,0.7,0.89,0.86,0.87,Sometimes,21-23 years,Male,300,BSc Nursing,Middle income,Rarely (once or twice a semester),No,2-3 hours,6-7 hours,High risk,1,2,4,3,1,4,3,1,3,2,3,3,2,4,4,3,1,3,3,4,4,3,3,1,3,3,4,2,4,3,1,4,3,1,3,5,3,3,4,1,4,1,Not At-Risk
HS2026263,2.02,1,0.7,0.9,0.96,0.78,Sometimes,21-23 years,Male,300,BSc Nursing,Low income,Sometimes (monthly),No,1-2 hours,4-5 hours,Very low risk,5,2,3,3,1,1,1,3,4,3,4,3,4,3,3,1,3,2,1,4,2,2,2,1,2,4,3,4,3,3,1,1,1,3,4,4,4,3,2,1,5,5,At-Risk
HS2026264,2.68,0.89,0.93,1,0.89,0.99,Rarely,24-26 years,Female,300,BSc Nursing,Low income,Often (weekly),No,Less than 1 hour,Less than 4 hours,Low risk,1,2,5,3,1,2,4,5,1,4,4,1,3,5,5,2,2,5,1,2,2,3,5,3,4,5,2,3,5,3,1,2,4,5,1,4,4,3,4,4,2,1,Not At-Risk
HS2026265,2.64,0.9,0.9,1,0.9,0.88,Rarely,24-26 years,Male,300,BSc Nursing,Upper-middle income,Rarely (once or twice a semester),Yes - 10-20 hours/week,2-3 hours,6-7 hours,Low risk,3,4,1,2,4,2,3,4,5,4,1,4,4,2,3,1,3,3,4,3,2,3,4,1,3,2,3,4,1,2,4,2,3,4,5,1,2,3,5,4,5,3,Not At-Risk
HS2026266,2.98,0.89,0.6,0.7,0.91,1,Rarely,21-23 years,Female,300,BSc Nursing,Low income,Always,No,2-3 hours,4-5 hours,Low risk,2,1,3,2,1,2,2,3,5,3,3,3,2,3,2,3,3,5,2,4,3,3,4,2,2,4,1,4,3,2,1,2,2,3,5,3,2,4,2,2,1,2,Not At-Risk
HS2026267,2.09,0.7,0.79,0.69,0.94,0.89,Rarely,30-35 years,Female,300,BSc Nursing,Low income,Always,No,1-2 hours,6-7 hours,Moderate risk,4,3,1,5,3,3,4,3,4,2,1,3,1,2,2,4,3,1,4,2,3,1,1,3,2,3,2,5,1,5,3,3,4,3,4,4,5,5,5,3,3,4,Not At-Risk
HS2026268,2.09,0.77,0.87,0.7,0.79,0.9,Almost never,21-23 years,Female,300,BSc Nursing,Low income,Never,No,2-3 hours,4-5 hours,Moderate risk,3,3,2,1,1,4,3,3,4,5,3,2,3,1,3,2,1,2,4,4,4,3,5,3,2,2,4,2,2,1,1,4,3,3,4,4,4,3,4,5,1,3,Not At-Risk
HS2026269,2.73,0.79,0.78,0.69,0.9,1,Sometimes,21-23 years,Female,300,BSc Nursing,Middle income,Sometimes (monthly),Yes - fewer than 10 hours/week,1-2 hours,6-7 hours,Moderate risk,4,2,4,3,4,3,4,3,1,2,5,1,5,5,4,1,2,5,2,5,3,3,3,1,1,1,2,5,4,3,4,3,4,3,1,3,5,4,4,3,2,4,Not At-Risk
HS2026270,2.05,0.69,0.99,0.79,0.93,1,Sometimes,24-26 years,Female,300,BSc Nursing,Low income,Always,No,1-2 hours,4-5 hours,Moderate risk,3,1,1,4,4,4,4,2,5,3,1,4,2,2,3,4,3,2,4,2,1,2,3,4,3,3,3,2,1,4,4,4,4,2,5,1,5,2,2,4,3,3,Not At-Risk
HS2026271,3.16,0.6,0.88,0.69,0.98,0.7,Rarely,30-35 years,Male,300,BSc Nursing,Middle income,Sometimes (monthly),Yes - 10-20 hours/week,1-2 hours,5-6 hours,Moderate risk,2,3,5,2,2,1,2,4,1,3,1,2,1,2,3,2,2,4,3,2,2,4,2,4,2,2,3,3,5,2,2,1,2,4,1,4,5,1,3,2,5,2,Not At-Risk
HS2026272,2.32,0.79,0.9,0.7,0.97,0.69,Rarely,27-29 years,Male,300,BSc Nursing,Upper-middle income,Never,Yes - 10-20 hours/week,2-3 hours,4-5 hours,High risk,3,2,2,5,2,2,2,4,3,2,3,5,4,1,3,3,2,5,4,2,5,2,2,2,1,2,5,5,2,5,2,2,2,4,3,5,5,4,3,2,4,3,Not At-Risk
HS2026273,2.34,0.89,1,0.7,0.89,0.7,Rarely,27-29 years,Female,300,BSc Nursing,Upper-middle income,Never,No,1-2 hours,5-6 hours,Moderate risk,3,1,1,1,3,5,5,4,4,2,2,4,2,2,4,3,5,4,5,1,3,5,4,3,3,4,4,1,1,1,3,5,5,4,4,4,3,2,5,1,3,3,Not At-Risk
HS2026274,2.45,0.91,0.79,0.9,0.69,0.69,Rarely,21-23 years,Female,300,BSc Nursing,Middle income,Rarely (once or twice a semester),No,More than 4 hours,More than 8 hours,Low risk,3,1,5,3,3,3,4,2,1,3,4,1,4,4,5,5,4,1,1,1,2,4,1,1,1,2,3,1,5,3,3,3,4,2,1,5,3,1,3,4,3,3,Not At-Risk
HS2026275,2.41,0.66,0.96,1,0.8,0.79,Almost never,24-26 years,Female,300,BSc Nursing,Middle income,Rarely (once or twice a semester),No,2-3 hours,More than 8 hours,Moderate risk,3,2,2,5,1,2,3,3,3,5,3,1,4,4,2,3,2,4,1,3,1,5,3,2,4,4,1,1,2,5,1,2,3,3,3,2,4,3,2,5,3,3,Not At-Risk
HS2026276,1.52,1,0.92,0.7,0.75,0.69,Sometimes,27-29 years,Male,300,BSc Nursing,High income,Never,Yes - fewer than 10 hours/week,1-2 hours,More than 8 hours,Low risk,5,2,3,5,2,2,1,4,2,1,4,5,2,1,4,1,4,2,3,3,5,3,3,3,1,3,3,3,3,5,2,2,1,4,2,1,2,2,1,4,2,5,At-Risk
HS2026277,2.25,0.79,1,0.77,0.91,0.7,Sometimes,27-29 years,Female,300,BSc Nursing,Low income,Sometimes (monthly),No,More than 4 hours,6-7 hours,Very low risk,3,3,2,3,3,5,5,4,3,5,3,5,1,3,1,5,1,5,3,5,3,4,3,3,2,1,4,4,2,3,3,5,5,4,3,4,1,2,3,4,3,3,Not At-Risk
HS2026278,3.45,0.7,0.89,0.79,0.76,0.7,Rarely,21-23 years,Male,300,BSc Nursing,Middle income,Never,Yes - 10-20 hours/week,Less than 1 hour,5-6 hours,Low risk,2,2,3,3,4,3,2,3,3,4,3,3,4,2,1,3,3,5,5,3,1,4,2,3,2,1,1,5,3,3,4,3,2,3,3,2,3,4,3,3,3,2,Not At-Risk
HS2026279,3,0.93,0.92,0.69,0.91,0.9,Rarely,30-35 years,Male,300,BSc Nursing,Middle income,Always,Yes - fewer than 10 hours/week,Less than 1 hour,4-5 hours,Low risk,2,4,1,4,5,3,2,1,5,5,3,2,2,2,3,2,1,2,5,4,4,2,4,3,2,3,2,3,1,4,5,3,2,1,5,3,5,2,3,2,2,2,Not At-Risk
HS2026280,2.23,0.9,0.78,0.6,0.93,1,Rarely,27-29 years,Male,300,BSc Nursing,Low income,Always,No,1-2 hours,6-7 hours,High risk,5,5,2,2,2,3,3,4,3,2,3,4,3,1,1,1,5,2,3,2,5,3,3,4,3,4,3,2,2,2,2,3,3,4,3,3,5,3,2,5,5,5,Not At-Risk
HS2026281,2.61,0.6,0.93,0.79,0.98,0.69,Rarely,18-20 years,Female,300,BSc Nursing,Middle income,Never,Yes - fewer than 10 hours/week,2-3 hours,4-5 hours,High risk,1,3,2,4,2,2,4,4,1,4,3,2,2,4,3,4,1,5,5,4,3,2,4,4,4,5,3,4,2,4,2,2,4,4,1,1,3,3,3,3,1,1,Not At-Risk
HS2026282,1.95,0.79,0.9,0.89,0.96,0.6,Almost never,18-20 years,Male,300,BSc Nursing,Upper-middle income,Never,No,3-4 hours,Less than 4 hours,Very low risk,2,2,1,3,1,2,3,1,2,1,3,4,2,2,4,3,2,3,3,5,2,4,3,2,4,4,3,3,1,3,1,2,3,1,2,3,2,2,3,3,3,2,Not At-Risk
HS2026283,1.89,0.87,0.6,0.91,0.98,0.79,Sometimes,21-23 years,Female,300,BSc Nursing,Low income,Sometimes (monthly),No,More than 4 hours,6-7 hours,Low risk,2,4,1,3,2,3,3,2,5,2,3,1,4,1,3,1,3,5,3,2,2,3,5,5,2,3,3,2,1,3,2,3,3,2,5,5,2,2,4,4,2,2,At-Risk
HS2026284,2.27,0.78,0.79,0.66,0.88,0.89,Sometimes,21-23 years,Male,300,BSc Nursing,Middle income,Rarely (once or twice a semester),Yes - more than 20 hours/week,3-4 hours,4-5 hours,Low risk,2,4,2,3,3,3,1,1,3,4,2,1,5,3,2,2,1,3,1,4,4,3,2,2,4,2,1,2,2,3,3,3,1,1,3,4,5,4,1,2,4,2,Not At-Risk
HS2026285,2.55,0.99,0.87,1,0.9,0.91,Rarely,24-26 years,Male,300,BSc Nursing,Upper-middle income,Rarely (once or twice a semester),Yes - fewer than 10 hours/week,3-4 hours,6-7 hours,Low risk,3,3,4,4,4,3,1,3,2,1,2,3,4,1,3,1,1,1,3,3,2,4,2,3,1,2,5,3,4,4,4,3,1,3,2,3,4,5,2,5,2,3,Not At-Risk
HS2026286,2.64,0.88,0.78,0.79,0.91,0.66,Rarely,27-29 years,Male,300,BSc Nursing,Middle income,Sometimes (monthly),No,More than 4 hours,4-5 hours,Moderate risk,1,1,3,1,5,4,1,2,4,3,3,2,2,3,3,3,2,2,2,4,2,4,4,1,1,3,4,1,3,1,5,4,1,2,4,4,2,3,4,3,1,1,Not At-Risk
HS2026287,2.34,1,0.99,0.7,0.66,1,Rarely,21-23 years,Male,300,BSc Nursing,High income,Never,Yes - fewer than 10 hours/week,2-3 hours,6-7 hours,Moderate risk,4,5,3,4,4,5,5,2,3,4,3,4,2,2,3,2,5,1,1,2,2,5,2,5,3,5,1,4,3,4,4,5,5,2,3,4,5,4,1,3,3,4,Not At-Risk
HS2026288,2.34,0.89,0.88,0.93,0.81,0.79,Rarely,21-23 years,Male,300,BSc Nursing,Middle income,Sometimes (monthly),Yes - fewer than 10 hours/week,More than 4 hours,4-5 hours,Moderate risk,5,1,1,1,4,2,5,4,3,1,1,2,3,5,1,5,3,4,1,4,3,3,5,5,2,4,1,2,1,1,4,2,5,4,3,2,3,5,3,2,3,5,Not At-Risk
HS2026289,3.14,0.9,0.9,0.63,0.69,0.7,Almost never,24-26 years,Female,300,BSc Nursing,High income,Never,Yes - fewer than 10 hours/week,3-4 hours,5-6 hours,Moderate risk,3,1,2,2,1,3,4,5,3,3,5,2,2,1,2,1,2,4,2,2,3,4,4,2,2,2,5,5,2,2,1,3,4,5,3,1,1,3,2,4,1,3,Not At-Risk
HS2026290,2.89,1,0.87,0.87,0.99,0.93,Sometimes,24-26 years,Male,300,BSc Nursing,Middle income,Sometimes (monthly),No,1-2 hours,4-5 hours,Moderate risk,2,4,3,4,5,1,3,2,2,3,3,3,2,4,1,3,2,1,4,5,3,3,2,4,5,2,3,1,3,4,5,1,3,2,2,2,3,3,2,4,4,2,Not At-Risk
HS2026291,1.45,1,0.78,0.4,0.78,0.9,Sometimes,21-23 years,Female,300,BSc Nursing,Middle income,Rarely (once or twice a semester),Yes - more than 20 hours/week,3-4 hours,5-6 hours,High risk,4,2,4,5,2,4,3,1,5,3,5,1,5,2,4,4,4,5,3,2,5,1,3,1,4,2,2,3,4,5,2,4,3,1,5,3,3,2,5,2,2,4,At-Risk
HS2026292,3.55,0.7,0.99,0.77,0.93,0.6,Rarely,30-35 years,Female,300,BSc Nursing,Middle income,Rarely (once or twice a semester),Yes - more than 20 hours/week,3-4 hours,More than 8 hours,Moderate risk,1,1,3,3,1,1,2,4,3,2,3,3,3,2,3,3,4,5,3,5,2,2,4,3,2,3,2,5,3,3,1,1,2,4,3,4,1,3,4,3,3,1,Not At-Risk
HS2026293,2.34,0.69,0.88,0.64,0.94,0.79,Rarely,21-23 years,Female,300,BSc Nursing,Middle income,Rarely (once or twice a semester),No,3-4 hours,More than 8 hours,Low risk,2,3,4,1,1,1,2,4,2,2,4,4,2,1,1,3,3,2,5,3,2,4,3,2,3,1,5,4,4,1,1,1,2,4,2,5,4,5,4,3,4,2,Not At-Risk
HS2026294,2.82,0.7,1,0.56,0.95,0.87,Rarely,21-23 years,Female,300,BSc Nursing,Middle income,Rarely (once or twice a semester),No,1-2 hours,More than 8 hours,Moderate risk,3,3,3,3,4,2,1,3,2,5,3,1,5,5,1,2,1,4,4,3,5,2,1,4,2,2,3,3,3,3,4,2,1,3,2,3,3,4,5,2,5,3,Not At-Risk
HS2026295,2.64,0.69,0.89,0.67,0.8,0.78,Rarely,24-26 years,Female,300,BSc Nursing,Low income,Sometimes (monthly),No,3-4 hours,6-7 hours,Low risk,3,2,3,2,4,3,2,2,3,1,3,5,1,3,1,3,3,1,3,2,3,4,5,2,4,2,3,3,3,2,4,3,2,2,3,1,3,3,3,3,5,3,Not At-Risk
HS2026296,2.41,0.79,0.9,0.79,0.7,0.99,Almost never,30-35 years,Male,300,BSc Nursing,Low income,Often (weekly),Yes - 10-20 hours/week,3-4 hours,5-6 hours,Very low risk,3,3,5,2,4,3,2,3,1,3,5,2,5,5,4,5,4,5,5,2,4,4,3,4,3,5,3,3,5,2,4,3,2,3,1,2,1,1,4,4,1,3,Not At-Risk
HS2026297,2.41,0.69,1,0.49,0.96,0.88,Sometimes,27-29 years,Male,300,BSc Nursing,Upper-middle income,Rarely (once or twice a semester),No,2-3 hours,4-5 hours,Low risk,3,5,3,1,4,2,3,2,1,4,2,4,1,1,2,2,4,2,2,2,5,3,2,2,3,5,1,4,3,1,4,2,3,2,1,3,4,2,1,1,5,3,Not At-Risk
HS2026298,2.68,0.7,1,0.65,0.96,1,Sometimes,27-29 years,Female,300,BSc Nursing,Low income,Always,No,1-2 hours,6-7 hours,Low risk,3,4,3,3,4,1,3,3,3,2,2,4,1,2,2,1,1,2,3,5,3,4,4,2,3,2,3,3,3,3,4,1,3,3,3,2,4,3,5,5,4,3,At-Risk
HS2026299,3.27,0.7,0.7,0.63,0.73,0.89,Rarely,21-23 years,Female,300,BSc Nursing,Low income,Always,No,3-4 hours,4-5 hours,High risk,1,2,2,1,1,3,2,5,3,4,5,3,3,4,5,2,3,4,1,1,1,4,4,2,1,3,5,1,2,1,1,3,2,5,3,3,3,4,3,3,2,1,Not At-Risk
HS2026300,2.75,0.9,0.69,0.66,0.74,0.9,Rarely,24-26 years,Female,300,BSc Nursing,Low income,Never,Yes - fewer than 10 hours/week,1-2 hours,Less than 4 hours,High risk,3,5,3,2,3,5,4,1,2,2,5,4,1,3,1,1,5,3,4,4,5,2,3,4,5,4,4,1,3,2,3,5,4,1,2,3,2,3,2,3,4,3,Not At-Risk
HS2026301,2.61,1,0.7,0.89,1,1,Rarely,27-29 years,Male,300,BSc Nursing,Middle income,Sometimes (monthly),No,3-4 hours,6-7 hours,Very low risk,4,5,4,4,4,3,1,3,3,4,1,2,3,1,3,4,3,2,1,2,1,3,2,3,3,4,3,1,4,4,4,3,1,3,3,2,3,2,4,1,2,4,Not At-Risk
HS2026302,3.18,0.7,0.69,0.72,0.92,1,Rarely,27-29 years,Female,300,BSc Nursing,Low income,Always,Yes - 10-20 hours/week,3-4 hours,4-5 hours,Low risk,3,1,3,1,1,3,3,5,2,5,3,5,3,3,3,3,2,2,1,3,5,1,5,5,3,3,1,3,3,1,1,3,3,5,2,3,4,1,5,1,4,3,Not At-Risk
HS2026303,2.18,0.77,0.79,0.81,0.91,0.7,Almost never,21-23 years,Male,300,BSc Nursing,Middle income,Sometimes (monthly),Yes - 10-20 hours/week,Less than 1 hour,6-7 hours,Low risk,3,4,4,3,5,2,3,1,2,4,4,2,2,2,5,5,2,3,3,4,1,1,4,3,3,2,2,5,4,3,5,2,3,1,2,2,3,4,3,3,4,3,Not At-Risk
HS2026304,3.45,0.79,0.69,0.63,0.72,0.69,Sometimes,30-35 years,Male,300,BSc Nursing,Upper-middle income,Never,No,1-2 hours,4-5 hours,Low risk,4,4,2,3,4,2,3,2,3,1,2,3,3,4,2,3,3,2,3,4,4,5,4,4,4,5,2,3,2,3,4,2,3,2,3,3,1,3,3,4,2,4,Not At-Risk
HS2026305,2.48,0.69,0.7,0.77,0.96,0.7,Sometimes,27-29 years,Male,300,BSc Nursing,Upper-middle income,Never,No,2-3 hours,6-7 hours,Moderate risk,2,3,3,1,2,4,1,1,1,2,1,2,3,1,2,4,3,1,1,4,1,4,2,4,4,2,2,3,3,1,2,4,1,1,1,2,1,2,4,3,4,2,Not At-Risk
HS2026306,3.43,0.78,0.7,0.83,0.84,0.69,Rarely,18-20 years,Female,300,BSc Nursing,Middle income,Rarely (once or twice a semester),No,1-2 hours,4-5 hours,Moderate risk,4,2,5,4,1,5,3,4,5,1,1,4,1,3,3,3,3,2,1,3,1,3,1,2,2,2,5,2,5,4,1,5,3,4,5,5,3,4,5,2,3,4,Not At-Risk
HS2026307,3.27,0.99,0.89,0.52,0.7,0.79,Rarely,18-20 years,Male,300,BSc Nursing,Middle income,Rarely (once or twice a semester),Yes - fewer than 10 hours/week,3-4 hours,5-6 hours,Moderate risk,5,4,2,3,3,3,1,1,5,3,2,3,3,4,3,3,3,1,4,1,1,4,3,3,2,2,4,1,2,3,3,3,1,1,5,4,1,3,2,3,4,5,Not At-Risk
HS2026308,2.41,0.88,0.85,0.91,0.96,0.69,Rarely,21-23 years,Female,300,BSc Nursing,High income,Never,No,0,4-5 hours,Moderate risk,3,5,2,4,4,2,3,3,3,2,2,1,3,2,5,5,4,3,3,3,4,3,4,2,4,1,2,2,2,4,4,2,3,3,3,4,2,2,4,1,4,3,Not At-Risk
HS2026309,1.57,1,0.69,0.76,0.97,0.7,Rarely,21-23 years,Male,300,BSc Nursing,Low income,Sometimes (monthly),Yes - 10-20 hours/week,3-4 hours,5-6 hours,Moderate risk,5,4,3,4,5,4,2,4,3,3,1,4,1,3,3,4,2,1,3,5,2,4,2,4,4,2,2,4,3,4,5,4,2,4,3,1,3,2,3,2,5,5,Not At-Risk
HS2026310,2.16,0.89,0.73,0.83,0.68,0.7,Almost never,24-26 years,Male,300,BSc Nursing,Middle income,Never,Yes - fewer than 10 hours/week,2-3 hours,More than 8 hours,High risk,2,2,5,4,1,2,4,4,2,3,3,5,2,3,5,3,3,5,3,3,2,3,2,3,5,2,2,3,5,4,1,2,4,4,2,5,3,2,2,4,2,2,Not At-Risk
HS2026311,3.11,0.9,0.69,0.65,1,0.89,Sometimes,27-29 years,Male,300,BSc Nursing,Middle income,Always,No,2-3 hours,More than 8 hours,Moderate risk,3,1,4,3,1,4,3,3,3,4,3,1,3,3,4,5,2,4,5,5,2,5,5,2,4,3,5,4,4,3,1,4,3,3,3,3,1,1,1,2,5,3,Not At-Risk
HS2026312,2.2,1,1,0.67,0.89,0.85,Sometimes,21-23 years,Male,300,BSc Nursing,Low income,Always,Yes - fewer than 10 hours/week,Less than 1 hour,More than 8 hours,Low risk,4,2,3,1,1,3,4,5,3,3,2,1,2,5,1,2,1,4,4,1,3,1,3,5,4,2,5,2,3,1,1,3,4,5,3,3,4,3,3,3,2,4,Not At-Risk
HS2026313,2.75,1,0.7,0.55,0.9,0.69,Rarely,21-23 years,Male,300,BSc Nursing,Middle income,Never,No,1-2 hours,6-7 hours,Moderate risk,3,4,1,3,4,3,4,1,4,4,1,1,4,4,2,2,4,5,3,2,1,2,4,2,3,2,5,4,1,3,4,3,4,1,4,2,4,2,2,3,3,3,Not At-Risk
HS2026314,2.27,0.7,0.69,0.55,0.87,0.73,Rarely,24-26 years,Female,300,BSc Nursing,Upper-middle income,Never,No,More than 4 hours,5-6 hours,Low risk,4,5,5,3,3,2,3,3,2,1,4,1,4,2,2,3,1,3,3,3,4,2,4,4,2,4,2,4,5,3,3,2,3,3,2,2,2,1,2,5,5,4,Not At-Risk
HS2026315,3.25,0.69,0.7,0.6,0.9,0.69,Rarely,24-26 years,Male,300,BSc Nursing,Low income,Sometimes (monthly),Yes - more than 20 hours/week,Less than 1 hour,4-5 hours,Very low risk,2,4,2,4,4,2,3,5,2,3,3,3,2,2,2,1,4,1,2,5,2,4,4,3,5,4,3,4,2,4,4,2,3,5,2,4,3,3,4,4,1,2,Not At-Risk
HS2026316,2.7,0.7,0.69,0.79,1,0.68,Rarely,21-23 years,Female,300,BSc Nursing,Middle income,Rarely (once or twice a semester),Yes - fewer than 10 hours/week,2-3 hours,6-7 hours,Low risk,2,2,2,5,5,3,4,4,4,3,2,2,5,2,3,5,4,4,3,4,4,3,2,4,3,5,3,2,2,5,5,3,4,4,4,1,1,1,2,3,1,2,Not At-Risk
HS2026317,2.89,0.69,0.79,0.7,0.8,0.84,Almost never,30-35 years,Female,300,BSc Nursing,Upper-middle income,Rarely (once or twice a semester),No,More than 4 hours,4-5 hours,Low risk,2,3,3,1,3,2,3,1,2,1,4,4,1,2,5,2,4,2,4,2,3,2,4,4,2,2,1,4,3,1,3,2,3,1,2,3,2,4,4,1,1,2,Not At-Risk
HS2026318,2.93,0.79,0.69,0.93,0.7,0.78,Sometimes,21-23 years,Female,300,BSc Nursing,Middle income,Sometimes (monthly),Yes - fewer than 10 hours/week,1-2 hours,Less than 4 hours,High risk,1,3,4,3,3,4,1,2,2,3,5,3,3,2,3,2,4,4,1,1,2,3,2,2,1,1,5,3,4,3,3,4,1,2,2,3,3,1,3,3,3,1,Not At-Risk
HS2026319,1.95,0.69,1,0.9,0.75,0.7,Sometimes,21-23 years,Female,300,BSc Nursing,High income,Never,Yes - fewer than 10 hours/week,1-2 hours,6-7 hours,High risk,2,3,3,1,1,4,3,2,3,2,3,5,4,2,1,2,5,2,1,2,4,3,3,3,4,3,3,1,3,1,1,4,3,2,3,3,3,2,1,4,4,2,Not At-Risk
HS2026320,2,0.7,0.79,0.6,1,0.9,Rarely,24-26 years,Female,300,BSc Nursing,Middle income,Sometimes (monthly),Yes - fewer than 10 hours/week,1-2 hours,4-5 hours,Very low risk,2,4,2,1,3,2,5,3,1,2,1,5,4,3,5,3,2,3,3,2,4,2,1,1,4,3,2,3,2,1,3,2,5,3,1,2,3,2,1,1,5,2,Not At-Risk
HS2026321,1.98,0.7,0.9,0.79,0.74,1,Rarely,30-35 years,Male,300,BSc Nursing,High income,Never,No,Less than 1 hour,6-7 hours,Low risk,2,3,4,2,1,3,4,2,5,3,2,3,3,5,3,4,1,2,2,3,3,4,1,1,2,2,5,3,4,2,1,3,4,2,5,4,3,2,3,2,3,2,Not At-Risk
HS2026322,1.1,0.89,0.9,0.87,0.87,0.79,Rarely,27-29 years,Male,300,BSc Nursing,Middle income,Sometimes (monthly),Yes - more than 20 hours/week,1-2 hours,4-5 hours,Low risk,3,3,2,3,5,3,2,3,5,2,2,2,5,5,2,1,1,4,5,3,5,2,2,4,3,4,5,4,2,3,5,3,2,3,5,3,4,3,4,3,2,3,At-Risk
HS2026323,2.59,0.85,0.92,0.78,0.9,0.96,Rarely,27-29 years,Female,300,BSc Nursing,Middle income,Rarely (once or twice a semester),Yes - more than 20 hours/week,1-2 hours,6-7 hours,Low risk,2,1,1,3,2,1,3,3,2,4,4,3,2,3,3,1,5,1,3,4,4,3,2,2,2,2,2,4,1,3,2,1,3,3,2,4,4,4,5,3,4,2,Not At-Risk
HS2026324,2.36,0.69,0.78,0.99,0.98,0.92,Almost never,21-23 years,Female,300,BSc Nursing,Middle income,Rarely (once or twice a semester),No,1-2 hours,4-5 hours,Moderate risk,1,1,5,1,2,1,1,5,1,4,3,4,3,1,1,1,5,2,3,3,1,4,3,2,3,2,3,3,5,1,2,1,1,5,1,3,2,4,4,3,3,1,Not At-Risk
HS2026325,2.27,0.73,0.7,0.88,0.78,1,Sometimes,24-26 years,Female,300,BSc Nursing,Middle income,Rarely (once or twice a semester),No,1-2 hours,5-6 hours,Moderate risk,2,2,4,3,2,1,3,2,4,3,1,1,3,4,3,2,1,3,1,2,2,2,3,5,4,2,1,3,4,3,2,1,3,2,4,5,5,2,3,3,2,2,Not At-Risk
HS2026326,2.82,0.69,0.89,1,0.86,0.89,Sometimes,27-29 years,Male,300,BSc Nursing,Middle income,Rarely (once or twice a semester),No,1-2 hours,4-5 hours,Moderate risk,3,2,2,3,2,3,3,3,2,2,1,4,3,2,4,2,4,1,5,2,3,3,3,4,2,3,2,2,2,3,2,3,3,3,2,2,2,4,2,1,2,3,Not At-Risk
HS2026327,2.05,0.68,0.85,0.89,0.89,0.9,Rarely,27-29 years,Female,300,BSc Nursing,Low income,Sometimes (monthly),Yes - 10-20 hours/week,2-3 hours,5-6 hours,Moderate risk,2,1,3,2,2,2,3,4,1,2,1,2,2,3,2,1,3,4,3,5,5,4,2,1,4,4,3,1,3,2,2,2,3,4,1,2,3,1,2,5,3,2,At-Risk
HS2026328,2.36,0.84,0.69,0.9,0.61,1,Rarely,21-23 years,Male,300,BSc Nursing,Low income,Often (weekly),No,2-3 hours,More than 8 hours,Moderate risk,5,2,1,3,3,2,2,3,4,5,2,3,2,1,2,3,2,3,3,3,2,4,3,3,1,3,5,3,1,3,3,2,2,3,4,4,1,1,3,4,1,5,Not At-Risk
HS2026329,2,0.78,0.73,1,0.93,1,Rarely,30-35 years,Male,300,BSc Nursing,Upper-middle income,Rarely (once or twice a semester),No,1-2 hours,More than 8 hours,High risk,3,4,3,3,5,4,2,3,3,4,1,3,4,4,2,4,2,3,2,4,3,4,3,3,2,5,5,3,3,3,5,4,2,3,3,2,5,3,5,1,4,3,Not At-Risk
HS2026330,2.45,0.7,0.69,1,1,0.7,Rarely,27-29 years,Male,300,BSc Nursing,Low income,Always,No,3-4 hours,More than 8 hours,Moderate risk,2,2,4,1,2,2,1,5,1,2,4,1,2,2,1,3,5,2,4,3,3,2,4,2,2,5,1,4,4,1,2,2,1,5,1,5,5,2,4,1,2,2,Not At-Risk
HS2026331,2.41,0.9,0.68,0.7,0.88,0.69,Almost never,18-20 years,Female,300,BSc Nursing,Low income,Always,Yes - fewer than 10 hours/week,2-3 hours,6-7 hours,Low risk,3,3,3,3,3,3,5,2,2,2,5,2,4,5,5,3,1,4,4,4,3,3,3,3,2,3,3,4,3,3,3,3,5,2,2,4,2,2,2,5,5,3,Not At-Risk
HS2026332,1.8,1,0.84,0.69,0.92,0.7,Sometimes,18-20 years,Male,300,BSc Nursing,Low income,Never,No,2-3 hours,5-6 hours,Moderate risk,2,3,4,3,1,2,2,5,2,3,2,4,5,5,4,2,4,2,5,3,5,5,4,3,2,1,2,3,4,3,1,2,2,5,2,2,4,5,2,3,1,2,Not At-Risk
HS2026333,2.5,0.79,0.78,0.7,0.86,0.69,Sometimes,21-23 years,Female,300,BSc Nursing,Middle income,Sometimes (monthly),Yes - 10-20 hours/week,2-3 hours,4-5 hours,Low risk,4,2,3,3,3,3,2,3,3,4,2,4,3,2,4,2,3,5,4,2,3,1,3,4,3,4,3,5,3,3,3,3,2,3,3,3,1,4,2,2,3,4,Not At-Risk
HS2026334,2.05,0.96,0.7,0.69,0.64,0.79,Rarely,21-23 years,Male,300,BSc Nursing,Low income,Always,Yes - 10-20 hours/week,1-2 hours,6-7 hours,Very low risk,1,3,3,1,1,1,4,2,3,4,1,5,3,1,3,3,4,1,3,3,2,3,2,4,1,3,1,4,3,1,1,1,4,2,3,4,3,2,3,2,5,1,Not At-Risk
HS2026335,2.11,0.92,0.9,0.79,0.94,0.69,Rarely,24-26 years,Male,300,BSc Nursing,Middle income,Sometimes (monthly),No,1-2 hours,4-5 hours,Low risk,4,3,4,3,1,4,4,5,3,4,2,3,3,4,1,3,4,1,4,3,4,1,5,3,5,4,4,3,4,3,1,4,4,5,3,3,2,3,1,5,4,4,Not At-Risk
HS2026336,3.23,1,1,0.69,1,0.7,Rarely,27-29 years,Male,300,BSc Nursing,Upper-middle income,Never,No,2-3 hours,Less than 4 hours,Low risk,3,3,3,5,5,3,3,2,2,4,3,3,4,3,3,3,4,1,3,1,2,5,3,1,5,3,2,4,3,5,5,3,3,2,2,1,4,2,2,3,3,3,Not At-Risk
HS2026337,3,0.89,0.79,0.7,0.96,0.7,Rarely,21-23 years,Male,300,BSc Nursing,Upper-middle income,Never,No,2-3 hours,6-7 hours,High risk,3,2,3,4,3,2,4,2,3,3,1,1,3,5,4,2,1,4,2,1,2,5,1,2,1,1,3,1,3,4,3,2,4,2,3,5,2,4,2,3,3,3,Not At-Risk
HS2026338,2.64,0.9,0.96,0.7,0.88,0.9,Almost never,21-23 years,Male,300,BSc Nursing,Middle income,Rarely (once or twice a semester),Yes - fewer than 10 hours/week,2-3 hours,4-5 hours,High risk,4,3,1,4,2,5,2,4,3,2,4,4,1,3,1,3,5,1,3,3,2,4,3,1,3,2,3,4,1,4,2,5,2,4,3,3,4,3,5,3,3,4,Not At-Risk
HS2026339,2.16,1,0.92,0.89,0.9,1,Sometimes,24-26 years,Female,300,BSc Nursing,Middle income,Rarely (once or twice a semester),No,2-3 hours,6-7 hours,Very low risk,3,2,3,1,3,2,4,3,3,2,3,5,1,1,4,2,3,3,2,3,3,3,5,2,3,2,1,3,3,1,3,2,4,3,3,2,2,3,5,1,4,3,Not At-Risk
HS2026340,3.17,1,1,0.85,0.7,0.68,Sometimes,24-26 years,Male,300,BSc Nursing,High income,Never,Yes - 10-20 hours/week,1-2 hours,4-5 hours,Low risk,3,3,4,1,4,3,3,4,2,4,5,3,1,3,1,2,3,2,2,3,5,3,1,3,3,4,5,2,4,1,4,3,3,4,2,4,2,3,2,3,3,3,Not At-Risk
HS2026341,3.5,0.7,0.89,0.69,0.87,0.98,Rarely,21-23 years,Female,300,BSc Nursing,Low income,Sometimes (monthly),Yes - fewer than 10 hours/week,Less than 1 hour,6-7 hours,Low risk,2,1,4,5,1,3,2,1,3,5,2,1,2,3,3,3,5,5,3,3,3,4,1,1,1,3,4,1,4,5,1,3,2,1,3,4,2,1,3,5,1,2,Not At-Risk
HS2026342,3.32,0.69,0.92,0.73,0.84,0.78,Rarely,30-35 years,Female,300,BSc Nursing,Middle income,Never,No,2-3 hours,4-5 hours,Low risk,2,1,3,5,3,1,1,4,2,1,2,5,1,2,4,3,3,4,4,5,2,1,3,2,1,2,4,2,3,5,3,1,1,4,2,3,4,5,4,4,1,2,Not At-Risk
HS2026343,3.09,0.7,0.78,0.69,0.84,0.77,Rarely,21-23 years,Female,300,BSc Nursing,Middle income,Always,Yes - fewer than 10 hours/week,2-3 hours,5-6 hours,Moderate risk,2,3,4,3,2,3,3,3,1,2,4,4,2,1,5,2,3,2,2,4,2,5,1,2,1,1,4,3,4,3,2,3,3,3,1,2,3,3,4,3,1,2,Not At-Risk
HS2026344,2.59,0.69,0.7,0.68,0.84,0.94,Rarely,21-23 years,Female,300,BSc Nursing,Low income,Always,No,1-2 hours,4-5 hours,Moderate risk,5,2,2,3,2,4,3,3,2,4,3,2,1,3,3,2,5,2,3,3,5,1,5,2,2,2,4,2,2,3,2,4,3,3,2,5,5,3,3,1,3,5,Not At-Risk
HS2026345,3.44,0.79,0.89,0.84,0.95,0.95,Almost never,24-26 years,Female,300,BSc Nursing,Middle income,Never,No,2-3 hours,5-6 hours,Moderate risk,3,1,1,4,2,4,2,2,5,4,2,5,2,4,3,3,3,1,3,3,3,1,3,4,5,5,2,5,1,4,2,4,2,2,5,4,3,3,2,2,5,3,Not At-Risk
HS2026346,3.3,0.69,0.85,0.78,1,0.67,Sometimes,30-35 years,Male,300,BSc Nursing,Upper-middle income,Never,Yes - more than 20 hours/week,1-2 hours,More than 8 hours,Moderate risk,3,5,2,2,2,3,4,3,1,4,2,1,3,4,4,4,1,5,3,1,3,2,3,4,1,2,5,4,2,2,2,3,4,3,1,4,4,4,5,2,3,3,Not At-Risk
HS2026347,2.76,0.7,0.69,0.7,0.93,0.76,Sometimes,27-29 years,Male,300,BSc Nursing,Low income,Sometimes (monthly),Yes - fewer than 10 hours/week,1-2 hours,More than 8 hours,Moderate risk,4,1,1,3,5,4,3,3,4,1,4,2,4,2,2,2,2,2,3,3,5,1,5,4,2,4,2,5,1,3,5,4,3,3,4,2,4,4,2,2,3,4,Not At-Risk
HS2026348,2.22,0.7,0.73,0.9,0.88,1,Rarely,27-29 years,Female,300,BSc Nursing,Middle income,Rarely (once or twice a semester),No,1-2 hours,More than 8 hours,High risk,5,1,1,4,2,4,4,1,3,4,4,4,1,3,4,3,2,2,1,4,4,3,4,3,3,3,2,4,1,4,2,4,4,1,3,1,2,2,2,5,2,5,Not At-Risk
HS2026349,2.61,0.9,0.69,1,0.92,1,Rarely,21-23 years,Female,300,BSc Nursing,Upper-middle income,Rarely (once or twice a semester),Yes - fewer than 10 hours/week,2-3 hours,6-7 hours,Moderate risk,3,2,2,5,5,2,2,4,3,4,4,4,4,3,5,4,2,3,2,3,3,1,4,5,2,4,1,5,2,5,5,2,2,4,3,3,3,2,2,4,1,3,At-Risk
HS2026350,3,1,0.68,0.79,0.76,0.7,Rarely,24-26 years,Female,300,BSc Nursing,Middle income,Sometimes (monthly),Yes - fewer than 10 hours/week,1-2 hours,5-6 hours,Low risk,2,3,4,4,1,3,3,5,4,2,2,5,1,4,2,3,5,1,1,4,4,2,3,2,5,5,1,4,4,4,1,3,3,5,4,4,2,4,1,2,2,2,Not At-Risk
HS2026351,2.76,0.68,0.84,0.96,0.84,0.69,Rarely,27-29 years,Male,300,BSc Nursing,High income,Never,Yes - fewer than 10 hours/week,More than 4 hours,4-5 hours,Moderate risk,4,4,2,2,3,3,2,1,1,1,1,2,2,4,5,3,3,3,2,4,2,2,2,3,2,2,3,2,2,2,3,3,2,1,1,2,4,4,2,2,4,4,At-Risk
HS2026352,2.85,0.98,0.78,0.92,0.89,0.7,Almost never,27-29 years,Female,300,BSc Nursing,Middle income,Sometimes (monthly),No,2-3 hours,6-7 hours,Low risk,3,3,1,2,1,5,4,3,3,5,3,1,4,3,3,2,2,5,2,3,3,3,5,3,2,2,2,2,1,2,1,5,4,3,3,2,3,5,2,2,3,3,Not At-Risk
HS2026353,3.06,0.78,0.7,1,0.72,0.69,Sometimes,21-23 years,Male,300,BSc Nursing,High income,Never,Yes - more than 20 hours/week,1-2 hours,4-5 hours,Very low risk,5,2,5,3,3,4,1,3,2,3,3,2,2,2,2,3,4,3,3,4,3,1,2,3,4,3,1,4,5,3,3,4,1,3,2,5,2,4,3,5,4,5,Not At-Risk
HS2026354,3.07,0.69,0.9,0.89,0.95,0.79,Sometimes,30-35 years,Male,300,BSc Nursing,Middle income,Sometimes (monthly),Yes - more than 20 hours/week,More than 4 hours,Less than 4 hours,Low risk,3,3,4,1,1,2,1,5,2,1,1,1,4,2,4,4,2,3,1,5,5,4,3,3,5,1,1,3,4,1,1,2,1,5,2,3,5,4,2,5,2,3,Not At-Risk
HS2026355,2.89,0.6,1,0.9,1,0.69,Rarely,27-29 years,Male,300,BSc Nursing,Middle income,Rarely (once or twice a semester),No,Less than 1 hour,6-7 hours,Low risk,3,1,2,3,3,4,3,2,3,2,1,3,3,3,1,1,2,5,3,3,3,2,1,3,3,4,3,2,2,3,3,4,3,2,3,4,2,3,2,5,4,3,Not At-Risk
HS2026356,2.22,0.79,0.79,1,0.85,1,Rarely,18-20 years,Female,300,BSc Nursing,Middle income,Rarely (once or twice a semester),No,Less than 1 hour,4-5 hours,High risk,2,4,3,2,2,2,2,2,2,4,4,1,4,4,3,1,3,5,4,3,5,4,4,3,2,3,2,3,3,2,2,2,2,2,2,4,4,2,4,2,4,2,At-Risk
HS2026357,2.28,0.89,0.96,1,0.94,0.79,Rarely,18-20 years,Male,300,BSc Nursing,Middle income,Rarely (once or twice a semester),No,1-2 hours,6-7 hours,High risk,4,1,2,3,2,4,4,4,3,1,2,4,5,4,3,5,3,3,3,1,3,4,4,3,2,2,4,1,2,3,2,4,4,4,3,4,3,5,4,3,4,4,At-Risk
HS2026358,2.56,0.91,0.92,0.7,0.88,0.9,Rarely,21-23 years,Female,300,BSc Nursing,Middle income,Rarely (once or twice a semester),Yes - 10-20 hours/week,2-3 hours,4-5 hours,Very low risk,3,3,2,3,2,4,2,4,3,3,3,1,4,1,2,2,2,1,5,2,3,2,1,4,5,4,2,3,2,3,2,4,2,4,3,2,4,3,5,3,2,3,At-Risk
HS2026359,2.69,0.66,1,0.69,0.9,0.9,Almost never,21-23 years,Male,300,BSc Nursing,Low income,Sometimes (monthly),No,3-4 hours,6-7 hours,Low risk,5,2,1,5,5,3,2,1,4,2,1,3,3,5,4,1,2,4,5,3,2,4,5,2,5,5,2,2,1,5,5,3,2,1,4,4,4,2,2,1,4,5,Not At-Risk
HS2026360,2.91,1,0.89,0.7,0.84,0.92,Sometimes,24-26 years,Male,300,BSc Nursing,Low income,Often (weekly),No,More than 4 hours,4-5 hours,Low risk,2,3,4,2,2,5,3,2,3,3,3,2,3,4,5,1,4,3,3,2,2,4,2,3,2,4,2,3,4,2,2,5,3,2,3,2,2,1,1,5,3,2,Not At-Risk
HS2026361,3.3,0.79,0.93,0.69,0.66,0.78,Sometimes,27-29 years,Male,300,BSc Nursing,Upper-middle income,Rarely (once or twice a semester),No,3-4 hours,5-6 hours,Low risk,3,2,1,4,3,3,3,2,3,3,1,3,3,5,2,2,3,3,4,4,4,2,4,5,5,5,1,4,1,4,3,3,3,2,3,3,3,4,3,3,1,3,Not At-Risk
HS2026362,3.43,0.7,0.8,0.79,0.77,0.7,Rarely,21-23 years,Male,300,BSc Nursing,Low income,Always,Yes - fewer than 10 hours/week,3-4 hours,4-5 hours,Moderate risk,1,3,3,2,2,5,2,3,2,2,3,1,3,4,2,1,1,5,3,3,1,3,4,2,3,3,2,2,3,2,2,5,2,3,2,1,1,4,3,2,3,1,Not At-Risk
HS2026363,3.26,0.93,0.8,0.69,0.99,0.89,Rarely,21-23 years,Male,300,BSc Nursing,Low income,Always,No,More than 4 hours,5-6 hours,Moderate risk,1,1,1,4,5,4,4,3,2,1,2,3,5,3,2,3,5,2,3,5,4,1,4,5,5,5,2,3,1,4,5,4,4,3,2,1,1,2,2,5,3,1,Not At-Risk
HS2026364,2.81,0.9,0.89,0.7,0.8,0.85,Rarely,24-26 years,Female,300,BSc Nursing,Low income,Never,Yes - 10-20 hours/week,2-3 hours,More than 8 hours,Moderate risk,2,3,4,4,2,3,4,4,1,2,3,3,2,4,2,2,4,2,5,1,4,3,2,1,3,2,4,2,4,4,2,3,4,4,1,2,4,3,4,5,4,2,Not At-Risk
HS2026365,2.3,0.6,0.93,0.7,0.83,0.69,Rarely,24-26 years,Male,300,BSc Nursing,Middle income,Sometimes (monthly),Yes - 10-20 hours/week,More than 4 hours,More than 8 hours,Moderate risk,2,1,4,3,2,2,2,3,5,2,3,1,2,5,1,2,1,4,1,3,3,1,4,4,5,2,2,5,4,3,2,2,2,3,5,2,2,2,2,2,4,2,At-Risk
HS2026366,2.81,0.79,0.9,0.9,0.88,0.73,Almost never,21-23 years,Female,300,BSc Nursing,Low income,Always,No,3-4 hours,More than 8 hours,Moderate risk,5,4,4,1,4,3,3,2,3,3,2,5,1,1,1,3,5,3,1,3,3,1,4,4,1,3,4,1,4,1,4,3,3,2,3,3,2,3,2,3,3,5,Not At-Risk
HS2026367,2.67,0.87,0.79,1,0.84,0.69,Sometimes,30-35 years,Female,300,BSc Nursing,Middle income,Sometimes (monthly),No,1-2 hours,6-7 hours,High risk,3,2,1,5,4,3,1,2,3,3,4,5,1,3,5,2,1,4,3,4,4,2,3,3,4,3,3,2,1,5,4,3,1,2,3,3,5,4,2,1,3,3,At-Risk
HS2026368,3.44,0.78,0.67,0.68,0.6,0.68,Sometimes,21-23 years,Female,300,BSc Nursing,Upper-middle income,Never,No,3-4 hours,5-6 hours,Moderate risk,3,4,3,5,2,1,1,2,5,4,4,5,1,2,3,4,3,1,4,5,3,2,3,3,2,2,1,5,3,5,2,1,1,2,5,3,4,2,3,2,2,3,Not At-Risk
HS2026369,3.28,0.99,0.72,0.98,0.98,0.84,Rarely,21-23 years,Female,300,BSc Nursing,Upper-middle income,Never,Yes - fewer than 10 hours/week,3-4 hours,4-5 hours,Low risk,5,4,3,3,3,3,1,3,4,3,5,2,2,1,2,1,4,2,3,4,5,3,5,4,3,4,2,5,3,3,3,3,1,3,4,2,1,4,4,3,1,5,Not At-Risk
HS2026370,2.78,0.88,0.69,0.78,0.57,0.78,Rarely,24-26 years,Female,300,BSc Nursing,Middle income,Rarely (once or twice a semester),No,3-4 hours,6-7 hours,Moderate risk,4,5,1,5,2,1,4,3,4,2,3,4,4,3,5,3,5,4,4,2,2,1,1,1,4,2,5,4,1,5,2,1,4,3,4,3,3,1,3,5,3,4,Not At-Risk
HS2026371,3.35,1,1,0.77,1,0.7,Rarely,30-35 years,Male,300,BSc Nursing,Middle income,Rarely (once or twice a semester),Yes - 10-20 hours/week,1-2 hours,4-5 hours,Low risk,4,2,3,2,4,5,3,5,3,2,2,5,3,2,2,1,5,2,5,1,3,2,2,4,4,1,4,3,3,2,4,5,3,5,3,3,3,2,5,5,3,4,Not At-Risk
HS2026372,2.65,0.89,0.59,0.94,0.86,0.9,Rarely,27-29 years,Male,300,BSc Nursing,High income,Never,Yes - fewer than 10 hours/week,3-4 hours,Less than 4 hours,Very low risk,2,2,3,1,2,4,2,4,1,3,4,2,4,3,4,4,4,1,3,2,3,1,4,3,1,2,1,4,3,1,2,4,2,4,1,4,2,2,5,1,4,2,Not At-Risk
HS2026373,2.43,0.9,0.55,0.95,0.78,1,Almost never,27-29 years,Female,300,BSc Nursing,Low income,Sometimes (monthly),No,3-4 hours,6-7 hours,Low risk,2,3,4,4,2,3,4,3,3,4,4,2,3,2,1,1,2,3,3,3,5,4,5,2,3,2,3,5,4,4,2,3,4,3,3,3,3,2,3,3,4,2,At-Risk
HS2026374,3.02,1,0.96,0.67,0.83,0.79,Sometimes,21-23 years,Female,300,BSc Nursing,Middle income,Never,Yes - fewer than 10 hours/week,2-3 hours,4-5 hours,Low risk,4,1,1,4,4,5,2,2,3,3,2,2,2,3,3,3,5,1,3,1,1,5,1,1,1,3,5,1,1,4,4,5,2,2,3,4,3,2,1,2,3,4,At-Risk
HS2026375,3.43,1,0.59,0.76,0.85,0.96,Sometimes,24-26 years,Female,300,BSc Nursing,Middle income,Always,No,1-2 hours,6-7 hours,High risk,3,5,2,2,3,1,3,3,5,4,3,4,1,3,4,4,2,1,2,1,4,4,1,2,3,4,3,3,2,2,3,1,3,3,5,3,4,3,4,3,5,3,Not At-Risk
HS2026376,2.5,0.7,0.93,1,0.89,0.92,Rarely,27-29 years,Male,300,BSc Nursing,Low income,Always,No,3-4 hours,4-5 hours,High risk,3,2,5,4,2,3,4,2,4,5,5,3,4,5,3,2,1,3,3,4,5,1,4,5,2,4,3,3,5,4,2,3,4,2,4,2,4,1,3,1,4,3,Not At-Risk
HS2026377,2.74,0.69,0.75,1,0.87,1,Rarely,27-29 years,Female,300,BSc Nursing,Middle income,Never,Yes - more than 20 hours/week,1-2 hours,6-7 hours,Very low risk,3,4,3,3,2,2,4,3,4,3,4,3,3,4,5,5,3,5,2,4,3,1,5,5,4,4,3,4,3,3,2,2,4,3,4,5,3,5,4,4,3,3,At-Risk
HS2026378,3.17,0.7,0.57,0.7,0.79,0.89,Rarely,21-23 years,Male,300,BSc Nursing,Upper-middle income,Never,Yes - fewer than 10 hours/week,3-4 hours,4-5 hours,Low risk,1,5,5,2,1,3,3,4,1,2,3,5,3,4,1,3,4,2,2,3,1,2,1,1,2,3,2,2,5,2,1,3,3,4,1,3,1,5,3,2,4,1,Not At-Risk
HS2026379,2.91,0.69,0.89,0.69,0.8,0.92,Rarely,30-35 years,Male,300,BSc Nursing,Low income,Sometimes (monthly),No,3-4 hours,5-6 hours,Low risk,3,2,3,2,1,1,2,5,4,3,4,2,3,2,2,3,3,2,4,4,3,3,5,3,5,1,2,4,3,2,1,1,2,5,4,1,2,1,1,3,1,3,Not At-Risk
HS2026380,3.02,0.79,1,0.7,0.77,0.78,Almost never,27-29 years,Male,300,BSc Nursing,Middle income,Rarely (once or twice a semester),Yes - fewer than 10 hours/week,Less than 1 hour,4-5 hours,Low risk,2,3,4,2,1,3,2,3,4,5,2,2,5,1,4,3,4,4,1,2,4,2,2,4,2,1,3,1,4,2,1,3,2,3,4,3,1,3,2,3,4,2,Not At-Risk
HS2026381,2.37,0.69,0.89,0.69,0.92,0.7,Sometimes,18-20 years,Female,300,BSc Nursing,Upper-middle income,Rarely (once or twice a semester),Yes - fewer than 10 hours/week,1-2 hours,5-6 hours,Moderate risk,3,3,3,3,3,3,4,3,2,2,2,2,3,4,3,2,1,5,1,1,1,4,4,4,1,3,4,3,3,3,3,3,4,3,2,5,2,3,2,1,3,3,At-Risk
HS2026382,2.63,0.7,0.89,0.79,1,0.89,Sometimes,18-20 years,Male,300,BSc Nursing,Middle income,Sometimes (monthly),Yes - fewer than 10 hours/week,2-3 hours,More than 8 hours,Moderate risk,2,3,3,4,5,1,2,2,3,4,2,1,3,3,5,5,3,1,3,1,2,3,2,1,3,4,4,2,3,4,5,1,2,2,3,1,3,3,4,5,2,2,At-Risk
HS2026383,2.81,0.7,0.89,0.69,0.9,0.85,Rarely,21-23 years,Female,300,BSc Nursing,High income,Never,No,1-2 hours,More than 8 hours,Moderate risk,4,5,2,3,2,5,5,1,5,1,3,5,5,2,4,2,2,4,4,4,3,4,4,1,2,1,4,1,2,3,2,5,5,1,5,1,1,1,3,4,1,4,Not At-Risk
HS2026384,2.61,0.9,0.7,1,0.87,0.69,Rarely,21-23 years,Male,300,BSc Nursing,Middle income,Sometimes (monthly),Yes - more than 20 hours/week,3-4 hours,More than 8 hours,Moderate risk,1,3,4,4,3,3,1,3,4,5,3,5,5,5,4,5,3,3,2,5,3,4,1,2,3,3,2,2,4,4,3,3,1,3,4,3,2,1,2,4,2,1,At-Risk
HS2026385,2.89,1,0.77,0.79,0.78,0.73,Rarely,24-26 years,Male,300,BSc Nursing,High income,Never,Yes - more than 20 hours/week,0,6-7 hours,Moderate risk,2,5,2,1,2,3,2,1,4,5,2,1,3,4,5,2,1,4,5,3,5,3,5,4,1,4,1,3,2,1,2,3,2,1,4,1,2,1,1,4,3,2,At-Risk
HS2026386,2.74,0.7,0.79,0.9,1,0.69,Rarely,27-29 years,Male,300,BSc Nursing,Middle income,Sometimes (monthly),No,3-4 hours,5-6 hours,High risk,2,4,1,2,3,2,2,5,4,1,4,2,1,2,1,3,5,4,2,4,3,3,2,4,4,1,3,5,1,2,3,2,2,5,4,5,2,2,2,4,2,2,At-Risk
HS2026387,3.22,0.77,0.69,0.9,0.69,0.68,Almost never,21-23 years,Male,300,BSc Nursing,Middle income,Rarely (once or twice a semester),No,2-3 hours,4-5 hours,Moderate risk,3,2,1,3,2,2,4,2,5,4,3,3,5,2,1,1,2,2,3,5,2,3,1,3,1,1,2,5,1,3,2,2,4,2,5,3,4,5,5,2,5,3,Not At-Risk
HS2026388,2.46,0.79,0.6,0.92,1,0.84,Sometimes,21-23 years,Male,300,BSc Nursing,Middle income,Rarely (once or twice a semester),No,2-3 hours,6-7 hours,Low risk,1,1,3,3,1,3,3,4,1,2,3,3,1,1,2,4,3,1,3,4,4,1,4,2,3,3,1,5,3,3,1,3,3,4,1,3,4,1,2,5,4,1,At-Risk
HS2026389,2.5,0.69,0.79,0.78,0.92,0.78,Sometimes,24-26 years,Female,300,BSc Nursing,Middle income,Rarely (once or twice a semester),Yes - 10-20 hours/week,Less than 1 hour,4-5 hours,Moderate risk,4,5,2,4,4,4,5,1,2,4,3,1,2,4,4,2,2,4,4,2,2,2,3,3,1,5,5,3,2,4,4,4,5,1,2,5,4,2,4,2,5,4,Not At-Risk
HS2026390,2.94,0.78,0.89,0.7,0.95,0.7,Rarely,24-26 years,Male,300,BSc Nursing,Middle income,Rarely (once or twice a semester),No,1-2 hours,Less than 4 hours,Low risk,5,2,3,2,5,4,4,5,2,2,2,1,3,4,3,3,5,1,5,3,3,5,1,1,4,3,4,1,3,2,5,4,4,5,2,4,3,3,3,2,4,5,At-Risk
HS2026391,3,0.99,0.91,0.89,0.85,0.9,Rarely,21-23 years,Female,300,BSc Nursing,Low income,Sometimes (monthly),No,More than 4 hours,6-7 hours,Very low risk,4,5,5,3,1,4,2,2,2,1,3,5,2,4,1,2,3,1,4,1,4,4,4,1,1,2,4,4,5,3,1,4,2,2,2,4,5,2,4,1,5,4,Not At-Risk
HS2026392,2.2,0.88,0.66,0.85,0.9,1,Rarely,30-35 years,Female,300,BSc Nursing,Low income,Often (weekly),No,Less than 1 hour,4-5 hours,Low risk,3,1,3,5,2,3,2,2,4,1,2,3,3,2,4,5,3,4,3,5,4,4,3,3,3,5,5,4,3,5,2,3,2,2,4,3,2,5,5,1,4,3,At-Risk
HS2026393,2.44,1,1,0.69,0.7,0.79,Rarely,21-23 years,Female,300,BSc Nursing,Upper-middle income,Rarely (once or twice a semester),Yes - fewer than 10 hours/week,2-3 hours,6-7 hours,Low risk,3,3,2,4,2,5,1,3,3,4,5,1,5,5,3,4,2,3,4,1,1,2,3,4,3,3,4,3,2,4,2,5,1,3,3,2,3,2,2,3,2,3,Not At-Risk
HS2026394,3.06,0.89,0.79,0.73,0.94,0.96,Almost never,21-23 years,Female,300,BSc Nursing,Low income,Always,No,More than 4 hours,4-5 hours,High risk,3,3,1,2,1,5,5,1,4,5,3,4,1,1,5,2,1,4,1,1,3,1,3,1,3,5,3,4,1,2,1,5,5,1,4,5,3,2,2,2,2,3,Not At-Risk
HS2026395,2.44,0.9,0.7,0.69,0.92,0.92,Sometimes,24-26 years,Female,300,BSc Nursing,Low income,Always,Yes - 10-20 hours/week,1-2 hours,6-7 hours,High risk,3,2,4,1,1,4,2,3,4,4,2,2,1,2,2,4,2,2,2,1,4,3,4,2,1,1,2,3,4,1,1,4,2,3,4,2,3,4,3,1,4,3,At-Risk
HS2026396,2.78,1,0.93,0.68,0.94,1,Sometimes,30-35 years,Male,300,BSc Nursing,Low income,Never,Yes - 10-20 hours/week,1-2 hours,4-5 hours,Very low risk,3,4,5,2,1,3,1,1,5,3,2,2,3,4,3,1,3,4,1,5,5,1,5,4,3,5,3,2,5,2,1,3,1,1,5,3,3,5,1,1,3,3,At-Risk
HS2026397,3.41,1,0.9,0.84,0.86,0.89,Rarely,27-29 years,Male,300,BSc Nursing,Middle income,Sometimes (monthly),No,1-2 hours,5-6 hours,Low risk,5,3,4,2,4,4,3,5,5,3,4,1,5,4,3,2,3,5,1,1,3,5,3,1,3,1,3,1,4,2,4,4,3,5,5,1,3,3,4,3,2,5,Not At-Risk
HS2026398,3.11,0.7,0.6,0.78,0.97,0.93,Rarely,27-29 years,Female,300,BSc Nursing,Low income,Always,No,Less than 1 hour,4-5 hours,Low risk,2,2,4,2,2,3,5,3,3,1,3,2,1,2,2,3,3,4,3,2,1,4,4,2,4,4,5,1,4,2,2,3,5,3,3,4,3,2,3,2,3,2,Not At-Risk
HS2026399,3.46,0.69,0.79,0.7,0.6,0.8,Rarely,21-23 years,Female,300,BSc Nursing,Middle income,Sometimes (monthly),No,1-2 hours,5-6 hours,Low risk,2,2,1,2,4,2,2,4,3,4,3,4,2,2,4,4,2,2,2,2,5,3,4,2,3,5,3,3,1,2,4,2,2,4,3,4,3,2,2,4,1,2,Not At-Risk
HS2026400,3.11,0.7,0.87,0.9,0.9,0.8,Rarely,24-26 years,Female,300,BSc Nursing,Upper-middle income,Never,Yes - fewer than 10 hours/week,1-2 hours,More than 8 hours,Moderate risk,3,1,2,4,5,1,2,4,3,3,3,1,2,5,3,2,3,2,4,4,4,2,4,3,1,3,5,2,2,4,5,1,2,4,3,1,4,5,4,2,3,3,At-Risk
HS2026401,2.93,0.69,0.78,1,0.91,0.89,Almost never,27-29 years,Male,300,BSc Nursing,Upper-middle income,Never,No,1-2 hours,More than 8 hours,Moderate risk,3,4,1,3,4,3,1,3,3,3,3,4,1,2,2,2,4,1,1,3,3,4,4,1,3,3,3,2,1,3,4,3,1,3,3,5,2,5,5,2,2,3,Not At-Risk
HS2026402,2.65,0.79,0.99,0.79,0.76,0.93,Sometimes,27-29 years,Female,300,BSc Nursing,Middle income,Rarely (once or twice a semester),Yes - 10-20 hours/week,1-2 hours,More than 8 hours,Moderate risk,5,5,3,5,3,2,2,1,4,4,4,4,4,1,5,4,3,5,1,1,1,4,3,5,4,5,3,5,3,5,3,2,2,1,4,2,3,2,4,2,3,5,At-Risk
HS2026403,2.56,0.69,0.88,0.96,0.95,0.9,Sometimes,21-23 years,Male,300,BSc Nursing,Middle income,Rarely (once or twice a semester),Yes - fewer than 10 hours/week,1-2 hours,6-7 hours,Moderate risk,1,3,2,4,1,2,3,3,3,3,4,1,5,3,1,5,1,3,2,4,1,2,2,3,4,2,2,3,2,4,1,2,3,3,3,4,5,5,5,1,4,1,Not At-Risk
HS2026404,3.02,0.7,1,0.92,0.91,0.79,Rarely,30-35 years,Male,300,BSc Nursing,High income,Never,No,2-3 hours,5-6 hours,Moderate risk,3,4,3,3,2,4,4,4,1,2,4,5,3,3,3,4,2,5,3,1,2,4,2,3,2,5,3,1,3,3,2,4,4,4,1,4,2,3,3,2,2,3,Not At-Risk
HS2026405,2.94,0.7,0.89,1,0.96,0.67,Rarely,27-29 years,Male,300,BSc Nursing,Low income,Sometimes (monthly),Yes - fewer than 10 hours/week,2-3 hours,4-5 hours,High risk,2,1,4,3,3,2,5,1,2,4,2,4,3,2,4,1,3,3,2,3,1,4,1,5,1,5,3,4,4,3,3,2,5,1,2,4,5,5,5,2,3,2,At-Risk
HS2026406,2.91,0.89,0.9,0.89,1,0.72,Rarely,18-20 years,Female,300,BSc Nursing,Middle income,Never,No,1-2 hours,6-7 hours,Moderate risk,4,1,2,2,3,2,1,5,2,3,3,4,3,3,2,3,1,3,5,3,4,1,5,3,1,3,4,2,2,2,3,2,1,5,2,2,1,3,2,4,2,4,Not At-Risk
HS2026407,3.24,0.85,1,0.92,0.92,0.69,Rarely,18-20 years,Male,300,BSc Nursing,Middle income,Always,No,3-4 hours,4-5 hours,Low risk,1,2,2,3,4,1,3,2,3,3,4,4,2,2,2,2,1,5,1,3,1,3,3,2,5,3,2,3,2,3,4,1,3,2,3,4,4,5,2,2,5,1,Not At-Risk
HS2026408,3,0.69,1,0.78,0.99,1,Almost never,21-23 years,Female,300,BSc Nursing,Low income,Always,Yes - more than 20 hours/week,2-3 hours,Less than 4 hours,Moderate risk,2,2,2,4,3,3,2,5,4,4,5,5,2,4,3,3,3,4,4,5,5,2,4,2,5,5,2,4,2,4,3,3,2,5,4,4,4,1,3,4,1,2,Not At-Risk
HS2026409,2.63,0.73,0.7,0.7,1,0.59,Sometimes,21-23 years,Male,300,BSc Nursing,Middle income,Never,Yes - fewer than 10 hours/week,2-3 hours,6-7 hours,Low risk,3,2,4,5,3,3,2,5,3,2,3,2,3,1,2,2,4,2,3,3,3,3,5,4,3,4,1,2,4,5,3,3,2,5,3,3,3,4,3,3,2,3,Not At-Risk
HS2026410,2.56,0.8,0.69,0.89,0.9,0.55,Sometimes,24-26 years,Male,300,BSc Nursing,Upper-middle income,Never,No,2-3 hours,4-5 hours,Very low risk,3,4,1,5,3,4,4,1,5,4,4,5,3,3,4,2,1,3,1,3,4,3,1,4,3,1,3,2,1,5,3,4,4,1,5,3,3,2,2,1,5,3,Not At-Risk
HS2026411,2.87,0.67,0.7,0.85,0.64,0.96,Rarely,27-29 years,Male,300,BSc Nursing,Low income,Sometimes (monthly),Yes - fewer than 10 hours/week,1-2 hours,6-7 hours,Low risk,2,2,4,2,2,4,1,4,3,2,3,2,3,3,2,3,4,3,4,4,3,3,4,1,4,2,2,3,4,2,2,4,1,4,3,5,4,3,4,2,5,2,Not At-Risk
HS2026412,2.67,0.8,0.69,0.69,0.59,0.59,Rarely,21-23 years,Male,300,BSc Nursing,Middle income,Rarely (once or twice a semester),Yes - fewer than 10 hours/week,1-2 hours,4-5 hours,Low risk,3,1,5,1,2,1,5,5,3,3,3,4,1,2,3,1,1,3,4,3,1,4,2,4,3,4,5,2,5,1,2,1,5,5,3,1,1,4,2,5,4,3,Not At-Risk
HS2026413,2.19,0.75,0.79,0.73,0.95,0.93,Rarely,21-23 years,Male,300,BSc Nursing,Upper-middle income,Rarely (once or twice a semester),Yes - fewer than 10 hours/week,2-3 hours,6-7 hours,High risk,3,3,1,3,3,2,2,3,5,2,3,2,3,3,4,4,4,4,3,4,3,4,3,2,4,3,4,2,1,3,3,2,2,3,5,2,4,4,1,4,3,3,At-Risk
HS2026414,2.87,0.8,0.69,0.69,0.82,0.75,Rarely,24-26 years,Female,300,BSc Nursing,Middle income,Sometimes (monthly),No,2-3 hours,4-5 hours,High risk,1,2,5,4,2,4,2,2,2,3,4,5,2,4,2,3,4,1,3,4,2,3,3,2,3,2,5,2,5,4,2,4,2,2,2,4,3,1,2,1,4,1,At-Risk
HS2026415,2.07,0.78,0.7,0.68,1,0.57,Almost never,24-26 years,Male,300,BSc Nursing,High income,Never,Yes - more than 20 hours/week,2-3 hours,5-6 hours,Very low risk,5,3,2,2,1,4,4,3,1,2,4,1,3,5,2,3,1,5,2,1,2,2,2,2,3,5,3,4,2,2,1,4,4,3,1,5,2,3,2,3,5,5,At-Risk
HS2026416,3.39,0.66,0.7,0.84,0.87,0.89,Sometimes,21-23 years,Female,300,BSc Nursing,Middle income,Sometimes (monthly),Yes - more than 20 hours/week,2-3 hours,4-5 hours,Low risk,5,4,4,3,5,3,4,3,1,5,3,3,2,2,3,4,1,3,2,1,3,4,2,2,1,3,4,1,4,3,5,3,4,3,1,1,1,1,3,5,1,5,Not At-Risk
HS2026417,2.96,0.5,0.9,0.78,0.92,1,Sometimes,30-35 years,Female,300,BSc Nursing,High income,Never,No,1-2 hours,5-6 hours,Low risk,2,3,2,5,5,3,2,3,4,4,3,4,3,3,3,5,2,3,1,2,5,4,5,4,5,5,2,2,2,5,5,3,2,3,4,1,2,3,4,3,3,2,Not At-Risk
HS2026418,2.85,0.63,1,0.7,0.82,0.89,Rarely,21-23 years,Female,300,BSc Nursing,Middle income,Sometimes (monthly),No,Less than 1 hour,More than 8 hours,Low risk,1,4,3,1,4,3,3,3,2,3,1,3,3,3,2,4,3,2,4,3,1,3,3,5,1,2,4,2,3,1,4,3,3,3,2,4,5,2,4,3,3,1,At-Risk
HS2026419,2.69,0.78,0.7,0.9,0.88,0.89,Rarely,21-23 years,Female,300,BSc Nursing,Middle income,Rarely (once or twice a semester),No,2-3 hours,More than 8 hours,Moderate risk,3,4,1,3,2,4,5,3,2,2,3,5,4,2,1,4,2,2,2,4,2,3,4,5,4,1,2,3,1,3,2,4,5,3,2,5,5,4,4,3,4,3,At-Risk
HS2026420,3.48,0.99,0.77,1,0.85,0.89,Rarely,24-26 years,Female,300,BSc Nursing,Middle income,Rarely (once or twice a semester),Yes - 10-20 hours/week,2-3 hours,More than 8 hours,Moderate risk,2,1,5,1,2,1,2,5,1,1,2,4,2,2,3,2,3,2,4,2,2,4,3,3,5,1,5,5,5,1,2,1,2,5,1,1,1,2,3,2,2,2,Not At-Risk
HS2026421,3.43,0.62,0.79,0.79,0.86,0.7,Rarely,30-35 years,Male,300,BSc Nursing,Middle income,Rarely (once or twice a semester),No,1-2 hours,6-7 hours,Moderate risk,3,4,1,3,2,4,2,3,2,5,4,3,2,4,1,1,3,3,3,4,1,3,3,3,4,2,2,3,1,3,2,4,2,3,2,5,3,5,1,2,4,3,Not At-Risk
HS2026422,3.61,0.88,0.69,0.96,0.92,0.77,Almost never,27-29 years,Male,300,BSc Nursing,Middle income,Rarely (once or twice a semester),No,2-3 hours,5-6 hours,Moderate risk,3,2,3,4,5,1,1,2,3,3,2,4,1,1,4,2,4,3,4,3,3,1,2,3,4,2,2,3,3,4,5,1,1,2,3,2,4,2,1,3,1,3,Not At-Risk
HS2026423,3.31,0.6,0.6,0.92,0.85,0.79,Sometimes,27-29 years,Female,300,BSc Nursing,Low income,Sometimes (monthly),No,1-2 hours,4-5 hours,Moderate risk,1,1,3,4,2,1,3,2,4,3,4,3,2,2,3,2,4,2,3,3,3,5,1,3,3,2,5,2,3,4,2,1,3,2,4,4,4,1,3,4,3,1,Not At-Risk
HS2026424,2.65,0.61,0.79,1,1,0.69,Sometimes,21-23 years,Female,300,BSc Nursing,Low income,Often (weekly),Yes - fewer than 10 hours/week,1-2 hours,6-7 hours,High risk,2,3,4,3,2,2,4,4,2,5,1,2,2,2,1,4,2,1,2,1,2,5,1,3,3,5,5,1,4,3,2,2,4,4,2,2,1,3,4,4,2,2,At-Risk
HS2026425,3.02,0.7,0.89,0.89,0.87,0.6,Rarely,24-26 years,Female,300,BSc Nursing,Upper-middle income,Rarely (once or twice a semester),No,1-2 hours,4-5 hours,Moderate risk,1,1,2,4,2,4,3,5,1,5,3,4,1,1,2,3,4,3,3,1,3,2,3,1,2,4,2,4,2,4,2,4,3,5,1,4,1,2,1,4,1,1,Not At-Risk
HS2026426,2.89,0.9,0.91,0.93,1,0.79,Rarely,27-29 years,Male,300,BSc Nursing,Low income,Always,Yes - 10-20 hours/week,2-3 hours,Less than 4 hours,Low risk,1,2,4,2,5,3,2,3,5,2,1,4,2,3,2,4,3,1,4,3,1,3,3,3,2,5,3,2,4,2,5,3,2,3,5,1,2,3,3,2,2,1,Not At-Risk
HS2026427,3.06,1,0.66,0.8,0.88,0.89,Rarely,27-29 years,Female,300,BSc Nursing,Low income,Always,Yes - 10-20 hours/week,1-2 hours,6-7 hours,Moderate risk,2,3,5,4,5,3,5,1,1,5,3,3,3,4,3,2,3,3,1,1,1,4,2,1,1,3,2,3,5,4,5,3,5,1,1,5,4,1,4,1,3,2,Not At-Risk
HS2026428,2.76,0.79,1,0.8,0.8,0.91,Rarely,21-23 years,Male,300,BSc Nursing,Low income,Never,No,More than 4 hours,4-5 hours,Low risk,4,3,3,4,2,4,4,2,3,2,1,4,2,1,3,1,5,1,3,2,3,3,2,2,1,5,1,4,3,4,2,4,4,2,3,2,4,4,1,3,5,4,Not At-Risk
HS2026429,2.59,0.96,0.79,0.89,0.74,0.66,Almost never,30-35 years,Male,300,BSc Nursing,Middle income,Sometimes (monthly),No,2-3 hours,6-7 hours,Very low risk,3,5,1,5,3,5,4,3,2,5,2,3,4,3,1,3,4,3,5,2,4,5,1,4,4,3,2,2,1,5,3,5,4,3,2,1,3,1,1,2,5,3,At-Risk
HS2026430,3.09,0.92,0.7,0.93,1,1,Sometimes,27-29 years,Male,300,BSc Nursing,Low income,Always,No,1-2 hours,4-5 hours,Low risk,2,3,5,2,2,5,3,4,4,3,3,3,3,4,5,3,3,5,3,4,3,5,4,2,1,4,3,3,5,2,2,5,3,4,4,4,2,3,3,1,5,2,Not At-Risk
HS2026431,2.43,1,0.93,0.9,0.91,0.79,Sometimes,18-20 years,Female,300,BSc Nursing,Middle income,Sometimes (monthly),Yes - fewer than 10 hours/week,More than 4 hours,6-7 hours,Low risk,3,1,5,2,3,2,1,4,1,4,2,3,3,3,4,3,2,5,5,1,4,3,4,4,2,4,2,5,5,2,3,2,1,4,1,3,3,1,5,5,3,3,Not At-Risk
HS2026432,2.89,0.89,0.9,0.79,0.85,0.7,Rarely,18-20 years,Male,300,BSc Nursing,Upper-middle income,Never,No,Less than 1 hour,4-5 hours,High risk,3,2,5,4,5,1,2,4,3,3,4,1,2,3,2,4,4,5,4,5,3,5,5,4,3,1,4,2,5,4,5,1,2,4,3,1,1,4,3,4,1,3,At-Risk
HS2026433,2.54,0.92,0.6,0.67,0.87,0.93,Rarely,21-23 years,Female,300,BSc Nursing,Upper-middle income,Never,Yes - 10-20 hours/week,Less than 1 hour,5-6 hours,High risk,3,1,5,3,3,5,2,1,2,4,3,1,4,4,5,3,1,2,1,4,4,3,3,1,1,1,4,5,5,3,3,5,2,1,2,4,1,1,2,4,4,3,Not At-Risk
HS2026434,2.91,0.78,0.79,0.72,0.94,0.9,Rarely,21-23 years,Male,300,BSc Nursing,Middle income,Rarely (once or twice a semester),Yes - fewer than 10 hours/week,1-2 hours,4-5 hours,Very low risk,4,2,3,2,5,2,2,3,5,4,3,1,3,2,2,1,3,3,2,4,2,2,2,4,2,4,3,3,3,2,5,2,2,3,5,3,3,3,5,5,4,4,Not At-Risk
HS2026435,2.78,0.7,0.87,0.69,0.92,0.6,Rarely,24-26 years,Male,300,BSc Nursing,Middle income,Rarely (once or twice a semester),No,2-3 hours,5-6 hours,Low risk,3,2,1,3,1,4,1,2,2,3,2,2,5,5,2,5,3,4,2,5,4,2,3,1,3,4,1,2,1,3,1,4,1,2,2,3,4,3,3,4,3,3,At-Risk
HS2026436,1.94,0.89,0.78,1,0.91,0.79,Almost never,27-29 years,Male,300,BSc Nursing,High income,Never,Yes - fewer than 10 hours/week,3-4 hours,More than 8 hours,Low risk,2,5,2,3,4,4,4,2,4,5,3,5,2,5,2,3,5,3,2,1,3,2,1,2,3,2,5,5,2,3,4,4,4,2,4,3,1,3,5,3,4,2,At-Risk
HS2026437,2.48,0.85,0.99,0.59,0.87,0.87,Sometimes,21-23 years,Male,300,BSc Nursing,Low income,Sometimes (monthly),No,More than 4 hours,More than 8 hours,Low risk,4,1,1,2,2,3,2,4,1,2,1,4,2,3,2,1,4,2,3,3,5,1,2,2,3,2,1,3,1,2,2,3,2,4,1,4,2,1,1,2,3,4,At-Risk
HS2026438,2.46,0.69,0.88,0.55,0.84,0.78,Sometimes,21-23 years,Male,300,BSc Nursing,Middle income,Never,No,3-4 hours,More than 8 hours,Moderate risk,3,4,4,2,4,5,1,1,3,3,3,4,3,2,3,4,3,1,5,5,2,1,4,4,3,3,3,5,4,2,4,5,1,1,3,5,4,3,5,3,2,3,At-Risk
HS2026439,3.19,0.73,1,0.96,1,0.99,Rarely,24-26 years,Female,300,BSc Nursing,Middle income,Always,Yes - more than 20 hours/week,3-4 hours,6-7 hours,Moderate risk,1,4,1,3,4,3,3,1,1,2,4,1,3,3,3,2,4,2,3,3,3,5,3,2,1,1,5,1,1,3,4,3,3,1,1,3,1,3,1,3,1,1,Not At-Risk
HS2026440,2.35,0.69,0.89,0.59,0.98,0.88,Rarely,24-26 years,Male,300,BSc Nursing,Low income,Always,Yes - fewer than 10 hours/week,More than 4 hours,5-6 hours,Moderate risk,3,5,2,2,2,2,2,4,3,3,3,5,2,2,2,4,1,3,1,5,3,3,4,3,4,4,3,2,2,2,2,2,2,4,3,4,2,4,4,5,1,3,At-Risk
HS2026441,2.96,0.68,0.9,0.93,0.91,1,Rarely,21-23 years,Female,300,BSc Nursing,Middle income,Never,No,2-3 hours,4-5 hours,Moderate risk,2,3,2,1,2,4,1,3,1,3,3,4,2,4,4,2,4,5,5,5,3,2,3,2,4,2,1,3,2,1,2,4,1,3,1,4,2,3,5,3,3,2,At-Risk
HS2026442,3.91,0.84,1,0.75,1,0.89,Rarely,30-35 years,Female,300,BSc Nursing,Upper-middle income,Never,Yes - fewer than 10 hours/week,More than 4 hours,6-7 hours,Moderate risk,4,1,2,5,2,3,3,1,4,3,5,4,2,5,3,2,2,2,3,4,2,1,2,2,5,1,2,3,2,5,2,3,3,1,4,4,3,1,3,5,2,4,Not At-Risk
HS2026443,3.09,0.78,1,0.57,0.82,0.9,Almost never,21-23 years,Female,300,BSc Nursing,Low income,Sometimes (monthly),Yes - fewer than 10 hours/week,3-4 hours,4-5 hours,High risk,3,2,4,3,2,4,2,2,3,5,2,2,2,2,2,1,2,3,2,4,3,4,2,3,1,4,3,1,4,3,2,4,2,2,3,4,1,3,3,3,2,3,At-Risk
HS2026444,2.5,0.7,0.7,0.89,0.86,1,Sometimes,21-23 years,Female,300,BSc Nursing,Middle income,Rarely (once or twice a semester),Yes - fewer than 10 hours/week,1-2 hours,Less than 4 hours,Moderate risk,2,3,1,2,2,1,3,3,2,4,3,1,2,4,5,3,1,5,3,4,2,4,5,3,3,3,3,2,1,2,2,1,3,3,2,3,5,4,5,3,5,2,At-Risk
HS2026445,2.85,0.9,0.69,1,0.85,1,Sometimes,24-26 years,Female,300,BSc Nursing,Upper-middle income,Rarely (once or twice a semester),No,3-4 hours,6-7 hours,Low risk,4,2,2,3,4,1,2,1,3,1,3,3,4,2,3,3,4,2,1,3,4,2,3,3,2,5,5,3,2,3,4,1,2,1,3,2,3,4,2,2,3,4,Not At-Risk
HS2026446,2.37,1,0.7,0.89,0.86,0.7,Rarely,30-35 years,Male,300,BSc Nursing,Middle income,Sometimes (monthly),Yes - more than 20 hours/week,3-4 hours,4-5 hours,Moderate risk,3,5,2,3,1,2,3,3,2,1,2,3,3,4,4,3,3,1,3,2,1,2,4,2,5,2,1,3,2,3,1,2,3,3,2,2,3,2,5,3,1,3,Not At-Risk
HS2026447,2.98,0.79,0.69,0.89,0.91,0.69,Rarely,27-29 years,Male,300,BSc Nursing,High income,Never,Yes - more than 20 hours/week,3-4 hours,6-7 hours,Low risk,3,4,1,3,2,2,4,4,3,2,5,2,1,2,3,3,3,3,4,2,3,5,1,2,3,2,3,3,1,3,2,2,4,4,3,1,5,1,5,3,4,3,Not At-Risk
HS2026448,3.31,0.96,0.79,0.89,0.73,0.7,Rarely,27-29 years,Female,300,BSc Nursing,Middle income,Sometimes (monthly),No,1-2 hours,4-5 hours,Very low risk,2,3,3,5,5,3,1,1,5,4,4,1,5,3,5,1,1,5,2,3,3,2,2,3,3,3,2,1,3,5,5,3,1,1,5,5,3,1,3,4,2,2,Not At-Risk
HS2026449,3.17,0.92,0.69,0.7,0.81,0.69,Rarely,21-23 years,Female,300,BSc Nursing,High income,Never,No,3-4 hours,6-7 hours,Low risk,1,2,2,4,1,1,2,2,1,4,4,5,2,4,3,5,4,3,2,1,2,3,4,3,3,4,2,5,2,4,1,1,2,2,1,3,2,5,3,2,3,1,Not At-Risk
HS2026450,2.81,1,0.7,0.77,0.87,0.79,Almost never,24-26 years,Female,300,BSc Nursing,Middle income,Sometimes (monthly),No,3-4 hours,4-5 hours,Low risk,1,3,3,1,2,1,1,2,4,2,3,2,2,3,2,3,5,4,2,2,3,3,3,1,1,4,5,4,3,1,2,1,1,2,4,4,2,5,5,2,4,1,Not At-Risk
HS2026451,3.2,0.89,0.7,0.79,0.92,0.69,Sometimes,27-29 years,Male,300,BSc Nursing,Middle income,Rarely (once or twice a semester),Yes - 10-20 hours/week,2-3 hours,5-6 hours,High risk,1,4,2,3,3,1,2,1,3,2,1,4,2,1,1,3,5,1,1,3,3,2,3,2,5,2,4,2,2,3,3,1,2,1,3,5,4,3,4,1,2,1,Not At-Risk
HS2026452,2.63,0.93,0.9,0.69,0.83,0.7,Sometimes,27-29 years,Female,300,BSc Nursing,Middle income,Rarely (once or twice a semester),No,1-2 hours,4-5 hours,High risk,2,1,2,3,2,1,1,3,2,2,3,1,3,2,4,1,1,3,5,2,5,2,1,2,3,2,2,4,2,3,2,1,1,3,2,1,4,3,1,3,2,2,Not At-Risk
HS2026453,2.43,0.8,1,0.6,1,0.7,Rarely,21-23 years,Male,300,BSc Nursing,Middle income,Rarely (once or twice a semester),No,3-4 hours,5-6 hours,Very low risk,3,4,1,4,1,4,1,3,2,2,3,5,2,4,4,2,4,3,4,3,3,2,5,3,2,3,3,4,1,4,1,4,1,3,2,4,1,4,2,2,3,3,At-Risk
HS2026454,3.31,0.8,0.69,0.79,0.74,0.9,Rarely,30-35 years,Male,300,BSc Nursing,Middle income,Rarely (once or twice a semester),No,1-2 hours,More than 8 hours,Low risk,3,4,4,2,1,1,5,3,3,4,4,1,2,4,4,1,4,2,4,5,1,1,1,3,2,4,5,3,4,2,1,1,5,3,3,2,4,3,4,5,2,3,Not At-Risk
HS2026455,3.17,0.89,0.6,0.89,0.95,1,Rarely,27-29 years,Male,300,BSc Nursing,Low income,Sometimes (monthly),Yes - fewer than 10 hours/week,3-4 hours,More than 8 hours,Low risk,1,1,2,2,2,3,1,3,4,3,5,4,5,2,4,5,1,3,3,2,1,2,5,4,1,5,1,3,2,2,2,3,1,3,4,3,2,4,3,4,2,1,Not At-Risk
HS2026456,2.91,0.93,0.79,0.91,0.88,0.7,Rarely,18-20 years,Female,300,BSc Nursing,Low income,Often (weekly),No,3-4 hours,More than 8 hours,Low risk,5,1,2,2,4,3,4,2,2,2,4,2,3,3,1,1,3,2,1,2,4,3,2,1,2,5,2,5,2,2,4,3,4,2,2,3,2,3,2,5,2,5,Not At-Risk
HS2026457,3.11,0.9,0.89,0.66,0.81,0.77,Almost never,18-20 years,Male,300,BSc Nursing,Upper-middle income,Rarely (once or twice a semester),Yes - 10-20 hours/week,Less than 1 hour,6-7 hours,Moderate risk,4,4,3,4,3,3,1,4,2,2,3,5,3,5,2,2,3,2,3,1,2,3,4,5,5,1,3,2,3,4,3,3,1,4,2,2,2,3,5,3,4,4,At-Risk
HS2026458,2.89,0.79,0.91,1,0.82,0.79,Sometimes,21-23 years,Female,300,BSc Nursing,Low income,Always,Yes - 10-20 hours/week,1-2 hours,5-6 hours,Moderate risk,2,4,4,2,3,4,2,3,2,1,3,4,3,2,5,3,2,1,4,5,1,3,4,4,4,4,1,4,4,2,3,4,2,3,2,2,2,1,3,4,1,2,Not At-Risk
HS2026459,2.57,0.67,0.66,0.79,0.94,0.69,Sometimes,21-23 years,Male,300,BSc Nursing,Low income,Always,No,2-3 hours,4-5 hours,Moderate risk,3,2,3,5,2,4,3,3,3,4,3,4,1,3,5,3,3,3,1,2,2,3,2,1,2,2,5,4,3,5,2,4,3,3,3,5,4,5,5,2,2,3,At-Risk
HS2026460,2.94,0.72,1,0.7,0.97,0.6,Rarely,24-26 years,Male,300,BSc Nursing,Low income,Never,No,1-2 hours,6-7 hours,Moderate risk,3,3,1,4,2,4,3,2,3,4,3,1,2,3,5,3,2,3,4,3,4,3,4,2,4,3,1,4,1,4,2,4,3,2,3,3,5,1,2,4,2,3,At-Risk
HS2026461,3.57,0.69,0.79,0.93,1,0.79,Rarely,27-29 years,Male,300,BSc Nursing,Middle income,Sometimes (monthly),No,3-4 hours,4-5 hours,Moderate risk,3,3,2,3,5,3,3,4,4,5,3,2,3,4,4,2,4,3,1,1,1,3,3,1,1,2,5,3,2,3,5,3,3,4,4,4,5,4,1,2,3,3,Not At-Risk
HS2026462,2.8,1,0.7,0.9,0.89,0.89,Rarely,21-23 years,Male,300,BSc Nursing,Low income,Always,Yes - fewer than 10 hours/week,0,Less than 4 hours,High risk,1,3,3,3,2,1,1,4,3,3,2,5,2,3,5,5,2,4,3,3,1,2,5,1,4,5,3,4,3,3,2,1,1,4,3,3,3,5,1,5,5,1,Not At-Risk
HS2026463,3.11,0.59,0.93,0.6,0.87,0.91,Rarely,21-23 years,Male,300,BSc Nursing,Middle income,Sometimes (monthly),No,3-4 hours,6-7 hours,Moderate risk,3,4,1,4,4,3,4,3,4,3,3,2,4,4,5,4,1,5,4,4,3,4,2,3,2,2,2,3,1,4,4,3,4,3,4,3,3,4,2,2,3,3,Not At-Risk
HS2026464,3.02,0.55,0.9,0.79,0.73,0.66,Almost never,24-26 years,Female,300,BSc Nursing,Upper-middle income,Never,Yes - 10-20 hours/week,2-3 hours,4-5 hours,Low risk,5,5,3,5,2,2,5,3,5,4,2,3,3,2,2,2,5,3,5,4,2,3,1,1,4,5,4,2,3,5,2,2,5,3,5,2,3,4,2,2,3,5,Not At-Risk
HS2026465,2.98,0.96,0.6,0.87,0.98,1,Sometimes,24-26 years,Male,300,BSc Nursing,Upper-middle income,Never,Yes - fewer than 10 hours/week,2-3 hours,6-7 hours,Moderate risk,2,5,2,3,3,1,2,1,4,3,2,1,3,4,5,4,3,2,3,1,4,1,4,4,4,3,3,5,2,3,3,1,2,1,4,1,3,3,2,5,2,2,Not At-Risk
HS2026466,2.93,0.59,0.79,0.78,0.88,0.79,Sometimes,21-23 years,Female,300,BSc Nursing,Middle income,Rarely (once or twice a semester),No,Less than 1 hour,4-5 hours,Low risk,3,4,5,1,3,4,3,3,2,1,4,3,3,4,5,2,2,2,3,4,3,2,2,2,3,2,4,1,5,1,3,4,3,3,2,1,3,3,5,5,1,3,Not At-Risk
HS2026467,3,0.93,0.87,0.99,0.9,0.7,Rarely,30-35 years,Female,300,BSc Nursing,Middle income,Rarely (once or twice a semester),Yes - fewer than 10 hours/week,1-2 hours,6-7 hours,Very low risk,1,1,2,3,3,2,4,2,1,5,4,2,4,3,2,2,2,3,4,2,3,3,5,1,3,3,5,3,2,3,3,2,4,2,1,3,1,2,4,2,4,1,Not At-Risk
HS2026468,2.39,0.75,0.78,0.88,0.88,0.93,Rarely,21-23 years,Female,300,BSc Nursing,High income,Never,No,More than 4 hours,4-5 hours,Low risk,4,4,5,1,3,4,4,1,2,4,1,4,3,4,2,3,3,3,2,5,4,2,3,2,3,4,2,3,5,1,3,4,4,1,2,3,3,2,5,3,2,4,At-Risk
HS2026469,3.39,0.57,0.99,1,0.86,0.9,Rarely,21-23 years,Female,300,BSc Nursing,Low income,Sometimes (monthly),No,Less than 1 hour,5-6 hours,Low risk,2,3,4,4,4,2,1,1,2,3,4,5,4,3,1,2,2,2,4,4,5,4,2,2,3,4,3,3,4,4,4,2,1,1,2,2,1,1,3,2,3,2,Not At-Risk
HS2026470,2.59,0.89,0.88,0.89,0.91,0.6,Rarely,24-26 years,Female,300,BSc Nursing,Middle income,Never,Yes - more than 20 hours/week,2-3 hours,4-5 hours,High risk,3,4,3,3,2,3,3,1,1,2,2,3,2,3,3,4,3,3,5,1,3,5,4,4,3,1,1,2,3,3,2,3,3,1,1,2,2,1,5,1,4,3,Not At-Risk
HS2026471,2.63,1,1,0.9,0.82,0.79,Almost never,30-35 years,Male,300,BSc Nursing,Middle income,Always,Yes - fewer than 10 hours/week,More than 4 hours,5-6 hours,High risk,3,1,2,1,2,3,2,2,4,2,1,2,4,5,3,2,1,5,2,3,2,2,2,3,3,4,4,5,2,1,2,3,2,2,4,1,4,4,3,2,2,3,At-Risk
HS2026472,2.52,0.89,0.89,0.89,0.91,0.87,Sometimes,27-29 years,Male,300,BSc Nursing,Low income,Always,No,1-2 hours,More than 8 hours,Very low risk,5,2,4,2,2,2,4,3,5,4,5,3,1,1,3,4,5,1,5,1,2,3,3,5,1,5,1,2,4,2,2,2,4,3,5,4,2,1,4,3,3,5,Not At-Risk
HS2026473,3.19,0.89,0.9,0.7,0.84,0.78,Sometimes,27-29 years,Female,300,BSc Nursing,Middle income,Never,Yes - fewer than 10 hours/week,1-2 hours,More than 8 hours,Low risk,1,2,2,3,4,5,3,2,3,3,4,2,1,2,2,2,3,3,3,2,3,4,2,4,2,3,4,3,2,3,4,5,3,2,3,4,4,2,4,2,5,1,Not At-Risk
HS2026474,3.07,0.89,0.69,0.77,0.73,0.99,Rarely,21-23 years,Female,300,BSc Nursing,Upper-middle income,Never,Yes - fewer than 10 hours/week,1-2 hours,More than 8 hours,Low risk,1,2,3,5,4,3,3,5,3,2,4,3,5,3,3,2,1,2,2,3,4,3,4,2,1,2,3,3,3,5,4,3,3,5,3,5,4,3,1,4,2,1,Not At-Risk
HS2026475,2.41,0.7,0.7,0.79,0.66,0.88,Rarely,24-26 years,Female,300,BSc Nursing,Low income,Sometimes (monthly),Yes - fewer than 10 hours/week,Less than 1 hour,6-7 hours,Low risk,3,2,3,4,4,3,4,4,3,3,2,2,1,2,1,2,3,2,4,3,1,1,4,4,3,3,2,2,3,4,4,3,4,4,3,3,1,1,1,4,5,3,Not At-Risk
HS2026476,2.54,0.77,0.69,0.69,0.49,1,Rarely,27-29 years,Male,300,BSc Nursing,Middle income,Rarely (once or twice a semester),No,1-2 hours,5-6 hours,Moderate risk,5,5,2,3,1,1,4,1,3,1,2,3,4,5,3,3,3,2,1,4,3,1,3,3,2,4,4,3,2,3,1,1,4,1,3,2,4,2,4,3,3,5,Not At-Risk
HS2026477,2.76,0.79,0.79,0.6,1,0.89,Rarely,27-29 years,Female,300,BSc Nursing,Upper-middle income,Rarely (once or twice a semester),Yes - more than 20 hours/week,1-2 hours,4-5 hours,Moderate risk,3,2,3,2,3,3,3,5,2,1,3,2,1,1,4,1,3,4,3,2,3,2,3,3,5,4,2,3,3,2,3,3,3,5,2,3,1,3,4,1,2,3,Not At-Risk
HS2026478,2.21,0.69,0.69,0.79,0.51,0.9,Almost never,21-23 years,Male,300,BSc Nursing,Middle income,Sometimes (monthly),Yes - more than 20 hours/week,1-2 hours,6-7 hours,Moderate risk,4,2,1,3,5,3,3,4,3,1,1,4,2,1,2,2,3,4,3,5,2,5,1,2,2,2,1,2,1,3,5,3,3,4,3,1,2,3,2,5,5,4,At-Risk
HS2026479,2.87,0.6,0.7,0.89,0.85,1,Sometimes,30-35 years,Male,300,BSc Nursing,High income,Never,No,1-2 hours,4-5 hours,Moderate risk,5,5,4,1,3,5,2,4,3,4,1,3,2,4,2,2,3,4,2,4,3,2,1,3,1,1,1,1,4,1,3,5,2,4,3,2,2,3,2,1,3,5,At-Risk
HS2026480,3.24,0.79,0.7,0.91,0.91,1,Sometimes,27-29 years,Male,300,BSc Nursing,Middle income,Sometimes (monthly),No,1-2 hours,Less than 4 hours,Moderate risk,2,3,4,3,3,3,3,3,4,3,5,2,3,1,2,2,2,2,4,1,3,1,3,2,1,4,1,2,4,3,3,3,3,3,4,4,4,3,3,3,5,2,Not At-Risk
HS2026481,3.07,0.89,0.9,0.66,1,0.7,Rarely,18-20 years,Female,300,BSc Nursing,High income,Never,No,2-3 hours,6-7 hours,High risk,4,4,1,3,3,5,3,4,1,1,1,2,4,3,3,4,3,4,5,1,3,1,4,4,4,1,5,1,1,3,3,5,3,4,1,3,2,1,1,5,1,4,Not At-Risk
HS2026482,3.22,0.91,1,1,0.86,0.69,Rarely,18-20 years,Male,300,BSc Nursing,Middle income,Sometimes (monthly),Yes - 10-20 hours/week,2-3 hours,4-5 hours,Moderate risk,1,4,5,2,1,1,3,5,3,1,4,3,2,4,2,3,3,1,2,2,2,4,1,1,1,3,3,1,5,2,1,1,3,5,3,4,3,4,4,3,2,1,Not At-Risk
HS2026483,2.7,0.66,0.7,0.79,0.92,0.7,Rarely,21-23 years,Female,300,BSc Nursing,Middle income,Rarely (once or twice a semester),No,1-2 hours,6-7 hours,Low risk,2,2,5,3,1,4,1,4,2,3,4,5,1,2,3,2,3,3,2,2,2,4,4,2,3,5,1,2,5,3,1,4,1,4,2,3,2,4,2,1,3,2,Not At-Risk
HS2026484,2.54,1,0.77,0.7,0.9,0.69,Rarely,21-23 years,Male,300,BSc Nursing,Middle income,Rarely (once or twice a semester),No,3-4 hours,4-5 hours,Moderate risk,4,3,1,2,2,3,4,3,3,2,1,2,2,1,2,1,4,2,2,2,5,1,4,3,1,4,1,4,1,2,2,3,4,3,3,2,2,5,1,2,3,4,Not At-Risk
HS2026485,3.13,0.79,0.79,0.93,0.94,0.79,Almost never,24-26 years,Male,300,BSc Nursing,Middle income,Rarely (once or twice a semester),No,2-3 hours,6-7 hours,Low risk,4,4,5,3,3,4,1,3,3,4,2,2,4,4,4,1,2,4,2,2,4,2,3,4,2,3,3,1,5,3,3,4,1,3,3,2,3,1,4,3,1,4,Not At-Risk
HS2026486,2.3,0.7,0.69,0.9,0.82,0.69,Sometimes,27-29 years,Male,300,BSc Nursing,Middle income,Rarely (once or twice a semester),Yes - fewer than 10 hours/week,2-3 hours,4-5 hours,Very low risk,1,2,1,4,2,3,2,4,4,1,5,2,2,1,3,3,1,3,1,2,4,3,1,2,1,3,5,4,1,4,2,3,2,4,4,5,3,3,3,3,2,1,Not At-Risk
HS2026487,3.15,0.93,0.6,0.6,0.8,0.7,Sometimes,21-23 years,Male,300,BSc Nursing,Low income,Sometimes (monthly),No,2-3 hours,5-6 hours,Low risk,2,1,3,3,4,1,2,1,3,3,4,2,5,5,5,2,1,4,1,1,1,2,5,3,2,4,2,3,3,3,4,1,2,1,3,3,3,2,5,5,3,2,Not At-Risk
HS2026488,3.54,0.9,0.79,0.79,0.84,0.7,Rarely,21-23 years,Male,300,BSc Nursing,Low income,Often (weekly),Yes - 10-20 hours/week,1-2 hours,4-5 hours,Low risk,3,2,3,2,2,1,3,2,2,5,2,4,5,4,3,3,3,5,5,5,1,3,2,3,3,5,1,5,3,2,2,1,3,2,2,4,2,5,2,1,3,3,Not At-Risk
HS2026489,3.41,0.6,0.89,0.87,0.92,0.89,Rarely,24-26 years,Female,300,BSc Nursing,Upper-middle income,Rarely (once or twice a semester),Yes - 10-20 hours/week,1-2 hours,5-6 hours,High risk,1,1,4,3,3,4,3,3,3,1,5,4,2,2,3,3,3,3,3,3,3,3,1,2,2,2,5,3,4,3,3,4,3,3,3,1,2,3,2,3,3,1,Not At-Risk
HS2026490,3.74,0.79,0.91,0.78,0.77,0.89,Rarely,24-26 years,Male,300,BSc Nursing,Low income,Always,No,2-3 hours,More than 8 hours,High risk,5,4,2,3,2,2,2,4,3,2,4,4,4,2,4,3,4,3,2,2,2,3,2,4,4,4,5,2,2,3,2,2,2,4,3,2,3,3,3,2,1,5,Not At-Risk
HS2026491,3.43,0.87,0.66,0.99,0.93,0.89,Rarely,21-23 years,Female,300,BSc Nursing,Low income,Always,No,2-3 hours,More than 8 hours,Very low risk,3,3,3,5,3,4,2,1,4,3,3,2,3,1,3,2,3,2,5,4,4,5,3,3,4,3,2,5,3,5,3,4,2,1,4,4,3,3,4,2,5,3,Not At-Risk
HS2026492,3.31,0.78,0.7,0.88,0.89,0.7,Almost never,30-35 years,Female,300,BSc Nursing,Low income,Never,No,2-3 hours,More than 8 hours,Low risk,2,4,3,3,3,4,2,4,3,4,1,1,3,1,1,3,4,2,2,3,1,1,1,2,4,2,2,5,3,3,3,4,2,4,3,3,1,1,4,5,4,2,Not At-Risk
HS2026493,3.15,0.99,0.69,1,0.86,0.77,Sometimes,21-23 years,Female,300,BSc Nursing,Middle income,Sometimes (monthly),Yes - fewer than 10 hours/week,2-3 hours,6-7 hours,Low risk,1,5,2,3,4,4,2,2,4,2,1,3,5,3,3,5,1,4,4,2,1,4,2,1,5,4,4,3,2,3,4,4,2,2,4,3,2,5,2,4,2,1,Not At-Risk
HS2026494,2.78,0.88,0.79,0.89,0.97,0.79,Sometimes,21-23 years,Female,300,BSc Nursing,Low income,Always,No,1-2 hours,5-6 hours,Low risk,2,3,1,4,3,1,5,2,3,4,3,2,1,3,4,4,2,3,1,4,4,4,2,1,2,3,2,5,1,4,3,1,5,2,3,1,2,3,2,2,4,2,Not At-Risk
HS2026495,2.76,1,0.69,0.9,0.84,0.69,Rarely,24-26 years,Female,300,BSc Nursing,Middle income,Sometimes (monthly),Yes - 10-20 hours/week,Less than 1 hour,4-5 hours,Moderate risk,2,2,2,5,2,2,3,1,3,1,3,1,1,1,3,3,4,2,3,3,1,2,5,3,4,2,1,4,2,5,2,2,3,1,3,5,3,2,3,3,4,2,Not At-Risk
HS2026496,2.5,0.89,0.7,1,0.94,0.6,Rarely,30-35 years,Male,300,BSc Nursing,Upper-middle income,Never,Yes - fewer than 10 hours/week,2-3 hours,6-7 hours,Moderate risk,4,2,2,3,4,3,3,3,4,2,3,3,3,3,1,3,1,2,4,5,3,4,2,1,3,3,4,2,2,3,4,3,3,3,4,1,3,2,4,5,3,4,Not At-Risk
HS2026497,2.3,0.9,0.89,1,0.95,0.79,Rarely,27-29 years,Male,300,BSc Nursing,Upper-middle income,Never,No,2-3 hours,4-5 hours,Moderate risk,4,4,1,4,5,5,2,3,2,4,3,5,3,2,1,2,3,2,3,4,3,4,3,3,1,3,4,2,1,4,5,5,2,3,2,5,4,1,5,1,3,4,Not At-Risk
HS2026498,3.41,0.89,0.7,0.7,1,0.89,Rarely,27-29 years,Female,300,BSc Nursing,Middle income,Rarely (once or twice a semester),Yes - fewer than 10 hours/week,1-2 hours,Less than 4 hours,Moderate risk,4,2,1,3,3,4,3,2,3,2,2,3,4,3,2,4,3,5,5,2,2,3,1,3,5,1,3,3,1,3,3,4,3,2,3,2,1,2,5,2,5,4,Not At-Risk
HS2026499,3.37,0.7,0.77,0.69,0.88,0.91,Almost never,21-23 years,Female,300,BSc Nursing,Middle income,Rarely (once or twice a semester),No,2-3 hours,6-7 hours,Moderate risk,2,3,2,4,4,1,3,1,2,4,1,1,3,4,3,3,4,2,1,2,3,5,2,1,3,2,3,2,2,4,4,1,3,1,2,4,5,5,1,3,2,2,Not At-Risk
HS2026500,2.98,0.77,0.79,0.7,0.79,0.66,Sometimes,24-26 years,Female,300,BSc Nursing,High income,Never,No,1-2 hours,4-5 hours,High risk,2,2,2,3,3,2,1,4,1,1,2,3,3,1,3,2,5,2,2,2,3,5,1,5,1,3,3,4,2,3,3,2,1,4,1,4,4,4,4,1,4,2,Not At-Risk
HS2026501,3.09,0.79,0.69,0.69,1,1,Sometimes,27-29 years,Female,300,BSc Nursing,Low income,Sometimes (monthly),Yes - more than 20 hours/week,1-2 hours,6-7 hours,Moderate risk,2,2,4,1,2,1,2,1,3,2,4,3,2,3,4,4,4,4,4,5,4,2,5,2,5,5,1,3,4,1,2,1,2,1,3,2,1,2,2,5,4,2,Not At-Risk
HS2026502,3.19,0.69,0.6,0.79,0.96,0.79,Rarely,27-29 years,Female,300,BSc Nursing,Middle income,Never,Yes - fewer than 10 hours/week,1-2 hours,4-5 hours,Low risk,3,3,2,1,3,5,1,2,1,1,3,3,2,4,4,4,1,4,3,5,5,2,3,4,5,4,3,5,2,1,3,5,1,2,1,4,2,4,3,1,4,3,Not At-Risk
HS2026503,3.17,0.6,0.6,0.69,0.9,0.7,Rarely,21-23 years,Female,300,BSc Nursing,Middle income,Always,No,2-3 hours,6-7 hours,Moderate risk,5,5,2,2,2,4,2,4,4,2,3,1,4,4,1,2,3,2,5,3,3,4,5,1,1,3,2,4,2,2,2,4,2,4,4,3,1,1,2,5,3,5,Not At-Risk
HS2026504,2.74,0.79,0.79,0.7,1,0.93,Rarely,30-35 years,Female,300,BSc Nursing,Low income,Always,Yes - fewer than 10 hours/week,1-2 hours,4-5 hours,Low risk,2,1,2,2,1,4,2,2,1,3,1,4,4,2,2,4,1,4,4,3,4,4,4,2,1,3,5,2,2,2,1,4,2,2,1,5,1,4,5,3,4,2,Not At-Risk
HS2026505,3.04,0.89,0.89,0.7,0.94,0.9,Rarely,27-29 years,Female,300,BSc Nursing,Middle income,Never,Yes - fewer than 10 hours/week,More than 4 hours,5-6 hours,Very low risk,2,4,1,1,1,3,3,3,3,2,3,3,4,1,2,4,3,3,4,3,4,3,3,4,2,3,3,4,1,1,1,3,3,3,3,2,3,2,2,2,3,2,Not At-Risk
HS2026506,2.81,0.91,0.91,0.9,0.97,0.6,Almost never,18-20 years,Female,300,BSc Nursing,Upper-middle income,Never,Yes - fewer than 10 hours/week,2-3 hours,4-5 hours,Low risk,3,4,4,1,1,5,3,2,2,2,2,4,4,4,5,4,5,3,5,3,2,3,4,1,4,2,1,2,4,1,1,5,3,2,2,1,1,4,5,4,2,3,Not At-Risk
HS2026507,2.83,0.66,0.66,1,0.89,0.79,Sometimes,18-20 years,Female,300,BSc Nursing,Low income,Sometimes (monthly),No,1-2 hours,5-6 hours,Low risk,2,2,3,3,1,2,4,4,2,1,5,4,5,4,4,2,3,2,1,3,3,2,2,2,5,1,2,1,3,3,1,2,4,4,2,4,4,4,3,3,5,2,At-Risk
HS2026508,2.11,0.7,1,0.7,0.85,0.87,Sometimes,21-23 years,Female,300,BSc Nursing,Middle income,Rarely (once or twice a semester),Yes - more than 20 hours/week,More than 4 hours,More than 8 hours,High risk,1,3,1,3,3,1,2,2,4,2,3,3,3,4,5,2,4,2,1,5,3,4,2,1,3,4,5,3,1,3,3,1,2,2,4,2,2,3,2,4,1,1,At-Risk
HS2026509,2.74,0.69,0.79,0.77,0.88,0.78,Rarely,21-23 years,Female,300,BSc Nursing,Upper-middle income,Rarely (once or twice a semester),Yes - more than 20 hours/week,Less than 1 hour,More than 8 hours,High risk,2,4,3,1,2,4,3,3,1,2,5,2,2,3,3,1,2,2,2,5,4,3,1,3,2,4,2,4,3,1,2,4,3,3,1,5,1,3,3,5,3,2,Not At-Risk
HS2026510,3.48,0.79,0.7,0.79,0.93,0.99,Rarely,24-26 years,Female,300,BSc Nursing,Middle income,Sometimes (monthly),No,Less than 1 hour,More than 8 hours,Very low risk,3,3,2,3,2,3,4,3,2,4,4,4,2,2,4,3,1,5,4,5,2,3,2,3,4,2,4,3,2,3,2,3,4,3,2,3,2,3,4,2,3,3,Not At-Risk
HS2026511,3.3,0.69,0.93,0.69,0.88,0.88,Rarely,27-29 years,Female,300,BSc Nursing,High income,Never,No,1-2 hours,6-7 hours,Low risk,2,3,3,1,1,4,4,5,2,4,3,3,3,4,2,4,4,2,3,1,5,3,1,3,5,4,1,1,3,1,1,4,4,5,2,2,2,3,4,3,3,2,Not At-Risk
HS2026512,3.59,0.7,0.9,0.6,0.95,1,Rarely,21-23 years,Female,300,BSc Nursing,Middle income,Sometimes (monthly),No,2-3 hours,5-6 hours,Low risk,4,4,2,1,4,4,1,3,1,5,3,3,1,2,5,3,4,2,1,2,4,4,4,1,1,4,2,2,2,1,4,4,1,3,1,4,4,3,1,1,2,4,Not At-Risk
HS2026513,3.35,0.89,0.6,0.79,0.8,0.89,Almost never,21-23 years,Female,300,BSc Nursing,High income,Never,Yes - 10-20 hours/week,3-4 hours,4-5 hours,Low risk,3,5,1,4,4,5,5,4,3,2,1,5,5,4,3,3,1,2,4,3,1,2,3,4,4,4,1,2,1,4,4,5,5,4,3,2,3,3,4,4,5,3,Not At-Risk
HS2026514,2.46,0.7,0.79,0.89,0.8,0.9,Sometimes,24-26 years,Female,300,BSc Nursing,Middle income,Sometimes (monthly),No,More than 4 hours,6-7 hours,Moderate risk,2,4,1,3,1,1,3,5,5,2,4,2,3,3,1,4,5,2,3,5,5,4,2,2,2,2,1,5,1,3,1,1,3,5,5,3,5,1,5,1,2,2,Not At-Risk
HS2026515,2.94,0.77,0.87,0.91,0.85,1,Sometimes,24-26 years,Female,300,BSc Nursing,Middle income,Rarely (once or twice a semester),No,3-4 hours,4-5 hours,Moderate risk,1,1,4,2,1,2,3,4,4,2,3,5,2,4,2,2,5,3,5,1,1,4,2,2,2,2,3,1,4,2,1,2,3,4,4,2,4,2,3,4,3,1,Not At-Risk
HS2026516,2.89,0.79,0.78,0.66,0.96,1,Rarely,21-23 years,Female,300,BSc Nursing,Middle income,Rarely (once or twice a semester),No,3-4 hours,Less than 4 hours,Moderate risk,4,1,2,2,2,4,3,1,3,3,3,1,3,2,1,5,3,2,2,2,4,2,3,2,4,4,3,3,2,2,2,4,3,1,3,4,2,1,2,3,3,4,Not At-Risk
HS2026517,3.61,0.69,0.99,1,0.85,0.7,Rarely,30-35 years,Female,300,BSc Nursing,Middle income,Rarely (once or twice a semester),Yes - fewer than 10 hours/week,More than 4 hours,6-7 hours,Moderate risk,3,2,2,2,5,4,3,4,3,1,4,4,5,3,1,5,3,3,3,5,2,3,3,2,1,4,3,2,2,2,5,4,3,4,3,4,4,3,3,2,2,3,Not At-Risk
HS2026518,2.89,0.6,0.88,0.79,0.86,0.69,Rarely,21-23 years,Female,300,BSc Nursing,Middle income,Rarely (once or twice a semester),No,2-3 hours,4-5 hours,Moderate risk,1,2,5,2,2,2,4,3,4,3,1,4,4,1,4,4,2,2,3,3,2,4,1,1,3,3,5,3,5,2,2,2,4,3,4,3,3,2,4,4,3,1,Not At-Risk
HS2026519,2.54,0.79,1,0.7,0.99,0.7,Rarely,21-23 years,Female,300,BSc Nursing,Low income,Sometimes (monthly),Yes - 10-20 hours/week,More than 4 hours,6-7 hours,High risk,3,1,2,2,4,5,3,5,5,3,1,2,3,5,3,5,1,2,2,5,5,2,4,3,3,3,4,4,2,2,4,5,3,5,5,3,3,5,4,2,3,3,Not At-Risk
HS2026520,2.57,0.89,0.89,0.93,1,0.69,Almost never,24-26 years,Female,300,BSc Nursing,Low income,Often (weekly),Yes - 10-20 hours/week,3-4 hours,4-5 hours,Moderate risk,3,3,3,4,2,4,5,5,3,2,1,1,3,5,2,4,4,3,4,3,5,4,2,3,2,3,1,3,3,4,2,4,5,5,3,1,2,2,2,1,2,3,Not At-Risk
HS2026521,2.8,0.91,0.9,0.9,0.8,0.79,Sometimes,30-35 years,Female,300,BSc Nursing,Upper-middle income,Rarely (once or twice a semester),No,1-2 hours,6-7 hours,Low risk,1,2,2,4,4,5,1,3,2,3,2,3,4,4,3,5,2,3,3,3,3,2,5,3,3,1,1,4,2,4,4,5,1,3,2,1,3,1,1,1,1,1,Not At-Risk
HS2026522,2.74,0.66,0.89,0.6,0.86,0.69,Sometimes,27-29 years,Female,300,BSc Nursing,Low income,Always,No,3-4 hours,4-5 hours,Moderate risk,1,1,2,1,2,3,2,3,2,2,1,5,3,3,3,2,1,3,2,5,2,2,1,1,2,1,5,1,2,1,2,3,2,3,2,3,2,1,4,1,2,1,Not At-Risk
HS2026523,2.59,1,0.7,0.79,0.85,0.7,Rarely,27-29 years,Female,300,BSc Nursing,Low income,Always,No,3-4 hours,5-6 hours,Low risk,5,5,3,2,4,2,2,1,3,5,2,5,4,2,4,2,2,5,5,3,2,4,3,2,2,1,3,3,3,2,4,2,2,1,3,4,4,4,1,5,1,5,Not At-Risk
HS2026524,3.41,0.79,0.77,0.87,0.71,0.89,Rarely,21-23 years,Female,300,BSc Nursing,Low income,Never,Yes - fewer than 10 hours/week,3-4 hours,4-5 hours,Very low risk,2,3,4,4,4,5,3,4,4,4,3,1,3,3,4,3,3,2,1,2,4,1,2,2,4,5,2,3,4,4,4,5,3,4,4,1,1,1,3,3,1,2,Not At-Risk
HS2026525,3.02,0.7,0.79,0.78,0.8,0.7,Rarely,24-26 years,Female,300,BSc Nursing,Middle income,Sometimes (monthly),No,1-2 hours,5-6 hours,Low risk,3,5,3,2,3,4,4,2,5,4,2,3,5,3,2,4,4,3,3,5,2,1,5,4,5,2,1,5,3,2,3,4,4,2,5,4,2,3,5,1,2,3,Not At-Risk
HS2026526,2.54,0.93,0.69,0.99,1,0.77,Rarely,27-29 years,Female,300,BSc Nursing,Low income,Always,Yes - 10-20 hours/week,3-4 hours,More than 8 hours,Low risk,3,1,2,3,4,2,3,3,3,3,5,5,2,1,1,2,2,2,4,1,4,2,2,2,3,1,2,2,2,3,4,2,3,3,3,4,3,1,4,1,4,3,Not At-Risk
HS2026527,2.28,0.9,0.6,0.88,0.73,0.79,Almost never,27-29 years,Female,300,BSc Nursing,Middle income,Sometimes (monthly),Yes - fewer than 10 hours/week,3-4 hours,More than 8 hours,High risk,3,3,1,4,3,5,4,1,3,2,1,2,3,4,2,4,2,5,2,3,3,4,2,2,5,1,4,3,1,4,3,5,4,1,3,3,4,2,3,3,1,3,Not At-Risk
HS2026528,3.69,0.6,0.79,1,1,0.69,Sometimes,21-23 years,Female,300,BSc Nursing,Upper-middle income,Never,No,2-3 hours,More than 8 hours,High risk,3,1,2,3,1,4,3,3,1,1,1,4,1,2,1,3,4,2,2,3,4,4,3,2,4,5,5,1,2,3,1,4,3,3,1,1,2,1,3,5,4,3,Not At-Risk
HS2026529,3.09,0.79,0.89,0.89,0.74,0.6,Sometimes,30-35 years,Female,300,BSc Nursing,Upper-middle income,Never,Yes - fewer than 10 hours/week,1-2 hours,6-7 hours,Very low risk,3,3,4,2,1,3,4,2,3,5,1,2,1,3,1,3,3,3,3,4,4,1,5,3,4,2,4,2,4,2,1,3,4,2,3,5,3,2,4,2,3,3,Not At-Risk
HS2026530,2.19,0.87,0.91,0.9,0.95,0.79,Rarely,27-29 years,Female,300,BSc Nursing,Middle income,Rarely (once or twice a semester),No,3-4 hours,5-6 hours,Low risk,2,1,3,3,2,1,3,2,5,3,5,3,2,1,4,3,3,3,2,1,1,4,3,3,2,3,3,3,3,3,2,1,3,2,5,2,3,3,5,1,5,2,Not At-Risk
HS2026531,2.96,0.78,0.66,1,0.86,0.89,Rarely,18-20 years,Female,300,BSc Nursing,Middle income,Rarely (once or twice a semester),No,1-2 hours,4-5 hours,Low risk,2,1,3,1,3,3,3,1,4,4,4,2,1,1,3,3,3,3,4,2,2,5,2,1,1,1,2,4,3,1,3,3,3,1,4,1,2,2,2,5,3,2,Not At-Risk
HS2026532,2.98,0.99,0.7,0.89,0.91,0.91,Rarely,18-20 years,Female,300,BSc Nursing,High income,Never,Yes - more than 20 hours/week,3-4 hours,6-7 hours,Low risk,3,4,1,3,1,3,2,2,2,2,4,2,3,3,4,3,5,2,2,4,5,1,5,4,5,3,3,4,1,3,1,3,2,2,2,2,4,4,4,5,2,3,Not At-Risk
HS2026533,2.81,0.88,0.69,0.9,0.8,0.66,Rarely,21-23 years,Female,300,BSc Nursing,Low income,Sometimes (monthly),Yes - fewer than 10 hours/week,3-4 hours,4-5 hours,Moderate risk,3,1,5,4,3,2,2,2,2,4,3,3,2,1,3,2,3,3,3,1,4,3,3,1,2,3,3,3,5,4,3,2,2,2,2,3,3,4,3,2,5,3,Not At-Risk
HS2026534,1.24,0.9,0.79,1,0.75,1,Almost never,21-23 years,Female,300,BSc Nursing,Middle income,Never,No,Less than 1 hour,Less than 4 hours,Moderate risk,2,3,3,4,3,3,1,2,4,4,5,2,1,3,5,4,3,4,4,3,4,3,4,2,1,2,3,3,3,4,3,3,1,2,4,1,2,4,2,2,5,2,Not At-Risk
HS2026535,2.76,1,0.69,1,0.78,0.79,Sometimes,24-26 years,Female,300,BSc Nursing,Middle income,Always,Yes - fewer than 10 hours/week,1-2 hours,6-7 hours,Moderate risk,2,3,1,2,5,2,3,3,3,2,1,2,2,1,2,3,3,3,2,3,1,1,4,4,3,3,2,2,1,2,5,2,3,3,3,2,1,5,4,4,3,2,Not At-Risk
HS2026536,3.44,0.79,0.7,0.7,0.88,0.7,Sometimes,27-29 years,Female,300,BSc Nursing,Low income,Always,Yes - fewer than 10 hours/week,2-3 hours,4-5 hours,Moderate risk,5,1,4,5,3,2,3,3,2,5,3,5,4,1,3,2,2,1,2,4,3,1,3,3,2,4,4,3,4,5,3,2,3,3,2,2,1,2,3,2,5,5,Not At-Risk
HS2026537,3.06,0.96,0.89,0.69,0.72,0.93,Rarely,21-23 years,Female,300,BSc Nursing,Middle income,Never,Yes - fewer than 10 hours/week,1-2 hours,6-7 hours,Moderate risk,5,3,4,2,2,4,3,3,2,1,3,4,2,1,1,4,5,1,3,2,3,2,3,3,5,4,2,3,4,2,2,4,3,3,2,5,3,4,2,1,4,5,Not At-Risk
HS2026538,3.04,0.92,0.7,0.7,1,0.9,Rarely,21-23 years,Female,300,BSc Nursing,Upper-middle income,Never,No,3-4 hours,4-5 hours,High risk,3,3,3,1,5,3,3,3,2,2,3,1,3,1,4,3,5,5,3,5,2,5,1,2,2,2,1,2,3,1,5,3,3,3,2,2,1,3,3,4,2,3,Not At-Risk
HS2026539,3.02,1,0.77,0.69,0.82,0.6,Rarely,24-26 years,Female,300,BSc Nursing,Low income,Sometimes (monthly),Yes - more than 20 hours/week,0,6-7 hours,Moderate risk,3,4,2,5,4,2,3,2,3,2,4,4,5,2,4,5,4,4,2,4,3,2,1,3,1,1,1,1,2,5,4,2,3,2,3,3,3,1,3,4,2,3,Not At-Risk
HS2026540,3.26,0.89,0.79,0.79,0.98,0.79,Rarely,24-26 years,Female,300,BSc Nursing,Middle income,Rarely (once or twice a semester),Yes - more than 20 hours/week,3-4 hours,4-5 hours,Low risk,2,3,3,1,1,1,5,2,3,3,3,3,2,3,5,4,3,3,1,1,3,1,3,2,1,4,1,2,3,1,1,1,5,2,3,1,3,5,1,3,3,2,Not At-Risk
HS2026541,3.35,0.92,0.69,0.69,0.55,0.87,Almost never,21-23 years,Female,300,BSc Nursing,Upper-middle income,Rarely (once or twice a semester),No,2-3 hours,5-6 hours,Moderate risk,3,2,2,2,3,4,4,2,2,3,3,3,2,1,2,3,5,1,3,1,3,1,4,4,4,1,5,1,2,2,3,4,4,2,2,2,1,3,2,3,2,3,Not At-Risk
HS2026542,2.57,0.78,0.6,0.7,0.63,0.78,Sometimes,30-35 years,Female,300,BSc Nursing,Middle income,Sometimes (monthly),No,2-3 hours,4-5 hours,Low risk,1,2,1,5,4,3,4,2,2,1,1,4,1,1,4,3,4,1,1,2,2,4,1,1,1,3,3,1,1,5,4,3,4,2,2,1,5,1,3,3,4,1,Not At-Risk
HS2026543,3.69,0.93,0.79,0.7,0.91,0.99,Sometimes,21-23 years,Female,300,BSc Nursing,High income,Never,No,Less than 1 hour,5-6 hours,Very low risk,4,2,3,3,3,3,3,1,5,3,4,2,1,1,1,2,3,3,4,2,2,4,4,2,3,5,1,2,3,3,3,3,3,1,5,5,2,5,5,1,3,4,Not At-Risk
HS2026544,3.11,0.9,0.89,0.9,0.82,0.88,Rarely,21-23 years,Female,300,BSc Nursing,Middle income,Sometimes (monthly),Yes - 10-20 hours/week,1-2 hours,More than 8 hours,Low risk,4,2,2,2,4,1,3,4,3,1,3,4,4,2,1,3,5,4,3,2,5,1,4,3,1,4,1,4,2,2,4,1,3,4,3,3,4,5,4,3,5,4,Not At-Risk
HS2026545,2.91,0.6,0.91,1,0.83,0.9,Rarely,24-26 years,Female,300,BSc Nursing,High income,Never,No,More than 4 hours,More than 8 hours,Low risk,4,3,2,2,1,1,4,3,1,1,3,1,2,3,3,3,4,2,1,2,4,2,3,4,2,3,3,1,2,2,1,1,4,3,1,5,1,1,3,2,4,4,Not At-Risk
HS2026546,2.52,0.79,0.66,0.7,0.94,1,Rarely,30-35 years,Female,300,BSc Nursing,Middle income,Sometimes (monthly),No,Less than 1 hour,More than 8 hours,High risk,5,2,4,1,4,4,2,3,2,2,3,3,4,3,3,1,4,4,2,2,4,3,1,2,1,3,5,4,4,1,4,4,2,3,2,4,2,1,3,5,2,5,Not At-Risk
HS2026547,2.78,0.87,1,0.77,0.85,0.79,Rarely,27-29 years,Female,300,BSc Nursing,Middle income,Rarely (once or twice a semester),No,2-3 hours,6-7 hours,High risk,1,4,5,2,3,2,3,4,4,3,1,5,1,2,2,2,3,3,2,1,1,2,5,3,2,4,2,3,5,2,3,2,3,4,4,3,4,2,3,3,4,1,Not At-Risk
HS2026548,3.11,0.78,0.79,0.79,0.89,0.96,Almost never,27-29 years,Female,300,BSc Nursing,Middle income,Rarely (once or twice a semester),Yes - fewer than 10 hours/week,More than 4 hours,5-6 hours,Very low risk,3,5,3,3,2,1,4,3,5,3,1,3,2,3,2,1,4,1,3,5,1,3,2,3,3,5,1,5,3,3,2,1,4,3,5,4,1,4,2,1,2,3,Not At-Risk
HS2026549,2.39,0.99,0.7,0.69,0.96,0.92,Sometimes,21-23 years,Female,300,BSc Nursing,Middle income,Rarely (once or twice a semester),No,1-2 hours,4-5 hours,Low risk,3,1,1,3,5,5,3,4,4,2,2,4,1,2,3,1,5,2,3,3,3,3,1,2,2,2,5,3,1,3,5,5,3,4,4,2,2,5,1,2,1,3,Not At-Risk
HS2026550,3.22,0.88,0.93,0.6,0.69,1,Sometimes,24-26 years,Female,300,BSc Nursing,Middle income,Rarely (once or twice a semester),Yes - 10-20 hours/week,1-2 hours,6-7 hours,Low risk,2,1,3,5,1,3,4,1,4,3,1,2,1,3,3,3,2,1,1,2,2,3,2,4,4,4,5,2,3,5,1,3,4,1,4,2,1,3,4,5,3,2,Not At-Risk
HS2026551,2.39,0.9,0.9,0.79,0.75,0.89,Rarely,27-29 years,Female,300,BSc Nursing,Low income,Sometimes (monthly),Yes - 10-20 hours/week,1-2 hours,4-5 hours,Low risk,2,3,5,1,2,2,1,4,3,3,3,1,2,4,1,3,4,2,5,4,4,5,3,3,4,3,2,5,5,1,2,2,1,4,3,1,3,2,4,2,4,2,Not At-Risk
HS2026552,3.04,1,0.6,0.89,0.64,0.92,Rarely,27-29 years,Female,300,BSc Nursing,Low income,Often (weekly),No,Less than 1 hour,Less than 4 hours,Moderate risk,4,2,1,4,2,4,2,4,3,3,4,5,1,3,2,3,5,3,4,3,1,1,1,2,4,2,2,5,1,4,2,4,2,4,3,2,3,4,2,4,3,4,Not At-Risk
HS2026553,2.7,0.79,0.79,0.91,0.89,0.78,Rarely,21-23 years,Male,300,BSc Nursing,Upper-middle income,Rarely (once or twice a semester),No,1-2 hours,6-7 hours,Moderate risk,4,2,4,1,1,1,3,3,4,4,3,4,4,3,2,4,3,4,2,2,1,4,2,1,5,4,4,3,4,1,1,1,3,3,4,1,3,5,4,1,1,4,Not At-Risk
HS2026554,2.28,0.96,0.87,0.66,0.97,0.7,Rarely,30-35 years,Male,300,BSc Nursing,Low income,Always,No,1-2 hours,4-5 hours,Moderate risk,3,4,4,2,1,2,3,3,3,4,3,2,4,5,3,5,2,4,5,4,4,4,2,1,2,3,2,5,4,2,1,2,3,3,3,4,1,1,4,2,2,3,Not At-Risk
HS2026555,3.37,0.92,0.78,0.7,0.9,0.89,Almost never,27-29 years,Male,300,BSc Nursing,Low income,Always,Yes - fewer than 10 hours/week,1-2 hours,6-7 hours,Moderate risk,4,3,3,4,2,2,3,1,3,2,3,1,4,3,1,4,1,3,2,3,1,2,5,3,4,2,1,4,3,4,2,2,3,1,3,3,4,4,4,1,2,4,Not At-Risk
HS2026556,3.63,1,0.99,0.69,0.93,0.85,Sometimes,18-20 years,Female,300,BSc Nursing,Low income,Never,No,1-2 hours,4-5 hours,Moderate risk,3,5,4,1,1,5,1,4,1,5,4,3,5,2,5,2,1,3,2,5,3,4,2,1,3,3,4,2,4,1,1,5,1,4,1,2,2,2,2,1,5,3,Not At-Risk
HS2026557,3.22,0.89,0.88,0.79,1,0.69,Sometimes,18-20 years,Male,300,BSc Nursing,Middle income,Sometimes (monthly),Yes - 10-20 hours/week,1-2 hours,6-7 hours,High risk,1,3,1,2,5,3,3,1,4,3,4,4,3,4,5,4,5,5,2,4,3,4,3,3,1,3,4,2,1,2,5,3,3,1,4,2,2,2,2,3,1,1,Not At-Risk
HS2026558,2.7,0.92,1,0.69,0.77,0.73,Rarely,21-23 years,Female,300,BSc Nursing,Low income,Always,Yes - fewer than 10 hours/week,2-3 hours,4-5 hours,Moderate risk,4,4,3,3,5,2,3,1,1,1,1,5,3,3,2,1,4,1,2,2,2,3,1,3,5,1,3,3,3,3,5,2,3,1,1,3,2,4,4,3,3,4,Not At-Risk
HS2026559,2.96,0.78,0.89,0.7,0.65,0.69,Rarely,21-23 years,Male,300,BSc Nursing,Middle income,Sometimes (monthly),No,2-3 hours,5-6 hours,Low risk,2,2,4,1,2,3,3,4,5,3,5,4,5,5,3,4,1,2,3,2,3,5,2,1,3,2,3,2,4,1,2,3,3,4,5,3,2,1,4,3,2,2,Not At-Risk
HS2026560,2.81,0.73,0.9,0.89,0.88,0.68,Rarely,24-26 years,Male,300,BSc Nursing,Upper-middle income,Never,Yes - fewer than 10 hours/week,1-2 hours,4-5 hours,Moderate risk,4,2,3,1,4,2,3,3,2,3,3,4,4,4,2,3,2,5,5,2,3,5,1,5,1,3,3,4,3,1,4,2,3,3,2,1,1,3,3,5,3,4,Not At-Risk
HS2026561,2.35,0.69,1,0.7,0.47,0.84,Rarely,27-29 years,Male,300,BSc Nursing,Upper-middle income,Never,No,3-4 hours,5-6 hours,Low risk,4,5,4,3,2,2,2,2,2,3,2,3,4,4,2,1,3,4,5,5,4,2,5,2,5,5,1,3,4,3,2,2,2,2,2,4,3,3,3,4,4,4,Not At-Risk
HS2026562,3.41,0.68,1,0.77,0.99,0.78,Almost never,21-23 years,Male,300,BSc Nursing,Middle income,Rarely (once or twice a semester),No,2-3 hours,More than 8 hours,Very low risk,2,3,2,2,3,2,5,3,2,1,3,4,4,1,2,3,3,3,4,5,5,2,3,4,5,4,3,5,2,2,3,2,5,3,2,2,3,2,3,1,3,2,Not At-Risk
HS2026563,3.04,0.84,0.7,0.79,0.92,0.7,Sometimes,21-23 years,Male,300,BSc Nursing,Middle income,Rarely (once or twice a semester),Yes - more than 20 hours/week,2-3 hours,More than 8 hours,Low risk,4,2,4,2,2,1,3,1,3,4,2,1,4,5,1,4,3,4,4,3,3,4,5,1,1,3,2,4,4,2,2,1,3,1,3,5,3,3,1,1,4,4,Not At-Risk
HS2026564,2.94,0.78,0.69,0.69,1,0.9,Sometimes,24-26 years,Female,300,BSc Nursing,High income,Never,Yes - fewer than 10 hours/week,2-3 hours,More than 8 hours,Low risk,3,2,3,3,2,3,4,3,3,2,1,2,3,2,3,5,2,4,3,3,4,4,4,2,1,3,5,2,3,3,2,3,4,3,3,1,1,2,1,5,1,3,Not At-Risk
HS2026565,2.87,0.7,0.7,0.6,0.64,1,Rarely,24-26 years,Male,300,BSc Nursing,Low income,Sometimes (monthly),No,1-2 hours,6-7 hours,High risk,3,5,3,5,3,1,4,1,1,4,1,2,5,4,5,1,4,3,3,3,4,3,3,4,2,3,3,4,3,5,3,1,4,1,1,3,2,2,1,3,3,3,Not At-Risk
HS2026566,2.35,0.9,0.79,0.79,1,0.79,Rarely,21-23 years,Female,300,BSc Nursing,Middle income,Never,Yes - fewer than 10 hours/week,1-2 hours,5-6 hours,High risk,3,4,2,2,1,1,4,4,4,1,4,4,2,2,4,3,5,1,4,3,2,3,4,1,4,2,1,2,2,2,1,1,4,4,4,2,2,4,5,2,3,3,Not At-Risk
HS2026567,2.35,1,0.7,0.89,0.81,0.96,Rarely,30-35 years,Female,300,BSc Nursing,Middle income,Always,Yes - fewer than 10 hours/week,2-3 hours,4-5 hours,Very low risk,3,3,3,5,3,3,3,1,3,2,5,2,5,3,4,1,1,1,5,3,3,2,2,2,5,1,2,1,3,5,3,3,3,1,3,5,4,5,2,1,5,3,Not At-Risk
HS2026568,2.57,0.79,0.88,0.91,0.87,0.92,Rarely,21-23 years,Female,300,BSc Nursing,Low income,Always,Yes - fewer than 10 hours/week,2-3 hours,6-7 hours,Low risk,4,4,4,1,1,5,4,5,4,3,4,4,4,1,1,3,1,1,4,5,3,4,2,1,3,4,5,3,4,1,1,5,4,5,4,2,2,3,1,2,2,4,Not At-Risk
HS2026569,3.02,0.96,0.8,0.66,0.9,1,Almost never,21-23 years,Female,300,BSc Nursing,Middle income,Never,No,2-3 hours,4-5 hours,Low risk,2,4,5,3,5,3,3,2,4,1,1,4,1,2,2,1,3,3,3,5,4,3,1,3,2,4,2,4,5,3,5,3,3,2,4,2,2,5,1,4,3,2,Not At-Risk
